ma,tuyen,lop,cum,cum_ten,loai,loai_ten,ten,nhom_ma,stt,tuan,hoc_ky,moc_kiem_tra,thoi_luong_phut,thang_diem,la_buoi_hoc,kem_theo
GITA-T1-L3-C01-LT,T1,3,1,"Bảng nhân, bảng chia và bốn phép tính nền tảng",LT,Phiếu Lý thuyết,"Bảng nhân, bảng chia và bốn phép tính nền tảng — Phiếu Lý thuyết",B,1,1,HK1,Giữa kỳ I,90,100,True,
GITA-T1-L3-C01-DB,T1,3,1,"Bảng nhân, bảng chia và bốn phép tính nền tảng",DB,Phiếu Dạng bài & Đọc vị,"Bảng nhân, bảng chia và bốn phép tính nền tảng — Phiếu Dạng bài & Đọc vị",B,2,1,HK1,Giữa kỳ I,90,100,True,
GITA-T1-L3-C01-KN,T1,3,1,"Bảng nhân, bảng chia và bốn phép tính nền tảng",KN,Phiếu Kỹ năng & Phương pháp,"Bảng nhân, bảng chia và bốn phép tính nền tảng — Phiếu Kỹ năng & Phương pháp",B,3,1,HK1,Giữa kỳ I,90,100,True,
GITA-T1-L3-C01-NC,T1,3,1,"Bảng nhân, bảng chia và bốn phép tính nền tảng",NC,Phiếu Luyện nâng cao,"Bảng nhân, bảng chia và bốn phép tính nền tảng — Phiếu Luyện nâng cao",B,4,2,HK1,Giữa kỳ I,90,100,True,
GITA-T1-L3-C01-OT,T1,3,1,"Bảng nhân, bảng chia và bốn phép tính nền tảng",OT,Phiếu Ôn thi,"Bảng nhân, bảng chia và bốn phép tính nền tảng — Phiếu Ôn thi",B,5,2,HK1,Giữa kỳ I,90,100,True,
GITA-T1-L3-C01-TH,T1,3,1,"Bảng nhân, bảng chia và bốn phép tính nền tảng",TH,Phiếu Thi chương,"Bảng nhân, bảng chia và bốn phép tính nền tảng — Phiếu Thi chương",B,6,2,HK1,Giữa kỳ I,90,100,True,
GITA-T1-L3-C02-LT,T1,3,2,Số trong phạm vi 1 000 và tìm thành phần chưa biết,LT,Phiếu Lý thuyết,Số trong phạm vi 1 000 và tìm thành phần chưa biết — Phiếu Lý thuyết,A,7,3,HK1,Giữa kỳ I,90,100,True,
GITA-T1-L3-C02-DB,T1,3,2,Số trong phạm vi 1 000 và tìm thành phần chưa biết,DB,Phiếu Dạng bài & Đọc vị,Số trong phạm vi 1 000 và tìm thành phần chưa biết — Phiếu Dạng bài & Đọc vị,A,8,3,HK1,Giữa kỳ I,90,100,True,
GITA-T1-L3-C02-KN,T1,3,2,Số trong phạm vi 1 000 và tìm thành phần chưa biết,KN,Phiếu Kỹ năng & Phương pháp,Số trong phạm vi 1 000 và tìm thành phần chưa biết — Phiếu Kỹ năng & Phương pháp,A,9,3,HK1,Giữa kỳ I,90,100,True,
GITA-T1-L3-C02-NC,T1,3,2,Số trong phạm vi 1 000 và tìm thành phần chưa biết,NC,Phiếu Luyện nâng cao,Số trong phạm vi 1 000 và tìm thành phần chưa biết — Phiếu Luyện nâng cao,A,10,4,HK1,Giữa kỳ I,90,100,True,
GITA-T1-L3-C02-OT,T1,3,2,Số trong phạm vi 1 000 và tìm thành phần chưa biết,OT,Phiếu Ôn thi,Số trong phạm vi 1 000 và tìm thành phần chưa biết — Phiếu Ôn thi,A,11,4,HK1,Giữa kỳ I,90,100,True,
GITA-T1-L3-C02-TH,T1,3,2,Số trong phạm vi 1 000 và tìm thành phần chưa biết,TH,Phiếu Thi chương,Số trong phạm vi 1 000 và tìm thành phần chưa biết — Phiếu Thi chương,A,12,4,HK1,Giữa kỳ I,90,100,True,
GITA-T1-L3-C03-LT,T1,3,3,"Hình phẳng, góc và chu vi",LT,Phiếu Lý thuyết,"Hình phẳng, góc và chu vi — Phiếu Lý thuyết",F,13,5,HK1,Giữa kỳ I,90,100,True,
GITA-T1-L3-C03-DB,T1,3,3,"Hình phẳng, góc và chu vi",DB,Phiếu Dạng bài & Đọc vị,"Hình phẳng, góc và chu vi — Phiếu Dạng bài & Đọc vị",F,14,5,HK1,Giữa kỳ I,90,100,True,
GITA-T1-L3-C03-KN,T1,3,3,"Hình phẳng, góc và chu vi",KN,Phiếu Kỹ năng & Phương pháp,"Hình phẳng, góc và chu vi — Phiếu Kỹ năng & Phương pháp",F,15,5,HK1,Giữa kỳ I,90,100,True,
GITA-T1-L3-C03-NC,T1,3,3,"Hình phẳng, góc và chu vi",NC,Phiếu Luyện nâng cao,"Hình phẳng, góc và chu vi — Phiếu Luyện nâng cao",F,16,6,HK1,Giữa kỳ I,90,100,True,
GITA-T1-L3-C03-OT,T1,3,3,"Hình phẳng, góc và chu vi",OT,Phiếu Ôn thi,"Hình phẳng, góc và chu vi — Phiếu Ôn thi",F,17,6,HK1,Giữa kỳ I,90,100,True,
GITA-T1-L3-C03-TH,T1,3,3,"Hình phẳng, góc và chu vi",TH,Phiếu Thi chương,"Hình phẳng, góc và chu vi — Phiếu Thi chương",F,18,6,HK1,Giữa kỳ I,90,100,True,
GITA-T1-L3-C04-LT,T1,3,4,"Giải toán một bước, gấp và giảm số lần",LT,Phiếu Lý thuyết,"Giải toán một bước, gấp và giảm số lần — Phiếu Lý thuyết",D,19,7,HK1,Giữa kỳ I,90,100,True,
GITA-T1-L3-C04-DB,T1,3,4,"Giải toán một bước, gấp và giảm số lần",DB,Phiếu Dạng bài & Đọc vị,"Giải toán một bước, gấp và giảm số lần — Phiếu Dạng bài & Đọc vị",D,20,7,HK1,Giữa kỳ I,90,100,True,
GITA-T1-L3-C04-KN,T1,3,4,"Giải toán một bước, gấp và giảm số lần",KN,Phiếu Kỹ năng & Phương pháp,"Giải toán một bước, gấp và giảm số lần — Phiếu Kỹ năng & Phương pháp",D,21,7,HK1,Giữa kỳ I,90,100,True,
GITA-T1-L3-C04-NC,T1,3,4,"Giải toán một bước, gấp và giảm số lần",NC,Phiếu Luyện nâng cao,"Giải toán một bước, gấp và giảm số lần — Phiếu Luyện nâng cao",D,22,8,HK1,Giữa kỳ I,90,100,True,
GITA-T1-L3-C04-OT,T1,3,4,"Giải toán một bước, gấp và giảm số lần",OT,Phiếu Ôn thi,"Giải toán một bước, gấp và giảm số lần — Phiếu Ôn thi",D,23,8,HK1,Giữa kỳ I,90,100,True,
GITA-T1-L3-C04-TH,T1,3,4,"Giải toán một bước, gấp và giảm số lần",TH,Phiếu Thi chương,"Giải toán một bước, gấp và giảm số lần — Phiếu Thi chương",D,24,8,HK1,Giữa kỳ I,90,100,True,
GITA-T1-L3-MOC-GK1,T1,3,0,Kiểm tra Giữa kỳ I,MOC,Phiếu kiểm tra mốc,Kiểm tra Giữa kỳ I — Tổng ôn cụm 1 – 4,*,25,9,HK1,Giữa kỳ I,90,100,True,
GITA-T1-L3-C05-LT,T1,3,5,"Đo độ dài, khối lượng, thời gian và tiền Việt Nam",LT,Phiếu Lý thuyết,"Đo độ dài, khối lượng, thời gian và tiền Việt Nam — Phiếu Lý thuyết",E,26,9,HK1,Cuối kỳ I,90,100,True,
GITA-T1-L3-C05-DB,T1,3,5,"Đo độ dài, khối lượng, thời gian và tiền Việt Nam",DB,Phiếu Dạng bài & Đọc vị,"Đo độ dài, khối lượng, thời gian và tiền Việt Nam — Phiếu Dạng bài & Đọc vị",E,27,9,HK1,Cuối kỳ I,90,100,True,
GITA-T1-L3-C05-KN,T1,3,5,"Đo độ dài, khối lượng, thời gian và tiền Việt Nam",KN,Phiếu Kỹ năng & Phương pháp,"Đo độ dài, khối lượng, thời gian và tiền Việt Nam — Phiếu Kỹ năng & Phương pháp",E,28,10,HK1,Cuối kỳ I,90,100,True,
GITA-T1-L3-C05-NC,T1,3,5,"Đo độ dài, khối lượng, thời gian và tiền Việt Nam",NC,Phiếu Luyện nâng cao,"Đo độ dài, khối lượng, thời gian và tiền Việt Nam — Phiếu Luyện nâng cao",E,29,10,HK1,Cuối kỳ I,90,100,True,
GITA-T1-L3-C05-OT,T1,3,5,"Đo độ dài, khối lượng, thời gian và tiền Việt Nam",OT,Phiếu Ôn thi,"Đo độ dài, khối lượng, thời gian và tiền Việt Nam — Phiếu Ôn thi",E,30,10,HK1,Cuối kỳ I,90,100,True,
GITA-T1-L3-C05-TH,T1,3,5,"Đo độ dài, khối lượng, thời gian và tiền Việt Nam",TH,Phiếu Thi chương,"Đo độ dài, khối lượng, thời gian và tiền Việt Nam — Phiếu Thi chương",E,31,11,HK1,Cuối kỳ I,90,100,True,
GITA-T1-L3-C06-LT,T1,3,6,Biểu thức và phép tính với số có bốn chữ số,LT,Phiếu Lý thuyết,Biểu thức và phép tính với số có bốn chữ số — Phiếu Lý thuyết,B,32,11,HK1,Cuối kỳ I,90,100,True,
GITA-T1-L3-C06-DB,T1,3,6,Biểu thức và phép tính với số có bốn chữ số,DB,Phiếu Dạng bài & Đọc vị,Biểu thức và phép tính với số có bốn chữ số — Phiếu Dạng bài & Đọc vị,B,33,11,HK1,Cuối kỳ I,90,100,True,
GITA-T1-L3-C06-KN,T1,3,6,Biểu thức và phép tính với số có bốn chữ số,KN,Phiếu Kỹ năng & Phương pháp,Biểu thức và phép tính với số có bốn chữ số — Phiếu Kỹ năng & Phương pháp,B,34,12,HK1,Cuối kỳ I,90,100,True,
GITA-T1-L3-C06-NC,T1,3,6,Biểu thức và phép tính với số có bốn chữ số,NC,Phiếu Luyện nâng cao,Biểu thức và phép tính với số có bốn chữ số — Phiếu Luyện nâng cao,B,35,12,HK1,Cuối kỳ I,90,100,True,
GITA-T1-L3-C06-OT,T1,3,6,Biểu thức và phép tính với số có bốn chữ số,OT,Phiếu Ôn thi,Biểu thức và phép tính với số có bốn chữ số — Phiếu Ôn thi,B,36,12,HK1,Cuối kỳ I,90,100,True,
GITA-T1-L3-C06-TH,T1,3,6,Biểu thức và phép tính với số có bốn chữ số,TH,Phiếu Thi chương,Biểu thức và phép tính với số có bốn chữ số — Phiếu Thi chương,B,37,13,HK1,Cuối kỳ I,90,100,True,
GITA-T1-L3-C07-LT,T1,3,7,Bài toán hai bước và rút về đơn vị,LT,Phiếu Lý thuyết,Bài toán hai bước và rút về đơn vị — Phiếu Lý thuyết,D,38,13,HK1,Cuối kỳ I,90,100,True,
GITA-T1-L3-C07-DB,T1,3,7,Bài toán hai bước và rút về đơn vị,DB,Phiếu Dạng bài & Đọc vị,Bài toán hai bước và rút về đơn vị — Phiếu Dạng bài & Đọc vị,D,39,13,HK1,Cuối kỳ I,90,100,True,
GITA-T1-L3-C07-KN,T1,3,7,Bài toán hai bước và rút về đơn vị,KN,Phiếu Kỹ năng & Phương pháp,Bài toán hai bước và rút về đơn vị — Phiếu Kỹ năng & Phương pháp,D,40,14,HK1,Cuối kỳ I,90,100,True,
GITA-T1-L3-C07-NC,T1,3,7,Bài toán hai bước và rút về đơn vị,NC,Phiếu Luyện nâng cao,Bài toán hai bước và rút về đơn vị — Phiếu Luyện nâng cao,D,41,14,HK1,Cuối kỳ I,90,100,True,
GITA-T1-L3-C07-OT,T1,3,7,Bài toán hai bước và rút về đơn vị,OT,Phiếu Ôn thi,Bài toán hai bước và rút về đơn vị — Phiếu Ôn thi,D,42,14,HK1,Cuối kỳ I,90,100,True,
GITA-T1-L3-C07-TH,T1,3,7,Bài toán hai bước và rút về đơn vị,TH,Phiếu Thi chương,Bài toán hai bước và rút về đơn vị — Phiếu Thi chương,D,43,15,HK1,Cuối kỳ I,90,100,True,
GITA-T1-L3-C08-LT,T1,3,8,"Một phần mấy, tỉ số và thống kê",LT,Phiếu Lý thuyết,"Một phần mấy, tỉ số và thống kê — Phiếu Lý thuyết",H,44,15,HK1,Cuối kỳ I,90,100,True,
GITA-T1-L3-C08-DB,T1,3,8,"Một phần mấy, tỉ số và thống kê",DB,Phiếu Dạng bài & Đọc vị,"Một phần mấy, tỉ số và thống kê — Phiếu Dạng bài & Đọc vị",H,45,15,HK1,Cuối kỳ I,90,100,True,
GITA-T1-L3-C08-KN,T1,3,8,"Một phần mấy, tỉ số và thống kê",KN,Phiếu Kỹ năng & Phương pháp,"Một phần mấy, tỉ số và thống kê — Phiếu Kỹ năng & Phương pháp",H,46,16,HK1,Cuối kỳ I,90,100,True,
GITA-T1-L3-C08-NC,T1,3,8,"Một phần mấy, tỉ số và thống kê",NC,Phiếu Luyện nâng cao,"Một phần mấy, tỉ số và thống kê — Phiếu Luyện nâng cao",H,47,16,HK1,Cuối kỳ I,90,100,True,
GITA-T1-L3-C08-OT,T1,3,8,"Một phần mấy, tỉ số và thống kê",OT,Phiếu Ôn thi,"Một phần mấy, tỉ số và thống kê — Phiếu Ôn thi",H,48,16,HK1,Cuối kỳ I,90,100,True,
GITA-T1-L3-C08-TH,T1,3,8,"Một phần mấy, tỉ số và thống kê",TH,Phiếu Thi chương,"Một phần mấy, tỉ số và thống kê — Phiếu Thi chương",H,49,17,HK1,Cuối kỳ I,90,100,True,
GITA-T1-L3-MOC-CK1,T1,3,0,Kiểm tra Cuối kỳ I,MOC,Phiếu kiểm tra mốc,Kiểm tra Cuối kỳ I — Tổng ôn cụm 1 – 8,*,50,17,HK1,Cuối kỳ I,90,100,True,
GITA-T1-L3-C09-LT,T1,3,9,Số có bốn chữ số và số có năm chữ số,LT,Phiếu Lý thuyết,Số có bốn chữ số và số có năm chữ số — Phiếu Lý thuyết,A,51,17,HK2,Giữa kỳ II,90,100,True,
GITA-T1-L3-C09-DB,T1,3,9,Số có bốn chữ số và số có năm chữ số,DB,Phiếu Dạng bài & Đọc vị,Số có bốn chữ số và số có năm chữ số — Phiếu Dạng bài & Đọc vị,A,52,18,HK2,Giữa kỳ II,90,100,True,
GITA-T1-L3-C09-KN,T1,3,9,Số có bốn chữ số và số có năm chữ số,KN,Phiếu Kỹ năng & Phương pháp,Số có bốn chữ số và số có năm chữ số — Phiếu Kỹ năng & Phương pháp,A,53,18,HK2,Giữa kỳ II,90,100,True,
GITA-T1-L3-C09-NC,T1,3,9,Số có bốn chữ số và số có năm chữ số,NC,Phiếu Luyện nâng cao,Số có bốn chữ số và số có năm chữ số — Phiếu Luyện nâng cao,A,54,18,HK2,Giữa kỳ II,90,100,True,
GITA-T1-L3-C09-OT,T1,3,9,Số có bốn chữ số và số có năm chữ số,OT,Phiếu Ôn thi,Số có bốn chữ số và số có năm chữ số — Phiếu Ôn thi,A,55,19,HK2,Giữa kỳ II,90,100,True,
GITA-T1-L3-C09-TH,T1,3,9,Số có bốn chữ số và số có năm chữ số,TH,Phiếu Thi chương,Số có bốn chữ số và số có năm chữ số — Phiếu Thi chương,A,56,19,HK2,Giữa kỳ II,90,100,True,
GITA-T1-L3-C10-LT,T1,3,10,"Diện tích, ghép hình và đếm hình",LT,Phiếu Lý thuyết,"Diện tích, ghép hình và đếm hình — Phiếu Lý thuyết",F,57,19,HK2,Giữa kỳ II,90,100,True,
GITA-T1-L3-C10-DB,T1,3,10,"Diện tích, ghép hình và đếm hình",DB,Phiếu Dạng bài & Đọc vị,"Diện tích, ghép hình và đếm hình — Phiếu Dạng bài & Đọc vị",F,58,20,HK2,Giữa kỳ II,90,100,True,
GITA-T1-L3-C10-KN,T1,3,10,"Diện tích, ghép hình và đếm hình",KN,Phiếu Kỹ năng & Phương pháp,"Diện tích, ghép hình và đếm hình — Phiếu Kỹ năng & Phương pháp",F,59,20,HK2,Giữa kỳ II,90,100,True,
GITA-T1-L3-C10-NC,T1,3,10,"Diện tích, ghép hình và đếm hình",NC,Phiếu Luyện nâng cao,"Diện tích, ghép hình và đếm hình — Phiếu Luyện nâng cao",F,60,20,HK2,Giữa kỳ II,90,100,True,
GITA-T1-L3-C10-OT,T1,3,10,"Diện tích, ghép hình và đếm hình",OT,Phiếu Ôn thi,"Diện tích, ghép hình và đếm hình — Phiếu Ôn thi",F,61,21,HK2,Giữa kỳ II,90,100,True,
GITA-T1-L3-C10-TH,T1,3,10,"Diện tích, ghép hình và đếm hình",TH,Phiếu Thi chương,"Diện tích, ghép hình và đếm hình — Phiếu Thi chương",F,62,21,HK2,Giữa kỳ II,90,100,True,
GITA-T1-L3-C11-LT,T1,3,11,Dãy số và quy luật,LT,Phiếu Lý thuyết,Dãy số và quy luật — Phiếu Lý thuyết,C,63,21,HK2,Giữa kỳ II,90,100,True,
GITA-T1-L3-C11-DB,T1,3,11,Dãy số và quy luật,DB,Phiếu Dạng bài & Đọc vị,Dãy số và quy luật — Phiếu Dạng bài & Đọc vị,C,64,22,HK2,Giữa kỳ II,90,100,True,
GITA-T1-L3-C11-KN,T1,3,11,Dãy số và quy luật,KN,Phiếu Kỹ năng & Phương pháp,Dãy số và quy luật — Phiếu Kỹ năng & Phương pháp,C,65,22,HK2,Giữa kỳ II,90,100,True,
GITA-T1-L3-C11-NC,T1,3,11,Dãy số và quy luật,NC,Phiếu Luyện nâng cao,Dãy số và quy luật — Phiếu Luyện nâng cao,C,66,22,HK2,Giữa kỳ II,90,100,True,
GITA-T1-L3-C11-OT,T1,3,11,Dãy số và quy luật,OT,Phiếu Ôn thi,Dãy số và quy luật — Phiếu Ôn thi,C,67,23,HK2,Giữa kỳ II,90,100,True,
GITA-T1-L3-C11-TH,T1,3,11,Dãy số và quy luật,TH,Phiếu Thi chương,Dãy số và quy luật — Phiếu Thi chương,C,68,23,HK2,Giữa kỳ II,90,100,True,
GITA-T1-L3-C12-LT,T1,3,12,"Trung bình cộng, mua bán và giải toán tổng hợp",LT,Phiếu Lý thuyết,"Trung bình cộng, mua bán và giải toán tổng hợp — Phiếu Lý thuyết",D,69,23,HK2,Giữa kỳ II,90,100,True,
GITA-T1-L3-C12-DB,T1,3,12,"Trung bình cộng, mua bán và giải toán tổng hợp",DB,Phiếu Dạng bài & Đọc vị,"Trung bình cộng, mua bán và giải toán tổng hợp — Phiếu Dạng bài & Đọc vị",D,70,24,HK2,Giữa kỳ II,90,100,True,
GITA-T1-L3-C12-KN,T1,3,12,"Trung bình cộng, mua bán và giải toán tổng hợp",KN,Phiếu Kỹ năng & Phương pháp,"Trung bình cộng, mua bán và giải toán tổng hợp — Phiếu Kỹ năng & Phương pháp",D,71,24,HK2,Giữa kỳ II,90,100,True,
GITA-T1-L3-C12-NC,T1,3,12,"Trung bình cộng, mua bán và giải toán tổng hợp",NC,Phiếu Luyện nâng cao,"Trung bình cộng, mua bán và giải toán tổng hợp — Phiếu Luyện nâng cao",D,72,24,HK2,Giữa kỳ II,90,100,True,
GITA-T1-L3-C12-OT,T1,3,12,"Trung bình cộng, mua bán và giải toán tổng hợp",OT,Phiếu Ôn thi,"Trung bình cộng, mua bán và giải toán tổng hợp — Phiếu Ôn thi",D,73,25,HK2,Giữa kỳ II,90,100,True,
GITA-T1-L3-C12-TH,T1,3,12,"Trung bình cộng, mua bán và giải toán tổng hợp",TH,Phiếu Thi chương,"Trung bình cộng, mua bán và giải toán tổng hợp — Phiếu Thi chương",D,74,25,HK2,Giữa kỳ II,90,100,True,
GITA-T1-L3-MOC-GK2,T1,3,0,Kiểm tra Giữa kỳ II,MOC,Phiếu kiểm tra mốc,Kiểm tra Giữa kỳ II — Tổng ôn cụm 9 – 12,*,75,25,HK2,Giữa kỳ II,90,100,True,
GITA-T1-L3-C13-LT,T1,3,13,"Dung tích, thời gian và đổi đơn vị tổng hợp",LT,Phiếu Lý thuyết,"Dung tích, thời gian và đổi đơn vị tổng hợp — Phiếu Lý thuyết",E,76,26,HK2,Cuối kỳ II,90,100,True,
GITA-T1-L3-C13-DB,T1,3,13,"Dung tích, thời gian và đổi đơn vị tổng hợp",DB,Phiếu Dạng bài & Đọc vị,"Dung tích, thời gian và đổi đơn vị tổng hợp — Phiếu Dạng bài & Đọc vị",E,77,26,HK2,Cuối kỳ II,90,100,True,
GITA-T1-L3-C13-KN,T1,3,13,"Dung tích, thời gian và đổi đơn vị tổng hợp",KN,Phiếu Kỹ năng & Phương pháp,"Dung tích, thời gian và đổi đơn vị tổng hợp — Phiếu Kỹ năng & Phương pháp",E,78,26,HK2,Cuối kỳ II,90,100,True,
GITA-T1-L3-C13-NC,T1,3,13,"Dung tích, thời gian và đổi đơn vị tổng hợp",NC,Phiếu Luyện nâng cao,"Dung tích, thời gian và đổi đơn vị tổng hợp — Phiếu Luyện nâng cao",E,79,27,HK2,Cuối kỳ II,90,100,True,
GITA-T1-L3-C13-OT,T1,3,13,"Dung tích, thời gian và đổi đơn vị tổng hợp",OT,Phiếu Ôn thi,"Dung tích, thời gian và đổi đơn vị tổng hợp — Phiếu Ôn thi",E,80,27,HK2,Cuối kỳ II,90,100,True,
GITA-T1-L3-C13-TH,T1,3,13,"Dung tích, thời gian và đổi đơn vị tổng hợp",TH,Phiếu Thi chương,"Dung tích, thời gian và đổi đơn vị tổng hợp — Phiếu Thi chương",E,81,27,HK2,Cuối kỳ II,90,100,True,
GITA-T1-L3-C14-LT,T1,3,14,Suy luận logic và toán đếm,LT,Phiếu Lý thuyết,Suy luận logic và toán đếm — Phiếu Lý thuyết,G,82,28,HK2,Cuối kỳ II,90,100,True,
GITA-T1-L3-C14-DB,T1,3,14,Suy luận logic và toán đếm,DB,Phiếu Dạng bài & Đọc vị,Suy luận logic và toán đếm — Phiếu Dạng bài & Đọc vị,G,83,28,HK2,Cuối kỳ II,90,100,True,
GITA-T1-L3-C14-KN,T1,3,14,Suy luận logic và toán đếm,KN,Phiếu Kỹ năng & Phương pháp,Suy luận logic và toán đếm — Phiếu Kỹ năng & Phương pháp,G,84,28,HK2,Cuối kỳ II,90,100,True,
GITA-T1-L3-C14-NC,T1,3,14,Suy luận logic và toán đếm,NC,Phiếu Luyện nâng cao,Suy luận logic và toán đếm — Phiếu Luyện nâng cao,G,85,29,HK2,Cuối kỳ II,90,100,True,
GITA-T1-L3-C14-OT,T1,3,14,Suy luận logic và toán đếm,OT,Phiếu Ôn thi,Suy luận logic và toán đếm — Phiếu Ôn thi,G,86,29,HK2,Cuối kỳ II,90,100,True,
GITA-T1-L3-C14-TH,T1,3,14,Suy luận logic và toán đếm,TH,Phiếu Thi chương,Suy luận logic và toán đếm — Phiếu Thi chương,G,87,29,HK2,Cuối kỳ II,90,100,True,
GITA-T1-L3-C15-LT,T1,3,15,Nhân chia số có năm chữ số và kỹ thuật tính nhanh,LT,Phiếu Lý thuyết,Nhân chia số có năm chữ số và kỹ thuật tính nhanh — Phiếu Lý thuyết,B,88,30,HK2,Cuối kỳ II,90,100,True,
GITA-T1-L3-C15-DB,T1,3,15,Nhân chia số có năm chữ số và kỹ thuật tính nhanh,DB,Phiếu Dạng bài & Đọc vị,Nhân chia số có năm chữ số và kỹ thuật tính nhanh — Phiếu Dạng bài & Đọc vị,B,89,30,HK2,Cuối kỳ II,90,100,True,
GITA-T1-L3-C15-KN,T1,3,15,Nhân chia số có năm chữ số và kỹ thuật tính nhanh,KN,Phiếu Kỹ năng & Phương pháp,Nhân chia số có năm chữ số và kỹ thuật tính nhanh — Phiếu Kỹ năng & Phương pháp,B,90,30,HK2,Cuối kỳ II,90,100,True,
GITA-T1-L3-C15-NC,T1,3,15,Nhân chia số có năm chữ số và kỹ thuật tính nhanh,NC,Phiếu Luyện nâng cao,Nhân chia số có năm chữ số và kỹ thuật tính nhanh — Phiếu Luyện nâng cao,B,91,31,HK2,Cuối kỳ II,90,100,True,
GITA-T1-L3-C15-OT,T1,3,15,Nhân chia số có năm chữ số và kỹ thuật tính nhanh,OT,Phiếu Ôn thi,Nhân chia số có năm chữ số và kỹ thuật tính nhanh — Phiếu Ôn thi,B,92,31,HK2,Cuối kỳ II,90,100,True,
GITA-T1-L3-C15-TH,T1,3,15,Nhân chia số có năm chữ số và kỹ thuật tính nhanh,TH,Phiếu Thi chương,Nhân chia số có năm chữ số và kỹ thuật tính nhanh — Phiếu Thi chương,B,93,31,HK2,Cuối kỳ II,90,100,True,
GITA-T1-L3-C16-LT,T1,3,16,"Tính chất phép nhân, chữ số tận cùng và tổng ôn số học",LT,Phiếu Lý thuyết,"Tính chất phép nhân, chữ số tận cùng và tổng ôn số học — Phiếu Lý thuyết",A,94,32,HK2,Cuối kỳ II,90,100,True,
GITA-T1-L3-C16-DB,T1,3,16,"Tính chất phép nhân, chữ số tận cùng và tổng ôn số học",DB,Phiếu Dạng bài & Đọc vị,"Tính chất phép nhân, chữ số tận cùng và tổng ôn số học — Phiếu Dạng bài & Đọc vị",A,95,32,HK2,Cuối kỳ II,90,100,True,
GITA-T1-L3-C16-KN,T1,3,16,"Tính chất phép nhân, chữ số tận cùng và tổng ôn số học",KN,Phiếu Kỹ năng & Phương pháp,"Tính chất phép nhân, chữ số tận cùng và tổng ôn số học — Phiếu Kỹ năng & Phương pháp",A,96,32,HK2,Cuối kỳ II,90,100,True,
GITA-T1-L3-C16-NC,T1,3,16,"Tính chất phép nhân, chữ số tận cùng và tổng ôn số học",NC,Phiếu Luyện nâng cao,"Tính chất phép nhân, chữ số tận cùng và tổng ôn số học — Phiếu Luyện nâng cao",A,97,33,HK2,Cuối kỳ II,90,100,True,
GITA-T1-L3-C16-OT,T1,3,16,"Tính chất phép nhân, chữ số tận cùng và tổng ôn số học",OT,Phiếu Ôn thi,"Tính chất phép nhân, chữ số tận cùng và tổng ôn số học — Phiếu Ôn thi",A,98,33,HK2,Cuối kỳ II,90,100,True,
GITA-T1-L3-C16-TH,T1,3,16,"Tính chất phép nhân, chữ số tận cùng và tổng ôn số học",TH,Phiếu Thi chương,"Tính chất phép nhân, chữ số tận cùng và tổng ôn số học — Phiếu Thi chương",A,99,33,HK2,Cuối kỳ II,90,100,True,
GITA-T1-L3-MOC-CK2,T1,3,0,Kiểm tra Cuối kỳ II,MOC,Phiếu kiểm tra mốc,"Kiểm tra Cuối kỳ II — Tổng ôn cụm 1 – 16, chuẩn đầu ra cả năm",*,100,34,HK2,Cuối kỳ II,90,100,True,
GITA-T1-L3-C01-DB-GP,T1,3,1,"Bảng nhân, bảng chia và bốn phép tính nền tảng",GP,Phiếu Lời giải & Phân tích chuyên sâu,"Bảng nhân, bảng chia và bốn phép tính nền tảng — Lời giải & Phân tích chuyên sâu (Phiếu Dạng bài & Đọc vị)",B,,1,HK1,Giữa kỳ I,0,0,False,GITA-T1-L3-C01-DB
GITA-T1-L3-C01-HD,T1,3,1,"Bảng nhân, bảng chia và bốn phép tính nền tảng",HD,Phiếu Hướng dẫn ôn chắc chuyên đề,"Bảng nhân, bảng chia và bốn phép tính nền tảng — Hướng dẫn ôn chắc chuyên đề",B,,1,HK1,Giữa kỳ I,0,0,False,
GITA-T1-L3-C01-KN-GP,T1,3,1,"Bảng nhân, bảng chia và bốn phép tính nền tảng",GP,Phiếu Lời giải & Phân tích chuyên sâu,"Bảng nhân, bảng chia và bốn phép tính nền tảng — Lời giải & Phân tích chuyên sâu (Phiếu Kỹ năng & Phương pháp)",B,,1,HK1,Giữa kỳ I,0,0,False,GITA-T1-L3-C01-KN
GITA-T1-L3-C01-LT-GP,T1,3,1,"Bảng nhân, bảng chia và bốn phép tính nền tảng",GP,Phiếu Lời giải & Phân tích chuyên sâu,"Bảng nhân, bảng chia và bốn phép tính nền tảng — Lời giải & Phân tích chuyên sâu (Phiếu Lý thuyết)",B,,1,HK1,Giữa kỳ I,0,0,False,GITA-T1-L3-C01-LT
GITA-T1-L3-C01-NC-GP,T1,3,1,"Bảng nhân, bảng chia và bốn phép tính nền tảng",GP,Phiếu Lời giải & Phân tích chuyên sâu,"Bảng nhân, bảng chia và bốn phép tính nền tảng — Lời giải & Phân tích chuyên sâu (Phiếu Luyện nâng cao)",B,,2,HK1,Giữa kỳ I,0,0,False,GITA-T1-L3-C01-NC
GITA-T1-L3-C01-OT-GP,T1,3,1,"Bảng nhân, bảng chia và bốn phép tính nền tảng",GP,Phiếu Lời giải & Phân tích chuyên sâu,"Bảng nhân, bảng chia và bốn phép tính nền tảng — Lời giải & Phân tích chuyên sâu (Phiếu Ôn thi)",B,,2,HK1,Giữa kỳ I,0,0,False,GITA-T1-L3-C01-OT
GITA-T1-L3-C01-TH-GP,T1,3,1,"Bảng nhân, bảng chia và bốn phép tính nền tảng",GP,Phiếu Lời giải & Phân tích chuyên sâu,"Bảng nhân, bảng chia và bốn phép tính nền tảng — Lời giải & Phân tích chuyên sâu (Phiếu Thi chương)",B,,2,HK1,Giữa kỳ I,0,0,False,GITA-T1-L3-C01-TH
GITA-T1-L3-C02-DB-GP,T1,3,2,Số trong phạm vi 1 000 và tìm thành phần chưa biết,GP,Phiếu Lời giải & Phân tích chuyên sâu,Số trong phạm vi 1 000 và tìm thành phần chưa biết — Lời giải & Phân tích chuyên sâu (Phiếu Dạng bài & Đọc vị),A,,3,HK1,Giữa kỳ I,0,0,False,GITA-T1-L3-C02-DB
GITA-T1-L3-C02-HD,T1,3,2,Số trong phạm vi 1 000 và tìm thành phần chưa biết,HD,Phiếu Hướng dẫn ôn chắc chuyên đề,Số trong phạm vi 1 000 và tìm thành phần chưa biết — Hướng dẫn ôn chắc chuyên đề,A,,3,HK1,Giữa kỳ I,0,0,False,
GITA-T1-L3-C02-KN-GP,T1,3,2,Số trong phạm vi 1 000 và tìm thành phần chưa biết,GP,Phiếu Lời giải & Phân tích chuyên sâu,Số trong phạm vi 1 000 và tìm thành phần chưa biết — Lời giải & Phân tích chuyên sâu (Phiếu Kỹ năng & Phương pháp),A,,3,HK1,Giữa kỳ I,0,0,False,GITA-T1-L3-C02-KN
GITA-T1-L3-C02-LT-GP,T1,3,2,Số trong phạm vi 1 000 và tìm thành phần chưa biết,GP,Phiếu Lời giải & Phân tích chuyên sâu,Số trong phạm vi 1 000 và tìm thành phần chưa biết — Lời giải & Phân tích chuyên sâu (Phiếu Lý thuyết),A,,3,HK1,Giữa kỳ I,0,0,False,GITA-T1-L3-C02-LT
GITA-T1-L3-C02-NC-GP,T1,3,2,Số trong phạm vi 1 000 và tìm thành phần chưa biết,GP,Phiếu Lời giải & Phân tích chuyên sâu,Số trong phạm vi 1 000 và tìm thành phần chưa biết — Lời giải & Phân tích chuyên sâu (Phiếu Luyện nâng cao),A,,4,HK1,Giữa kỳ I,0,0,False,GITA-T1-L3-C02-NC
GITA-T1-L3-C02-OT-GP,T1,3,2,Số trong phạm vi 1 000 và tìm thành phần chưa biết,GP,Phiếu Lời giải & Phân tích chuyên sâu,Số trong phạm vi 1 000 và tìm thành phần chưa biết — Lời giải & Phân tích chuyên sâu (Phiếu Ôn thi),A,,4,HK1,Giữa kỳ I,0,0,False,GITA-T1-L3-C02-OT
GITA-T1-L3-C02-TH-GP,T1,3,2,Số trong phạm vi 1 000 và tìm thành phần chưa biết,GP,Phiếu Lời giải & Phân tích chuyên sâu,Số trong phạm vi 1 000 và tìm thành phần chưa biết — Lời giải & Phân tích chuyên sâu (Phiếu Thi chương),A,,4,HK1,Giữa kỳ I,0,0,False,GITA-T1-L3-C02-TH
GITA-T1-L3-C03-DB-GP,T1,3,3,"Hình phẳng, góc và chu vi",GP,Phiếu Lời giải & Phân tích chuyên sâu,"Hình phẳng, góc và chu vi — Lời giải & Phân tích chuyên sâu (Phiếu Dạng bài & Đọc vị)",F,,5,HK1,Giữa kỳ I,0,0,False,GITA-T1-L3-C03-DB
GITA-T1-L3-C03-HD,T1,3,3,"Hình phẳng, góc và chu vi",HD,Phiếu Hướng dẫn ôn chắc chuyên đề,"Hình phẳng, góc và chu vi — Hướng dẫn ôn chắc chuyên đề",F,,5,HK1,Giữa kỳ I,0,0,False,
GITA-T1-L3-C03-KN-GP,T1,3,3,"Hình phẳng, góc và chu vi",GP,Phiếu Lời giải & Phân tích chuyên sâu,"Hình phẳng, góc và chu vi — Lời giải & Phân tích chuyên sâu (Phiếu Kỹ năng & Phương pháp)",F,,5,HK1,Giữa kỳ I,0,0,False,GITA-T1-L3-C03-KN
GITA-T1-L3-C03-LT-GP,T1,3,3,"Hình phẳng, góc và chu vi",GP,Phiếu Lời giải & Phân tích chuyên sâu,"Hình phẳng, góc và chu vi — Lời giải & Phân tích chuyên sâu (Phiếu Lý thuyết)",F,,5,HK1,Giữa kỳ I,0,0,False,GITA-T1-L3-C03-LT
GITA-T1-L3-C03-NC-GP,T1,3,3,"Hình phẳng, góc và chu vi",GP,Phiếu Lời giải & Phân tích chuyên sâu,"Hình phẳng, góc và chu vi — Lời giải & Phân tích chuyên sâu (Phiếu Luyện nâng cao)",F,,6,HK1,Giữa kỳ I,0,0,False,GITA-T1-L3-C03-NC
GITA-T1-L3-C03-OT-GP,T1,3,3,"Hình phẳng, góc và chu vi",GP,Phiếu Lời giải & Phân tích chuyên sâu,"Hình phẳng, góc và chu vi — Lời giải & Phân tích chuyên sâu (Phiếu Ôn thi)",F,,6,HK1,Giữa kỳ I,0,0,False,GITA-T1-L3-C03-OT
GITA-T1-L3-C03-TH-GP,T1,3,3,"Hình phẳng, góc và chu vi",GP,Phiếu Lời giải & Phân tích chuyên sâu,"Hình phẳng, góc và chu vi — Lời giải & Phân tích chuyên sâu (Phiếu Thi chương)",F,,6,HK1,Giữa kỳ I,0,0,False,GITA-T1-L3-C03-TH
GITA-T1-L3-C04-DB-GP,T1,3,4,"Giải toán một bước, gấp và giảm số lần",GP,Phiếu Lời giải & Phân tích chuyên sâu,"Giải toán một bước, gấp và giảm số lần — Lời giải & Phân tích chuyên sâu (Phiếu Dạng bài & Đọc vị)",D,,7,HK1,Giữa kỳ I,0,0,False,GITA-T1-L3-C04-DB
GITA-T1-L3-C04-HD,T1,3,4,"Giải toán một bước, gấp và giảm số lần",HD,Phiếu Hướng dẫn ôn chắc chuyên đề,"Giải toán một bước, gấp và giảm số lần — Hướng dẫn ôn chắc chuyên đề",D,,7,HK1,Giữa kỳ I,0,0,False,
GITA-T1-L3-C04-KN-GP,T1,3,4,"Giải toán một bước, gấp và giảm số lần",GP,Phiếu Lời giải & Phân tích chuyên sâu,"Giải toán một bước, gấp và giảm số lần — Lời giải & Phân tích chuyên sâu (Phiếu Kỹ năng & Phương pháp)",D,,7,HK1,Giữa kỳ I,0,0,False,GITA-T1-L3-C04-KN
GITA-T1-L3-C04-LT-GP,T1,3,4,"Giải toán một bước, gấp và giảm số lần",GP,Phiếu Lời giải & Phân tích chuyên sâu,"Giải toán một bước, gấp và giảm số lần — Lời giải & Phân tích chuyên sâu (Phiếu Lý thuyết)",D,,7,HK1,Giữa kỳ I,0,0,False,GITA-T1-L3-C04-LT
GITA-T1-L3-C04-NC-GP,T1,3,4,"Giải toán một bước, gấp và giảm số lần",GP,Phiếu Lời giải & Phân tích chuyên sâu,"Giải toán một bước, gấp và giảm số lần — Lời giải & Phân tích chuyên sâu (Phiếu Luyện nâng cao)",D,,8,HK1,Giữa kỳ I,0,0,False,GITA-T1-L3-C04-NC
GITA-T1-L3-C04-OT-GP,T1,3,4,"Giải toán một bước, gấp và giảm số lần",GP,Phiếu Lời giải & Phân tích chuyên sâu,"Giải toán một bước, gấp và giảm số lần — Lời giải & Phân tích chuyên sâu (Phiếu Ôn thi)",D,,8,HK1,Giữa kỳ I,0,0,False,GITA-T1-L3-C04-OT
GITA-T1-L3-C04-TH-GP,T1,3,4,"Giải toán một bước, gấp và giảm số lần",GP,Phiếu Lời giải & Phân tích chuyên sâu,"Giải toán một bước, gấp và giảm số lần — Lời giải & Phân tích chuyên sâu (Phiếu Thi chương)",D,,8,HK1,Giữa kỳ I,0,0,False,GITA-T1-L3-C04-TH
GITA-T1-L3-C05-DB-GP,T1,3,5,"Đo độ dài, khối lượng, thời gian và tiền Việt Nam",GP,Phiếu Lời giải & Phân tích chuyên sâu,"Đo độ dài, khối lượng, thời gian và tiền Việt Nam — Lời giải & Phân tích chuyên sâu (Phiếu Dạng bài & Đọc vị)",E,,9,HK1,Cuối kỳ I,0,0,False,GITA-T1-L3-C05-DB
GITA-T1-L3-C05-HD,T1,3,5,"Đo độ dài, khối lượng, thời gian và tiền Việt Nam",HD,Phiếu Hướng dẫn ôn chắc chuyên đề,"Đo độ dài, khối lượng, thời gian và tiền Việt Nam — Hướng dẫn ôn chắc chuyên đề",E,,9,HK1,Cuối kỳ I,0,0,False,
GITA-T1-L3-C05-KN-GP,T1,3,5,"Đo độ dài, khối lượng, thời gian và tiền Việt Nam",GP,Phiếu Lời giải & Phân tích chuyên sâu,"Đo độ dài, khối lượng, thời gian và tiền Việt Nam — Lời giải & Phân tích chuyên sâu (Phiếu Kỹ năng & Phương pháp)",E,,10,HK1,Cuối kỳ I,0,0,False,GITA-T1-L3-C05-KN
GITA-T1-L3-C05-LT-GP,T1,3,5,"Đo độ dài, khối lượng, thời gian và tiền Việt Nam",GP,Phiếu Lời giải & Phân tích chuyên sâu,"Đo độ dài, khối lượng, thời gian và tiền Việt Nam — Lời giải & Phân tích chuyên sâu (Phiếu Lý thuyết)",E,,9,HK1,Cuối kỳ I,0,0,False,GITA-T1-L3-C05-LT
GITA-T1-L3-C05-NC-GP,T1,3,5,"Đo độ dài, khối lượng, thời gian và tiền Việt Nam",GP,Phiếu Lời giải & Phân tích chuyên sâu,"Đo độ dài, khối lượng, thời gian và tiền Việt Nam — Lời giải & Phân tích chuyên sâu (Phiếu Luyện nâng cao)",E,,10,HK1,Cuối kỳ I,0,0,False,GITA-T1-L3-C05-NC
GITA-T1-L3-C05-OT-GP,T1,3,5,"Đo độ dài, khối lượng, thời gian và tiền Việt Nam",GP,Phiếu Lời giải & Phân tích chuyên sâu,"Đo độ dài, khối lượng, thời gian và tiền Việt Nam — Lời giải & Phân tích chuyên sâu (Phiếu Ôn thi)",E,,10,HK1,Cuối kỳ I,0,0,False,GITA-T1-L3-C05-OT
GITA-T1-L3-C05-TH-GP,T1,3,5,"Đo độ dài, khối lượng, thời gian và tiền Việt Nam",GP,Phiếu Lời giải & Phân tích chuyên sâu,"Đo độ dài, khối lượng, thời gian và tiền Việt Nam — Lời giải & Phân tích chuyên sâu (Phiếu Thi chương)",E,,11,HK1,Cuối kỳ I,0,0,False,GITA-T1-L3-C05-TH
GITA-T1-L3-C06-DB-GP,T1,3,6,Biểu thức và phép tính với số có bốn chữ số,GP,Phiếu Lời giải & Phân tích chuyên sâu,Biểu thức và phép tính với số có bốn chữ số — Lời giải & Phân tích chuyên sâu (Phiếu Dạng bài & Đọc vị),B,,11,HK1,Cuối kỳ I,0,0,False,GITA-T1-L3-C06-DB
GITA-T1-L3-C06-HD,T1,3,6,Biểu thức và phép tính với số có bốn chữ số,HD,Phiếu Hướng dẫn ôn chắc chuyên đề,Biểu thức và phép tính với số có bốn chữ số — Hướng dẫn ôn chắc chuyên đề,B,,11,HK1,Cuối kỳ I,0,0,False,
GITA-T1-L3-C06-KN-GP,T1,3,6,Biểu thức và phép tính với số có bốn chữ số,GP,Phiếu Lời giải & Phân tích chuyên sâu,Biểu thức và phép tính với số có bốn chữ số — Lời giải & Phân tích chuyên sâu (Phiếu Kỹ năng & Phương pháp),B,,12,HK1,Cuối kỳ I,0,0,False,GITA-T1-L3-C06-KN
GITA-T1-L3-C06-LT-GP,T1,3,6,Biểu thức và phép tính với số có bốn chữ số,GP,Phiếu Lời giải & Phân tích chuyên sâu,Biểu thức và phép tính với số có bốn chữ số — Lời giải & Phân tích chuyên sâu (Phiếu Lý thuyết),B,,11,HK1,Cuối kỳ I,0,0,False,GITA-T1-L3-C06-LT
GITA-T1-L3-C06-NC-GP,T1,3,6,Biểu thức và phép tính với số có bốn chữ số,GP,Phiếu Lời giải & Phân tích chuyên sâu,Biểu thức và phép tính với số có bốn chữ số — Lời giải & Phân tích chuyên sâu (Phiếu Luyện nâng cao),B,,12,HK1,Cuối kỳ I,0,0,False,GITA-T1-L3-C06-NC
GITA-T1-L3-C06-OT-GP,T1,3,6,Biểu thức và phép tính với số có bốn chữ số,GP,Phiếu Lời giải & Phân tích chuyên sâu,Biểu thức và phép tính với số có bốn chữ số — Lời giải & Phân tích chuyên sâu (Phiếu Ôn thi),B,,12,HK1,Cuối kỳ I,0,0,False,GITA-T1-L3-C06-OT
GITA-T1-L3-C06-TH-GP,T1,3,6,Biểu thức và phép tính với số có bốn chữ số,GP,Phiếu Lời giải & Phân tích chuyên sâu,Biểu thức và phép tính với số có bốn chữ số — Lời giải & Phân tích chuyên sâu (Phiếu Thi chương),B,,13,HK1,Cuối kỳ I,0,0,False,GITA-T1-L3-C06-TH
GITA-T1-L3-C07-DB-GP,T1,3,7,Bài toán hai bước và rút về đơn vị,GP,Phiếu Lời giải & Phân tích chuyên sâu,Bài toán hai bước và rút về đơn vị — Lời giải & Phân tích chuyên sâu (Phiếu Dạng bài & Đọc vị),D,,13,HK1,Cuối kỳ I,0,0,False,GITA-T1-L3-C07-DB
GITA-T1-L3-C07-HD,T1,3,7,Bài toán hai bước và rút về đơn vị,HD,Phiếu Hướng dẫn ôn chắc chuyên đề,Bài toán hai bước và rút về đơn vị — Hướng dẫn ôn chắc chuyên đề,D,,13,HK1,Cuối kỳ I,0,0,False,
GITA-T1-L3-C07-KN-GP,T1,3,7,Bài toán hai bước và rút về đơn vị,GP,Phiếu Lời giải & Phân tích chuyên sâu,Bài toán hai bước và rút về đơn vị — Lời giải & Phân tích chuyên sâu (Phiếu Kỹ năng & Phương pháp),D,,14,HK1,Cuối kỳ I,0,0,False,GITA-T1-L3-C07-KN
GITA-T1-L3-C07-LT-GP,T1,3,7,Bài toán hai bước và rút về đơn vị,GP,Phiếu Lời giải & Phân tích chuyên sâu,Bài toán hai bước và rút về đơn vị — Lời giải & Phân tích chuyên sâu (Phiếu Lý thuyết),D,,13,HK1,Cuối kỳ I,0,0,False,GITA-T1-L3-C07-LT
GITA-T1-L3-C07-NC-GP,T1,3,7,Bài toán hai bước và rút về đơn vị,GP,Phiếu Lời giải & Phân tích chuyên sâu,Bài toán hai bước và rút về đơn vị — Lời giải & Phân tích chuyên sâu (Phiếu Luyện nâng cao),D,,14,HK1,Cuối kỳ I,0,0,False,GITA-T1-L3-C07-NC
GITA-T1-L3-C07-OT-GP,T1,3,7,Bài toán hai bước và rút về đơn vị,GP,Phiếu Lời giải & Phân tích chuyên sâu,Bài toán hai bước và rút về đơn vị — Lời giải & Phân tích chuyên sâu (Phiếu Ôn thi),D,,14,HK1,Cuối kỳ I,0,0,False,GITA-T1-L3-C07-OT
GITA-T1-L3-C07-TH-GP,T1,3,7,Bài toán hai bước và rút về đơn vị,GP,Phiếu Lời giải & Phân tích chuyên sâu,Bài toán hai bước và rút về đơn vị — Lời giải & Phân tích chuyên sâu (Phiếu Thi chương),D,,15,HK1,Cuối kỳ I,0,0,False,GITA-T1-L3-C07-TH
GITA-T1-L3-C08-DB-GP,T1,3,8,"Một phần mấy, tỉ số và thống kê",GP,Phiếu Lời giải & Phân tích chuyên sâu,"Một phần mấy, tỉ số và thống kê — Lời giải & Phân tích chuyên sâu (Phiếu Dạng bài & Đọc vị)",H,,15,HK1,Cuối kỳ I,0,0,False,GITA-T1-L3-C08-DB
GITA-T1-L3-C08-HD,T1,3,8,"Một phần mấy, tỉ số và thống kê",HD,Phiếu Hướng dẫn ôn chắc chuyên đề,"Một phần mấy, tỉ số và thống kê — Hướng dẫn ôn chắc chuyên đề",H,,15,HK1,Cuối kỳ I,0,0,False,
GITA-T1-L3-C08-KN-GP,T1,3,8,"Một phần mấy, tỉ số và thống kê",GP,Phiếu Lời giải & Phân tích chuyên sâu,"Một phần mấy, tỉ số và thống kê — Lời giải & Phân tích chuyên sâu (Phiếu Kỹ năng & Phương pháp)",H,,16,HK1,Cuối kỳ I,0,0,False,GITA-T1-L3-C08-KN
GITA-T1-L3-C08-LT-GP,T1,3,8,"Một phần mấy, tỉ số và thống kê",GP,Phiếu Lời giải & Phân tích chuyên sâu,"Một phần mấy, tỉ số và thống kê — Lời giải & Phân tích chuyên sâu (Phiếu Lý thuyết)",H,,15,HK1,Cuối kỳ I,0,0,False,GITA-T1-L3-C08-LT
GITA-T1-L3-C08-NC-GP,T1,3,8,"Một phần mấy, tỉ số và thống kê",GP,Phiếu Lời giải & Phân tích chuyên sâu,"Một phần mấy, tỉ số và thống kê — Lời giải & Phân tích chuyên sâu (Phiếu Luyện nâng cao)",H,,16,HK1,Cuối kỳ I,0,0,False,GITA-T1-L3-C08-NC
GITA-T1-L3-C08-OT-GP,T1,3,8,"Một phần mấy, tỉ số và thống kê",GP,Phiếu Lời giải & Phân tích chuyên sâu,"Một phần mấy, tỉ số và thống kê — Lời giải & Phân tích chuyên sâu (Phiếu Ôn thi)",H,,16,HK1,Cuối kỳ I,0,0,False,GITA-T1-L3-C08-OT
GITA-T1-L3-C08-TH-GP,T1,3,8,"Một phần mấy, tỉ số và thống kê",GP,Phiếu Lời giải & Phân tích chuyên sâu,"Một phần mấy, tỉ số và thống kê — Lời giải & Phân tích chuyên sâu (Phiếu Thi chương)",H,,17,HK1,Cuối kỳ I,0,0,False,GITA-T1-L3-C08-TH
GITA-T1-L3-C09-DB-GP,T1,3,9,Số có bốn chữ số và số có năm chữ số,GP,Phiếu Lời giải & Phân tích chuyên sâu,Số có bốn chữ số và số có năm chữ số — Lời giải & Phân tích chuyên sâu (Phiếu Dạng bài & Đọc vị),A,,18,HK2,Giữa kỳ II,0,0,False,GITA-T1-L3-C09-DB
GITA-T1-L3-C09-HD,T1,3,9,Số có bốn chữ số và số có năm chữ số,HD,Phiếu Hướng dẫn ôn chắc chuyên đề,Số có bốn chữ số và số có năm chữ số — Hướng dẫn ôn chắc chuyên đề,A,,17,HK2,Giữa kỳ II,0,0,False,
GITA-T1-L3-C09-KN-GP,T1,3,9,Số có bốn chữ số và số có năm chữ số,GP,Phiếu Lời giải & Phân tích chuyên sâu,Số có bốn chữ số và số có năm chữ số — Lời giải & Phân tích chuyên sâu (Phiếu Kỹ năng & Phương pháp),A,,18,HK2,Giữa kỳ II,0,0,False,GITA-T1-L3-C09-KN
GITA-T1-L3-C09-LT-GP,T1,3,9,Số có bốn chữ số và số có năm chữ số,GP,Phiếu Lời giải & Phân tích chuyên sâu,Số có bốn chữ số và số có năm chữ số — Lời giải & Phân tích chuyên sâu (Phiếu Lý thuyết),A,,17,HK2,Giữa kỳ II,0,0,False,GITA-T1-L3-C09-LT
GITA-T1-L3-C09-NC-GP,T1,3,9,Số có bốn chữ số và số có năm chữ số,GP,Phiếu Lời giải & Phân tích chuyên sâu,Số có bốn chữ số và số có năm chữ số — Lời giải & Phân tích chuyên sâu (Phiếu Luyện nâng cao),A,,18,HK2,Giữa kỳ II,0,0,False,GITA-T1-L3-C09-NC
GITA-T1-L3-C09-OT-GP,T1,3,9,Số có bốn chữ số và số có năm chữ số,GP,Phiếu Lời giải & Phân tích chuyên sâu,Số có bốn chữ số và số có năm chữ số — Lời giải & Phân tích chuyên sâu (Phiếu Ôn thi),A,,19,HK2,Giữa kỳ II,0,0,False,GITA-T1-L3-C09-OT
GITA-T1-L3-C09-TH-GP,T1,3,9,Số có bốn chữ số và số có năm chữ số,GP,Phiếu Lời giải & Phân tích chuyên sâu,Số có bốn chữ số và số có năm chữ số — Lời giải & Phân tích chuyên sâu (Phiếu Thi chương),A,,19,HK2,Giữa kỳ II,0,0,False,GITA-T1-L3-C09-TH
GITA-T1-L3-C10-DB-GP,T1,3,10,"Diện tích, ghép hình và đếm hình",GP,Phiếu Lời giải & Phân tích chuyên sâu,"Diện tích, ghép hình và đếm hình — Lời giải & Phân tích chuyên sâu (Phiếu Dạng bài & Đọc vị)",F,,20,HK2,Giữa kỳ II,0,0,False,GITA-T1-L3-C10-DB
GITA-T1-L3-C10-HD,T1,3,10,"Diện tích, ghép hình và đếm hình",HD,Phiếu Hướng dẫn ôn chắc chuyên đề,"Diện tích, ghép hình và đếm hình — Hướng dẫn ôn chắc chuyên đề",F,,19,HK2,Giữa kỳ II,0,0,False,
GITA-T1-L3-C10-KN-GP,T1,3,10,"Diện tích, ghép hình và đếm hình",GP,Phiếu Lời giải & Phân tích chuyên sâu,"Diện tích, ghép hình và đếm hình — Lời giải & Phân tích chuyên sâu (Phiếu Kỹ năng & Phương pháp)",F,,20,HK2,Giữa kỳ II,0,0,False,GITA-T1-L3-C10-KN
GITA-T1-L3-C10-LT-GP,T1,3,10,"Diện tích, ghép hình và đếm hình",GP,Phiếu Lời giải & Phân tích chuyên sâu,"Diện tích, ghép hình và đếm hình — Lời giải & Phân tích chuyên sâu (Phiếu Lý thuyết)",F,,19,HK2,Giữa kỳ II,0,0,False,GITA-T1-L3-C10-LT
GITA-T1-L3-C10-NC-GP,T1,3,10,"Diện tích, ghép hình và đếm hình",GP,Phiếu Lời giải & Phân tích chuyên sâu,"Diện tích, ghép hình và đếm hình — Lời giải & Phân tích chuyên sâu (Phiếu Luyện nâng cao)",F,,20,HK2,Giữa kỳ II,0,0,False,GITA-T1-L3-C10-NC
GITA-T1-L3-C10-OT-GP,T1,3,10,"Diện tích, ghép hình và đếm hình",GP,Phiếu Lời giải & Phân tích chuyên sâu,"Diện tích, ghép hình và đếm hình — Lời giải & Phân tích chuyên sâu (Phiếu Ôn thi)",F,,21,HK2,Giữa kỳ II,0,0,False,GITA-T1-L3-C10-OT
GITA-T1-L3-C10-TH-GP,T1,3,10,"Diện tích, ghép hình và đếm hình",GP,Phiếu Lời giải & Phân tích chuyên sâu,"Diện tích, ghép hình và đếm hình — Lời giải & Phân tích chuyên sâu (Phiếu Thi chương)",F,,21,HK2,Giữa kỳ II,0,0,False,GITA-T1-L3-C10-TH
GITA-T1-L3-C11-DB-GP,T1,3,11,Dãy số và quy luật,GP,Phiếu Lời giải & Phân tích chuyên sâu,Dãy số và quy luật — Lời giải & Phân tích chuyên sâu (Phiếu Dạng bài & Đọc vị),C,,22,HK2,Giữa kỳ II,0,0,False,GITA-T1-L3-C11-DB
GITA-T1-L3-C11-HD,T1,3,11,Dãy số và quy luật,HD,Phiếu Hướng dẫn ôn chắc chuyên đề,Dãy số và quy luật — Hướng dẫn ôn chắc chuyên đề,C,,21,HK2,Giữa kỳ II,0,0,False,
GITA-T1-L3-C11-KN-GP,T1,3,11,Dãy số và quy luật,GP,Phiếu Lời giải & Phân tích chuyên sâu,Dãy số và quy luật — Lời giải & Phân tích chuyên sâu (Phiếu Kỹ năng & Phương pháp),C,,22,HK2,Giữa kỳ II,0,0,False,GITA-T1-L3-C11-KN
GITA-T1-L3-C11-LT-GP,T1,3,11,Dãy số và quy luật,GP,Phiếu Lời giải & Phân tích chuyên sâu,Dãy số và quy luật — Lời giải & Phân tích chuyên sâu (Phiếu Lý thuyết),C,,21,HK2,Giữa kỳ II,0,0,False,GITA-T1-L3-C11-LT
GITA-T1-L3-C11-NC-GP,T1,3,11,Dãy số và quy luật,GP,Phiếu Lời giải & Phân tích chuyên sâu,Dãy số và quy luật — Lời giải & Phân tích chuyên sâu (Phiếu Luyện nâng cao),C,,22,HK2,Giữa kỳ II,0,0,False,GITA-T1-L3-C11-NC
GITA-T1-L3-C11-OT-GP,T1,3,11,Dãy số và quy luật,GP,Phiếu Lời giải & Phân tích chuyên sâu,Dãy số và quy luật — Lời giải & Phân tích chuyên sâu (Phiếu Ôn thi),C,,23,HK2,Giữa kỳ II,0,0,False,GITA-T1-L3-C11-OT
GITA-T1-L3-C11-TH-GP,T1,3,11,Dãy số và quy luật,GP,Phiếu Lời giải & Phân tích chuyên sâu,Dãy số và quy luật — Lời giải & Phân tích chuyên sâu (Phiếu Thi chương),C,,23,HK2,Giữa kỳ II,0,0,False,GITA-T1-L3-C11-TH
GITA-T1-L3-C12-DB-GP,T1,3,12,"Trung bình cộng, mua bán và giải toán tổng hợp",GP,Phiếu Lời giải & Phân tích chuyên sâu,"Trung bình cộng, mua bán và giải toán tổng hợp — Lời giải & Phân tích chuyên sâu (Phiếu Dạng bài & Đọc vị)",D,,24,HK2,Giữa kỳ II,0,0,False,GITA-T1-L3-C12-DB
GITA-T1-L3-C12-HD,T1,3,12,"Trung bình cộng, mua bán và giải toán tổng hợp",HD,Phiếu Hướng dẫn ôn chắc chuyên đề,"Trung bình cộng, mua bán và giải toán tổng hợp — Hướng dẫn ôn chắc chuyên đề",D,,23,HK2,Giữa kỳ II,0,0,False,
GITA-T1-L3-C12-KN-GP,T1,3,12,"Trung bình cộng, mua bán và giải toán tổng hợp",GP,Phiếu Lời giải & Phân tích chuyên sâu,"Trung bình cộng, mua bán và giải toán tổng hợp — Lời giải & Phân tích chuyên sâu (Phiếu Kỹ năng & Phương pháp)",D,,24,HK2,Giữa kỳ II,0,0,False,GITA-T1-L3-C12-KN
GITA-T1-L3-C12-LT-GP,T1,3,12,"Trung bình cộng, mua bán và giải toán tổng hợp",GP,Phiếu Lời giải & Phân tích chuyên sâu,"Trung bình cộng, mua bán và giải toán tổng hợp — Lời giải & Phân tích chuyên sâu (Phiếu Lý thuyết)",D,,23,HK2,Giữa kỳ II,0,0,False,GITA-T1-L3-C12-LT
GITA-T1-L3-C12-NC-GP,T1,3,12,"Trung bình cộng, mua bán và giải toán tổng hợp",GP,Phiếu Lời giải & Phân tích chuyên sâu,"Trung bình cộng, mua bán và giải toán tổng hợp — Lời giải & Phân tích chuyên sâu (Phiếu Luyện nâng cao)",D,,24,HK2,Giữa kỳ II,0,0,False,GITA-T1-L3-C12-NC
GITA-T1-L3-C12-OT-GP,T1,3,12,"Trung bình cộng, mua bán và giải toán tổng hợp",GP,Phiếu Lời giải & Phân tích chuyên sâu,"Trung bình cộng, mua bán và giải toán tổng hợp — Lời giải & Phân tích chuyên sâu (Phiếu Ôn thi)",D,,25,HK2,Giữa kỳ II,0,0,False,GITA-T1-L3-C12-OT
GITA-T1-L3-C12-TH-GP,T1,3,12,"Trung bình cộng, mua bán và giải toán tổng hợp",GP,Phiếu Lời giải & Phân tích chuyên sâu,"Trung bình cộng, mua bán và giải toán tổng hợp — Lời giải & Phân tích chuyên sâu (Phiếu Thi chương)",D,,25,HK2,Giữa kỳ II,0,0,False,GITA-T1-L3-C12-TH
GITA-T1-L3-C13-DB-GP,T1,3,13,"Dung tích, thời gian và đổi đơn vị tổng hợp",GP,Phiếu Lời giải & Phân tích chuyên sâu,"Dung tích, thời gian và đổi đơn vị tổng hợp — Lời giải & Phân tích chuyên sâu (Phiếu Dạng bài & Đọc vị)",E,,26,HK2,Cuối kỳ II,0,0,False,GITA-T1-L3-C13-DB
GITA-T1-L3-C13-HD,T1,3,13,"Dung tích, thời gian và đổi đơn vị tổng hợp",HD,Phiếu Hướng dẫn ôn chắc chuyên đề,"Dung tích, thời gian và đổi đơn vị tổng hợp — Hướng dẫn ôn chắc chuyên đề",E,,26,HK2,Cuối kỳ II,0,0,False,
GITA-T1-L3-C13-KN-GP,T1,3,13,"Dung tích, thời gian và đổi đơn vị tổng hợp",GP,Phiếu Lời giải & Phân tích chuyên sâu,"Dung tích, thời gian và đổi đơn vị tổng hợp — Lời giải & Phân tích chuyên sâu (Phiếu Kỹ năng & Phương pháp)",E,,26,HK2,Cuối kỳ II,0,0,False,GITA-T1-L3-C13-KN
GITA-T1-L3-C13-LT-GP,T1,3,13,"Dung tích, thời gian và đổi đơn vị tổng hợp",GP,Phiếu Lời giải & Phân tích chuyên sâu,"Dung tích, thời gian và đổi đơn vị tổng hợp — Lời giải & Phân tích chuyên sâu (Phiếu Lý thuyết)",E,,26,HK2,Cuối kỳ II,0,0,False,GITA-T1-L3-C13-LT
GITA-T1-L3-C13-NC-GP,T1,3,13,"Dung tích, thời gian và đổi đơn vị tổng hợp",GP,Phiếu Lời giải & Phân tích chuyên sâu,"Dung tích, thời gian và đổi đơn vị tổng hợp — Lời giải & Phân tích chuyên sâu (Phiếu Luyện nâng cao)",E,,27,HK2,Cuối kỳ II,0,0,False,GITA-T1-L3-C13-NC
GITA-T1-L3-C13-OT-GP,T1,3,13,"Dung tích, thời gian và đổi đơn vị tổng hợp",GP,Phiếu Lời giải & Phân tích chuyên sâu,"Dung tích, thời gian và đổi đơn vị tổng hợp — Lời giải & Phân tích chuyên sâu (Phiếu Ôn thi)",E,,27,HK2,Cuối kỳ II,0,0,False,GITA-T1-L3-C13-OT
GITA-T1-L3-C13-TH-GP,T1,3,13,"Dung tích, thời gian và đổi đơn vị tổng hợp",GP,Phiếu Lời giải & Phân tích chuyên sâu,"Dung tích, thời gian và đổi đơn vị tổng hợp — Lời giải & Phân tích chuyên sâu (Phiếu Thi chương)",E,,27,HK2,Cuối kỳ II,0,0,False,GITA-T1-L3-C13-TH
GITA-T1-L3-C14-DB-GP,T1,3,14,Suy luận logic và toán đếm,GP,Phiếu Lời giải & Phân tích chuyên sâu,Suy luận logic và toán đếm — Lời giải & Phân tích chuyên sâu (Phiếu Dạng bài & Đọc vị),G,,28,HK2,Cuối kỳ II,0,0,False,GITA-T1-L3-C14-DB
GITA-T1-L3-C14-HD,T1,3,14,Suy luận logic và toán đếm,HD,Phiếu Hướng dẫn ôn chắc chuyên đề,Suy luận logic và toán đếm — Hướng dẫn ôn chắc chuyên đề,G,,28,HK2,Cuối kỳ II,0,0,False,
GITA-T1-L3-C14-KN-GP,T1,3,14,Suy luận logic và toán đếm,GP,Phiếu Lời giải & Phân tích chuyên sâu,Suy luận logic và toán đếm — Lời giải & Phân tích chuyên sâu (Phiếu Kỹ năng & Phương pháp),G,,28,HK2,Cuối kỳ II,0,0,False,GITA-T1-L3-C14-KN
GITA-T1-L3-C14-LT-GP,T1,3,14,Suy luận logic và toán đếm,GP,Phiếu Lời giải & Phân tích chuyên sâu,Suy luận logic và toán đếm — Lời giải & Phân tích chuyên sâu (Phiếu Lý thuyết),G,,28,HK2,Cuối kỳ II,0,0,False,GITA-T1-L3-C14-LT
GITA-T1-L3-C14-NC-GP,T1,3,14,Suy luận logic và toán đếm,GP,Phiếu Lời giải & Phân tích chuyên sâu,Suy luận logic và toán đếm — Lời giải & Phân tích chuyên sâu (Phiếu Luyện nâng cao),G,,29,HK2,Cuối kỳ II,0,0,False,GITA-T1-L3-C14-NC
GITA-T1-L3-C14-OT-GP,T1,3,14,Suy luận logic và toán đếm,GP,Phiếu Lời giải & Phân tích chuyên sâu,Suy luận logic và toán đếm — Lời giải & Phân tích chuyên sâu (Phiếu Ôn thi),G,,29,HK2,Cuối kỳ II,0,0,False,GITA-T1-L3-C14-OT
GITA-T1-L3-C14-TH-GP,T1,3,14,Suy luận logic và toán đếm,GP,Phiếu Lời giải & Phân tích chuyên sâu,Suy luận logic và toán đếm — Lời giải & Phân tích chuyên sâu (Phiếu Thi chương),G,,29,HK2,Cuối kỳ II,0,0,False,GITA-T1-L3-C14-TH
GITA-T1-L3-C15-DB-GP,T1,3,15,Nhân chia số có năm chữ số và kỹ thuật tính nhanh,GP,Phiếu Lời giải & Phân tích chuyên sâu,Nhân chia số có năm chữ số và kỹ thuật tính nhanh — Lời giải & Phân tích chuyên sâu (Phiếu Dạng bài & Đọc vị),B,,30,HK2,Cuối kỳ II,0,0,False,GITA-T1-L3-C15-DB
GITA-T1-L3-C15-HD,T1,3,15,Nhân chia số có năm chữ số và kỹ thuật tính nhanh,HD,Phiếu Hướng dẫn ôn chắc chuyên đề,Nhân chia số có năm chữ số và kỹ thuật tính nhanh — Hướng dẫn ôn chắc chuyên đề,B,,30,HK2,Cuối kỳ II,0,0,False,
GITA-T1-L3-C15-KN-GP,T1,3,15,Nhân chia số có năm chữ số và kỹ thuật tính nhanh,GP,Phiếu Lời giải & Phân tích chuyên sâu,Nhân chia số có năm chữ số và kỹ thuật tính nhanh — Lời giải & Phân tích chuyên sâu (Phiếu Kỹ năng & Phương pháp),B,,30,HK2,Cuối kỳ II,0,0,False,GITA-T1-L3-C15-KN
GITA-T1-L3-C15-LT-GP,T1,3,15,Nhân chia số có năm chữ số và kỹ thuật tính nhanh,GP,Phiếu Lời giải & Phân tích chuyên sâu,Nhân chia số có năm chữ số và kỹ thuật tính nhanh — Lời giải & Phân tích chuyên sâu (Phiếu Lý thuyết),B,,30,HK2,Cuối kỳ II,0,0,False,GITA-T1-L3-C15-LT
GITA-T1-L3-C15-NC-GP,T1,3,15,Nhân chia số có năm chữ số và kỹ thuật tính nhanh,GP,Phiếu Lời giải & Phân tích chuyên sâu,Nhân chia số có năm chữ số và kỹ thuật tính nhanh — Lời giải & Phân tích chuyên sâu (Phiếu Luyện nâng cao),B,,31,HK2,Cuối kỳ II,0,0,False,GITA-T1-L3-C15-NC
GITA-T1-L3-C15-OT-GP,T1,3,15,Nhân chia số có năm chữ số và kỹ thuật tính nhanh,GP,Phiếu Lời giải & Phân tích chuyên sâu,Nhân chia số có năm chữ số và kỹ thuật tính nhanh — Lời giải & Phân tích chuyên sâu (Phiếu Ôn thi),B,,31,HK2,Cuối kỳ II,0,0,False,GITA-T1-L3-C15-OT
GITA-T1-L3-C15-TH-GP,T1,3,15,Nhân chia số có năm chữ số và kỹ thuật tính nhanh,GP,Phiếu Lời giải & Phân tích chuyên sâu,Nhân chia số có năm chữ số và kỹ thuật tính nhanh — Lời giải & Phân tích chuyên sâu (Phiếu Thi chương),B,,31,HK2,Cuối kỳ II,0,0,False,GITA-T1-L3-C15-TH
GITA-T1-L3-C16-DB-GP,T1,3,16,"Tính chất phép nhân, chữ số tận cùng và tổng ôn số học",GP,Phiếu Lời giải & Phân tích chuyên sâu,"Tính chất phép nhân, chữ số tận cùng và tổng ôn số học — Lời giải & Phân tích chuyên sâu (Phiếu Dạng bài & Đọc vị)",A,,32,HK2,Cuối kỳ II,0,0,False,GITA-T1-L3-C16-DB
GITA-T1-L3-C16-HD,T1,3,16,"Tính chất phép nhân, chữ số tận cùng và tổng ôn số học",HD,Phiếu Hướng dẫn ôn chắc chuyên đề,"Tính chất phép nhân, chữ số tận cùng và tổng ôn số học — Hướng dẫn ôn chắc chuyên đề",A,,32,HK2,Cuối kỳ II,0,0,False,
GITA-T1-L3-C16-KN-GP,T1,3,16,"Tính chất phép nhân, chữ số tận cùng và tổng ôn số học",GP,Phiếu Lời giải & Phân tích chuyên sâu,"Tính chất phép nhân, chữ số tận cùng và tổng ôn số học — Lời giải & Phân tích chuyên sâu (Phiếu Kỹ năng & Phương pháp)",A,,32,HK2,Cuối kỳ II,0,0,False,GITA-T1-L3-C16-KN
GITA-T1-L3-C16-LT-GP,T1,3,16,"Tính chất phép nhân, chữ số tận cùng và tổng ôn số học",GP,Phiếu Lời giải & Phân tích chuyên sâu,"Tính chất phép nhân, chữ số tận cùng và tổng ôn số học — Lời giải & Phân tích chuyên sâu (Phiếu Lý thuyết)",A,,32,HK2,Cuối kỳ II,0,0,False,GITA-T1-L3-C16-LT
GITA-T1-L3-C16-NC-GP,T1,3,16,"Tính chất phép nhân, chữ số tận cùng và tổng ôn số học",GP,Phiếu Lời giải & Phân tích chuyên sâu,"Tính chất phép nhân, chữ số tận cùng và tổng ôn số học — Lời giải & Phân tích chuyên sâu (Phiếu Luyện nâng cao)",A,,33,HK2,Cuối kỳ II,0,0,False,GITA-T1-L3-C16-NC
GITA-T1-L3-C16-OT-GP,T1,3,16,"Tính chất phép nhân, chữ số tận cùng và tổng ôn số học",GP,Phiếu Lời giải & Phân tích chuyên sâu,"Tính chất phép nhân, chữ số tận cùng và tổng ôn số học — Lời giải & Phân tích chuyên sâu (Phiếu Ôn thi)",A,,33,HK2,Cuối kỳ II,0,0,False,GITA-T1-L3-C16-OT
GITA-T1-L3-C16-TH-GP,T1,3,16,"Tính chất phép nhân, chữ số tận cùng và tổng ôn số học",GP,Phiếu Lời giải & Phân tích chuyên sâu,"Tính chất phép nhân, chữ số tận cùng và tổng ôn số học — Lời giải & Phân tích chuyên sâu (Phiếu Thi chương)",A,,33,HK2,Cuối kỳ II,0,0,False,GITA-T1-L3-C16-TH
GITA-T1-L3-MOC-CK1-GP,T1,3,0,Kiểm tra Cuối kỳ I,GP,Phiếu Lời giải & Phân tích chuyên sâu,Kiểm tra Cuối kỳ I — Lời giải & Phân tích chuyên sâu,*,,17,HK1,Cuối kỳ I,0,0,False,GITA-T1-L3-MOC-CK1
GITA-T1-L3-MOC-CK2-GP,T1,3,0,Kiểm tra Cuối kỳ II,GP,Phiếu Lời giải & Phân tích chuyên sâu,Kiểm tra Cuối kỳ II — Lời giải & Phân tích chuyên sâu,*,,34,HK2,Cuối kỳ II,0,0,False,GITA-T1-L3-MOC-CK2
GITA-T1-L3-MOC-GK1-GP,T1,3,0,Kiểm tra Giữa kỳ I,GP,Phiếu Lời giải & Phân tích chuyên sâu,Kiểm tra Giữa kỳ I — Lời giải & Phân tích chuyên sâu,*,,9,HK1,Giữa kỳ I,0,0,False,GITA-T1-L3-MOC-GK1
GITA-T1-L3-MOC-GK2-GP,T1,3,0,Kiểm tra Giữa kỳ II,GP,Phiếu Lời giải & Phân tích chuyên sâu,Kiểm tra Giữa kỳ II — Lời giải & Phân tích chuyên sâu,*,,25,HK2,Giữa kỳ II,0,0,False,GITA-T1-L3-MOC-GK2
GITA-T2-L3-C01-LT,T2,3,1,Cấu tạo số và tính chẵn lẻ,LT,Phiếu Lý thuyết,Cấu tạo số và tính chẵn lẻ — Phiếu Lý thuyết,A,1,1,HK1,Giữa kỳ I,90,100,True,
GITA-T2-L3-C01-DB,T2,3,1,Cấu tạo số và tính chẵn lẻ,DB,Phiếu Dạng bài & Đọc vị,Cấu tạo số và tính chẵn lẻ — Phiếu Dạng bài & Đọc vị,A,2,1,HK1,Giữa kỳ I,90,100,True,
GITA-T2-L3-C01-KN,T2,3,1,Cấu tạo số và tính chẵn lẻ,KN,Phiếu Kỹ năng & Phương pháp,Cấu tạo số và tính chẵn lẻ — Phiếu Kỹ năng & Phương pháp,A,3,1,HK1,Giữa kỳ I,90,100,True,
GITA-T2-L3-C01-NC,T2,3,1,Cấu tạo số và tính chẵn lẻ,NC,Phiếu Luyện nâng cao,Cấu tạo số và tính chẵn lẻ — Phiếu Luyện nâng cao,A,4,2,HK1,Giữa kỳ I,90,100,True,
GITA-T2-L3-C01-OT,T2,3,1,Cấu tạo số và tính chẵn lẻ,OT,Phiếu Ôn thi,Cấu tạo số và tính chẵn lẻ — Phiếu Ôn thi,A,5,2,HK1,Giữa kỳ I,90,100,True,
GITA-T2-L3-C01-TH,T2,3,1,Cấu tạo số và tính chẵn lẻ,TH,Phiếu Thi chương,Cấu tạo số và tính chẵn lẻ — Phiếu Thi chương,A,6,2,HK1,Giữa kỳ I,90,100,True,
GITA-T2-L3-C02-LT,T2,3,2,Kỹ thuật tính nhanh và tìm x,LT,Phiếu Lý thuyết,Kỹ thuật tính nhanh và tìm x — Phiếu Lý thuyết,B,7,3,HK1,Giữa kỳ I,90,100,True,
GITA-T2-L3-C02-DB,T2,3,2,Kỹ thuật tính nhanh và tìm x,DB,Phiếu Dạng bài & Đọc vị,Kỹ thuật tính nhanh và tìm x — Phiếu Dạng bài & Đọc vị,B,8,3,HK1,Giữa kỳ I,90,100,True,
GITA-T2-L3-C02-KN,T2,3,2,Kỹ thuật tính nhanh và tìm x,KN,Phiếu Kỹ năng & Phương pháp,Kỹ thuật tính nhanh và tìm x — Phiếu Kỹ năng & Phương pháp,B,9,3,HK1,Giữa kỳ I,90,100,True,
GITA-T2-L3-C02-NC,T2,3,2,Kỹ thuật tính nhanh và tìm x,NC,Phiếu Luyện nâng cao,Kỹ thuật tính nhanh và tìm x — Phiếu Luyện nâng cao,B,10,4,HK1,Giữa kỳ I,90,100,True,
GITA-T2-L3-C02-OT,T2,3,2,Kỹ thuật tính nhanh và tìm x,OT,Phiếu Ôn thi,Kỹ thuật tính nhanh và tìm x — Phiếu Ôn thi,B,11,4,HK1,Giữa kỳ I,90,100,True,
GITA-T2-L3-C02-TH,T2,3,2,Kỹ thuật tính nhanh và tìm x,TH,Phiếu Thi chương,Kỹ thuật tính nhanh và tìm x — Phiếu Thi chương,B,12,4,HK1,Giữa kỳ I,90,100,True,
GITA-T2-L3-C03-LT,T2,3,3,"Suy luận loại trừ, cân đĩa và Đi-rích-lê",LT,Phiếu Lý thuyết,"Suy luận loại trừ, cân đĩa và Đi-rích-lê — Phiếu Lý thuyết",G,13,5,HK1,Giữa kỳ I,90,100,True,
GITA-T2-L3-C03-DB,T2,3,3,"Suy luận loại trừ, cân đĩa và Đi-rích-lê",DB,Phiếu Dạng bài & Đọc vị,"Suy luận loại trừ, cân đĩa và Đi-rích-lê — Phiếu Dạng bài & Đọc vị",G,14,5,HK1,Giữa kỳ I,90,100,True,
GITA-T2-L3-C03-KN,T2,3,3,"Suy luận loại trừ, cân đĩa và Đi-rích-lê",KN,Phiếu Kỹ năng & Phương pháp,"Suy luận loại trừ, cân đĩa và Đi-rích-lê — Phiếu Kỹ năng & Phương pháp",G,15,5,HK1,Giữa kỳ I,90,100,True,
GITA-T2-L3-C03-NC,T2,3,3,"Suy luận loại trừ, cân đĩa và Đi-rích-lê",NC,Phiếu Luyện nâng cao,"Suy luận loại trừ, cân đĩa và Đi-rích-lê — Phiếu Luyện nâng cao",G,16,6,HK1,Giữa kỳ I,90,100,True,
GITA-T2-L3-C03-OT,T2,3,3,"Suy luận loại trừ, cân đĩa và Đi-rích-lê",OT,Phiếu Ôn thi,"Suy luận loại trừ, cân đĩa và Đi-rích-lê — Phiếu Ôn thi",G,17,6,HK1,Giữa kỳ I,90,100,True,
GITA-T2-L3-C03-TH,T2,3,3,"Suy luận loại trừ, cân đĩa và Đi-rích-lê",TH,Phiếu Thi chương,"Suy luận loại trừ, cân đĩa và Đi-rích-lê — Phiếu Thi chương",G,18,6,HK1,Giữa kỳ I,90,100,True,
GITA-T2-L3-C04-LT,T2,3,4,"Sơ đồ đoạn thẳng: tổng – hiệu, tổng – tỉ, hiệu – tỉ",LT,Phiếu Lý thuyết,"Sơ đồ đoạn thẳng: tổng – hiệu, tổng – tỉ, hiệu – tỉ — Phiếu Lý thuyết",D,19,7,HK1,Giữa kỳ I,90,100,True,
GITA-T2-L3-C04-DB,T2,3,4,"Sơ đồ đoạn thẳng: tổng – hiệu, tổng – tỉ, hiệu – tỉ",DB,Phiếu Dạng bài & Đọc vị,"Sơ đồ đoạn thẳng: tổng – hiệu, tổng – tỉ, hiệu – tỉ — Phiếu Dạng bài & Đọc vị",D,20,7,HK1,Giữa kỳ I,90,100,True,
GITA-T2-L3-C04-KN,T2,3,4,"Sơ đồ đoạn thẳng: tổng – hiệu, tổng – tỉ, hiệu – tỉ",KN,Phiếu Kỹ năng & Phương pháp,"Sơ đồ đoạn thẳng: tổng – hiệu, tổng – tỉ, hiệu – tỉ — Phiếu Kỹ năng & Phương pháp",D,21,7,HK1,Giữa kỳ I,90,100,True,
GITA-T2-L3-C04-NC,T2,3,4,"Sơ đồ đoạn thẳng: tổng – hiệu, tổng – tỉ, hiệu – tỉ",NC,Phiếu Luyện nâng cao,"Sơ đồ đoạn thẳng: tổng – hiệu, tổng – tỉ, hiệu – tỉ — Phiếu Luyện nâng cao",D,22,8,HK1,Giữa kỳ I,90,100,True,
GITA-T2-L3-C04-OT,T2,3,4,"Sơ đồ đoạn thẳng: tổng – hiệu, tổng – tỉ, hiệu – tỉ",OT,Phiếu Ôn thi,"Sơ đồ đoạn thẳng: tổng – hiệu, tổng – tỉ, hiệu – tỉ — Phiếu Ôn thi",D,23,8,HK1,Giữa kỳ I,90,100,True,
GITA-T2-L3-C04-TH,T2,3,4,"Sơ đồ đoạn thẳng: tổng – hiệu, tổng – tỉ, hiệu – tỉ",TH,Phiếu Thi chương,"Sơ đồ đoạn thẳng: tổng – hiệu, tổng – tỉ, hiệu – tỉ — Phiếu Thi chương",D,24,8,HK1,Giữa kỳ I,90,100,True,
GITA-T2-L3-MOC-GK1,T2,3,0,Kiểm tra Giữa kỳ I,MOC,Phiếu kiểm tra mốc,Kiểm tra Giữa kỳ I — Tổng ôn cụm 1 – 4,*,25,9,HK1,Giữa kỳ I,90,100,True,
GITA-T2-L3-C05-LT,T2,3,5,Dãy số cách đều và quy luật,LT,Phiếu Lý thuyết,Dãy số cách đều và quy luật — Phiếu Lý thuyết,C,26,9,HK1,Cuối kỳ I,90,100,True,
GITA-T2-L3-C05-DB,T2,3,5,Dãy số cách đều và quy luật,DB,Phiếu Dạng bài & Đọc vị,Dãy số cách đều và quy luật — Phiếu Dạng bài & Đọc vị,C,27,9,HK1,Cuối kỳ I,90,100,True,
GITA-T2-L3-C05-KN,T2,3,5,Dãy số cách đều và quy luật,KN,Phiếu Kỹ năng & Phương pháp,Dãy số cách đều và quy luật — Phiếu Kỹ năng & Phương pháp,C,28,10,HK1,Cuối kỳ I,90,100,True,
GITA-T2-L3-C05-NC,T2,3,5,Dãy số cách đều và quy luật,NC,Phiếu Luyện nâng cao,Dãy số cách đều và quy luật — Phiếu Luyện nâng cao,C,29,10,HK1,Cuối kỳ I,90,100,True,
GITA-T2-L3-C05-OT,T2,3,5,Dãy số cách đều và quy luật,OT,Phiếu Ôn thi,Dãy số cách đều và quy luật — Phiếu Ôn thi,C,30,10,HK1,Cuối kỳ I,90,100,True,
GITA-T2-L3-C05-TH,T2,3,5,Dãy số cách đều và quy luật,TH,Phiếu Thi chương,Dãy số cách đều và quy luật — Phiếu Thi chương,C,31,11,HK1,Cuối kỳ I,90,100,True,
GITA-T2-L3-C06-LT,T2,3,6,Đếm hình và chu vi hình ghép,LT,Phiếu Lý thuyết,Đếm hình và chu vi hình ghép — Phiếu Lý thuyết,F,32,11,HK1,Cuối kỳ I,90,100,True,
GITA-T2-L3-C06-DB,T2,3,6,Đếm hình và chu vi hình ghép,DB,Phiếu Dạng bài & Đọc vị,Đếm hình và chu vi hình ghép — Phiếu Dạng bài & Đọc vị,F,33,11,HK1,Cuối kỳ I,90,100,True,
GITA-T2-L3-C06-KN,T2,3,6,Đếm hình và chu vi hình ghép,KN,Phiếu Kỹ năng & Phương pháp,Đếm hình và chu vi hình ghép — Phiếu Kỹ năng & Phương pháp,F,34,12,HK1,Cuối kỳ I,90,100,True,
GITA-T2-L3-C06-NC,T2,3,6,Đếm hình và chu vi hình ghép,NC,Phiếu Luyện nâng cao,Đếm hình và chu vi hình ghép — Phiếu Luyện nâng cao,F,35,12,HK1,Cuối kỳ I,90,100,True,
GITA-T2-L3-C06-OT,T2,3,6,Đếm hình và chu vi hình ghép,OT,Phiếu Ôn thi,Đếm hình và chu vi hình ghép — Phiếu Ôn thi,F,36,12,HK1,Cuối kỳ I,90,100,True,
GITA-T2-L3-C06-TH,T2,3,6,Đếm hình và chu vi hình ghép,TH,Phiếu Thi chương,Đếm hình và chu vi hình ghép — Phiếu Thi chương,F,37,13,HK1,Cuối kỳ I,90,100,True,
GITA-T2-L3-C07-LT,T2,3,7,Bài toán ẩn dữ kiện và hai đại lượng tỉ lệ,LT,Phiếu Lý thuyết,Bài toán ẩn dữ kiện và hai đại lượng tỉ lệ — Phiếu Lý thuyết,D,38,13,HK1,Cuối kỳ I,90,100,True,
GITA-T2-L3-C07-DB,T2,3,7,Bài toán ẩn dữ kiện và hai đại lượng tỉ lệ,DB,Phiếu Dạng bài & Đọc vị,Bài toán ẩn dữ kiện và hai đại lượng tỉ lệ — Phiếu Dạng bài & Đọc vị,D,39,13,HK1,Cuối kỳ I,90,100,True,
GITA-T2-L3-C07-KN,T2,3,7,Bài toán ẩn dữ kiện và hai đại lượng tỉ lệ,KN,Phiếu Kỹ năng & Phương pháp,Bài toán ẩn dữ kiện và hai đại lượng tỉ lệ — Phiếu Kỹ năng & Phương pháp,D,40,14,HK1,Cuối kỳ I,90,100,True,
GITA-T2-L3-C07-NC,T2,3,7,Bài toán ẩn dữ kiện và hai đại lượng tỉ lệ,NC,Phiếu Luyện nâng cao,Bài toán ẩn dữ kiện và hai đại lượng tỉ lệ — Phiếu Luyện nâng cao,D,41,14,HK1,Cuối kỳ I,90,100,True,
GITA-T2-L3-C07-OT,T2,3,7,Bài toán ẩn dữ kiện và hai đại lượng tỉ lệ,OT,Phiếu Ôn thi,Bài toán ẩn dữ kiện và hai đại lượng tỉ lệ — Phiếu Ôn thi,D,42,14,HK1,Cuối kỳ I,90,100,True,
GITA-T2-L3-C07-TH,T2,3,7,Bài toán ẩn dữ kiện và hai đại lượng tỉ lệ,TH,Phiếu Thi chương,Bài toán ẩn dữ kiện và hai đại lượng tỉ lệ — Phiếu Thi chương,D,43,15,HK1,Cuối kỳ I,90,100,True,
GITA-T2-L3-C08-LT,T2,3,8,"Đại lượng, thời gian và toán thực tế",LT,Phiếu Lý thuyết,"Đại lượng, thời gian và toán thực tế — Phiếu Lý thuyết",E,44,15,HK1,Cuối kỳ I,90,100,True,
GITA-T2-L3-C08-DB,T2,3,8,"Đại lượng, thời gian và toán thực tế",DB,Phiếu Dạng bài & Đọc vị,"Đại lượng, thời gian và toán thực tế — Phiếu Dạng bài & Đọc vị",E,45,15,HK1,Cuối kỳ I,90,100,True,
GITA-T2-L3-C08-KN,T2,3,8,"Đại lượng, thời gian và toán thực tế",KN,Phiếu Kỹ năng & Phương pháp,"Đại lượng, thời gian và toán thực tế — Phiếu Kỹ năng & Phương pháp",E,46,16,HK1,Cuối kỳ I,90,100,True,
GITA-T2-L3-C08-NC,T2,3,8,"Đại lượng, thời gian và toán thực tế",NC,Phiếu Luyện nâng cao,"Đại lượng, thời gian và toán thực tế — Phiếu Luyện nâng cao",E,47,16,HK1,Cuối kỳ I,90,100,True,
GITA-T2-L3-C08-OT,T2,3,8,"Đại lượng, thời gian và toán thực tế",OT,Phiếu Ôn thi,"Đại lượng, thời gian và toán thực tế — Phiếu Ôn thi",E,48,16,HK1,Cuối kỳ I,90,100,True,
GITA-T2-L3-C08-TH,T2,3,8,"Đại lượng, thời gian và toán thực tế",TH,Phiếu Thi chương,"Đại lượng, thời gian và toán thực tế — Phiếu Thi chương",E,49,17,HK1,Cuối kỳ I,90,100,True,
GITA-T2-L3-MOC-CK1,T2,3,0,Kiểm tra Cuối kỳ I,MOC,Phiếu kiểm tra mốc,Kiểm tra Cuối kỳ I — Tổng ôn cụm 1 – 8,*,50,17,HK1,Cuối kỳ I,90,100,True,
GITA-T2-L3-C09-LT,T2,3,9,"Chia hết, đếm chữ số và số thoả điều kiện",LT,Phiếu Lý thuyết,"Chia hết, đếm chữ số và số thoả điều kiện — Phiếu Lý thuyết",A,51,17,HK2,Giữa kỳ II,90,100,True,
GITA-T2-L3-C09-DB,T2,3,9,"Chia hết, đếm chữ số và số thoả điều kiện",DB,Phiếu Dạng bài & Đọc vị,"Chia hết, đếm chữ số và số thoả điều kiện — Phiếu Dạng bài & Đọc vị",A,52,18,HK2,Giữa kỳ II,90,100,True,
GITA-T2-L3-C09-KN,T2,3,9,"Chia hết, đếm chữ số và số thoả điều kiện",KN,Phiếu Kỹ năng & Phương pháp,"Chia hết, đếm chữ số và số thoả điều kiện — Phiếu Kỹ năng & Phương pháp",A,53,18,HK2,Giữa kỳ II,90,100,True,
GITA-T2-L3-C09-NC,T2,3,9,"Chia hết, đếm chữ số và số thoả điều kiện",NC,Phiếu Luyện nâng cao,"Chia hết, đếm chữ số và số thoả điều kiện — Phiếu Luyện nâng cao",A,54,18,HK2,Giữa kỳ II,90,100,True,
GITA-T2-L3-C09-OT,T2,3,9,"Chia hết, đếm chữ số và số thoả điều kiện",OT,Phiếu Ôn thi,"Chia hết, đếm chữ số và số thoả điều kiện — Phiếu Ôn thi",A,55,19,HK2,Giữa kỳ II,90,100,True,
GITA-T2-L3-C09-TH,T2,3,9,"Chia hết, đếm chữ số và số thoả điều kiện",TH,Phiếu Thi chương,"Chia hết, đếm chữ số và số thoả điều kiện — Phiếu Thi chương",A,56,19,HK2,Giữa kỳ II,90,100,True,
GITA-T2-L3-C10-LT,T2,3,10,"Toán đếm, nguyên lý bù trừ và chia phần",LT,Phiếu Lý thuyết,"Toán đếm, nguyên lý bù trừ và chia phần — Phiếu Lý thuyết",G,57,19,HK2,Giữa kỳ II,90,100,True,
GITA-T2-L3-C10-DB,T2,3,10,"Toán đếm, nguyên lý bù trừ và chia phần",DB,Phiếu Dạng bài & Đọc vị,"Toán đếm, nguyên lý bù trừ và chia phần — Phiếu Dạng bài & Đọc vị",G,58,20,HK2,Giữa kỳ II,90,100,True,
GITA-T2-L3-C10-KN,T2,3,10,"Toán đếm, nguyên lý bù trừ và chia phần",KN,Phiếu Kỹ năng & Phương pháp,"Toán đếm, nguyên lý bù trừ và chia phần — Phiếu Kỹ năng & Phương pháp",G,59,20,HK2,Giữa kỳ II,90,100,True,
GITA-T2-L3-C10-NC,T2,3,10,"Toán đếm, nguyên lý bù trừ và chia phần",NC,Phiếu Luyện nâng cao,"Toán đếm, nguyên lý bù trừ và chia phần — Phiếu Luyện nâng cao",G,60,20,HK2,Giữa kỳ II,90,100,True,
GITA-T2-L3-C10-OT,T2,3,10,"Toán đếm, nguyên lý bù trừ và chia phần",OT,Phiếu Ôn thi,"Toán đếm, nguyên lý bù trừ và chia phần — Phiếu Ôn thi",G,61,21,HK2,Giữa kỳ II,90,100,True,
GITA-T2-L3-C10-TH,T2,3,10,"Toán đếm, nguyên lý bù trừ và chia phần",TH,Phiếu Thi chương,"Toán đếm, nguyên lý bù trừ và chia phần — Phiếu Thi chương",G,62,21,HK2,Giữa kỳ II,90,100,True,
GITA-T2-L3-C11-LT,T2,3,11,Tổng dãy số và quy luật nâng cao,LT,Phiếu Lý thuyết,Tổng dãy số và quy luật nâng cao — Phiếu Lý thuyết,C,63,21,HK2,Giữa kỳ II,90,100,True,
GITA-T2-L3-C11-DB,T2,3,11,Tổng dãy số và quy luật nâng cao,DB,Phiếu Dạng bài & Đọc vị,Tổng dãy số và quy luật nâng cao — Phiếu Dạng bài & Đọc vị,C,64,22,HK2,Giữa kỳ II,90,100,True,
GITA-T2-L3-C11-KN,T2,3,11,Tổng dãy số và quy luật nâng cao,KN,Phiếu Kỹ năng & Phương pháp,Tổng dãy số và quy luật nâng cao — Phiếu Kỹ năng & Phương pháp,C,65,22,HK2,Giữa kỳ II,90,100,True,
GITA-T2-L3-C11-NC,T2,3,11,Tổng dãy số và quy luật nâng cao,NC,Phiếu Luyện nâng cao,Tổng dãy số và quy luật nâng cao — Phiếu Luyện nâng cao,C,66,22,HK2,Giữa kỳ II,90,100,True,
GITA-T2-L3-C11-OT,T2,3,11,Tổng dãy số và quy luật nâng cao,OT,Phiếu Ôn thi,Tổng dãy số và quy luật nâng cao — Phiếu Ôn thi,C,67,23,HK2,Giữa kỳ II,90,100,True,
GITA-T2-L3-C11-TH,T2,3,11,Tổng dãy số và quy luật nâng cao,TH,Phiếu Thi chương,Tổng dãy số và quy luật nâng cao — Phiếu Thi chương,C,68,23,HK2,Giữa kỳ II,90,100,True,
GITA-T2-L3-C12-LT,T2,3,12,Diện tích hình ghép và hình học tổng hợp,LT,Phiếu Lý thuyết,Diện tích hình ghép và hình học tổng hợp — Phiếu Lý thuyết,F,69,23,HK2,Giữa kỳ II,90,100,True,
GITA-T2-L3-C12-DB,T2,3,12,Diện tích hình ghép và hình học tổng hợp,DB,Phiếu Dạng bài & Đọc vị,Diện tích hình ghép và hình học tổng hợp — Phiếu Dạng bài & Đọc vị,F,70,24,HK2,Giữa kỳ II,90,100,True,
GITA-T2-L3-C12-KN,T2,3,12,Diện tích hình ghép và hình học tổng hợp,KN,Phiếu Kỹ năng & Phương pháp,Diện tích hình ghép và hình học tổng hợp — Phiếu Kỹ năng & Phương pháp,F,71,24,HK2,Giữa kỳ II,90,100,True,
GITA-T2-L3-C12-NC,T2,3,12,Diện tích hình ghép và hình học tổng hợp,NC,Phiếu Luyện nâng cao,Diện tích hình ghép và hình học tổng hợp — Phiếu Luyện nâng cao,F,72,24,HK2,Giữa kỳ II,90,100,True,
GITA-T2-L3-C12-OT,T2,3,12,Diện tích hình ghép và hình học tổng hợp,OT,Phiếu Ôn thi,Diện tích hình ghép và hình học tổng hợp — Phiếu Ôn thi,F,73,25,HK2,Giữa kỳ II,90,100,True,
GITA-T2-L3-C12-TH,T2,3,12,Diện tích hình ghép và hình học tổng hợp,TH,Phiếu Thi chương,Diện tích hình ghép và hình học tổng hợp — Phiếu Thi chương,F,74,25,HK2,Giữa kỳ II,90,100,True,
GITA-T2-L3-MOC-GK2,T2,3,0,Kiểm tra Giữa kỳ II,MOC,Phiếu kiểm tra mốc,Kiểm tra Giữa kỳ II — Tổng ôn cụm 9 – 12,*,75,25,HK2,Giữa kỳ II,90,100,True,
GITA-T2-L3-C13-LT,T2,3,13,So sánh biểu thức và tính nhanh nâng cao,LT,Phiếu Lý thuyết,So sánh biểu thức và tính nhanh nâng cao — Phiếu Lý thuyết,B,76,26,HK2,Cuối kỳ II,90,100,True,
GITA-T2-L3-C13-DB,T2,3,13,So sánh biểu thức và tính nhanh nâng cao,DB,Phiếu Dạng bài & Đọc vị,So sánh biểu thức và tính nhanh nâng cao — Phiếu Dạng bài & Đọc vị,B,77,26,HK2,Cuối kỳ II,90,100,True,
GITA-T2-L3-C13-KN,T2,3,13,So sánh biểu thức và tính nhanh nâng cao,KN,Phiếu Kỹ năng & Phương pháp,So sánh biểu thức và tính nhanh nâng cao — Phiếu Kỹ năng & Phương pháp,B,78,26,HK2,Cuối kỳ II,90,100,True,
GITA-T2-L3-C13-NC,T2,3,13,So sánh biểu thức và tính nhanh nâng cao,NC,Phiếu Luyện nâng cao,So sánh biểu thức và tính nhanh nâng cao — Phiếu Luyện nâng cao,B,79,27,HK2,Cuối kỳ II,90,100,True,
GITA-T2-L3-C13-OT,T2,3,13,So sánh biểu thức và tính nhanh nâng cao,OT,Phiếu Ôn thi,So sánh biểu thức và tính nhanh nâng cao — Phiếu Ôn thi,B,80,27,HK2,Cuối kỳ II,90,100,True,
GITA-T2-L3-C13-TH,T2,3,13,So sánh biểu thức và tính nhanh nâng cao,TH,Phiếu Thi chương,So sánh biểu thức và tính nhanh nâng cao — Phiếu Thi chương,B,81,27,HK2,Cuối kỳ II,90,100,True,
GITA-T2-L3-C14-LT,T2,3,14,"Bất biến, cực trị và suy luận tổng hợp",LT,Phiếu Lý thuyết,"Bất biến, cực trị và suy luận tổng hợp — Phiếu Lý thuyết",G,82,28,HK2,Cuối kỳ II,90,100,True,
GITA-T2-L3-C14-DB,T2,3,14,"Bất biến, cực trị và suy luận tổng hợp",DB,Phiếu Dạng bài & Đọc vị,"Bất biến, cực trị và suy luận tổng hợp — Phiếu Dạng bài & Đọc vị",G,83,28,HK2,Cuối kỳ II,90,100,True,
GITA-T2-L3-C14-KN,T2,3,14,"Bất biến, cực trị và suy luận tổng hợp",KN,Phiếu Kỹ năng & Phương pháp,"Bất biến, cực trị và suy luận tổng hợp — Phiếu Kỹ năng & Phương pháp",G,84,28,HK2,Cuối kỳ II,90,100,True,
GITA-T2-L3-C14-NC,T2,3,14,"Bất biến, cực trị và suy luận tổng hợp",NC,Phiếu Luyện nâng cao,"Bất biến, cực trị và suy luận tổng hợp — Phiếu Luyện nâng cao",G,85,29,HK2,Cuối kỳ II,90,100,True,
GITA-T2-L3-C14-OT,T2,3,14,"Bất biến, cực trị và suy luận tổng hợp",OT,Phiếu Ôn thi,"Bất biến, cực trị và suy luận tổng hợp — Phiếu Ôn thi",G,86,29,HK2,Cuối kỳ II,90,100,True,
GITA-T2-L3-C14-TH,T2,3,14,"Bất biến, cực trị và suy luận tổng hợp",TH,Phiếu Thi chương,"Bất biến, cực trị và suy luận tổng hợp — Phiếu Thi chương",G,87,29,HK2,Cuối kỳ II,90,100,True,
GITA-T2-L3-C15-LT,T2,3,15,"Phân số, tỉ số và thống kê nâng cao",LT,Phiếu Lý thuyết,"Phân số, tỉ số và thống kê nâng cao — Phiếu Lý thuyết",H,88,30,HK2,Cuối kỳ II,90,100,True,
GITA-T2-L3-C15-DB,T2,3,15,"Phân số, tỉ số và thống kê nâng cao",DB,Phiếu Dạng bài & Đọc vị,"Phân số, tỉ số và thống kê nâng cao — Phiếu Dạng bài & Đọc vị",H,89,30,HK2,Cuối kỳ II,90,100,True,
GITA-T2-L3-C15-KN,T2,3,15,"Phân số, tỉ số và thống kê nâng cao",KN,Phiếu Kỹ năng & Phương pháp,"Phân số, tỉ số và thống kê nâng cao — Phiếu Kỹ năng & Phương pháp",H,90,30,HK2,Cuối kỳ II,90,100,True,
GITA-T2-L3-C15-NC,T2,3,15,"Phân số, tỉ số và thống kê nâng cao",NC,Phiếu Luyện nâng cao,"Phân số, tỉ số và thống kê nâng cao — Phiếu Luyện nâng cao",H,91,31,HK2,Cuối kỳ II,90,100,True,
GITA-T2-L3-C15-OT,T2,3,15,"Phân số, tỉ số và thống kê nâng cao",OT,Phiếu Ôn thi,"Phân số, tỉ số và thống kê nâng cao — Phiếu Ôn thi",H,92,31,HK2,Cuối kỳ II,90,100,True,
GITA-T2-L3-C15-TH,T2,3,15,"Phân số, tỉ số và thống kê nâng cao",TH,Phiếu Thi chương,"Phân số, tỉ số và thống kê nâng cao — Phiếu Thi chương",H,93,31,HK2,Cuối kỳ II,90,100,True,
GITA-T2-L3-C16-LT,T2,3,16,Toán điển hình dạng đề thi CLC,LT,Phiếu Lý thuyết,Toán điển hình dạng đề thi CLC — Phiếu Lý thuyết,D,94,32,HK2,Cuối kỳ II,90,100,True,
GITA-T2-L3-C16-DB,T2,3,16,Toán điển hình dạng đề thi CLC,DB,Phiếu Dạng bài & Đọc vị,Toán điển hình dạng đề thi CLC — Phiếu Dạng bài & Đọc vị,D,95,32,HK2,Cuối kỳ II,90,100,True,
GITA-T2-L3-C16-KN,T2,3,16,Toán điển hình dạng đề thi CLC,KN,Phiếu Kỹ năng & Phương pháp,Toán điển hình dạng đề thi CLC — Phiếu Kỹ năng & Phương pháp,D,96,32,HK2,Cuối kỳ II,90,100,True,
GITA-T2-L3-C16-NC,T2,3,16,Toán điển hình dạng đề thi CLC,NC,Phiếu Luyện nâng cao,Toán điển hình dạng đề thi CLC — Phiếu Luyện nâng cao,D,97,33,HK2,Cuối kỳ II,90,100,True,
GITA-T2-L3-C16-OT,T2,3,16,Toán điển hình dạng đề thi CLC,OT,Phiếu Ôn thi,Toán điển hình dạng đề thi CLC — Phiếu Ôn thi,D,98,33,HK2,Cuối kỳ II,90,100,True,
GITA-T2-L3-C16-TH,T2,3,16,Toán điển hình dạng đề thi CLC,TH,Phiếu Thi chương,Toán điển hình dạng đề thi CLC — Phiếu Thi chương,D,99,33,HK2,Cuối kỳ II,90,100,True,
GITA-T2-L3-MOC-CK2,T2,3,0,Kiểm tra Cuối kỳ II,MOC,Phiếu kiểm tra mốc,"Kiểm tra Cuối kỳ II — Tổng ôn cụm 1 – 16, chuẩn đầu ra cả năm",*,100,34,HK2,Cuối kỳ II,90,100,True,
GITA-T2-L3-C01-DB-GP,T2,3,1,Cấu tạo số và tính chẵn lẻ,GP,Phiếu Lời giải & Phân tích chuyên sâu,Cấu tạo số và tính chẵn lẻ — Lời giải & Phân tích chuyên sâu (Phiếu Dạng bài & Đọc vị),A,,1,HK1,Giữa kỳ I,0,0,False,GITA-T2-L3-C01-DB
GITA-T2-L3-C01-HD,T2,3,1,Cấu tạo số và tính chẵn lẻ,HD,Phiếu Hướng dẫn ôn chắc chuyên đề,Cấu tạo số và tính chẵn lẻ — Hướng dẫn ôn chắc chuyên đề,A,,1,HK1,Giữa kỳ I,0,0,False,
GITA-T2-L3-C01-KN-GP,T2,3,1,Cấu tạo số và tính chẵn lẻ,GP,Phiếu Lời giải & Phân tích chuyên sâu,Cấu tạo số và tính chẵn lẻ — Lời giải & Phân tích chuyên sâu (Phiếu Kỹ năng & Phương pháp),A,,1,HK1,Giữa kỳ I,0,0,False,GITA-T2-L3-C01-KN
GITA-T2-L3-C01-LT-GP,T2,3,1,Cấu tạo số và tính chẵn lẻ,GP,Phiếu Lời giải & Phân tích chuyên sâu,Cấu tạo số và tính chẵn lẻ — Lời giải & Phân tích chuyên sâu (Phiếu Lý thuyết),A,,1,HK1,Giữa kỳ I,0,0,False,GITA-T2-L3-C01-LT
GITA-T2-L3-C01-NC-GP,T2,3,1,Cấu tạo số và tính chẵn lẻ,GP,Phiếu Lời giải & Phân tích chuyên sâu,Cấu tạo số và tính chẵn lẻ — Lời giải & Phân tích chuyên sâu (Phiếu Luyện nâng cao),A,,2,HK1,Giữa kỳ I,0,0,False,GITA-T2-L3-C01-NC
GITA-T2-L3-C01-OT-GP,T2,3,1,Cấu tạo số và tính chẵn lẻ,GP,Phiếu Lời giải & Phân tích chuyên sâu,Cấu tạo số và tính chẵn lẻ — Lời giải & Phân tích chuyên sâu (Phiếu Ôn thi),A,,2,HK1,Giữa kỳ I,0,0,False,GITA-T2-L3-C01-OT
GITA-T2-L3-C01-TH-GP,T2,3,1,Cấu tạo số và tính chẵn lẻ,GP,Phiếu Lời giải & Phân tích chuyên sâu,Cấu tạo số và tính chẵn lẻ — Lời giải & Phân tích chuyên sâu (Phiếu Thi chương),A,,2,HK1,Giữa kỳ I,0,0,False,GITA-T2-L3-C01-TH
GITA-T2-L3-C02-DB-GP,T2,3,2,Kỹ thuật tính nhanh và tìm x,GP,Phiếu Lời giải & Phân tích chuyên sâu,Kỹ thuật tính nhanh và tìm x — Lời giải & Phân tích chuyên sâu (Phiếu Dạng bài & Đọc vị),B,,3,HK1,Giữa kỳ I,0,0,False,GITA-T2-L3-C02-DB
GITA-T2-L3-C02-HD,T2,3,2,Kỹ thuật tính nhanh và tìm x,HD,Phiếu Hướng dẫn ôn chắc chuyên đề,Kỹ thuật tính nhanh và tìm x — Hướng dẫn ôn chắc chuyên đề,B,,3,HK1,Giữa kỳ I,0,0,False,
GITA-T2-L3-C02-KN-GP,T2,3,2,Kỹ thuật tính nhanh và tìm x,GP,Phiếu Lời giải & Phân tích chuyên sâu,Kỹ thuật tính nhanh và tìm x — Lời giải & Phân tích chuyên sâu (Phiếu Kỹ năng & Phương pháp),B,,3,HK1,Giữa kỳ I,0,0,False,GITA-T2-L3-C02-KN
GITA-T2-L3-C02-LT-GP,T2,3,2,Kỹ thuật tính nhanh và tìm x,GP,Phiếu Lời giải & Phân tích chuyên sâu,Kỹ thuật tính nhanh và tìm x — Lời giải & Phân tích chuyên sâu (Phiếu Lý thuyết),B,,3,HK1,Giữa kỳ I,0,0,False,GITA-T2-L3-C02-LT
GITA-T2-L3-C02-NC-GP,T2,3,2,Kỹ thuật tính nhanh và tìm x,GP,Phiếu Lời giải & Phân tích chuyên sâu,Kỹ thuật tính nhanh và tìm x — Lời giải & Phân tích chuyên sâu (Phiếu Luyện nâng cao),B,,4,HK1,Giữa kỳ I,0,0,False,GITA-T2-L3-C02-NC
GITA-T2-L3-C02-OT-GP,T2,3,2,Kỹ thuật tính nhanh và tìm x,GP,Phiếu Lời giải & Phân tích chuyên sâu,Kỹ thuật tính nhanh và tìm x — Lời giải & Phân tích chuyên sâu (Phiếu Ôn thi),B,,4,HK1,Giữa kỳ I,0,0,False,GITA-T2-L3-C02-OT
GITA-T2-L3-C02-TH-GP,T2,3,2,Kỹ thuật tính nhanh và tìm x,GP,Phiếu Lời giải & Phân tích chuyên sâu,Kỹ thuật tính nhanh và tìm x — Lời giải & Phân tích chuyên sâu (Phiếu Thi chương),B,,4,HK1,Giữa kỳ I,0,0,False,GITA-T2-L3-C02-TH
GITA-T2-L3-C03-DB-GP,T2,3,3,"Suy luận loại trừ, cân đĩa và Đi-rích-lê",GP,Phiếu Lời giải & Phân tích chuyên sâu,"Suy luận loại trừ, cân đĩa và Đi-rích-lê — Lời giải & Phân tích chuyên sâu (Phiếu Dạng bài & Đọc vị)",G,,5,HK1,Giữa kỳ I,0,0,False,GITA-T2-L3-C03-DB
GITA-T2-L3-C03-HD,T2,3,3,"Suy luận loại trừ, cân đĩa và Đi-rích-lê",HD,Phiếu Hướng dẫn ôn chắc chuyên đề,"Suy luận loại trừ, cân đĩa và Đi-rích-lê — Hướng dẫn ôn chắc chuyên đề",G,,5,HK1,Giữa kỳ I,0,0,False,
GITA-T2-L3-C03-KN-GP,T2,3,3,"Suy luận loại trừ, cân đĩa và Đi-rích-lê",GP,Phiếu Lời giải & Phân tích chuyên sâu,"Suy luận loại trừ, cân đĩa và Đi-rích-lê — Lời giải & Phân tích chuyên sâu (Phiếu Kỹ năng & Phương pháp)",G,,5,HK1,Giữa kỳ I,0,0,False,GITA-T2-L3-C03-KN
GITA-T2-L3-C03-LT-GP,T2,3,3,"Suy luận loại trừ, cân đĩa và Đi-rích-lê",GP,Phiếu Lời giải & Phân tích chuyên sâu,"Suy luận loại trừ, cân đĩa và Đi-rích-lê — Lời giải & Phân tích chuyên sâu (Phiếu Lý thuyết)",G,,5,HK1,Giữa kỳ I,0,0,False,GITA-T2-L3-C03-LT
GITA-T2-L3-C03-NC-GP,T2,3,3,"Suy luận loại trừ, cân đĩa và Đi-rích-lê",GP,Phiếu Lời giải & Phân tích chuyên sâu,"Suy luận loại trừ, cân đĩa và Đi-rích-lê — Lời giải & Phân tích chuyên sâu (Phiếu Luyện nâng cao)",G,,6,HK1,Giữa kỳ I,0,0,False,GITA-T2-L3-C03-NC
GITA-T2-L3-C03-OT-GP,T2,3,3,"Suy luận loại trừ, cân đĩa và Đi-rích-lê",GP,Phiếu Lời giải & Phân tích chuyên sâu,"Suy luận loại trừ, cân đĩa và Đi-rích-lê — Lời giải & Phân tích chuyên sâu (Phiếu Ôn thi)",G,,6,HK1,Giữa kỳ I,0,0,False,GITA-T2-L3-C03-OT
GITA-T2-L3-C03-TH-GP,T2,3,3,"Suy luận loại trừ, cân đĩa và Đi-rích-lê",GP,Phiếu Lời giải & Phân tích chuyên sâu,"Suy luận loại trừ, cân đĩa và Đi-rích-lê — Lời giải & Phân tích chuyên sâu (Phiếu Thi chương)",G,,6,HK1,Giữa kỳ I,0,0,False,GITA-T2-L3-C03-TH
GITA-T2-L3-C04-DB-GP,T2,3,4,"Sơ đồ đoạn thẳng: tổng – hiệu, tổng – tỉ, hiệu – tỉ",GP,Phiếu Lời giải & Phân tích chuyên sâu,"Sơ đồ đoạn thẳng: tổng – hiệu, tổng – tỉ, hiệu – tỉ — Lời giải & Phân tích chuyên sâu (Phiếu Dạng bài & Đọc vị)",D,,7,HK1,Giữa kỳ I,0,0,False,GITA-T2-L3-C04-DB
GITA-T2-L3-C04-HD,T2,3,4,"Sơ đồ đoạn thẳng: tổng – hiệu, tổng – tỉ, hiệu – tỉ",HD,Phiếu Hướng dẫn ôn chắc chuyên đề,"Sơ đồ đoạn thẳng: tổng – hiệu, tổng – tỉ, hiệu – tỉ — Hướng dẫn ôn chắc chuyên đề",D,,7,HK1,Giữa kỳ I,0,0,False,
GITA-T2-L3-C04-KN-GP,T2,3,4,"Sơ đồ đoạn thẳng: tổng – hiệu, tổng – tỉ, hiệu – tỉ",GP,Phiếu Lời giải & Phân tích chuyên sâu,"Sơ đồ đoạn thẳng: tổng – hiệu, tổng – tỉ, hiệu – tỉ — Lời giải & Phân tích chuyên sâu (Phiếu Kỹ năng & Phương pháp)",D,,7,HK1,Giữa kỳ I,0,0,False,GITA-T2-L3-C04-KN
GITA-T2-L3-C04-LT-GP,T2,3,4,"Sơ đồ đoạn thẳng: tổng – hiệu, tổng – tỉ, hiệu – tỉ",GP,Phiếu Lời giải & Phân tích chuyên sâu,"Sơ đồ đoạn thẳng: tổng – hiệu, tổng – tỉ, hiệu – tỉ — Lời giải & Phân tích chuyên sâu (Phiếu Lý thuyết)",D,,7,HK1,Giữa kỳ I,0,0,False,GITA-T2-L3-C04-LT
GITA-T2-L3-C04-NC-GP,T2,3,4,"Sơ đồ đoạn thẳng: tổng – hiệu, tổng – tỉ, hiệu – tỉ",GP,Phiếu Lời giải & Phân tích chuyên sâu,"Sơ đồ đoạn thẳng: tổng – hiệu, tổng – tỉ, hiệu – tỉ — Lời giải & Phân tích chuyên sâu (Phiếu Luyện nâng cao)",D,,8,HK1,Giữa kỳ I,0,0,False,GITA-T2-L3-C04-NC
GITA-T2-L3-C04-OT-GP,T2,3,4,"Sơ đồ đoạn thẳng: tổng – hiệu, tổng – tỉ, hiệu – tỉ",GP,Phiếu Lời giải & Phân tích chuyên sâu,"Sơ đồ đoạn thẳng: tổng – hiệu, tổng – tỉ, hiệu – tỉ — Lời giải & Phân tích chuyên sâu (Phiếu Ôn thi)",D,,8,HK1,Giữa kỳ I,0,0,False,GITA-T2-L3-C04-OT
GITA-T2-L3-C04-TH-GP,T2,3,4,"Sơ đồ đoạn thẳng: tổng – hiệu, tổng – tỉ, hiệu – tỉ",GP,Phiếu Lời giải & Phân tích chuyên sâu,"Sơ đồ đoạn thẳng: tổng – hiệu, tổng – tỉ, hiệu – tỉ — Lời giải & Phân tích chuyên sâu (Phiếu Thi chương)",D,,8,HK1,Giữa kỳ I,0,0,False,GITA-T2-L3-C04-TH
GITA-T2-L3-C05-DB-GP,T2,3,5,Dãy số cách đều và quy luật,GP,Phiếu Lời giải & Phân tích chuyên sâu,Dãy số cách đều và quy luật — Lời giải & Phân tích chuyên sâu (Phiếu Dạng bài & Đọc vị),C,,9,HK1,Cuối kỳ I,0,0,False,GITA-T2-L3-C05-DB
GITA-T2-L3-C05-HD,T2,3,5,Dãy số cách đều và quy luật,HD,Phiếu Hướng dẫn ôn chắc chuyên đề,Dãy số cách đều và quy luật — Hướng dẫn ôn chắc chuyên đề,C,,9,HK1,Cuối kỳ I,0,0,False,
GITA-T2-L3-C05-KN-GP,T2,3,5,Dãy số cách đều và quy luật,GP,Phiếu Lời giải & Phân tích chuyên sâu,Dãy số cách đều và quy luật — Lời giải & Phân tích chuyên sâu (Phiếu Kỹ năng & Phương pháp),C,,10,HK1,Cuối kỳ I,0,0,False,GITA-T2-L3-C05-KN
GITA-T2-L3-C05-LT-GP,T2,3,5,Dãy số cách đều và quy luật,GP,Phiếu Lời giải & Phân tích chuyên sâu,Dãy số cách đều và quy luật — Lời giải & Phân tích chuyên sâu (Phiếu Lý thuyết),C,,9,HK1,Cuối kỳ I,0,0,False,GITA-T2-L3-C05-LT
GITA-T2-L3-C05-NC-GP,T2,3,5,Dãy số cách đều và quy luật,GP,Phiếu Lời giải & Phân tích chuyên sâu,Dãy số cách đều và quy luật — Lời giải & Phân tích chuyên sâu (Phiếu Luyện nâng cao),C,,10,HK1,Cuối kỳ I,0,0,False,GITA-T2-L3-C05-NC
GITA-T2-L3-C05-OT-GP,T2,3,5,Dãy số cách đều và quy luật,GP,Phiếu Lời giải & Phân tích chuyên sâu,Dãy số cách đều và quy luật — Lời giải & Phân tích chuyên sâu (Phiếu Ôn thi),C,,10,HK1,Cuối kỳ I,0,0,False,GITA-T2-L3-C05-OT
GITA-T2-L3-C05-TH-GP,T2,3,5,Dãy số cách đều và quy luật,GP,Phiếu Lời giải & Phân tích chuyên sâu,Dãy số cách đều và quy luật — Lời giải & Phân tích chuyên sâu (Phiếu Thi chương),C,,11,HK1,Cuối kỳ I,0,0,False,GITA-T2-L3-C05-TH
GITA-T2-L3-C06-DB-GP,T2,3,6,Đếm hình và chu vi hình ghép,GP,Phiếu Lời giải & Phân tích chuyên sâu,Đếm hình và chu vi hình ghép — Lời giải & Phân tích chuyên sâu (Phiếu Dạng bài & Đọc vị),F,,11,HK1,Cuối kỳ I,0,0,False,GITA-T2-L3-C06-DB
GITA-T2-L3-C06-HD,T2,3,6,Đếm hình và chu vi hình ghép,HD,Phiếu Hướng dẫn ôn chắc chuyên đề,Đếm hình và chu vi hình ghép — Hướng dẫn ôn chắc chuyên đề,F,,11,HK1,Cuối kỳ I,0,0,False,
GITA-T2-L3-C06-KN-GP,T2,3,6,Đếm hình và chu vi hình ghép,GP,Phiếu Lời giải & Phân tích chuyên sâu,Đếm hình và chu vi hình ghép — Lời giải & Phân tích chuyên sâu (Phiếu Kỹ năng & Phương pháp),F,,12,HK1,Cuối kỳ I,0,0,False,GITA-T2-L3-C06-KN
GITA-T2-L3-C06-LT-GP,T2,3,6,Đếm hình và chu vi hình ghép,GP,Phiếu Lời giải & Phân tích chuyên sâu,Đếm hình và chu vi hình ghép — Lời giải & Phân tích chuyên sâu (Phiếu Lý thuyết),F,,11,HK1,Cuối kỳ I,0,0,False,GITA-T2-L3-C06-LT
GITA-T2-L3-C06-NC-GP,T2,3,6,Đếm hình và chu vi hình ghép,GP,Phiếu Lời giải & Phân tích chuyên sâu,Đếm hình và chu vi hình ghép — Lời giải & Phân tích chuyên sâu (Phiếu Luyện nâng cao),F,,12,HK1,Cuối kỳ I,0,0,False,GITA-T2-L3-C06-NC
GITA-T2-L3-C06-OT-GP,T2,3,6,Đếm hình và chu vi hình ghép,GP,Phiếu Lời giải & Phân tích chuyên sâu,Đếm hình và chu vi hình ghép — Lời giải & Phân tích chuyên sâu (Phiếu Ôn thi),F,,12,HK1,Cuối kỳ I,0,0,False,GITA-T2-L3-C06-OT
GITA-T2-L3-C06-TH-GP,T2,3,6,Đếm hình và chu vi hình ghép,GP,Phiếu Lời giải & Phân tích chuyên sâu,Đếm hình và chu vi hình ghép — Lời giải & Phân tích chuyên sâu (Phiếu Thi chương),F,,13,HK1,Cuối kỳ I,0,0,False,GITA-T2-L3-C06-TH
GITA-T2-L3-C07-DB-GP,T2,3,7,Bài toán ẩn dữ kiện và hai đại lượng tỉ lệ,GP,Phiếu Lời giải & Phân tích chuyên sâu,Bài toán ẩn dữ kiện và hai đại lượng tỉ lệ — Lời giải & Phân tích chuyên sâu (Phiếu Dạng bài & Đọc vị),D,,13,HK1,Cuối kỳ I,0,0,False,GITA-T2-L3-C07-DB
GITA-T2-L3-C07-HD,T2,3,7,Bài toán ẩn dữ kiện và hai đại lượng tỉ lệ,HD,Phiếu Hướng dẫn ôn chắc chuyên đề,Bài toán ẩn dữ kiện và hai đại lượng tỉ lệ — Hướng dẫn ôn chắc chuyên đề,D,,13,HK1,Cuối kỳ I,0,0,False,
GITA-T2-L3-C07-KN-GP,T2,3,7,Bài toán ẩn dữ kiện và hai đại lượng tỉ lệ,GP,Phiếu Lời giải & Phân tích chuyên sâu,Bài toán ẩn dữ kiện và hai đại lượng tỉ lệ — Lời giải & Phân tích chuyên sâu (Phiếu Kỹ năng & Phương pháp),D,,14,HK1,Cuối kỳ I,0,0,False,GITA-T2-L3-C07-KN
GITA-T2-L3-C07-LT-GP,T2,3,7,Bài toán ẩn dữ kiện và hai đại lượng tỉ lệ,GP,Phiếu Lời giải & Phân tích chuyên sâu,Bài toán ẩn dữ kiện và hai đại lượng tỉ lệ — Lời giải & Phân tích chuyên sâu (Phiếu Lý thuyết),D,,13,HK1,Cuối kỳ I,0,0,False,GITA-T2-L3-C07-LT
GITA-T2-L3-C07-NC-GP,T2,3,7,Bài toán ẩn dữ kiện và hai đại lượng tỉ lệ,GP,Phiếu Lời giải & Phân tích chuyên sâu,Bài toán ẩn dữ kiện và hai đại lượng tỉ lệ — Lời giải & Phân tích chuyên sâu (Phiếu Luyện nâng cao),D,,14,HK1,Cuối kỳ I,0,0,False,GITA-T2-L3-C07-NC
GITA-T2-L3-C07-OT-GP,T2,3,7,Bài toán ẩn dữ kiện và hai đại lượng tỉ lệ,GP,Phiếu Lời giải & Phân tích chuyên sâu,Bài toán ẩn dữ kiện và hai đại lượng tỉ lệ — Lời giải & Phân tích chuyên sâu (Phiếu Ôn thi),D,,14,HK1,Cuối kỳ I,0,0,False,GITA-T2-L3-C07-OT
GITA-T2-L3-C07-TH-GP,T2,3,7,Bài toán ẩn dữ kiện và hai đại lượng tỉ lệ,GP,Phiếu Lời giải & Phân tích chuyên sâu,Bài toán ẩn dữ kiện và hai đại lượng tỉ lệ — Lời giải & Phân tích chuyên sâu (Phiếu Thi chương),D,,15,HK1,Cuối kỳ I,0,0,False,GITA-T2-L3-C07-TH
GITA-T2-L3-C08-DB-GP,T2,3,8,"Đại lượng, thời gian và toán thực tế",GP,Phiếu Lời giải & Phân tích chuyên sâu,"Đại lượng, thời gian và toán thực tế — Lời giải & Phân tích chuyên sâu (Phiếu Dạng bài & Đọc vị)",E,,15,HK1,Cuối kỳ I,0,0,False,GITA-T2-L3-C08-DB
GITA-T2-L3-C08-HD,T2,3,8,"Đại lượng, thời gian và toán thực tế",HD,Phiếu Hướng dẫn ôn chắc chuyên đề,"Đại lượng, thời gian và toán thực tế — Hướng dẫn ôn chắc chuyên đề",E,,15,HK1,Cuối kỳ I,0,0,False,
GITA-T2-L3-C08-KN-GP,T2,3,8,"Đại lượng, thời gian và toán thực tế",GP,Phiếu Lời giải & Phân tích chuyên sâu,"Đại lượng, thời gian và toán thực tế — Lời giải & Phân tích chuyên sâu (Phiếu Kỹ năng & Phương pháp)",E,,16,HK1,Cuối kỳ I,0,0,False,GITA-T2-L3-C08-KN
GITA-T2-L3-C08-LT-GP,T2,3,8,"Đại lượng, thời gian và toán thực tế",GP,Phiếu Lời giải & Phân tích chuyên sâu,"Đại lượng, thời gian và toán thực tế — Lời giải & Phân tích chuyên sâu (Phiếu Lý thuyết)",E,,15,HK1,Cuối kỳ I,0,0,False,GITA-T2-L3-C08-LT
GITA-T2-L3-C08-NC-GP,T2,3,8,"Đại lượng, thời gian và toán thực tế",GP,Phiếu Lời giải & Phân tích chuyên sâu,"Đại lượng, thời gian và toán thực tế — Lời giải & Phân tích chuyên sâu (Phiếu Luyện nâng cao)",E,,16,HK1,Cuối kỳ I,0,0,False,GITA-T2-L3-C08-NC
GITA-T2-L3-C08-OT-GP,T2,3,8,"Đại lượng, thời gian và toán thực tế",GP,Phiếu Lời giải & Phân tích chuyên sâu,"Đại lượng, thời gian và toán thực tế — Lời giải & Phân tích chuyên sâu (Phiếu Ôn thi)",E,,16,HK1,Cuối kỳ I,0,0,False,GITA-T2-L3-C08-OT
GITA-T2-L3-C08-TH-GP,T2,3,8,"Đại lượng, thời gian và toán thực tế",GP,Phiếu Lời giải & Phân tích chuyên sâu,"Đại lượng, thời gian và toán thực tế — Lời giải & Phân tích chuyên sâu (Phiếu Thi chương)",E,,17,HK1,Cuối kỳ I,0,0,False,GITA-T2-L3-C08-TH
GITA-T2-L3-C09-DB-GP,T2,3,9,"Chia hết, đếm chữ số và số thoả điều kiện",GP,Phiếu Lời giải & Phân tích chuyên sâu,"Chia hết, đếm chữ số và số thoả điều kiện — Lời giải & Phân tích chuyên sâu (Phiếu Dạng bài & Đọc vị)",A,,18,HK2,Giữa kỳ II,0,0,False,GITA-T2-L3-C09-DB
GITA-T2-L3-C09-HD,T2,3,9,"Chia hết, đếm chữ số và số thoả điều kiện",HD,Phiếu Hướng dẫn ôn chắc chuyên đề,"Chia hết, đếm chữ số và số thoả điều kiện — Hướng dẫn ôn chắc chuyên đề",A,,17,HK2,Giữa kỳ II,0,0,False,
GITA-T2-L3-C09-KN-GP,T2,3,9,"Chia hết, đếm chữ số và số thoả điều kiện",GP,Phiếu Lời giải & Phân tích chuyên sâu,"Chia hết, đếm chữ số và số thoả điều kiện — Lời giải & Phân tích chuyên sâu (Phiếu Kỹ năng & Phương pháp)",A,,18,HK2,Giữa kỳ II,0,0,False,GITA-T2-L3-C09-KN
GITA-T2-L3-C09-LT-GP,T2,3,9,"Chia hết, đếm chữ số và số thoả điều kiện",GP,Phiếu Lời giải & Phân tích chuyên sâu,"Chia hết, đếm chữ số và số thoả điều kiện — Lời giải & Phân tích chuyên sâu (Phiếu Lý thuyết)",A,,17,HK2,Giữa kỳ II,0,0,False,GITA-T2-L3-C09-LT
GITA-T2-L3-C09-NC-GP,T2,3,9,"Chia hết, đếm chữ số và số thoả điều kiện",GP,Phiếu Lời giải & Phân tích chuyên sâu,"Chia hết, đếm chữ số và số thoả điều kiện — Lời giải & Phân tích chuyên sâu (Phiếu Luyện nâng cao)",A,,18,HK2,Giữa kỳ II,0,0,False,GITA-T2-L3-C09-NC
GITA-T2-L3-C09-OT-GP,T2,3,9,"Chia hết, đếm chữ số và số thoả điều kiện",GP,Phiếu Lời giải & Phân tích chuyên sâu,"Chia hết, đếm chữ số và số thoả điều kiện — Lời giải & Phân tích chuyên sâu (Phiếu Ôn thi)",A,,19,HK2,Giữa kỳ II,0,0,False,GITA-T2-L3-C09-OT
GITA-T2-L3-C09-TH-GP,T2,3,9,"Chia hết, đếm chữ số và số thoả điều kiện",GP,Phiếu Lời giải & Phân tích chuyên sâu,"Chia hết, đếm chữ số và số thoả điều kiện — Lời giải & Phân tích chuyên sâu (Phiếu Thi chương)",A,,19,HK2,Giữa kỳ II,0,0,False,GITA-T2-L3-C09-TH
GITA-T2-L3-C10-DB-GP,T2,3,10,"Toán đếm, nguyên lý bù trừ và chia phần",GP,Phiếu Lời giải & Phân tích chuyên sâu,"Toán đếm, nguyên lý bù trừ và chia phần — Lời giải & Phân tích chuyên sâu (Phiếu Dạng bài & Đọc vị)",G,,20,HK2,Giữa kỳ II,0,0,False,GITA-T2-L3-C10-DB
GITA-T2-L3-C10-HD,T2,3,10,"Toán đếm, nguyên lý bù trừ và chia phần",HD,Phiếu Hướng dẫn ôn chắc chuyên đề,"Toán đếm, nguyên lý bù trừ và chia phần — Hướng dẫn ôn chắc chuyên đề",G,,19,HK2,Giữa kỳ II,0,0,False,
GITA-T2-L3-C10-KN-GP,T2,3,10,"Toán đếm, nguyên lý bù trừ và chia phần",GP,Phiếu Lời giải & Phân tích chuyên sâu,"Toán đếm, nguyên lý bù trừ và chia phần — Lời giải & Phân tích chuyên sâu (Phiếu Kỹ năng & Phương pháp)",G,,20,HK2,Giữa kỳ II,0,0,False,GITA-T2-L3-C10-KN
GITA-T2-L3-C10-LT-GP,T2,3,10,"Toán đếm, nguyên lý bù trừ và chia phần",GP,Phiếu Lời giải & Phân tích chuyên sâu,"Toán đếm, nguyên lý bù trừ và chia phần — Lời giải & Phân tích chuyên sâu (Phiếu Lý thuyết)",G,,19,HK2,Giữa kỳ II,0,0,False,GITA-T2-L3-C10-LT
GITA-T2-L3-C10-NC-GP,T2,3,10,"Toán đếm, nguyên lý bù trừ và chia phần",GP,Phiếu Lời giải & Phân tích chuyên sâu,"Toán đếm, nguyên lý bù trừ và chia phần — Lời giải & Phân tích chuyên sâu (Phiếu Luyện nâng cao)",G,,20,HK2,Giữa kỳ II,0,0,False,GITA-T2-L3-C10-NC
GITA-T2-L3-C10-OT-GP,T2,3,10,"Toán đếm, nguyên lý bù trừ và chia phần",GP,Phiếu Lời giải & Phân tích chuyên sâu,"Toán đếm, nguyên lý bù trừ và chia phần — Lời giải & Phân tích chuyên sâu (Phiếu Ôn thi)",G,,21,HK2,Giữa kỳ II,0,0,False,GITA-T2-L3-C10-OT
GITA-T2-L3-C10-TH-GP,T2,3,10,"Toán đếm, nguyên lý bù trừ và chia phần",GP,Phiếu Lời giải & Phân tích chuyên sâu,"Toán đếm, nguyên lý bù trừ và chia phần — Lời giải & Phân tích chuyên sâu (Phiếu Thi chương)",G,,21,HK2,Giữa kỳ II,0,0,False,GITA-T2-L3-C10-TH
GITA-T2-L3-C11-DB-GP,T2,3,11,Tổng dãy số và quy luật nâng cao,GP,Phiếu Lời giải & Phân tích chuyên sâu,Tổng dãy số và quy luật nâng cao — Lời giải & Phân tích chuyên sâu (Phiếu Dạng bài & Đọc vị),C,,22,HK2,Giữa kỳ II,0,0,False,GITA-T2-L3-C11-DB
GITA-T2-L3-C11-HD,T2,3,11,Tổng dãy số và quy luật nâng cao,HD,Phiếu Hướng dẫn ôn chắc chuyên đề,Tổng dãy số và quy luật nâng cao — Hướng dẫn ôn chắc chuyên đề,C,,21,HK2,Giữa kỳ II,0,0,False,
GITA-T2-L3-C11-KN-GP,T2,3,11,Tổng dãy số và quy luật nâng cao,GP,Phiếu Lời giải & Phân tích chuyên sâu,Tổng dãy số và quy luật nâng cao — Lời giải & Phân tích chuyên sâu (Phiếu Kỹ năng & Phương pháp),C,,22,HK2,Giữa kỳ II,0,0,False,GITA-T2-L3-C11-KN
GITA-T2-L3-C11-LT-GP,T2,3,11,Tổng dãy số và quy luật nâng cao,GP,Phiếu Lời giải & Phân tích chuyên sâu,Tổng dãy số và quy luật nâng cao — Lời giải & Phân tích chuyên sâu (Phiếu Lý thuyết),C,,21,HK2,Giữa kỳ II,0,0,False,GITA-T2-L3-C11-LT
GITA-T2-L3-C11-NC-GP,T2,3,11,Tổng dãy số và quy luật nâng cao,GP,Phiếu Lời giải & Phân tích chuyên sâu,Tổng dãy số và quy luật nâng cao — Lời giải & Phân tích chuyên sâu (Phiếu Luyện nâng cao),C,,22,HK2,Giữa kỳ II,0,0,False,GITA-T2-L3-C11-NC
GITA-T2-L3-C11-OT-GP,T2,3,11,Tổng dãy số và quy luật nâng cao,GP,Phiếu Lời giải & Phân tích chuyên sâu,Tổng dãy số và quy luật nâng cao — Lời giải & Phân tích chuyên sâu (Phiếu Ôn thi),C,,23,HK2,Giữa kỳ II,0,0,False,GITA-T2-L3-C11-OT
GITA-T2-L3-C11-TH-GP,T2,3,11,Tổng dãy số và quy luật nâng cao,GP,Phiếu Lời giải & Phân tích chuyên sâu,Tổng dãy số và quy luật nâng cao — Lời giải & Phân tích chuyên sâu (Phiếu Thi chương),C,,23,HK2,Giữa kỳ II,0,0,False,GITA-T2-L3-C11-TH
GITA-T2-L3-C12-DB-GP,T2,3,12,Diện tích hình ghép và hình học tổng hợp,GP,Phiếu Lời giải & Phân tích chuyên sâu,Diện tích hình ghép và hình học tổng hợp — Lời giải & Phân tích chuyên sâu (Phiếu Dạng bài & Đọc vị),F,,24,HK2,Giữa kỳ II,0,0,False,GITA-T2-L3-C12-DB
GITA-T2-L3-C12-HD,T2,3,12,Diện tích hình ghép và hình học tổng hợp,HD,Phiếu Hướng dẫn ôn chắc chuyên đề,Diện tích hình ghép và hình học tổng hợp — Hướng dẫn ôn chắc chuyên đề,F,,23,HK2,Giữa kỳ II,0,0,False,
GITA-T2-L3-C12-KN-GP,T2,3,12,Diện tích hình ghép và hình học tổng hợp,GP,Phiếu Lời giải & Phân tích chuyên sâu,Diện tích hình ghép và hình học tổng hợp — Lời giải & Phân tích chuyên sâu (Phiếu Kỹ năng & Phương pháp),F,,24,HK2,Giữa kỳ II,0,0,False,GITA-T2-L3-C12-KN
GITA-T2-L3-C12-LT-GP,T2,3,12,Diện tích hình ghép và hình học tổng hợp,GP,Phiếu Lời giải & Phân tích chuyên sâu,Diện tích hình ghép và hình học tổng hợp — Lời giải & Phân tích chuyên sâu (Phiếu Lý thuyết),F,,23,HK2,Giữa kỳ II,0,0,False,GITA-T2-L3-C12-LT
GITA-T2-L3-C12-NC-GP,T2,3,12,Diện tích hình ghép và hình học tổng hợp,GP,Phiếu Lời giải & Phân tích chuyên sâu,Diện tích hình ghép và hình học tổng hợp — Lời giải & Phân tích chuyên sâu (Phiếu Luyện nâng cao),F,,24,HK2,Giữa kỳ II,0,0,False,GITA-T2-L3-C12-NC
GITA-T2-L3-C12-OT-GP,T2,3,12,Diện tích hình ghép và hình học tổng hợp,GP,Phiếu Lời giải & Phân tích chuyên sâu,Diện tích hình ghép và hình học tổng hợp — Lời giải & Phân tích chuyên sâu (Phiếu Ôn thi),F,,25,HK2,Giữa kỳ II,0,0,False,GITA-T2-L3-C12-OT
GITA-T2-L3-C12-TH-GP,T2,3,12,Diện tích hình ghép và hình học tổng hợp,GP,Phiếu Lời giải & Phân tích chuyên sâu,Diện tích hình ghép và hình học tổng hợp — Lời giải & Phân tích chuyên sâu (Phiếu Thi chương),F,,25,HK2,Giữa kỳ II,0,0,False,GITA-T2-L3-C12-TH
GITA-T2-L3-C13-DB-GP,T2,3,13,So sánh biểu thức và tính nhanh nâng cao,GP,Phiếu Lời giải & Phân tích chuyên sâu,So sánh biểu thức và tính nhanh nâng cao — Lời giải & Phân tích chuyên sâu (Phiếu Dạng bài & Đọc vị),B,,26,HK2,Cuối kỳ II,0,0,False,GITA-T2-L3-C13-DB
GITA-T2-L3-C13-HD,T2,3,13,So sánh biểu thức và tính nhanh nâng cao,HD,Phiếu Hướng dẫn ôn chắc chuyên đề,So sánh biểu thức và tính nhanh nâng cao — Hướng dẫn ôn chắc chuyên đề,B,,26,HK2,Cuối kỳ II,0,0,False,
GITA-T2-L3-C13-KN-GP,T2,3,13,So sánh biểu thức và tính nhanh nâng cao,GP,Phiếu Lời giải & Phân tích chuyên sâu,So sánh biểu thức và tính nhanh nâng cao — Lời giải & Phân tích chuyên sâu (Phiếu Kỹ năng & Phương pháp),B,,26,HK2,Cuối kỳ II,0,0,False,GITA-T2-L3-C13-KN
GITA-T2-L3-C13-LT-GP,T2,3,13,So sánh biểu thức và tính nhanh nâng cao,GP,Phiếu Lời giải & Phân tích chuyên sâu,So sánh biểu thức và tính nhanh nâng cao — Lời giải & Phân tích chuyên sâu (Phiếu Lý thuyết),B,,26,HK2,Cuối kỳ II,0,0,False,GITA-T2-L3-C13-LT
GITA-T2-L3-C13-NC-GP,T2,3,13,So sánh biểu thức và tính nhanh nâng cao,GP,Phiếu Lời giải & Phân tích chuyên sâu,So sánh biểu thức và tính nhanh nâng cao — Lời giải & Phân tích chuyên sâu (Phiếu Luyện nâng cao),B,,27,HK2,Cuối kỳ II,0,0,False,GITA-T2-L3-C13-NC
GITA-T2-L3-C13-OT-GP,T2,3,13,So sánh biểu thức và tính nhanh nâng cao,GP,Phiếu Lời giải & Phân tích chuyên sâu,So sánh biểu thức và tính nhanh nâng cao — Lời giải & Phân tích chuyên sâu (Phiếu Ôn thi),B,,27,HK2,Cuối kỳ II,0,0,False,GITA-T2-L3-C13-OT
GITA-T2-L3-C13-TH-GP,T2,3,13,So sánh biểu thức và tính nhanh nâng cao,GP,Phiếu Lời giải & Phân tích chuyên sâu,So sánh biểu thức và tính nhanh nâng cao — Lời giải & Phân tích chuyên sâu (Phiếu Thi chương),B,,27,HK2,Cuối kỳ II,0,0,False,GITA-T2-L3-C13-TH
GITA-T2-L3-C14-DB-GP,T2,3,14,"Bất biến, cực trị và suy luận tổng hợp",GP,Phiếu Lời giải & Phân tích chuyên sâu,"Bất biến, cực trị và suy luận tổng hợp — Lời giải & Phân tích chuyên sâu (Phiếu Dạng bài & Đọc vị)",G,,28,HK2,Cuối kỳ II,0,0,False,GITA-T2-L3-C14-DB
GITA-T2-L3-C14-HD,T2,3,14,"Bất biến, cực trị và suy luận tổng hợp",HD,Phiếu Hướng dẫn ôn chắc chuyên đề,"Bất biến, cực trị và suy luận tổng hợp — Hướng dẫn ôn chắc chuyên đề",G,,28,HK2,Cuối kỳ II,0,0,False,
GITA-T2-L3-C14-KN-GP,T2,3,14,"Bất biến, cực trị và suy luận tổng hợp",GP,Phiếu Lời giải & Phân tích chuyên sâu,"Bất biến, cực trị và suy luận tổng hợp — Lời giải & Phân tích chuyên sâu (Phiếu Kỹ năng & Phương pháp)",G,,28,HK2,Cuối kỳ II,0,0,False,GITA-T2-L3-C14-KN
GITA-T2-L3-C14-LT-GP,T2,3,14,"Bất biến, cực trị và suy luận tổng hợp",GP,Phiếu Lời giải & Phân tích chuyên sâu,"Bất biến, cực trị và suy luận tổng hợp — Lời giải & Phân tích chuyên sâu (Phiếu Lý thuyết)",G,,28,HK2,Cuối kỳ II,0,0,False,GITA-T2-L3-C14-LT
GITA-T2-L3-C14-NC-GP,T2,3,14,"Bất biến, cực trị và suy luận tổng hợp",GP,Phiếu Lời giải & Phân tích chuyên sâu,"Bất biến, cực trị và suy luận tổng hợp — Lời giải & Phân tích chuyên sâu (Phiếu Luyện nâng cao)",G,,29,HK2,Cuối kỳ II,0,0,False,GITA-T2-L3-C14-NC
GITA-T2-L3-C14-OT-GP,T2,3,14,"Bất biến, cực trị và suy luận tổng hợp",GP,Phiếu Lời giải & Phân tích chuyên sâu,"Bất biến, cực trị và suy luận tổng hợp — Lời giải & Phân tích chuyên sâu (Phiếu Ôn thi)",G,,29,HK2,Cuối kỳ II,0,0,False,GITA-T2-L3-C14-OT
GITA-T2-L3-C14-TH-GP,T2,3,14,"Bất biến, cực trị và suy luận tổng hợp",GP,Phiếu Lời giải & Phân tích chuyên sâu,"Bất biến, cực trị và suy luận tổng hợp — Lời giải & Phân tích chuyên sâu (Phiếu Thi chương)",G,,29,HK2,Cuối kỳ II,0,0,False,GITA-T2-L3-C14-TH
GITA-T2-L3-C15-DB-GP,T2,3,15,"Phân số, tỉ số và thống kê nâng cao",GP,Phiếu Lời giải & Phân tích chuyên sâu,"Phân số, tỉ số và thống kê nâng cao — Lời giải & Phân tích chuyên sâu (Phiếu Dạng bài & Đọc vị)",H,,30,HK2,Cuối kỳ II,0,0,False,GITA-T2-L3-C15-DB
GITA-T2-L3-C15-HD,T2,3,15,"Phân số, tỉ số và thống kê nâng cao",HD,Phiếu Hướng dẫn ôn chắc chuyên đề,"Phân số, tỉ số và thống kê nâng cao — Hướng dẫn ôn chắc chuyên đề",H,,30,HK2,Cuối kỳ II,0,0,False,
GITA-T2-L3-C15-KN-GP,T2,3,15,"Phân số, tỉ số và thống kê nâng cao",GP,Phiếu Lời giải & Phân tích chuyên sâu,"Phân số, tỉ số và thống kê nâng cao — Lời giải & Phân tích chuyên sâu (Phiếu Kỹ năng & Phương pháp)",H,,30,HK2,Cuối kỳ II,0,0,False,GITA-T2-L3-C15-KN
GITA-T2-L3-C15-LT-GP,T2,3,15,"Phân số, tỉ số và thống kê nâng cao",GP,Phiếu Lời giải & Phân tích chuyên sâu,"Phân số, tỉ số và thống kê nâng cao — Lời giải & Phân tích chuyên sâu (Phiếu Lý thuyết)",H,,30,HK2,Cuối kỳ II,0,0,False,GITA-T2-L3-C15-LT
GITA-T2-L3-C15-NC-GP,T2,3,15,"Phân số, tỉ số và thống kê nâng cao",GP,Phiếu Lời giải & Phân tích chuyên sâu,"Phân số, tỉ số và thống kê nâng cao — Lời giải & Phân tích chuyên sâu (Phiếu Luyện nâng cao)",H,,31,HK2,Cuối kỳ II,0,0,False,GITA-T2-L3-C15-NC
GITA-T2-L3-C15-OT-GP,T2,3,15,"Phân số, tỉ số và thống kê nâng cao",GP,Phiếu Lời giải & Phân tích chuyên sâu,"Phân số, tỉ số và thống kê nâng cao — Lời giải & Phân tích chuyên sâu (Phiếu Ôn thi)",H,,31,HK2,Cuối kỳ II,0,0,False,GITA-T2-L3-C15-OT
GITA-T2-L3-C15-TH-GP,T2,3,15,"Phân số, tỉ số và thống kê nâng cao",GP,Phiếu Lời giải & Phân tích chuyên sâu,"Phân số, tỉ số và thống kê nâng cao — Lời giải & Phân tích chuyên sâu (Phiếu Thi chương)",H,,31,HK2,Cuối kỳ II,0,0,False,GITA-T2-L3-C15-TH
GITA-T2-L3-C16-DB-GP,T2,3,16,Toán điển hình dạng đề thi CLC,GP,Phiếu Lời giải & Phân tích chuyên sâu,Toán điển hình dạng đề thi CLC — Lời giải & Phân tích chuyên sâu (Phiếu Dạng bài & Đọc vị),D,,32,HK2,Cuối kỳ II,0,0,False,GITA-T2-L3-C16-DB
GITA-T2-L3-C16-HD,T2,3,16,Toán điển hình dạng đề thi CLC,HD,Phiếu Hướng dẫn ôn chắc chuyên đề,Toán điển hình dạng đề thi CLC — Hướng dẫn ôn chắc chuyên đề,D,,32,HK2,Cuối kỳ II,0,0,False,
GITA-T2-L3-C16-KN-GP,T2,3,16,Toán điển hình dạng đề thi CLC,GP,Phiếu Lời giải & Phân tích chuyên sâu,Toán điển hình dạng đề thi CLC — Lời giải & Phân tích chuyên sâu (Phiếu Kỹ năng & Phương pháp),D,,32,HK2,Cuối kỳ II,0,0,False,GITA-T2-L3-C16-KN
GITA-T2-L3-C16-LT-GP,T2,3,16,Toán điển hình dạng đề thi CLC,GP,Phiếu Lời giải & Phân tích chuyên sâu,Toán điển hình dạng đề thi CLC — Lời giải & Phân tích chuyên sâu (Phiếu Lý thuyết),D,,32,HK2,Cuối kỳ II,0,0,False,GITA-T2-L3-C16-LT
GITA-T2-L3-C16-NC-GP,T2,3,16,Toán điển hình dạng đề thi CLC,GP,Phiếu Lời giải & Phân tích chuyên sâu,Toán điển hình dạng đề thi CLC — Lời giải & Phân tích chuyên sâu (Phiếu Luyện nâng cao),D,,33,HK2,Cuối kỳ II,0,0,False,GITA-T2-L3-C16-NC
GITA-T2-L3-C16-OT-GP,T2,3,16,Toán điển hình dạng đề thi CLC,GP,Phiếu Lời giải & Phân tích chuyên sâu,Toán điển hình dạng đề thi CLC — Lời giải & Phân tích chuyên sâu (Phiếu Ôn thi),D,,33,HK2,Cuối kỳ II,0,0,False,GITA-T2-L3-C16-OT
GITA-T2-L3-C16-TH-GP,T2,3,16,Toán điển hình dạng đề thi CLC,GP,Phiếu Lời giải & Phân tích chuyên sâu,Toán điển hình dạng đề thi CLC — Lời giải & Phân tích chuyên sâu (Phiếu Thi chương),D,,33,HK2,Cuối kỳ II,0,0,False,GITA-T2-L3-C16-TH
GITA-T2-L3-MOC-CK1-GP,T2,3,0,Kiểm tra Cuối kỳ I,GP,Phiếu Lời giải & Phân tích chuyên sâu,Kiểm tra Cuối kỳ I — Lời giải & Phân tích chuyên sâu,*,,17,HK1,Cuối kỳ I,0,0,False,GITA-T2-L3-MOC-CK1
GITA-T2-L3-MOC-CK2-GP,T2,3,0,Kiểm tra Cuối kỳ II,GP,Phiếu Lời giải & Phân tích chuyên sâu,Kiểm tra Cuối kỳ II — Lời giải & Phân tích chuyên sâu,*,,34,HK2,Cuối kỳ II,0,0,False,GITA-T2-L3-MOC-CK2
GITA-T2-L3-MOC-GK1-GP,T2,3,0,Kiểm tra Giữa kỳ I,GP,Phiếu Lời giải & Phân tích chuyên sâu,Kiểm tra Giữa kỳ I — Lời giải & Phân tích chuyên sâu,*,,9,HK1,Giữa kỳ I,0,0,False,GITA-T2-L3-MOC-GK1
GITA-T2-L3-MOC-GK2-GP,T2,3,0,Kiểm tra Giữa kỳ II,GP,Phiếu Lời giải & Phân tích chuyên sâu,Kiểm tra Giữa kỳ II — Lời giải & Phân tích chuyên sâu,*,,25,HK2,Giữa kỳ II,0,0,False,GITA-T2-L3-MOC-GK2
GITA-T1-L4-C01-LT,T1,4,1,"Số tự nhiên: hàng, lớp và cấu tạo số",LT,Phiếu Lý thuyết,"Số tự nhiên: hàng, lớp và cấu tạo số — Phiếu Lý thuyết",A,1,1,HK1,Giữa kỳ I,90,100,True,
GITA-T1-L4-C01-DB,T1,4,1,"Số tự nhiên: hàng, lớp và cấu tạo số",DB,Phiếu Dạng bài & Đọc vị,"Số tự nhiên: hàng, lớp và cấu tạo số — Phiếu Dạng bài & Đọc vị",A,2,1,HK1,Giữa kỳ I,90,100,True,
GITA-T1-L4-C01-KN,T1,4,1,"Số tự nhiên: hàng, lớp và cấu tạo số",KN,Phiếu Kỹ năng & Phương pháp,"Số tự nhiên: hàng, lớp và cấu tạo số — Phiếu Kỹ năng & Phương pháp",A,3,1,HK1,Giữa kỳ I,90,100,True,
GITA-T1-L4-C01-NC,T1,4,1,"Số tự nhiên: hàng, lớp và cấu tạo số",NC,Phiếu Luyện nâng cao,"Số tự nhiên: hàng, lớp và cấu tạo số — Phiếu Luyện nâng cao",A,4,2,HK1,Giữa kỳ I,90,100,True,
GITA-T1-L4-C01-OT,T1,4,1,"Số tự nhiên: hàng, lớp và cấu tạo số",OT,Phiếu Ôn thi,"Số tự nhiên: hàng, lớp và cấu tạo số — Phiếu Ôn thi",A,5,2,HK1,Giữa kỳ I,90,100,True,
GITA-T1-L4-C01-TH,T1,4,1,"Số tự nhiên: hàng, lớp và cấu tạo số",TH,Phiếu Thi chương,"Số tự nhiên: hàng, lớp và cấu tạo số — Phiếu Thi chương",A,6,2,HK1,Giữa kỳ I,90,100,True,
GITA-T1-L4-C02-LT,T1,4,2,"Bốn phép tính, biểu thức chữ và tính chất phép cộng",LT,Phiếu Lý thuyết,"Bốn phép tính, biểu thức chữ và tính chất phép cộng — Phiếu Lý thuyết",B,7,3,HK1,Giữa kỳ I,90,100,True,
GITA-T1-L4-C02-DB,T1,4,2,"Bốn phép tính, biểu thức chữ và tính chất phép cộng",DB,Phiếu Dạng bài & Đọc vị,"Bốn phép tính, biểu thức chữ và tính chất phép cộng — Phiếu Dạng bài & Đọc vị",B,8,3,HK1,Giữa kỳ I,90,100,True,
GITA-T1-L4-C02-KN,T1,4,2,"Bốn phép tính, biểu thức chữ và tính chất phép cộng",KN,Phiếu Kỹ năng & Phương pháp,"Bốn phép tính, biểu thức chữ và tính chất phép cộng — Phiếu Kỹ năng & Phương pháp",B,9,3,HK1,Giữa kỳ I,90,100,True,
GITA-T1-L4-C02-NC,T1,4,2,"Bốn phép tính, biểu thức chữ và tính chất phép cộng",NC,Phiếu Luyện nâng cao,"Bốn phép tính, biểu thức chữ và tính chất phép cộng — Phiếu Luyện nâng cao",B,10,4,HK1,Giữa kỳ I,90,100,True,
GITA-T1-L4-C02-OT,T1,4,2,"Bốn phép tính, biểu thức chữ và tính chất phép cộng",OT,Phiếu Ôn thi,"Bốn phép tính, biểu thức chữ và tính chất phép cộng — Phiếu Ôn thi",B,11,4,HK1,Giữa kỳ I,90,100,True,
GITA-T1-L4-C02-TH,T1,4,2,"Bốn phép tính, biểu thức chữ và tính chất phép cộng",TH,Phiếu Thi chương,"Bốn phép tính, biểu thức chữ và tính chất phép cộng — Phiếu Thi chương",B,12,4,HK1,Giữa kỳ I,90,100,True,
GITA-T1-L4-C03-LT,T1,4,3,"Trung bình cộng, tổng – hiệu và bài toán đại lượng",LT,Phiếu Lý thuyết,"Trung bình cộng, tổng – hiệu và bài toán đại lượng — Phiếu Lý thuyết",D,13,5,HK1,Giữa kỳ I,90,100,True,
GITA-T1-L4-C03-DB,T1,4,3,"Trung bình cộng, tổng – hiệu và bài toán đại lượng",DB,Phiếu Dạng bài & Đọc vị,"Trung bình cộng, tổng – hiệu và bài toán đại lượng — Phiếu Dạng bài & Đọc vị",D,14,5,HK1,Giữa kỳ I,90,100,True,
GITA-T1-L4-C03-KN,T1,4,3,"Trung bình cộng, tổng – hiệu và bài toán đại lượng",KN,Phiếu Kỹ năng & Phương pháp,"Trung bình cộng, tổng – hiệu và bài toán đại lượng — Phiếu Kỹ năng & Phương pháp",D,15,5,HK1,Giữa kỳ I,90,100,True,
GITA-T1-L4-C03-NC,T1,4,3,"Trung bình cộng, tổng – hiệu và bài toán đại lượng",NC,Phiếu Luyện nâng cao,"Trung bình cộng, tổng – hiệu và bài toán đại lượng — Phiếu Luyện nâng cao",D,16,6,HK1,Giữa kỳ I,90,100,True,
GITA-T1-L4-C03-OT,T1,4,3,"Trung bình cộng, tổng – hiệu và bài toán đại lượng",OT,Phiếu Ôn thi,"Trung bình cộng, tổng – hiệu và bài toán đại lượng — Phiếu Ôn thi",D,17,6,HK1,Giữa kỳ I,90,100,True,
GITA-T1-L4-C03-TH,T1,4,3,"Trung bình cộng, tổng – hiệu và bài toán đại lượng",TH,Phiếu Thi chương,"Trung bình cộng, tổng – hiệu và bài toán đại lượng — Phiếu Thi chương",D,18,6,HK1,Giữa kỳ I,90,100,True,
GITA-T1-L4-C04-LT,T1,4,4,"Góc, đường thẳng vuông góc – song song và hình bình hành",LT,Phiếu Lý thuyết,"Góc, đường thẳng vuông góc – song song và hình bình hành — Phiếu Lý thuyết",F,19,7,HK1,Giữa kỳ I,90,100,True,
GITA-T1-L4-C04-DB,T1,4,4,"Góc, đường thẳng vuông góc – song song và hình bình hành",DB,Phiếu Dạng bài & Đọc vị,"Góc, đường thẳng vuông góc – song song và hình bình hành — Phiếu Dạng bài & Đọc vị",F,20,7,HK1,Giữa kỳ I,90,100,True,
GITA-T1-L4-C04-KN,T1,4,4,"Góc, đường thẳng vuông góc – song song và hình bình hành",KN,Phiếu Kỹ năng & Phương pháp,"Góc, đường thẳng vuông góc – song song và hình bình hành — Phiếu Kỹ năng & Phương pháp",F,21,7,HK1,Giữa kỳ I,90,100,True,
GITA-T1-L4-C04-NC,T1,4,4,"Góc, đường thẳng vuông góc – song song và hình bình hành",NC,Phiếu Luyện nâng cao,"Góc, đường thẳng vuông góc – song song và hình bình hành — Phiếu Luyện nâng cao",F,22,8,HK1,Giữa kỳ I,90,100,True,
GITA-T1-L4-C04-OT,T1,4,4,"Góc, đường thẳng vuông góc – song song và hình bình hành",OT,Phiếu Ôn thi,"Góc, đường thẳng vuông góc – song song và hình bình hành — Phiếu Ôn thi",F,23,8,HK1,Giữa kỳ I,90,100,True,
GITA-T1-L4-C04-TH,T1,4,4,"Góc, đường thẳng vuông góc – song song và hình bình hành",TH,Phiếu Thi chương,"Góc, đường thẳng vuông góc – song song và hình bình hành — Phiếu Thi chương",F,24,8,HK1,Giữa kỳ I,90,100,True,
GITA-T1-L4-MOC-GK1,T1,4,0,Kiểm tra Giữa kỳ I,MOC,Phiếu kiểm tra mốc,Kiểm tra Giữa kỳ I — Tổng ôn cụm 1 – 4,*,25,9,HK1,Giữa kỳ I,90,100,True,
GITA-T1-L4-C05-LT,T1,4,5,"Đơn vị đo khối lượng, thời gian và diện tích",LT,Phiếu Lý thuyết,"Đơn vị đo khối lượng, thời gian và diện tích — Phiếu Lý thuyết",E,26,9,HK1,Cuối kỳ I,90,100,True,
GITA-T1-L4-C05-DB,T1,4,5,"Đơn vị đo khối lượng, thời gian và diện tích",DB,Phiếu Dạng bài & Đọc vị,"Đơn vị đo khối lượng, thời gian và diện tích — Phiếu Dạng bài & Đọc vị",E,27,9,HK1,Cuối kỳ I,90,100,True,
GITA-T1-L4-C05-KN,T1,4,5,"Đơn vị đo khối lượng, thời gian và diện tích",KN,Phiếu Kỹ năng & Phương pháp,"Đơn vị đo khối lượng, thời gian và diện tích — Phiếu Kỹ năng & Phương pháp",E,28,10,HK1,Cuối kỳ I,90,100,True,
GITA-T1-L4-C05-NC,T1,4,5,"Đơn vị đo khối lượng, thời gian và diện tích",NC,Phiếu Luyện nâng cao,"Đơn vị đo khối lượng, thời gian và diện tích — Phiếu Luyện nâng cao",E,29,10,HK1,Cuối kỳ I,90,100,True,
GITA-T1-L4-C05-OT,T1,4,5,"Đơn vị đo khối lượng, thời gian và diện tích",OT,Phiếu Ôn thi,"Đơn vị đo khối lượng, thời gian và diện tích — Phiếu Ôn thi",E,30,10,HK1,Cuối kỳ I,90,100,True,
GITA-T1-L4-C05-TH,T1,4,5,"Đơn vị đo khối lượng, thời gian và diện tích",TH,Phiếu Thi chương,"Đơn vị đo khối lượng, thời gian và diện tích — Phiếu Thi chương",E,31,11,HK1,Cuối kỳ I,90,100,True,
GITA-T1-L4-C06-LT,T1,4,6,Nhân và chia số có nhiều chữ số,LT,Phiếu Lý thuyết,Nhân và chia số có nhiều chữ số — Phiếu Lý thuyết,B,32,11,HK1,Cuối kỳ I,90,100,True,
GITA-T1-L4-C06-DB,T1,4,6,Nhân và chia số có nhiều chữ số,DB,Phiếu Dạng bài & Đọc vị,Nhân và chia số có nhiều chữ số — Phiếu Dạng bài & Đọc vị,B,33,11,HK1,Cuối kỳ I,90,100,True,
GITA-T1-L4-C06-KN,T1,4,6,Nhân và chia số có nhiều chữ số,KN,Phiếu Kỹ năng & Phương pháp,Nhân và chia số có nhiều chữ số — Phiếu Kỹ năng & Phương pháp,B,34,12,HK1,Cuối kỳ I,90,100,True,
GITA-T1-L4-C06-NC,T1,4,6,Nhân và chia số có nhiều chữ số,NC,Phiếu Luyện nâng cao,Nhân và chia số có nhiều chữ số — Phiếu Luyện nâng cao,B,35,12,HK1,Cuối kỳ I,90,100,True,
GITA-T1-L4-C06-OT,T1,4,6,Nhân và chia số có nhiều chữ số,OT,Phiếu Ôn thi,Nhân và chia số có nhiều chữ số — Phiếu Ôn thi,B,36,12,HK1,Cuối kỳ I,90,100,True,
GITA-T1-L4-C06-TH,T1,4,6,Nhân và chia số có nhiều chữ số,TH,Phiếu Thi chương,Nhân và chia số có nhiều chữ số — Phiếu Thi chương,B,37,13,HK1,Cuối kỳ I,90,100,True,
GITA-T1-L4-C07-LT,T1,4,7,Dấu hiệu chia hết và bài toán chia hết,LT,Phiếu Lý thuyết,Dấu hiệu chia hết và bài toán chia hết — Phiếu Lý thuyết,A,38,13,HK1,Cuối kỳ I,90,100,True,
GITA-T1-L4-C07-DB,T1,4,7,Dấu hiệu chia hết và bài toán chia hết,DB,Phiếu Dạng bài & Đọc vị,Dấu hiệu chia hết và bài toán chia hết — Phiếu Dạng bài & Đọc vị,A,39,13,HK1,Cuối kỳ I,90,100,True,
GITA-T1-L4-C07-KN,T1,4,7,Dấu hiệu chia hết và bài toán chia hết,KN,Phiếu Kỹ năng & Phương pháp,Dấu hiệu chia hết và bài toán chia hết — Phiếu Kỹ năng & Phương pháp,A,40,14,HK1,Cuối kỳ I,90,100,True,
GITA-T1-L4-C07-NC,T1,4,7,Dấu hiệu chia hết và bài toán chia hết,NC,Phiếu Luyện nâng cao,Dấu hiệu chia hết và bài toán chia hết — Phiếu Luyện nâng cao,A,41,14,HK1,Cuối kỳ I,90,100,True,
GITA-T1-L4-C07-OT,T1,4,7,Dấu hiệu chia hết và bài toán chia hết,OT,Phiếu Ôn thi,Dấu hiệu chia hết và bài toán chia hết — Phiếu Ôn thi,A,42,14,HK1,Cuối kỳ I,90,100,True,
GITA-T1-L4-C07-TH,T1,4,7,Dấu hiệu chia hết và bài toán chia hết,TH,Phiếu Thi chương,Dấu hiệu chia hết và bài toán chia hết — Phiếu Thi chương,A,43,15,HK1,Cuối kỳ I,90,100,True,
GITA-T1-L4-C08-LT,T1,4,8,Dãy số và quy luật,LT,Phiếu Lý thuyết,Dãy số và quy luật — Phiếu Lý thuyết,C,44,15,HK1,Cuối kỳ I,90,100,True,
GITA-T1-L4-C08-DB,T1,4,8,Dãy số và quy luật,DB,Phiếu Dạng bài & Đọc vị,Dãy số và quy luật — Phiếu Dạng bài & Đọc vị,C,45,15,HK1,Cuối kỳ I,90,100,True,
GITA-T1-L4-C08-KN,T1,4,8,Dãy số và quy luật,KN,Phiếu Kỹ năng & Phương pháp,Dãy số và quy luật — Phiếu Kỹ năng & Phương pháp,C,46,16,HK1,Cuối kỳ I,90,100,True,
GITA-T1-L4-C08-NC,T1,4,8,Dãy số và quy luật,NC,Phiếu Luyện nâng cao,Dãy số và quy luật — Phiếu Luyện nâng cao,C,47,16,HK1,Cuối kỳ I,90,100,True,
GITA-T1-L4-C08-OT,T1,4,8,Dãy số và quy luật,OT,Phiếu Ôn thi,Dãy số và quy luật — Phiếu Ôn thi,C,48,16,HK1,Cuối kỳ I,90,100,True,
GITA-T1-L4-C08-TH,T1,4,8,Dãy số và quy luật,TH,Phiếu Thi chương,Dãy số và quy luật — Phiếu Thi chương,C,49,17,HK1,Cuối kỳ I,90,100,True,
GITA-T1-L4-MOC-CK1,T1,4,0,Kiểm tra Cuối kỳ I,MOC,Phiếu kiểm tra mốc,Kiểm tra Cuối kỳ I — Tổng ôn cụm 1 – 8,*,50,17,HK1,Cuối kỳ I,90,100,True,
GITA-T1-L4-C09-LT,T1,4,9,Phân số: khái niệm đến bốn phép tính,LT,Phiếu Lý thuyết,Phân số: khái niệm đến bốn phép tính — Phiếu Lý thuyết,H,51,17,HK2,Giữa kỳ II,90,100,True,
GITA-T1-L4-C09-DB,T1,4,9,Phân số: khái niệm đến bốn phép tính,DB,Phiếu Dạng bài & Đọc vị,Phân số: khái niệm đến bốn phép tính — Phiếu Dạng bài & Đọc vị,H,52,18,HK2,Giữa kỳ II,90,100,True,
GITA-T1-L4-C09-KN,T1,4,9,Phân số: khái niệm đến bốn phép tính,KN,Phiếu Kỹ năng & Phương pháp,Phân số: khái niệm đến bốn phép tính — Phiếu Kỹ năng & Phương pháp,H,53,18,HK2,Giữa kỳ II,90,100,True,
GITA-T1-L4-C09-NC,T1,4,9,Phân số: khái niệm đến bốn phép tính,NC,Phiếu Luyện nâng cao,Phân số: khái niệm đến bốn phép tính — Phiếu Luyện nâng cao,H,54,18,HK2,Giữa kỳ II,90,100,True,
GITA-T1-L4-C09-OT,T1,4,9,Phân số: khái niệm đến bốn phép tính,OT,Phiếu Ôn thi,Phân số: khái niệm đến bốn phép tính — Phiếu Ôn thi,H,55,19,HK2,Giữa kỳ II,90,100,True,
GITA-T1-L4-C09-TH,T1,4,9,Phân số: khái niệm đến bốn phép tính,TH,Phiếu Thi chương,Phân số: khái niệm đến bốn phép tính — Phiếu Thi chương,H,56,19,HK2,Giữa kỳ II,90,100,True,
GITA-T1-L4-C10-LT,T1,4,10,"Tổng – tỉ, hiệu – tỉ, tỉ lệ bản đồ và toán tuổi",LT,Phiếu Lý thuyết,"Tổng – tỉ, hiệu – tỉ, tỉ lệ bản đồ và toán tuổi — Phiếu Lý thuyết",D,57,19,HK2,Giữa kỳ II,90,100,True,
GITA-T1-L4-C10-DB,T1,4,10,"Tổng – tỉ, hiệu – tỉ, tỉ lệ bản đồ và toán tuổi",DB,Phiếu Dạng bài & Đọc vị,"Tổng – tỉ, hiệu – tỉ, tỉ lệ bản đồ và toán tuổi — Phiếu Dạng bài & Đọc vị",D,58,20,HK2,Giữa kỳ II,90,100,True,
GITA-T1-L4-C10-KN,T1,4,10,"Tổng – tỉ, hiệu – tỉ, tỉ lệ bản đồ và toán tuổi",KN,Phiếu Kỹ năng & Phương pháp,"Tổng – tỉ, hiệu – tỉ, tỉ lệ bản đồ và toán tuổi — Phiếu Kỹ năng & Phương pháp",D,59,20,HK2,Giữa kỳ II,90,100,True,
GITA-T1-L4-C10-NC,T1,4,10,"Tổng – tỉ, hiệu – tỉ, tỉ lệ bản đồ và toán tuổi",NC,Phiếu Luyện nâng cao,"Tổng – tỉ, hiệu – tỉ, tỉ lệ bản đồ và toán tuổi — Phiếu Luyện nâng cao",D,60,20,HK2,Giữa kỳ II,90,100,True,
GITA-T1-L4-C10-OT,T1,4,10,"Tổng – tỉ, hiệu – tỉ, tỉ lệ bản đồ và toán tuổi",OT,Phiếu Ôn thi,"Tổng – tỉ, hiệu – tỉ, tỉ lệ bản đồ và toán tuổi — Phiếu Ôn thi",D,61,21,HK2,Giữa kỳ II,90,100,True,
GITA-T1-L4-C10-TH,T1,4,10,"Tổng – tỉ, hiệu – tỉ, tỉ lệ bản đồ và toán tuổi",TH,Phiếu Thi chương,"Tổng – tỉ, hiệu – tỉ, tỉ lệ bản đồ và toán tuổi — Phiếu Thi chương",D,62,21,HK2,Giữa kỳ II,90,100,True,
GITA-T1-L4-C11-LT,T1,4,11,"Hình thoi, diện tích và bài toán hình học tổng hợp",LT,Phiếu Lý thuyết,"Hình thoi, diện tích và bài toán hình học tổng hợp — Phiếu Lý thuyết",F,63,21,HK2,Giữa kỳ II,90,100,True,
GITA-T1-L4-C11-DB,T1,4,11,"Hình thoi, diện tích và bài toán hình học tổng hợp",DB,Phiếu Dạng bài & Đọc vị,"Hình thoi, diện tích và bài toán hình học tổng hợp — Phiếu Dạng bài & Đọc vị",F,64,22,HK2,Giữa kỳ II,90,100,True,
GITA-T1-L4-C11-KN,T1,4,11,"Hình thoi, diện tích và bài toán hình học tổng hợp",KN,Phiếu Kỹ năng & Phương pháp,"Hình thoi, diện tích và bài toán hình học tổng hợp — Phiếu Kỹ năng & Phương pháp",F,65,22,HK2,Giữa kỳ II,90,100,True,
GITA-T1-L4-C11-NC,T1,4,11,"Hình thoi, diện tích và bài toán hình học tổng hợp",NC,Phiếu Luyện nâng cao,"Hình thoi, diện tích và bài toán hình học tổng hợp — Phiếu Luyện nâng cao",F,66,22,HK2,Giữa kỳ II,90,100,True,
GITA-T1-L4-C11-OT,T1,4,11,"Hình thoi, diện tích và bài toán hình học tổng hợp",OT,Phiếu Ôn thi,"Hình thoi, diện tích và bài toán hình học tổng hợp — Phiếu Ôn thi",F,67,23,HK2,Giữa kỳ II,90,100,True,
GITA-T1-L4-C11-TH,T1,4,11,"Hình thoi, diện tích và bài toán hình học tổng hợp",TH,Phiếu Thi chương,"Hình thoi, diện tích và bài toán hình học tổng hợp — Phiếu Thi chương",F,68,23,HK2,Giữa kỳ II,90,100,True,
GITA-T1-L4-C12-LT,T1,4,12,"Suy luận logic, đếm hình và toán đếm",LT,Phiếu Lý thuyết,"Suy luận logic, đếm hình và toán đếm — Phiếu Lý thuyết",G,69,23,HK2,Giữa kỳ II,90,100,True,
GITA-T1-L4-C12-DB,T1,4,12,"Suy luận logic, đếm hình và toán đếm",DB,Phiếu Dạng bài & Đọc vị,"Suy luận logic, đếm hình và toán đếm — Phiếu Dạng bài & Đọc vị",G,70,24,HK2,Giữa kỳ II,90,100,True,
GITA-T1-L4-C12-KN,T1,4,12,"Suy luận logic, đếm hình và toán đếm",KN,Phiếu Kỹ năng & Phương pháp,"Suy luận logic, đếm hình và toán đếm — Phiếu Kỹ năng & Phương pháp",G,71,24,HK2,Giữa kỳ II,90,100,True,
GITA-T1-L4-C12-NC,T1,4,12,"Suy luận logic, đếm hình và toán đếm",NC,Phiếu Luyện nâng cao,"Suy luận logic, đếm hình và toán đếm — Phiếu Luyện nâng cao",G,72,24,HK2,Giữa kỳ II,90,100,True,
GITA-T1-L4-C12-OT,T1,4,12,"Suy luận logic, đếm hình và toán đếm",OT,Phiếu Ôn thi,"Suy luận logic, đếm hình và toán đếm — Phiếu Ôn thi",G,73,25,HK2,Giữa kỳ II,90,100,True,
GITA-T1-L4-C12-TH,T1,4,12,"Suy luận logic, đếm hình và toán đếm",TH,Phiếu Thi chương,"Suy luận logic, đếm hình và toán đếm — Phiếu Thi chương",G,74,25,HK2,Giữa kỳ II,90,100,True,
GITA-T1-L4-MOC-GK2,T1,4,0,Kiểm tra Giữa kỳ II,MOC,Phiếu kiểm tra mốc,Kiểm tra Giữa kỳ II — Tổng ôn cụm 9 – 12,*,75,25,HK2,Giữa kỳ II,90,100,True,
GITA-T1-L4-C13-LT,T1,4,13,"Phép chia phân số, tìm phân số của một số và biểu đồ cột",LT,Phiếu Lý thuyết,"Phép chia phân số, tìm phân số của một số và biểu đồ cột — Phiếu Lý thuyết",H,76,26,HK2,Cuối kỳ II,90,100,True,
GITA-T1-L4-C13-DB,T1,4,13,"Phép chia phân số, tìm phân số của một số và biểu đồ cột",DB,Phiếu Dạng bài & Đọc vị,"Phép chia phân số, tìm phân số của một số và biểu đồ cột — Phiếu Dạng bài & Đọc vị",H,77,26,HK2,Cuối kỳ II,90,100,True,
GITA-T1-L4-C13-KN,T1,4,13,"Phép chia phân số, tìm phân số của một số và biểu đồ cột",KN,Phiếu Kỹ năng & Phương pháp,"Phép chia phân số, tìm phân số của một số và biểu đồ cột — Phiếu Kỹ năng & Phương pháp",H,78,26,HK2,Cuối kỳ II,90,100,True,
GITA-T1-L4-C13-NC,T1,4,13,"Phép chia phân số, tìm phân số của một số và biểu đồ cột",NC,Phiếu Luyện nâng cao,"Phép chia phân số, tìm phân số của một số và biểu đồ cột — Phiếu Luyện nâng cao",H,79,27,HK2,Cuối kỳ II,90,100,True,
GITA-T1-L4-C13-OT,T1,4,13,"Phép chia phân số, tìm phân số của một số và biểu đồ cột",OT,Phiếu Ôn thi,"Phép chia phân số, tìm phân số của một số và biểu đồ cột — Phiếu Ôn thi",H,80,27,HK2,Cuối kỳ II,90,100,True,
GITA-T1-L4-C13-TH,T1,4,13,"Phép chia phân số, tìm phân số của một số và biểu đồ cột",TH,Phiếu Thi chương,"Phép chia phân số, tìm phân số của một số và biểu đồ cột — Phiếu Thi chương",H,81,27,HK2,Cuối kỳ II,90,100,True,
GITA-T1-L4-C14-LT,T1,4,14,"Đổi đơn vị tổng hợp, thời gian và toán thực tế",LT,Phiếu Lý thuyết,"Đổi đơn vị tổng hợp, thời gian và toán thực tế — Phiếu Lý thuyết",E,82,28,HK2,Cuối kỳ II,90,100,True,
GITA-T1-L4-C14-DB,T1,4,14,"Đổi đơn vị tổng hợp, thời gian và toán thực tế",DB,Phiếu Dạng bài & Đọc vị,"Đổi đơn vị tổng hợp, thời gian và toán thực tế — Phiếu Dạng bài & Đọc vị",E,83,28,HK2,Cuối kỳ II,90,100,True,
GITA-T1-L4-C14-KN,T1,4,14,"Đổi đơn vị tổng hợp, thời gian và toán thực tế",KN,Phiếu Kỹ năng & Phương pháp,"Đổi đơn vị tổng hợp, thời gian và toán thực tế — Phiếu Kỹ năng & Phương pháp",E,84,28,HK2,Cuối kỳ II,90,100,True,
GITA-T1-L4-C14-NC,T1,4,14,"Đổi đơn vị tổng hợp, thời gian và toán thực tế",NC,Phiếu Luyện nâng cao,"Đổi đơn vị tổng hợp, thời gian và toán thực tế — Phiếu Luyện nâng cao",E,85,29,HK2,Cuối kỳ II,90,100,True,
GITA-T1-L4-C14-OT,T1,4,14,"Đổi đơn vị tổng hợp, thời gian và toán thực tế",OT,Phiếu Ôn thi,"Đổi đơn vị tổng hợp, thời gian và toán thực tế — Phiếu Ôn thi",E,86,29,HK2,Cuối kỳ II,90,100,True,
GITA-T1-L4-C14-TH,T1,4,14,"Đổi đơn vị tổng hợp, thời gian và toán thực tế",TH,Phiếu Thi chương,"Đổi đơn vị tổng hợp, thời gian và toán thực tế — Phiếu Thi chương",E,87,29,HK2,Cuối kỳ II,90,100,True,
GITA-T1-L4-C15-LT,T1,4,15,"Năng suất, chuyển động và tổng ôn giải toán",LT,Phiếu Lý thuyết,"Năng suất, chuyển động và tổng ôn giải toán — Phiếu Lý thuyết",D,88,30,HK2,Cuối kỳ II,90,100,True,
GITA-T1-L4-C15-DB,T1,4,15,"Năng suất, chuyển động và tổng ôn giải toán",DB,Phiếu Dạng bài & Đọc vị,"Năng suất, chuyển động và tổng ôn giải toán — Phiếu Dạng bài & Đọc vị",D,89,30,HK2,Cuối kỳ II,90,100,True,
GITA-T1-L4-C15-KN,T1,4,15,"Năng suất, chuyển động và tổng ôn giải toán",KN,Phiếu Kỹ năng & Phương pháp,"Năng suất, chuyển động và tổng ôn giải toán — Phiếu Kỹ năng & Phương pháp",D,90,30,HK2,Cuối kỳ II,90,100,True,
GITA-T1-L4-C15-NC,T1,4,15,"Năng suất, chuyển động và tổng ôn giải toán",NC,Phiếu Luyện nâng cao,"Năng suất, chuyển động và tổng ôn giải toán — Phiếu Luyện nâng cao",D,91,31,HK2,Cuối kỳ II,90,100,True,
GITA-T1-L4-C15-OT,T1,4,15,"Năng suất, chuyển động và tổng ôn giải toán",OT,Phiếu Ôn thi,"Năng suất, chuyển động và tổng ôn giải toán — Phiếu Ôn thi",D,92,31,HK2,Cuối kỳ II,90,100,True,
GITA-T1-L4-C15-TH,T1,4,15,"Năng suất, chuyển động và tổng ôn giải toán",TH,Phiếu Thi chương,"Năng suất, chuyển động và tổng ôn giải toán — Phiếu Thi chương",D,93,31,HK2,Cuối kỳ II,90,100,True,
GITA-T1-L4-C16-LT,T1,4,16,"Biểu thức nhiều bước, tìm x và tính nhanh tổng hợp",LT,Phiếu Lý thuyết,"Biểu thức nhiều bước, tìm x và tính nhanh tổng hợp — Phiếu Lý thuyết",B,94,32,HK2,Cuối kỳ II,90,100,True,
GITA-T1-L4-C16-DB,T1,4,16,"Biểu thức nhiều bước, tìm x và tính nhanh tổng hợp",DB,Phiếu Dạng bài & Đọc vị,"Biểu thức nhiều bước, tìm x và tính nhanh tổng hợp — Phiếu Dạng bài & Đọc vị",B,95,32,HK2,Cuối kỳ II,90,100,True,
GITA-T1-L4-C16-KN,T1,4,16,"Biểu thức nhiều bước, tìm x và tính nhanh tổng hợp",KN,Phiếu Kỹ năng & Phương pháp,"Biểu thức nhiều bước, tìm x và tính nhanh tổng hợp — Phiếu Kỹ năng & Phương pháp",B,96,32,HK2,Cuối kỳ II,90,100,True,
GITA-T1-L4-C16-NC,T1,4,16,"Biểu thức nhiều bước, tìm x và tính nhanh tổng hợp",NC,Phiếu Luyện nâng cao,"Biểu thức nhiều bước, tìm x và tính nhanh tổng hợp — Phiếu Luyện nâng cao",B,97,33,HK2,Cuối kỳ II,90,100,True,
GITA-T1-L4-C16-OT,T1,4,16,"Biểu thức nhiều bước, tìm x và tính nhanh tổng hợp",OT,Phiếu Ôn thi,"Biểu thức nhiều bước, tìm x và tính nhanh tổng hợp — Phiếu Ôn thi",B,98,33,HK2,Cuối kỳ II,90,100,True,
GITA-T1-L4-C16-TH,T1,4,16,"Biểu thức nhiều bước, tìm x và tính nhanh tổng hợp",TH,Phiếu Thi chương,"Biểu thức nhiều bước, tìm x và tính nhanh tổng hợp — Phiếu Thi chương",B,99,33,HK2,Cuối kỳ II,90,100,True,
GITA-T1-L4-MOC-CK2,T1,4,0,Kiểm tra Cuối kỳ II,MOC,Phiếu kiểm tra mốc,"Kiểm tra Cuối kỳ II — Tổng ôn cụm 1 – 16, chuẩn đầu ra cả năm",*,100,34,HK2,Cuối kỳ II,90,100,True,
GITA-T1-L4-C01-DB-GP,T1,4,1,"Số tự nhiên: hàng, lớp và cấu tạo số",GP,Phiếu Lời giải & Phân tích chuyên sâu,"Số tự nhiên: hàng, lớp và cấu tạo số — Lời giải & Phân tích chuyên sâu (Phiếu Dạng bài & Đọc vị)",A,,1,HK1,Giữa kỳ I,0,0,False,GITA-T1-L4-C01-DB
GITA-T1-L4-C01-HD,T1,4,1,"Số tự nhiên: hàng, lớp và cấu tạo số",HD,Phiếu Hướng dẫn ôn chắc chuyên đề,"Số tự nhiên: hàng, lớp và cấu tạo số — Hướng dẫn ôn chắc chuyên đề",A,,1,HK1,Giữa kỳ I,0,0,False,
GITA-T1-L4-C01-KN-GP,T1,4,1,"Số tự nhiên: hàng, lớp và cấu tạo số",GP,Phiếu Lời giải & Phân tích chuyên sâu,"Số tự nhiên: hàng, lớp và cấu tạo số — Lời giải & Phân tích chuyên sâu (Phiếu Kỹ năng & Phương pháp)",A,,1,HK1,Giữa kỳ I,0,0,False,GITA-T1-L4-C01-KN
GITA-T1-L4-C01-LT-GP,T1,4,1,"Số tự nhiên: hàng, lớp và cấu tạo số",GP,Phiếu Lời giải & Phân tích chuyên sâu,"Số tự nhiên: hàng, lớp và cấu tạo số — Lời giải & Phân tích chuyên sâu (Phiếu Lý thuyết)",A,,1,HK1,Giữa kỳ I,0,0,False,GITA-T1-L4-C01-LT
GITA-T1-L4-C01-NC-GP,T1,4,1,"Số tự nhiên: hàng, lớp và cấu tạo số",GP,Phiếu Lời giải & Phân tích chuyên sâu,"Số tự nhiên: hàng, lớp và cấu tạo số — Lời giải & Phân tích chuyên sâu (Phiếu Luyện nâng cao)",A,,2,HK1,Giữa kỳ I,0,0,False,GITA-T1-L4-C01-NC
GITA-T1-L4-C01-OT-GP,T1,4,1,"Số tự nhiên: hàng, lớp và cấu tạo số",GP,Phiếu Lời giải & Phân tích chuyên sâu,"Số tự nhiên: hàng, lớp và cấu tạo số — Lời giải & Phân tích chuyên sâu (Phiếu Ôn thi)",A,,2,HK1,Giữa kỳ I,0,0,False,GITA-T1-L4-C01-OT
GITA-T1-L4-C01-TH-GP,T1,4,1,"Số tự nhiên: hàng, lớp và cấu tạo số",GP,Phiếu Lời giải & Phân tích chuyên sâu,"Số tự nhiên: hàng, lớp và cấu tạo số — Lời giải & Phân tích chuyên sâu (Phiếu Thi chương)",A,,2,HK1,Giữa kỳ I,0,0,False,GITA-T1-L4-C01-TH
GITA-T1-L4-C02-DB-GP,T1,4,2,"Bốn phép tính, biểu thức chữ và tính chất phép cộng",GP,Phiếu Lời giải & Phân tích chuyên sâu,"Bốn phép tính, biểu thức chữ và tính chất phép cộng — Lời giải & Phân tích chuyên sâu (Phiếu Dạng bài & Đọc vị)",B,,3,HK1,Giữa kỳ I,0,0,False,GITA-T1-L4-C02-DB
GITA-T1-L4-C02-HD,T1,4,2,"Bốn phép tính, biểu thức chữ và tính chất phép cộng",HD,Phiếu Hướng dẫn ôn chắc chuyên đề,"Bốn phép tính, biểu thức chữ và tính chất phép cộng — Hướng dẫn ôn chắc chuyên đề",B,,3,HK1,Giữa kỳ I,0,0,False,
GITA-T1-L4-C02-KN-GP,T1,4,2,"Bốn phép tính, biểu thức chữ và tính chất phép cộng",GP,Phiếu Lời giải & Phân tích chuyên sâu,"Bốn phép tính, biểu thức chữ và tính chất phép cộng — Lời giải & Phân tích chuyên sâu (Phiếu Kỹ năng & Phương pháp)",B,,3,HK1,Giữa kỳ I,0,0,False,GITA-T1-L4-C02-KN
GITA-T1-L4-C02-LT-GP,T1,4,2,"Bốn phép tính, biểu thức chữ và tính chất phép cộng",GP,Phiếu Lời giải & Phân tích chuyên sâu,"Bốn phép tính, biểu thức chữ và tính chất phép cộng — Lời giải & Phân tích chuyên sâu (Phiếu Lý thuyết)",B,,3,HK1,Giữa kỳ I,0,0,False,GITA-T1-L4-C02-LT
GITA-T1-L4-C02-NC-GP,T1,4,2,"Bốn phép tính, biểu thức chữ và tính chất phép cộng",GP,Phiếu Lời giải & Phân tích chuyên sâu,"Bốn phép tính, biểu thức chữ và tính chất phép cộng — Lời giải & Phân tích chuyên sâu (Phiếu Luyện nâng cao)",B,,4,HK1,Giữa kỳ I,0,0,False,GITA-T1-L4-C02-NC
GITA-T1-L4-C02-OT-GP,T1,4,2,"Bốn phép tính, biểu thức chữ và tính chất phép cộng",GP,Phiếu Lời giải & Phân tích chuyên sâu,"Bốn phép tính, biểu thức chữ và tính chất phép cộng — Lời giải & Phân tích chuyên sâu (Phiếu Ôn thi)",B,,4,HK1,Giữa kỳ I,0,0,False,GITA-T1-L4-C02-OT
GITA-T1-L4-C02-TH-GP,T1,4,2,"Bốn phép tính, biểu thức chữ và tính chất phép cộng",GP,Phiếu Lời giải & Phân tích chuyên sâu,"Bốn phép tính, biểu thức chữ và tính chất phép cộng — Lời giải & Phân tích chuyên sâu (Phiếu Thi chương)",B,,4,HK1,Giữa kỳ I,0,0,False,GITA-T1-L4-C02-TH
GITA-T1-L4-C03-DB-GP,T1,4,3,"Trung bình cộng, tổng – hiệu và bài toán đại lượng",GP,Phiếu Lời giải & Phân tích chuyên sâu,"Trung bình cộng, tổng – hiệu và bài toán đại lượng — Lời giải & Phân tích chuyên sâu (Phiếu Dạng bài & Đọc vị)",D,,5,HK1,Giữa kỳ I,0,0,False,GITA-T1-L4-C03-DB
GITA-T1-L4-C03-HD,T1,4,3,"Trung bình cộng, tổng – hiệu và bài toán đại lượng",HD,Phiếu Hướng dẫn ôn chắc chuyên đề,"Trung bình cộng, tổng – hiệu và bài toán đại lượng — Hướng dẫn ôn chắc chuyên đề",D,,5,HK1,Giữa kỳ I,0,0,False,
GITA-T1-L4-C03-KN-GP,T1,4,3,"Trung bình cộng, tổng – hiệu và bài toán đại lượng",GP,Phiếu Lời giải & Phân tích chuyên sâu,"Trung bình cộng, tổng – hiệu và bài toán đại lượng — Lời giải & Phân tích chuyên sâu (Phiếu Kỹ năng & Phương pháp)",D,,5,HK1,Giữa kỳ I,0,0,False,GITA-T1-L4-C03-KN
GITA-T1-L4-C03-LT-GP,T1,4,3,"Trung bình cộng, tổng – hiệu và bài toán đại lượng",GP,Phiếu Lời giải & Phân tích chuyên sâu,"Trung bình cộng, tổng – hiệu và bài toán đại lượng — Lời giải & Phân tích chuyên sâu (Phiếu Lý thuyết)",D,,5,HK1,Giữa kỳ I,0,0,False,GITA-T1-L4-C03-LT
GITA-T1-L4-C03-NC-GP,T1,4,3,"Trung bình cộng, tổng – hiệu và bài toán đại lượng",GP,Phiếu Lời giải & Phân tích chuyên sâu,"Trung bình cộng, tổng – hiệu và bài toán đại lượng — Lời giải & Phân tích chuyên sâu (Phiếu Luyện nâng cao)",D,,6,HK1,Giữa kỳ I,0,0,False,GITA-T1-L4-C03-NC
GITA-T1-L4-C03-OT-GP,T1,4,3,"Trung bình cộng, tổng – hiệu và bài toán đại lượng",GP,Phiếu Lời giải & Phân tích chuyên sâu,"Trung bình cộng, tổng – hiệu và bài toán đại lượng — Lời giải & Phân tích chuyên sâu (Phiếu Ôn thi)",D,,6,HK1,Giữa kỳ I,0,0,False,GITA-T1-L4-C03-OT
GITA-T1-L4-C03-TH-GP,T1,4,3,"Trung bình cộng, tổng – hiệu và bài toán đại lượng",GP,Phiếu Lời giải & Phân tích chuyên sâu,"Trung bình cộng, tổng – hiệu và bài toán đại lượng — Lời giải & Phân tích chuyên sâu (Phiếu Thi chương)",D,,6,HK1,Giữa kỳ I,0,0,False,GITA-T1-L4-C03-TH
GITA-T1-L4-C04-DB-GP,T1,4,4,"Góc, đường thẳng vuông góc – song song và hình bình hành",GP,Phiếu Lời giải & Phân tích chuyên sâu,"Góc, đường thẳng vuông góc – song song và hình bình hành — Lời giải & Phân tích chuyên sâu (Phiếu Dạng bài & Đọc vị)",F,,7,HK1,Giữa kỳ I,0,0,False,GITA-T1-L4-C04-DB
GITA-T1-L4-C04-HD,T1,4,4,"Góc, đường thẳng vuông góc – song song và hình bình hành",HD,Phiếu Hướng dẫn ôn chắc chuyên đề,"Góc, đường thẳng vuông góc – song song và hình bình hành — Hướng dẫn ôn chắc chuyên đề",F,,7,HK1,Giữa kỳ I,0,0,False,
GITA-T1-L4-C04-KN-GP,T1,4,4,"Góc, đường thẳng vuông góc – song song và hình bình hành",GP,Phiếu Lời giải & Phân tích chuyên sâu,"Góc, đường thẳng vuông góc – song song và hình bình hành — Lời giải & Phân tích chuyên sâu (Phiếu Kỹ năng & Phương pháp)",F,,7,HK1,Giữa kỳ I,0,0,False,GITA-T1-L4-C04-KN
GITA-T1-L4-C04-LT-GP,T1,4,4,"Góc, đường thẳng vuông góc – song song và hình bình hành",GP,Phiếu Lời giải & Phân tích chuyên sâu,"Góc, đường thẳng vuông góc – song song và hình bình hành — Lời giải & Phân tích chuyên sâu (Phiếu Lý thuyết)",F,,7,HK1,Giữa kỳ I,0,0,False,GITA-T1-L4-C04-LT
GITA-T1-L4-C04-NC-GP,T1,4,4,"Góc, đường thẳng vuông góc – song song và hình bình hành",GP,Phiếu Lời giải & Phân tích chuyên sâu,"Góc, đường thẳng vuông góc – song song và hình bình hành — Lời giải & Phân tích chuyên sâu (Phiếu Luyện nâng cao)",F,,8,HK1,Giữa kỳ I,0,0,False,GITA-T1-L4-C04-NC
GITA-T1-L4-C04-OT-GP,T1,4,4,"Góc, đường thẳng vuông góc – song song và hình bình hành",GP,Phiếu Lời giải & Phân tích chuyên sâu,"Góc, đường thẳng vuông góc – song song và hình bình hành — Lời giải & Phân tích chuyên sâu (Phiếu Ôn thi)",F,,8,HK1,Giữa kỳ I,0,0,False,GITA-T1-L4-C04-OT
GITA-T1-L4-C04-TH-GP,T1,4,4,"Góc, đường thẳng vuông góc – song song và hình bình hành",GP,Phiếu Lời giải & Phân tích chuyên sâu,"Góc, đường thẳng vuông góc – song song và hình bình hành — Lời giải & Phân tích chuyên sâu (Phiếu Thi chương)",F,,8,HK1,Giữa kỳ I,0,0,False,GITA-T1-L4-C04-TH
GITA-T1-L4-C05-DB-GP,T1,4,5,"Đơn vị đo khối lượng, thời gian và diện tích",GP,Phiếu Lời giải & Phân tích chuyên sâu,"Đơn vị đo khối lượng, thời gian và diện tích — Lời giải & Phân tích chuyên sâu (Phiếu Dạng bài & Đọc vị)",E,,9,HK1,Cuối kỳ I,0,0,False,GITA-T1-L4-C05-DB
GITA-T1-L4-C05-HD,T1,4,5,"Đơn vị đo khối lượng, thời gian và diện tích",HD,Phiếu Hướng dẫn ôn chắc chuyên đề,"Đơn vị đo khối lượng, thời gian và diện tích — Hướng dẫn ôn chắc chuyên đề",E,,9,HK1,Cuối kỳ I,0,0,False,
GITA-T1-L4-C05-KN-GP,T1,4,5,"Đơn vị đo khối lượng, thời gian và diện tích",GP,Phiếu Lời giải & Phân tích chuyên sâu,"Đơn vị đo khối lượng, thời gian và diện tích — Lời giải & Phân tích chuyên sâu (Phiếu Kỹ năng & Phương pháp)",E,,10,HK1,Cuối kỳ I,0,0,False,GITA-T1-L4-C05-KN
GITA-T1-L4-C05-LT-GP,T1,4,5,"Đơn vị đo khối lượng, thời gian và diện tích",GP,Phiếu Lời giải & Phân tích chuyên sâu,"Đơn vị đo khối lượng, thời gian và diện tích — Lời giải & Phân tích chuyên sâu (Phiếu Lý thuyết)",E,,9,HK1,Cuối kỳ I,0,0,False,GITA-T1-L4-C05-LT
GITA-T1-L4-C05-NC-GP,T1,4,5,"Đơn vị đo khối lượng, thời gian và diện tích",GP,Phiếu Lời giải & Phân tích chuyên sâu,"Đơn vị đo khối lượng, thời gian và diện tích — Lời giải & Phân tích chuyên sâu (Phiếu Luyện nâng cao)",E,,10,HK1,Cuối kỳ I,0,0,False,GITA-T1-L4-C05-NC
GITA-T1-L4-C05-OT-GP,T1,4,5,"Đơn vị đo khối lượng, thời gian và diện tích",GP,Phiếu Lời giải & Phân tích chuyên sâu,"Đơn vị đo khối lượng, thời gian và diện tích — Lời giải & Phân tích chuyên sâu (Phiếu Ôn thi)",E,,10,HK1,Cuối kỳ I,0,0,False,GITA-T1-L4-C05-OT
GITA-T1-L4-C05-TH-GP,T1,4,5,"Đơn vị đo khối lượng, thời gian và diện tích",GP,Phiếu Lời giải & Phân tích chuyên sâu,"Đơn vị đo khối lượng, thời gian và diện tích — Lời giải & Phân tích chuyên sâu (Phiếu Thi chương)",E,,11,HK1,Cuối kỳ I,0,0,False,GITA-T1-L4-C05-TH
GITA-T1-L4-C06-DB-GP,T1,4,6,Nhân và chia số có nhiều chữ số,GP,Phiếu Lời giải & Phân tích chuyên sâu,Nhân và chia số có nhiều chữ số — Lời giải & Phân tích chuyên sâu (Phiếu Dạng bài & Đọc vị),B,,11,HK1,Cuối kỳ I,0,0,False,GITA-T1-L4-C06-DB
GITA-T1-L4-C06-HD,T1,4,6,Nhân và chia số có nhiều chữ số,HD,Phiếu Hướng dẫn ôn chắc chuyên đề,Nhân và chia số có nhiều chữ số — Hướng dẫn ôn chắc chuyên đề,B,,11,HK1,Cuối kỳ I,0,0,False,
GITA-T1-L4-C06-KN-GP,T1,4,6,Nhân và chia số có nhiều chữ số,GP,Phiếu Lời giải & Phân tích chuyên sâu,Nhân và chia số có nhiều chữ số — Lời giải & Phân tích chuyên sâu (Phiếu Kỹ năng & Phương pháp),B,,12,HK1,Cuối kỳ I,0,0,False,GITA-T1-L4-C06-KN
GITA-T1-L4-C06-LT-GP,T1,4,6,Nhân và chia số có nhiều chữ số,GP,Phiếu Lời giải & Phân tích chuyên sâu,Nhân và chia số có nhiều chữ số — Lời giải & Phân tích chuyên sâu (Phiếu Lý thuyết),B,,11,HK1,Cuối kỳ I,0,0,False,GITA-T1-L4-C06-LT
GITA-T1-L4-C06-NC-GP,T1,4,6,Nhân và chia số có nhiều chữ số,GP,Phiếu Lời giải & Phân tích chuyên sâu,Nhân và chia số có nhiều chữ số — Lời giải & Phân tích chuyên sâu (Phiếu Luyện nâng cao),B,,12,HK1,Cuối kỳ I,0,0,False,GITA-T1-L4-C06-NC
GITA-T1-L4-C06-OT-GP,T1,4,6,Nhân và chia số có nhiều chữ số,GP,Phiếu Lời giải & Phân tích chuyên sâu,Nhân và chia số có nhiều chữ số — Lời giải & Phân tích chuyên sâu (Phiếu Ôn thi),B,,12,HK1,Cuối kỳ I,0,0,False,GITA-T1-L4-C06-OT
GITA-T1-L4-C06-TH-GP,T1,4,6,Nhân và chia số có nhiều chữ số,GP,Phiếu Lời giải & Phân tích chuyên sâu,Nhân và chia số có nhiều chữ số — Lời giải & Phân tích chuyên sâu (Phiếu Thi chương),B,,13,HK1,Cuối kỳ I,0,0,False,GITA-T1-L4-C06-TH
GITA-T1-L4-C07-DB-GP,T1,4,7,Dấu hiệu chia hết và bài toán chia hết,GP,Phiếu Lời giải & Phân tích chuyên sâu,Dấu hiệu chia hết và bài toán chia hết — Lời giải & Phân tích chuyên sâu (Phiếu Dạng bài & Đọc vị),A,,13,HK1,Cuối kỳ I,0,0,False,GITA-T1-L4-C07-DB
GITA-T1-L4-C07-HD,T1,4,7,Dấu hiệu chia hết và bài toán chia hết,HD,Phiếu Hướng dẫn ôn chắc chuyên đề,Dấu hiệu chia hết và bài toán chia hết — Hướng dẫn ôn chắc chuyên đề,A,,13,HK1,Cuối kỳ I,0,0,False,
GITA-T1-L4-C07-KN-GP,T1,4,7,Dấu hiệu chia hết và bài toán chia hết,GP,Phiếu Lời giải & Phân tích chuyên sâu,Dấu hiệu chia hết và bài toán chia hết — Lời giải & Phân tích chuyên sâu (Phiếu Kỹ năng & Phương pháp),A,,14,HK1,Cuối kỳ I,0,0,False,GITA-T1-L4-C07-KN
GITA-T1-L4-C07-LT-GP,T1,4,7,Dấu hiệu chia hết và bài toán chia hết,GP,Phiếu Lời giải & Phân tích chuyên sâu,Dấu hiệu chia hết và bài toán chia hết — Lời giải & Phân tích chuyên sâu (Phiếu Lý thuyết),A,,13,HK1,Cuối kỳ I,0,0,False,GITA-T1-L4-C07-LT
GITA-T1-L4-C07-NC-GP,T1,4,7,Dấu hiệu chia hết và bài toán chia hết,GP,Phiếu Lời giải & Phân tích chuyên sâu,Dấu hiệu chia hết và bài toán chia hết — Lời giải & Phân tích chuyên sâu (Phiếu Luyện nâng cao),A,,14,HK1,Cuối kỳ I,0,0,False,GITA-T1-L4-C07-NC
GITA-T1-L4-C07-OT-GP,T1,4,7,Dấu hiệu chia hết và bài toán chia hết,GP,Phiếu Lời giải & Phân tích chuyên sâu,Dấu hiệu chia hết và bài toán chia hết — Lời giải & Phân tích chuyên sâu (Phiếu Ôn thi),A,,14,HK1,Cuối kỳ I,0,0,False,GITA-T1-L4-C07-OT
GITA-T1-L4-C07-TH-GP,T1,4,7,Dấu hiệu chia hết và bài toán chia hết,GP,Phiếu Lời giải & Phân tích chuyên sâu,Dấu hiệu chia hết và bài toán chia hết — Lời giải & Phân tích chuyên sâu (Phiếu Thi chương),A,,15,HK1,Cuối kỳ I,0,0,False,GITA-T1-L4-C07-TH
GITA-T1-L4-C08-DB-GP,T1,4,8,Dãy số và quy luật,GP,Phiếu Lời giải & Phân tích chuyên sâu,Dãy số và quy luật — Lời giải & Phân tích chuyên sâu (Phiếu Dạng bài & Đọc vị),C,,15,HK1,Cuối kỳ I,0,0,False,GITA-T1-L4-C08-DB
GITA-T1-L4-C08-HD,T1,4,8,Dãy số và quy luật,HD,Phiếu Hướng dẫn ôn chắc chuyên đề,Dãy số và quy luật — Hướng dẫn ôn chắc chuyên đề,C,,15,HK1,Cuối kỳ I,0,0,False,
GITA-T1-L4-C08-KN-GP,T1,4,8,Dãy số và quy luật,GP,Phiếu Lời giải & Phân tích chuyên sâu,Dãy số và quy luật — Lời giải & Phân tích chuyên sâu (Phiếu Kỹ năng & Phương pháp),C,,16,HK1,Cuối kỳ I,0,0,False,GITA-T1-L4-C08-KN
GITA-T1-L4-C08-LT-GP,T1,4,8,Dãy số và quy luật,GP,Phiếu Lời giải & Phân tích chuyên sâu,Dãy số và quy luật — Lời giải & Phân tích chuyên sâu (Phiếu Lý thuyết),C,,15,HK1,Cuối kỳ I,0,0,False,GITA-T1-L4-C08-LT
GITA-T1-L4-C08-NC-GP,T1,4,8,Dãy số và quy luật,GP,Phiếu Lời giải & Phân tích chuyên sâu,Dãy số và quy luật — Lời giải & Phân tích chuyên sâu (Phiếu Luyện nâng cao),C,,16,HK1,Cuối kỳ I,0,0,False,GITA-T1-L4-C08-NC
GITA-T1-L4-C08-OT-GP,T1,4,8,Dãy số và quy luật,GP,Phiếu Lời giải & Phân tích chuyên sâu,Dãy số và quy luật — Lời giải & Phân tích chuyên sâu (Phiếu Ôn thi),C,,16,HK1,Cuối kỳ I,0,0,False,GITA-T1-L4-C08-OT
GITA-T1-L4-C08-TH-GP,T1,4,8,Dãy số và quy luật,GP,Phiếu Lời giải & Phân tích chuyên sâu,Dãy số và quy luật — Lời giải & Phân tích chuyên sâu (Phiếu Thi chương),C,,17,HK1,Cuối kỳ I,0,0,False,GITA-T1-L4-C08-TH
GITA-T1-L4-C09-DB-GP,T1,4,9,Phân số: khái niệm đến bốn phép tính,GP,Phiếu Lời giải & Phân tích chuyên sâu,Phân số: khái niệm đến bốn phép tính — Lời giải & Phân tích chuyên sâu (Phiếu Dạng bài & Đọc vị),H,,18,HK2,Giữa kỳ II,0,0,False,GITA-T1-L4-C09-DB
GITA-T1-L4-C09-HD,T1,4,9,Phân số: khái niệm đến bốn phép tính,HD,Phiếu Hướng dẫn ôn chắc chuyên đề,Phân số: khái niệm đến bốn phép tính — Hướng dẫn ôn chắc chuyên đề,H,,17,HK2,Giữa kỳ II,0,0,False,
GITA-T1-L4-C09-KN-GP,T1,4,9,Phân số: khái niệm đến bốn phép tính,GP,Phiếu Lời giải & Phân tích chuyên sâu,Phân số: khái niệm đến bốn phép tính — Lời giải & Phân tích chuyên sâu (Phiếu Kỹ năng & Phương pháp),H,,18,HK2,Giữa kỳ II,0,0,False,GITA-T1-L4-C09-KN
GITA-T1-L4-C09-LT-GP,T1,4,9,Phân số: khái niệm đến bốn phép tính,GP,Phiếu Lời giải & Phân tích chuyên sâu,Phân số: khái niệm đến bốn phép tính — Lời giải & Phân tích chuyên sâu (Phiếu Lý thuyết),H,,17,HK2,Giữa kỳ II,0,0,False,GITA-T1-L4-C09-LT
GITA-T1-L4-C09-NC-GP,T1,4,9,Phân số: khái niệm đến bốn phép tính,GP,Phiếu Lời giải & Phân tích chuyên sâu,Phân số: khái niệm đến bốn phép tính — Lời giải & Phân tích chuyên sâu (Phiếu Luyện nâng cao),H,,18,HK2,Giữa kỳ II,0,0,False,GITA-T1-L4-C09-NC
GITA-T1-L4-C09-OT-GP,T1,4,9,Phân số: khái niệm đến bốn phép tính,GP,Phiếu Lời giải & Phân tích chuyên sâu,Phân số: khái niệm đến bốn phép tính — Lời giải & Phân tích chuyên sâu (Phiếu Ôn thi),H,,19,HK2,Giữa kỳ II,0,0,False,GITA-T1-L4-C09-OT
GITA-T1-L4-C09-TH-GP,T1,4,9,Phân số: khái niệm đến bốn phép tính,GP,Phiếu Lời giải & Phân tích chuyên sâu,Phân số: khái niệm đến bốn phép tính — Lời giải & Phân tích chuyên sâu (Phiếu Thi chương),H,,19,HK2,Giữa kỳ II,0,0,False,GITA-T1-L4-C09-TH
GITA-T1-L4-C10-DB-GP,T1,4,10,"Tổng – tỉ, hiệu – tỉ, tỉ lệ bản đồ và toán tuổi",GP,Phiếu Lời giải & Phân tích chuyên sâu,"Tổng – tỉ, hiệu – tỉ, tỉ lệ bản đồ và toán tuổi — Lời giải & Phân tích chuyên sâu (Phiếu Dạng bài & Đọc vị)",D,,20,HK2,Giữa kỳ II,0,0,False,GITA-T1-L4-C10-DB
GITA-T1-L4-C10-HD,T1,4,10,"Tổng – tỉ, hiệu – tỉ, tỉ lệ bản đồ và toán tuổi",HD,Phiếu Hướng dẫn ôn chắc chuyên đề,"Tổng – tỉ, hiệu – tỉ, tỉ lệ bản đồ và toán tuổi — Hướng dẫn ôn chắc chuyên đề",D,,19,HK2,Giữa kỳ II,0,0,False,
GITA-T1-L4-C10-KN-GP,T1,4,10,"Tổng – tỉ, hiệu – tỉ, tỉ lệ bản đồ và toán tuổi",GP,Phiếu Lời giải & Phân tích chuyên sâu,"Tổng – tỉ, hiệu – tỉ, tỉ lệ bản đồ và toán tuổi — Lời giải & Phân tích chuyên sâu (Phiếu Kỹ năng & Phương pháp)",D,,20,HK2,Giữa kỳ II,0,0,False,GITA-T1-L4-C10-KN
GITA-T1-L4-C10-LT-GP,T1,4,10,"Tổng – tỉ, hiệu – tỉ, tỉ lệ bản đồ và toán tuổi",GP,Phiếu Lời giải & Phân tích chuyên sâu,"Tổng – tỉ, hiệu – tỉ, tỉ lệ bản đồ và toán tuổi — Lời giải & Phân tích chuyên sâu (Phiếu Lý thuyết)",D,,19,HK2,Giữa kỳ II,0,0,False,GITA-T1-L4-C10-LT
GITA-T1-L4-C10-NC-GP,T1,4,10,"Tổng – tỉ, hiệu – tỉ, tỉ lệ bản đồ và toán tuổi",GP,Phiếu Lời giải & Phân tích chuyên sâu,"Tổng – tỉ, hiệu – tỉ, tỉ lệ bản đồ và toán tuổi — Lời giải & Phân tích chuyên sâu (Phiếu Luyện nâng cao)",D,,20,HK2,Giữa kỳ II,0,0,False,GITA-T1-L4-C10-NC
GITA-T1-L4-C10-OT-GP,T1,4,10,"Tổng – tỉ, hiệu – tỉ, tỉ lệ bản đồ và toán tuổi",GP,Phiếu Lời giải & Phân tích chuyên sâu,"Tổng – tỉ, hiệu – tỉ, tỉ lệ bản đồ và toán tuổi — Lời giải & Phân tích chuyên sâu (Phiếu Ôn thi)",D,,21,HK2,Giữa kỳ II,0,0,False,GITA-T1-L4-C10-OT
GITA-T1-L4-C10-TH-GP,T1,4,10,"Tổng – tỉ, hiệu – tỉ, tỉ lệ bản đồ và toán tuổi",GP,Phiếu Lời giải & Phân tích chuyên sâu,"Tổng – tỉ, hiệu – tỉ, tỉ lệ bản đồ và toán tuổi — Lời giải & Phân tích chuyên sâu (Phiếu Thi chương)",D,,21,HK2,Giữa kỳ II,0,0,False,GITA-T1-L4-C10-TH
GITA-T1-L4-C11-DB-GP,T1,4,11,"Hình thoi, diện tích và bài toán hình học tổng hợp",GP,Phiếu Lời giải & Phân tích chuyên sâu,"Hình thoi, diện tích và bài toán hình học tổng hợp — Lời giải & Phân tích chuyên sâu (Phiếu Dạng bài & Đọc vị)",F,,22,HK2,Giữa kỳ II,0,0,False,GITA-T1-L4-C11-DB
GITA-T1-L4-C11-HD,T1,4,11,"Hình thoi, diện tích và bài toán hình học tổng hợp",HD,Phiếu Hướng dẫn ôn chắc chuyên đề,"Hình thoi, diện tích và bài toán hình học tổng hợp — Hướng dẫn ôn chắc chuyên đề",F,,21,HK2,Giữa kỳ II,0,0,False,
GITA-T1-L4-C11-KN-GP,T1,4,11,"Hình thoi, diện tích và bài toán hình học tổng hợp",GP,Phiếu Lời giải & Phân tích chuyên sâu,"Hình thoi, diện tích và bài toán hình học tổng hợp — Lời giải & Phân tích chuyên sâu (Phiếu Kỹ năng & Phương pháp)",F,,22,HK2,Giữa kỳ II,0,0,False,GITA-T1-L4-C11-KN
GITA-T1-L4-C11-LT-GP,T1,4,11,"Hình thoi, diện tích và bài toán hình học tổng hợp",GP,Phiếu Lời giải & Phân tích chuyên sâu,"Hình thoi, diện tích và bài toán hình học tổng hợp — Lời giải & Phân tích chuyên sâu (Phiếu Lý thuyết)",F,,21,HK2,Giữa kỳ II,0,0,False,GITA-T1-L4-C11-LT
GITA-T1-L4-C11-NC-GP,T1,4,11,"Hình thoi, diện tích và bài toán hình học tổng hợp",GP,Phiếu Lời giải & Phân tích chuyên sâu,"Hình thoi, diện tích và bài toán hình học tổng hợp — Lời giải & Phân tích chuyên sâu (Phiếu Luyện nâng cao)",F,,22,HK2,Giữa kỳ II,0,0,False,GITA-T1-L4-C11-NC
GITA-T1-L4-C11-OT-GP,T1,4,11,"Hình thoi, diện tích và bài toán hình học tổng hợp",GP,Phiếu Lời giải & Phân tích chuyên sâu,"Hình thoi, diện tích và bài toán hình học tổng hợp — Lời giải & Phân tích chuyên sâu (Phiếu Ôn thi)",F,,23,HK2,Giữa kỳ II,0,0,False,GITA-T1-L4-C11-OT
GITA-T1-L4-C11-TH-GP,T1,4,11,"Hình thoi, diện tích và bài toán hình học tổng hợp",GP,Phiếu Lời giải & Phân tích chuyên sâu,"Hình thoi, diện tích và bài toán hình học tổng hợp — Lời giải & Phân tích chuyên sâu (Phiếu Thi chương)",F,,23,HK2,Giữa kỳ II,0,0,False,GITA-T1-L4-C11-TH
GITA-T1-L4-C12-DB-GP,T1,4,12,"Suy luận logic, đếm hình và toán đếm",GP,Phiếu Lời giải & Phân tích chuyên sâu,"Suy luận logic, đếm hình và toán đếm — Lời giải & Phân tích chuyên sâu (Phiếu Dạng bài & Đọc vị)",G,,24,HK2,Giữa kỳ II,0,0,False,GITA-T1-L4-C12-DB
GITA-T1-L4-C12-HD,T1,4,12,"Suy luận logic, đếm hình và toán đếm",HD,Phiếu Hướng dẫn ôn chắc chuyên đề,"Suy luận logic, đếm hình và toán đếm — Hướng dẫn ôn chắc chuyên đề",G,,23,HK2,Giữa kỳ II,0,0,False,
GITA-T1-L4-C12-KN-GP,T1,4,12,"Suy luận logic, đếm hình và toán đếm",GP,Phiếu Lời giải & Phân tích chuyên sâu,"Suy luận logic, đếm hình và toán đếm — Lời giải & Phân tích chuyên sâu (Phiếu Kỹ năng & Phương pháp)",G,,24,HK2,Giữa kỳ II,0,0,False,GITA-T1-L4-C12-KN
GITA-T1-L4-C12-LT-GP,T1,4,12,"Suy luận logic, đếm hình và toán đếm",GP,Phiếu Lời giải & Phân tích chuyên sâu,"Suy luận logic, đếm hình và toán đếm — Lời giải & Phân tích chuyên sâu (Phiếu Lý thuyết)",G,,23,HK2,Giữa kỳ II,0,0,False,GITA-T1-L4-C12-LT
GITA-T1-L4-C12-NC-GP,T1,4,12,"Suy luận logic, đếm hình và toán đếm",GP,Phiếu Lời giải & Phân tích chuyên sâu,"Suy luận logic, đếm hình và toán đếm — Lời giải & Phân tích chuyên sâu (Phiếu Luyện nâng cao)",G,,24,HK2,Giữa kỳ II,0,0,False,GITA-T1-L4-C12-NC
GITA-T1-L4-C12-OT-GP,T1,4,12,"Suy luận logic, đếm hình và toán đếm",GP,Phiếu Lời giải & Phân tích chuyên sâu,"Suy luận logic, đếm hình và toán đếm — Lời giải & Phân tích chuyên sâu (Phiếu Ôn thi)",G,,25,HK2,Giữa kỳ II,0,0,False,GITA-T1-L4-C12-OT
GITA-T1-L4-C12-TH-GP,T1,4,12,"Suy luận logic, đếm hình và toán đếm",GP,Phiếu Lời giải & Phân tích chuyên sâu,"Suy luận logic, đếm hình và toán đếm — Lời giải & Phân tích chuyên sâu (Phiếu Thi chương)",G,,25,HK2,Giữa kỳ II,0,0,False,GITA-T1-L4-C12-TH
GITA-T1-L4-C13-DB-GP,T1,4,13,"Phép chia phân số, tìm phân số của một số và biểu đồ cột",GP,Phiếu Lời giải & Phân tích chuyên sâu,"Phép chia phân số, tìm phân số của một số và biểu đồ cột — Lời giải & Phân tích chuyên sâu (Phiếu Dạng bài & Đọc vị)",H,,26,HK2,Cuối kỳ II,0,0,False,GITA-T1-L4-C13-DB
GITA-T1-L4-C13-HD,T1,4,13,"Phép chia phân số, tìm phân số của một số và biểu đồ cột",HD,Phiếu Hướng dẫn ôn chắc chuyên đề,"Phép chia phân số, tìm phân số của một số và biểu đồ cột — Hướng dẫn ôn chắc chuyên đề",H,,26,HK2,Cuối kỳ II,0,0,False,
GITA-T1-L4-C13-KN-GP,T1,4,13,"Phép chia phân số, tìm phân số của một số và biểu đồ cột",GP,Phiếu Lời giải & Phân tích chuyên sâu,"Phép chia phân số, tìm phân số của một số và biểu đồ cột — Lời giải & Phân tích chuyên sâu (Phiếu Kỹ năng & Phương pháp)",H,,26,HK2,Cuối kỳ II,0,0,False,GITA-T1-L4-C13-KN
GITA-T1-L4-C13-LT-GP,T1,4,13,"Phép chia phân số, tìm phân số của một số và biểu đồ cột",GP,Phiếu Lời giải & Phân tích chuyên sâu,"Phép chia phân số, tìm phân số của một số và biểu đồ cột — Lời giải & Phân tích chuyên sâu (Phiếu Lý thuyết)",H,,26,HK2,Cuối kỳ II,0,0,False,GITA-T1-L4-C13-LT
GITA-T1-L4-C13-NC-GP,T1,4,13,"Phép chia phân số, tìm phân số của một số và biểu đồ cột",GP,Phiếu Lời giải & Phân tích chuyên sâu,"Phép chia phân số, tìm phân số của một số và biểu đồ cột — Lời giải & Phân tích chuyên sâu (Phiếu Luyện nâng cao)",H,,27,HK2,Cuối kỳ II,0,0,False,GITA-T1-L4-C13-NC
GITA-T1-L4-C13-OT-GP,T1,4,13,"Phép chia phân số, tìm phân số của một số và biểu đồ cột",GP,Phiếu Lời giải & Phân tích chuyên sâu,"Phép chia phân số, tìm phân số của một số và biểu đồ cột — Lời giải & Phân tích chuyên sâu (Phiếu Ôn thi)",H,,27,HK2,Cuối kỳ II,0,0,False,GITA-T1-L4-C13-OT
GITA-T1-L4-C13-TH-GP,T1,4,13,"Phép chia phân số, tìm phân số của một số và biểu đồ cột",GP,Phiếu Lời giải & Phân tích chuyên sâu,"Phép chia phân số, tìm phân số của một số và biểu đồ cột — Lời giải & Phân tích chuyên sâu (Phiếu Thi chương)",H,,27,HK2,Cuối kỳ II,0,0,False,GITA-T1-L4-C13-TH
GITA-T1-L4-C14-DB-GP,T1,4,14,"Đổi đơn vị tổng hợp, thời gian và toán thực tế",GP,Phiếu Lời giải & Phân tích chuyên sâu,"Đổi đơn vị tổng hợp, thời gian và toán thực tế — Lời giải & Phân tích chuyên sâu (Phiếu Dạng bài & Đọc vị)",E,,28,HK2,Cuối kỳ II,0,0,False,GITA-T1-L4-C14-DB
GITA-T1-L4-C14-HD,T1,4,14,"Đổi đơn vị tổng hợp, thời gian và toán thực tế",HD,Phiếu Hướng dẫn ôn chắc chuyên đề,"Đổi đơn vị tổng hợp, thời gian và toán thực tế — Hướng dẫn ôn chắc chuyên đề",E,,28,HK2,Cuối kỳ II,0,0,False,
GITA-T1-L4-C14-KN-GP,T1,4,14,"Đổi đơn vị tổng hợp, thời gian và toán thực tế",GP,Phiếu Lời giải & Phân tích chuyên sâu,"Đổi đơn vị tổng hợp, thời gian và toán thực tế — Lời giải & Phân tích chuyên sâu (Phiếu Kỹ năng & Phương pháp)",E,,28,HK2,Cuối kỳ II,0,0,False,GITA-T1-L4-C14-KN
GITA-T1-L4-C14-LT-GP,T1,4,14,"Đổi đơn vị tổng hợp, thời gian và toán thực tế",GP,Phiếu Lời giải & Phân tích chuyên sâu,"Đổi đơn vị tổng hợp, thời gian và toán thực tế — Lời giải & Phân tích chuyên sâu (Phiếu Lý thuyết)",E,,28,HK2,Cuối kỳ II,0,0,False,GITA-T1-L4-C14-LT
GITA-T1-L4-C14-NC-GP,T1,4,14,"Đổi đơn vị tổng hợp, thời gian và toán thực tế",GP,Phiếu Lời giải & Phân tích chuyên sâu,"Đổi đơn vị tổng hợp, thời gian và toán thực tế — Lời giải & Phân tích chuyên sâu (Phiếu Luyện nâng cao)",E,,29,HK2,Cuối kỳ II,0,0,False,GITA-T1-L4-C14-NC
GITA-T1-L4-C14-OT-GP,T1,4,14,"Đổi đơn vị tổng hợp, thời gian và toán thực tế",GP,Phiếu Lời giải & Phân tích chuyên sâu,"Đổi đơn vị tổng hợp, thời gian và toán thực tế — Lời giải & Phân tích chuyên sâu (Phiếu Ôn thi)",E,,29,HK2,Cuối kỳ II,0,0,False,GITA-T1-L4-C14-OT
GITA-T1-L4-C14-TH-GP,T1,4,14,"Đổi đơn vị tổng hợp, thời gian và toán thực tế",GP,Phiếu Lời giải & Phân tích chuyên sâu,"Đổi đơn vị tổng hợp, thời gian và toán thực tế — Lời giải & Phân tích chuyên sâu (Phiếu Thi chương)",E,,29,HK2,Cuối kỳ II,0,0,False,GITA-T1-L4-C14-TH
GITA-T1-L4-C15-DB-GP,T1,4,15,"Năng suất, chuyển động và tổng ôn giải toán",GP,Phiếu Lời giải & Phân tích chuyên sâu,"Năng suất, chuyển động và tổng ôn giải toán — Lời giải & Phân tích chuyên sâu (Phiếu Dạng bài & Đọc vị)",D,,30,HK2,Cuối kỳ II,0,0,False,GITA-T1-L4-C15-DB
GITA-T1-L4-C15-HD,T1,4,15,"Năng suất, chuyển động và tổng ôn giải toán",HD,Phiếu Hướng dẫn ôn chắc chuyên đề,"Năng suất, chuyển động và tổng ôn giải toán — Hướng dẫn ôn chắc chuyên đề",D,,30,HK2,Cuối kỳ II,0,0,False,
GITA-T1-L4-C15-KN-GP,T1,4,15,"Năng suất, chuyển động và tổng ôn giải toán",GP,Phiếu Lời giải & Phân tích chuyên sâu,"Năng suất, chuyển động và tổng ôn giải toán — Lời giải & Phân tích chuyên sâu (Phiếu Kỹ năng & Phương pháp)",D,,30,HK2,Cuối kỳ II,0,0,False,GITA-T1-L4-C15-KN
GITA-T1-L4-C15-LT-GP,T1,4,15,"Năng suất, chuyển động và tổng ôn giải toán",GP,Phiếu Lời giải & Phân tích chuyên sâu,"Năng suất, chuyển động và tổng ôn giải toán — Lời giải & Phân tích chuyên sâu (Phiếu Lý thuyết)",D,,30,HK2,Cuối kỳ II,0,0,False,GITA-T1-L4-C15-LT
GITA-T1-L4-C15-NC-GP,T1,4,15,"Năng suất, chuyển động và tổng ôn giải toán",GP,Phiếu Lời giải & Phân tích chuyên sâu,"Năng suất, chuyển động và tổng ôn giải toán — Lời giải & Phân tích chuyên sâu (Phiếu Luyện nâng cao)",D,,31,HK2,Cuối kỳ II,0,0,False,GITA-T1-L4-C15-NC
GITA-T1-L4-C15-OT-GP,T1,4,15,"Năng suất, chuyển động và tổng ôn giải toán",GP,Phiếu Lời giải & Phân tích chuyên sâu,"Năng suất, chuyển động và tổng ôn giải toán — Lời giải & Phân tích chuyên sâu (Phiếu Ôn thi)",D,,31,HK2,Cuối kỳ II,0,0,False,GITA-T1-L4-C15-OT
GITA-T1-L4-C15-TH-GP,T1,4,15,"Năng suất, chuyển động và tổng ôn giải toán",GP,Phiếu Lời giải & Phân tích chuyên sâu,"Năng suất, chuyển động và tổng ôn giải toán — Lời giải & Phân tích chuyên sâu (Phiếu Thi chương)",D,,31,HK2,Cuối kỳ II,0,0,False,GITA-T1-L4-C15-TH
GITA-T1-L4-C16-DB-GP,T1,4,16,"Biểu thức nhiều bước, tìm x và tính nhanh tổng hợp",GP,Phiếu Lời giải & Phân tích chuyên sâu,"Biểu thức nhiều bước, tìm x và tính nhanh tổng hợp — Lời giải & Phân tích chuyên sâu (Phiếu Dạng bài & Đọc vị)",B,,32,HK2,Cuối kỳ II,0,0,False,GITA-T1-L4-C16-DB
GITA-T1-L4-C16-HD,T1,4,16,"Biểu thức nhiều bước, tìm x và tính nhanh tổng hợp",HD,Phiếu Hướng dẫn ôn chắc chuyên đề,"Biểu thức nhiều bước, tìm x và tính nhanh tổng hợp — Hướng dẫn ôn chắc chuyên đề",B,,32,HK2,Cuối kỳ II,0,0,False,
GITA-T1-L4-C16-KN-GP,T1,4,16,"Biểu thức nhiều bước, tìm x và tính nhanh tổng hợp",GP,Phiếu Lời giải & Phân tích chuyên sâu,"Biểu thức nhiều bước, tìm x và tính nhanh tổng hợp — Lời giải & Phân tích chuyên sâu (Phiếu Kỹ năng & Phương pháp)",B,,32,HK2,Cuối kỳ II,0,0,False,GITA-T1-L4-C16-KN
GITA-T1-L4-C16-LT-GP,T1,4,16,"Biểu thức nhiều bước, tìm x và tính nhanh tổng hợp",GP,Phiếu Lời giải & Phân tích chuyên sâu,"Biểu thức nhiều bước, tìm x và tính nhanh tổng hợp — Lời giải & Phân tích chuyên sâu (Phiếu Lý thuyết)",B,,32,HK2,Cuối kỳ II,0,0,False,GITA-T1-L4-C16-LT
GITA-T1-L4-C16-NC-GP,T1,4,16,"Biểu thức nhiều bước, tìm x và tính nhanh tổng hợp",GP,Phiếu Lời giải & Phân tích chuyên sâu,"Biểu thức nhiều bước, tìm x và tính nhanh tổng hợp — Lời giải & Phân tích chuyên sâu (Phiếu Luyện nâng cao)",B,,33,HK2,Cuối kỳ II,0,0,False,GITA-T1-L4-C16-NC
GITA-T1-L4-C16-OT-GP,T1,4,16,"Biểu thức nhiều bước, tìm x và tính nhanh tổng hợp",GP,Phiếu Lời giải & Phân tích chuyên sâu,"Biểu thức nhiều bước, tìm x và tính nhanh tổng hợp — Lời giải & Phân tích chuyên sâu (Phiếu Ôn thi)",B,,33,HK2,Cuối kỳ II,0,0,False,GITA-T1-L4-C16-OT
GITA-T1-L4-C16-TH-GP,T1,4,16,"Biểu thức nhiều bước, tìm x và tính nhanh tổng hợp",GP,Phiếu Lời giải & Phân tích chuyên sâu,"Biểu thức nhiều bước, tìm x và tính nhanh tổng hợp — Lời giải & Phân tích chuyên sâu (Phiếu Thi chương)",B,,33,HK2,Cuối kỳ II,0,0,False,GITA-T1-L4-C16-TH
GITA-T1-L4-MOC-CK1-GP,T1,4,0,Kiểm tra Cuối kỳ I,GP,Phiếu Lời giải & Phân tích chuyên sâu,Kiểm tra Cuối kỳ I — Lời giải & Phân tích chuyên sâu,*,,17,HK1,Cuối kỳ I,0,0,False,GITA-T1-L4-MOC-CK1
GITA-T1-L4-MOC-CK2-GP,T1,4,0,Kiểm tra Cuối kỳ II,GP,Phiếu Lời giải & Phân tích chuyên sâu,Kiểm tra Cuối kỳ II — Lời giải & Phân tích chuyên sâu,*,,34,HK2,Cuối kỳ II,0,0,False,GITA-T1-L4-MOC-CK2
GITA-T1-L4-MOC-GK1-GP,T1,4,0,Kiểm tra Giữa kỳ I,GP,Phiếu Lời giải & Phân tích chuyên sâu,Kiểm tra Giữa kỳ I — Lời giải & Phân tích chuyên sâu,*,,9,HK1,Giữa kỳ I,0,0,False,GITA-T1-L4-MOC-GK1
GITA-T1-L4-MOC-GK2-GP,T1,4,0,Kiểm tra Giữa kỳ II,GP,Phiếu Lời giải & Phân tích chuyên sâu,Kiểm tra Giữa kỳ II — Lời giải & Phân tích chuyên sâu,*,,25,HK2,Giữa kỳ II,0,0,False,GITA-T1-L4-MOC-GK2
GITA-T2-L4-C01-LT,T2,4,1,"Cấu tạo số, chẵn lẻ và dấu hiệu chia hết",LT,Phiếu Lý thuyết,"Cấu tạo số, chẵn lẻ và dấu hiệu chia hết — Phiếu Lý thuyết",A,1,1,HK1,Giữa kỳ I,90,100,True,
GITA-T2-L4-C01-DB,T2,4,1,"Cấu tạo số, chẵn lẻ và dấu hiệu chia hết",DB,Phiếu Dạng bài & Đọc vị,"Cấu tạo số, chẵn lẻ và dấu hiệu chia hết — Phiếu Dạng bài & Đọc vị",A,2,1,HK1,Giữa kỳ I,90,100,True,
GITA-T2-L4-C01-KN,T2,4,1,"Cấu tạo số, chẵn lẻ và dấu hiệu chia hết",KN,Phiếu Kỹ năng & Phương pháp,"Cấu tạo số, chẵn lẻ và dấu hiệu chia hết — Phiếu Kỹ năng & Phương pháp",A,3,1,HK1,Giữa kỳ I,90,100,True,
GITA-T2-L4-C01-NC,T2,4,1,"Cấu tạo số, chẵn lẻ và dấu hiệu chia hết",NC,Phiếu Luyện nâng cao,"Cấu tạo số, chẵn lẻ và dấu hiệu chia hết — Phiếu Luyện nâng cao",A,4,2,HK1,Giữa kỳ I,90,100,True,
GITA-T2-L4-C01-OT,T2,4,1,"Cấu tạo số, chẵn lẻ và dấu hiệu chia hết",OT,Phiếu Ôn thi,"Cấu tạo số, chẵn lẻ và dấu hiệu chia hết — Phiếu Ôn thi",A,5,2,HK1,Giữa kỳ I,90,100,True,
GITA-T2-L4-C01-TH,T2,4,1,"Cấu tạo số, chẵn lẻ và dấu hiệu chia hết",TH,Phiếu Thi chương,"Cấu tạo số, chẵn lẻ và dấu hiệu chia hết — Phiếu Thi chương",A,6,2,HK1,Giữa kỳ I,90,100,True,
GITA-T2-L4-C02-LT,T2,4,2,Dãy số cách đều và quy luật bảng số,LT,Phiếu Lý thuyết,Dãy số cách đều và quy luật bảng số — Phiếu Lý thuyết,C,7,3,HK1,Giữa kỳ I,90,100,True,
GITA-T2-L4-C02-DB,T2,4,2,Dãy số cách đều và quy luật bảng số,DB,Phiếu Dạng bài & Đọc vị,Dãy số cách đều và quy luật bảng số — Phiếu Dạng bài & Đọc vị,C,8,3,HK1,Giữa kỳ I,90,100,True,
GITA-T2-L4-C02-KN,T2,4,2,Dãy số cách đều và quy luật bảng số,KN,Phiếu Kỹ năng & Phương pháp,Dãy số cách đều và quy luật bảng số — Phiếu Kỹ năng & Phương pháp,C,9,3,HK1,Giữa kỳ I,90,100,True,
GITA-T2-L4-C02-NC,T2,4,2,Dãy số cách đều và quy luật bảng số,NC,Phiếu Luyện nâng cao,Dãy số cách đều và quy luật bảng số — Phiếu Luyện nâng cao,C,10,4,HK1,Giữa kỳ I,90,100,True,
GITA-T2-L4-C02-OT,T2,4,2,Dãy số cách đều và quy luật bảng số,OT,Phiếu Ôn thi,Dãy số cách đều và quy luật bảng số — Phiếu Ôn thi,C,11,4,HK1,Giữa kỳ I,90,100,True,
GITA-T2-L4-C02-TH,T2,4,2,Dãy số cách đều và quy luật bảng số,TH,Phiếu Thi chương,Dãy số cách đều và quy luật bảng số — Phiếu Thi chương,C,12,4,HK1,Giữa kỳ I,90,100,True,
GITA-T2-L4-C03-LT,T2,4,3,"Suy luận loại trừ, Đi-rích-lê và quy tắc đếm",LT,Phiếu Lý thuyết,"Suy luận loại trừ, Đi-rích-lê và quy tắc đếm — Phiếu Lý thuyết",G,13,5,HK1,Giữa kỳ I,90,100,True,
GITA-T2-L4-C03-DB,T2,4,3,"Suy luận loại trừ, Đi-rích-lê và quy tắc đếm",DB,Phiếu Dạng bài & Đọc vị,"Suy luận loại trừ, Đi-rích-lê và quy tắc đếm — Phiếu Dạng bài & Đọc vị",G,14,5,HK1,Giữa kỳ I,90,100,True,
GITA-T2-L4-C03-KN,T2,4,3,"Suy luận loại trừ, Đi-rích-lê và quy tắc đếm",KN,Phiếu Kỹ năng & Phương pháp,"Suy luận loại trừ, Đi-rích-lê và quy tắc đếm — Phiếu Kỹ năng & Phương pháp",G,15,5,HK1,Giữa kỳ I,90,100,True,
GITA-T2-L4-C03-NC,T2,4,3,"Suy luận loại trừ, Đi-rích-lê và quy tắc đếm",NC,Phiếu Luyện nâng cao,"Suy luận loại trừ, Đi-rích-lê và quy tắc đếm — Phiếu Luyện nâng cao",G,16,6,HK1,Giữa kỳ I,90,100,True,
GITA-T2-L4-C03-OT,T2,4,3,"Suy luận loại trừ, Đi-rích-lê và quy tắc đếm",OT,Phiếu Ôn thi,"Suy luận loại trừ, Đi-rích-lê và quy tắc đếm — Phiếu Ôn thi",G,17,6,HK1,Giữa kỳ I,90,100,True,
GITA-T2-L4-C03-TH,T2,4,3,"Suy luận loại trừ, Đi-rích-lê và quy tắc đếm",TH,Phiếu Thi chương,"Suy luận loại trừ, Đi-rích-lê và quy tắc đếm — Phiếu Thi chương",G,18,6,HK1,Giữa kỳ I,90,100,True,
GITA-T2-L4-C04-LT,T2,4,4,"Tổng – hiệu, tổng – tỉ, hiệu – tỉ và đại lượng tỉ lệ",LT,Phiếu Lý thuyết,"Tổng – hiệu, tổng – tỉ, hiệu – tỉ và đại lượng tỉ lệ — Phiếu Lý thuyết",D,19,7,HK1,Giữa kỳ I,90,100,True,
GITA-T2-L4-C04-DB,T2,4,4,"Tổng – hiệu, tổng – tỉ, hiệu – tỉ và đại lượng tỉ lệ",DB,Phiếu Dạng bài & Đọc vị,"Tổng – hiệu, tổng – tỉ, hiệu – tỉ và đại lượng tỉ lệ — Phiếu Dạng bài & Đọc vị",D,20,7,HK1,Giữa kỳ I,90,100,True,
GITA-T2-L4-C04-KN,T2,4,4,"Tổng – hiệu, tổng – tỉ, hiệu – tỉ và đại lượng tỉ lệ",KN,Phiếu Kỹ năng & Phương pháp,"Tổng – hiệu, tổng – tỉ, hiệu – tỉ và đại lượng tỉ lệ — Phiếu Kỹ năng & Phương pháp",D,21,7,HK1,Giữa kỳ I,90,100,True,
GITA-T2-L4-C04-NC,T2,4,4,"Tổng – hiệu, tổng – tỉ, hiệu – tỉ và đại lượng tỉ lệ",NC,Phiếu Luyện nâng cao,"Tổng – hiệu, tổng – tỉ, hiệu – tỉ và đại lượng tỉ lệ — Phiếu Luyện nâng cao",D,22,8,HK1,Giữa kỳ I,90,100,True,
GITA-T2-L4-C04-OT,T2,4,4,"Tổng – hiệu, tổng – tỉ, hiệu – tỉ và đại lượng tỉ lệ",OT,Phiếu Ôn thi,"Tổng – hiệu, tổng – tỉ, hiệu – tỉ và đại lượng tỉ lệ — Phiếu Ôn thi",D,23,8,HK1,Giữa kỳ I,90,100,True,
GITA-T2-L4-C04-TH,T2,4,4,"Tổng – hiệu, tổng – tỉ, hiệu – tỉ và đại lượng tỉ lệ",TH,Phiếu Thi chương,"Tổng – hiệu, tổng – tỉ, hiệu – tỉ và đại lượng tỉ lệ — Phiếu Thi chương",D,24,8,HK1,Giữa kỳ I,90,100,True,
GITA-T2-L4-MOC-GK1,T2,4,0,Kiểm tra Giữa kỳ I,MOC,Phiếu kiểm tra mốc,Kiểm tra Giữa kỳ I — Tổng ôn cụm 1 – 4,*,25,9,HK1,Giữa kỳ I,90,100,True,
GITA-T2-L4-C05-LT,T2,4,5,"Đếm hình, diện tích hình ghép và bài toán ngược",LT,Phiếu Lý thuyết,"Đếm hình, diện tích hình ghép và bài toán ngược — Phiếu Lý thuyết",F,26,9,HK1,Cuối kỳ I,90,100,True,
GITA-T2-L4-C05-DB,T2,4,5,"Đếm hình, diện tích hình ghép và bài toán ngược",DB,Phiếu Dạng bài & Đọc vị,"Đếm hình, diện tích hình ghép và bài toán ngược — Phiếu Dạng bài & Đọc vị",F,27,9,HK1,Cuối kỳ I,90,100,True,
GITA-T2-L4-C05-KN,T2,4,5,"Đếm hình, diện tích hình ghép và bài toán ngược",KN,Phiếu Kỹ năng & Phương pháp,"Đếm hình, diện tích hình ghép và bài toán ngược — Phiếu Kỹ năng & Phương pháp",F,28,10,HK1,Cuối kỳ I,90,100,True,
GITA-T2-L4-C05-NC,T2,4,5,"Đếm hình, diện tích hình ghép và bài toán ngược",NC,Phiếu Luyện nâng cao,"Đếm hình, diện tích hình ghép và bài toán ngược — Phiếu Luyện nâng cao",F,29,10,HK1,Cuối kỳ I,90,100,True,
GITA-T2-L4-C05-OT,T2,4,5,"Đếm hình, diện tích hình ghép và bài toán ngược",OT,Phiếu Ôn thi,"Đếm hình, diện tích hình ghép và bài toán ngược — Phiếu Ôn thi",F,30,10,HK1,Cuối kỳ I,90,100,True,
GITA-T2-L4-C05-TH,T2,4,5,"Đếm hình, diện tích hình ghép và bài toán ngược",TH,Phiếu Thi chương,"Đếm hình, diện tích hình ghép và bài toán ngược — Phiếu Thi chương",F,31,11,HK1,Cuối kỳ I,90,100,True,
GITA-T2-L4-C06-LT,T2,4,6,"Kỹ thuật tính nhanh, so sánh biểu thức và tìm x",LT,Phiếu Lý thuyết,"Kỹ thuật tính nhanh, so sánh biểu thức và tìm x — Phiếu Lý thuyết",B,32,11,HK1,Cuối kỳ I,90,100,True,
GITA-T2-L4-C06-DB,T2,4,6,"Kỹ thuật tính nhanh, so sánh biểu thức và tìm x",DB,Phiếu Dạng bài & Đọc vị,"Kỹ thuật tính nhanh, so sánh biểu thức và tìm x — Phiếu Dạng bài & Đọc vị",B,33,11,HK1,Cuối kỳ I,90,100,True,
GITA-T2-L4-C06-KN,T2,4,6,"Kỹ thuật tính nhanh, so sánh biểu thức và tìm x",KN,Phiếu Kỹ năng & Phương pháp,"Kỹ thuật tính nhanh, so sánh biểu thức và tìm x — Phiếu Kỹ năng & Phương pháp",B,34,12,HK1,Cuối kỳ I,90,100,True,
GITA-T2-L4-C06-NC,T2,4,6,"Kỹ thuật tính nhanh, so sánh biểu thức và tìm x",NC,Phiếu Luyện nâng cao,"Kỹ thuật tính nhanh, so sánh biểu thức và tìm x — Phiếu Luyện nâng cao",B,35,12,HK1,Cuối kỳ I,90,100,True,
GITA-T2-L4-C06-OT,T2,4,6,"Kỹ thuật tính nhanh, so sánh biểu thức và tìm x",OT,Phiếu Ôn thi,"Kỹ thuật tính nhanh, so sánh biểu thức và tìm x — Phiếu Ôn thi",B,36,12,HK1,Cuối kỳ I,90,100,True,
GITA-T2-L4-C06-TH,T2,4,6,"Kỹ thuật tính nhanh, so sánh biểu thức và tìm x",TH,Phiếu Thi chương,"Kỹ thuật tính nhanh, so sánh biểu thức và tìm x — Phiếu Thi chương",B,37,13,HK1,Cuối kỳ I,90,100,True,
GITA-T2-L4-C07-LT,T2,4,7,"Chia có dư, số nguyên tố và chữ số tận cùng",LT,Phiếu Lý thuyết,"Chia có dư, số nguyên tố và chữ số tận cùng — Phiếu Lý thuyết",A,38,13,HK1,Cuối kỳ I,90,100,True,
GITA-T2-L4-C07-DB,T2,4,7,"Chia có dư, số nguyên tố và chữ số tận cùng",DB,Phiếu Dạng bài & Đọc vị,"Chia có dư, số nguyên tố và chữ số tận cùng — Phiếu Dạng bài & Đọc vị",A,39,13,HK1,Cuối kỳ I,90,100,True,
GITA-T2-L4-C07-KN,T2,4,7,"Chia có dư, số nguyên tố và chữ số tận cùng",KN,Phiếu Kỹ năng & Phương pháp,"Chia có dư, số nguyên tố và chữ số tận cùng — Phiếu Kỹ năng & Phương pháp",A,40,14,HK1,Cuối kỳ I,90,100,True,
GITA-T2-L4-C07-NC,T2,4,7,"Chia có dư, số nguyên tố và chữ số tận cùng",NC,Phiếu Luyện nâng cao,"Chia có dư, số nguyên tố và chữ số tận cùng — Phiếu Luyện nâng cao",A,41,14,HK1,Cuối kỳ I,90,100,True,
GITA-T2-L4-C07-OT,T2,4,7,"Chia có dư, số nguyên tố và chữ số tận cùng",OT,Phiếu Ôn thi,"Chia có dư, số nguyên tố và chữ số tận cùng — Phiếu Ôn thi",A,42,14,HK1,Cuối kỳ I,90,100,True,
GITA-T2-L4-C07-TH,T2,4,7,"Chia có dư, số nguyên tố và chữ số tận cùng",TH,Phiếu Thi chương,"Chia có dư, số nguyên tố và chữ số tận cùng — Phiếu Thi chương",A,43,15,HK1,Cuối kỳ I,90,100,True,
GITA-T2-L4-C08-LT,T2,4,8,"Phân số nâng cao: so sánh, tính nhanh và bài toán ẩn",LT,Phiếu Lý thuyết,"Phân số nâng cao: so sánh, tính nhanh và bài toán ẩn — Phiếu Lý thuyết",H,44,15,HK1,Cuối kỳ I,90,100,True,
GITA-T2-L4-C08-DB,T2,4,8,"Phân số nâng cao: so sánh, tính nhanh và bài toán ẩn",DB,Phiếu Dạng bài & Đọc vị,"Phân số nâng cao: so sánh, tính nhanh và bài toán ẩn — Phiếu Dạng bài & Đọc vị",H,45,15,HK1,Cuối kỳ I,90,100,True,
GITA-T2-L4-C08-KN,T2,4,8,"Phân số nâng cao: so sánh, tính nhanh và bài toán ẩn",KN,Phiếu Kỹ năng & Phương pháp,"Phân số nâng cao: so sánh, tính nhanh và bài toán ẩn — Phiếu Kỹ năng & Phương pháp",H,46,16,HK1,Cuối kỳ I,90,100,True,
GITA-T2-L4-C08-NC,T2,4,8,"Phân số nâng cao: so sánh, tính nhanh và bài toán ẩn",NC,Phiếu Luyện nâng cao,"Phân số nâng cao: so sánh, tính nhanh và bài toán ẩn — Phiếu Luyện nâng cao",H,47,16,HK1,Cuối kỳ I,90,100,True,
GITA-T2-L4-C08-OT,T2,4,8,"Phân số nâng cao: so sánh, tính nhanh và bài toán ẩn",OT,Phiếu Ôn thi,"Phân số nâng cao: so sánh, tính nhanh và bài toán ẩn — Phiếu Ôn thi",H,48,16,HK1,Cuối kỳ I,90,100,True,
GITA-T2-L4-C08-TH,T2,4,8,"Phân số nâng cao: so sánh, tính nhanh và bài toán ẩn",TH,Phiếu Thi chương,"Phân số nâng cao: so sánh, tính nhanh và bài toán ẩn — Phiếu Thi chương",H,49,17,HK1,Cuối kỳ I,90,100,True,
GITA-T2-L4-MOC-CK1,T2,4,0,Kiểm tra Cuối kỳ I,MOC,Phiếu kiểm tra mốc,Kiểm tra Cuối kỳ I — Tổng ôn cụm 1 – 8,*,50,17,HK1,Cuối kỳ I,90,100,True,
GITA-T2-L4-C09-LT,T2,4,9,"Công việc chung, tỉ lệ bản đồ và chuyển động làm quen",LT,Phiếu Lý thuyết,"Công việc chung, tỉ lệ bản đồ và chuyển động làm quen — Phiếu Lý thuyết",D,51,17,HK2,Giữa kỳ II,90,100,True,
GITA-T2-L4-C09-DB,T2,4,9,"Công việc chung, tỉ lệ bản đồ và chuyển động làm quen",DB,Phiếu Dạng bài & Đọc vị,"Công việc chung, tỉ lệ bản đồ và chuyển động làm quen — Phiếu Dạng bài & Đọc vị",D,52,18,HK2,Giữa kỳ II,90,100,True,
GITA-T2-L4-C09-KN,T2,4,9,"Công việc chung, tỉ lệ bản đồ và chuyển động làm quen",KN,Phiếu Kỹ năng & Phương pháp,"Công việc chung, tỉ lệ bản đồ và chuyển động làm quen — Phiếu Kỹ năng & Phương pháp",D,53,18,HK2,Giữa kỳ II,90,100,True,
GITA-T2-L4-C09-NC,T2,4,9,"Công việc chung, tỉ lệ bản đồ và chuyển động làm quen",NC,Phiếu Luyện nâng cao,"Công việc chung, tỉ lệ bản đồ và chuyển động làm quen — Phiếu Luyện nâng cao",D,54,18,HK2,Giữa kỳ II,90,100,True,
GITA-T2-L4-C09-OT,T2,4,9,"Công việc chung, tỉ lệ bản đồ và chuyển động làm quen",OT,Phiếu Ôn thi,"Công việc chung, tỉ lệ bản đồ và chuyển động làm quen — Phiếu Ôn thi",D,55,19,HK2,Giữa kỳ II,90,100,True,
GITA-T2-L4-C09-TH,T2,4,9,"Công việc chung, tỉ lệ bản đồ và chuyển động làm quen",TH,Phiếu Thi chương,"Công việc chung, tỉ lệ bản đồ và chuyển động làm quen — Phiếu Thi chương",D,56,19,HK2,Giữa kỳ II,90,100,True,
GITA-T2-L4-C10-LT,T2,4,10,"Nói thật – nói dối, bù trừ, bất biến và chia phần",LT,Phiếu Lý thuyết,"Nói thật – nói dối, bù trừ, bất biến và chia phần — Phiếu Lý thuyết",G,57,19,HK2,Giữa kỳ II,90,100,True,
GITA-T2-L4-C10-DB,T2,4,10,"Nói thật – nói dối, bù trừ, bất biến và chia phần",DB,Phiếu Dạng bài & Đọc vị,"Nói thật – nói dối, bù trừ, bất biến và chia phần — Phiếu Dạng bài & Đọc vị",G,58,20,HK2,Giữa kỳ II,90,100,True,
GITA-T2-L4-C10-KN,T2,4,10,"Nói thật – nói dối, bù trừ, bất biến và chia phần",KN,Phiếu Kỹ năng & Phương pháp,"Nói thật – nói dối, bù trừ, bất biến và chia phần — Phiếu Kỹ năng & Phương pháp",G,59,20,HK2,Giữa kỳ II,90,100,True,
GITA-T2-L4-C10-NC,T2,4,10,"Nói thật – nói dối, bù trừ, bất biến và chia phần",NC,Phiếu Luyện nâng cao,"Nói thật – nói dối, bù trừ, bất biến và chia phần — Phiếu Luyện nâng cao",G,60,20,HK2,Giữa kỳ II,90,100,True,
GITA-T2-L4-C10-OT,T2,4,10,"Nói thật – nói dối, bù trừ, bất biến và chia phần",OT,Phiếu Ôn thi,"Nói thật – nói dối, bù trừ, bất biến và chia phần — Phiếu Ôn thi",G,61,21,HK2,Giữa kỳ II,90,100,True,
GITA-T2-L4-C10-TH,T2,4,10,"Nói thật – nói dối, bù trừ, bất biến và chia phần",TH,Phiếu Thi chương,"Nói thật – nói dối, bù trừ, bất biến và chia phần — Phiếu Thi chương",G,62,21,HK2,Giữa kỳ II,90,100,True,
GITA-T2-L4-C11-LT,T2,4,11,"Dãy số hình, đánh số trang và dãy số dạng đề thi",LT,Phiếu Lý thuyết,"Dãy số hình, đánh số trang và dãy số dạng đề thi — Phiếu Lý thuyết",C,63,21,HK2,Giữa kỳ II,90,100,True,
GITA-T2-L4-C11-DB,T2,4,11,"Dãy số hình, đánh số trang và dãy số dạng đề thi",DB,Phiếu Dạng bài & Đọc vị,"Dãy số hình, đánh số trang và dãy số dạng đề thi — Phiếu Dạng bài & Đọc vị",C,64,22,HK2,Giữa kỳ II,90,100,True,
GITA-T2-L4-C11-KN,T2,4,11,"Dãy số hình, đánh số trang và dãy số dạng đề thi",KN,Phiếu Kỹ năng & Phương pháp,"Dãy số hình, đánh số trang và dãy số dạng đề thi — Phiếu Kỹ năng & Phương pháp",C,65,22,HK2,Giữa kỳ II,90,100,True,
GITA-T2-L4-C11-NC,T2,4,11,"Dãy số hình, đánh số trang và dãy số dạng đề thi",NC,Phiếu Luyện nâng cao,"Dãy số hình, đánh số trang và dãy số dạng đề thi — Phiếu Luyện nâng cao",C,66,22,HK2,Giữa kỳ II,90,100,True,
GITA-T2-L4-C11-OT,T2,4,11,"Dãy số hình, đánh số trang và dãy số dạng đề thi",OT,Phiếu Ôn thi,"Dãy số hình, đánh số trang và dãy số dạng đề thi — Phiếu Ôn thi",C,67,23,HK2,Giữa kỳ II,90,100,True,
GITA-T2-L4-C11-TH,T2,4,11,"Dãy số hình, đánh số trang và dãy số dạng đề thi",TH,Phiếu Thi chương,"Dãy số hình, đánh số trang và dãy số dạng đề thi — Phiếu Thi chương",C,68,23,HK2,Giữa kỳ II,90,100,True,
GITA-T2-L4-C12-LT,T2,4,12,"Hình chữ nhật biến đổi, ghép cắt hình và hình học dạng đề thi",LT,Phiếu Lý thuyết,"Hình chữ nhật biến đổi, ghép cắt hình và hình học dạng đề thi — Phiếu Lý thuyết",F,69,23,HK2,Giữa kỳ II,90,100,True,
GITA-T2-L4-C12-DB,T2,4,12,"Hình chữ nhật biến đổi, ghép cắt hình và hình học dạng đề thi",DB,Phiếu Dạng bài & Đọc vị,"Hình chữ nhật biến đổi, ghép cắt hình và hình học dạng đề thi — Phiếu Dạng bài & Đọc vị",F,70,24,HK2,Giữa kỳ II,90,100,True,
GITA-T2-L4-C12-KN,T2,4,12,"Hình chữ nhật biến đổi, ghép cắt hình và hình học dạng đề thi",KN,Phiếu Kỹ năng & Phương pháp,"Hình chữ nhật biến đổi, ghép cắt hình và hình học dạng đề thi — Phiếu Kỹ năng & Phương pháp",F,71,24,HK2,Giữa kỳ II,90,100,True,
GITA-T2-L4-C12-NC,T2,4,12,"Hình chữ nhật biến đổi, ghép cắt hình và hình học dạng đề thi",NC,Phiếu Luyện nâng cao,"Hình chữ nhật biến đổi, ghép cắt hình và hình học dạng đề thi — Phiếu Luyện nâng cao",F,72,24,HK2,Giữa kỳ II,90,100,True,
GITA-T2-L4-C12-OT,T2,4,12,"Hình chữ nhật biến đổi, ghép cắt hình và hình học dạng đề thi",OT,Phiếu Ôn thi,"Hình chữ nhật biến đổi, ghép cắt hình và hình học dạng đề thi — Phiếu Ôn thi",F,73,25,HK2,Giữa kỳ II,90,100,True,
GITA-T2-L4-C12-TH,T2,4,12,"Hình chữ nhật biến đổi, ghép cắt hình và hình học dạng đề thi",TH,Phiếu Thi chương,"Hình chữ nhật biến đổi, ghép cắt hình và hình học dạng đề thi — Phiếu Thi chương",F,74,25,HK2,Giữa kỳ II,90,100,True,
GITA-T2-L4-MOC-GK2,T2,4,0,Kiểm tra Giữa kỳ II,MOC,Phiếu kiểm tra mốc,Kiểm tra Giữa kỳ II — Tổng ôn cụm 9 – 12,*,75,25,HK2,Giữa kỳ II,90,100,True,
GITA-T2-L4-C13-LT,T2,4,13,"Đại lượng, đo lường và toán thực tế",LT,Phiếu Lý thuyết,"Đại lượng, đo lường và toán thực tế — Phiếu Lý thuyết",E,76,26,HK2,Cuối kỳ II,90,100,True,
GITA-T2-L4-C13-DB,T2,4,13,"Đại lượng, đo lường và toán thực tế",DB,Phiếu Dạng bài & Đọc vị,"Đại lượng, đo lường và toán thực tế — Phiếu Dạng bài & Đọc vị",E,77,26,HK2,Cuối kỳ II,90,100,True,
GITA-T2-L4-C13-KN,T2,4,13,"Đại lượng, đo lường và toán thực tế",KN,Phiếu Kỹ năng & Phương pháp,"Đại lượng, đo lường và toán thực tế — Phiếu Kỹ năng & Phương pháp",E,78,26,HK2,Cuối kỳ II,90,100,True,
GITA-T2-L4-C13-NC,T2,4,13,"Đại lượng, đo lường và toán thực tế",NC,Phiếu Luyện nâng cao,"Đại lượng, đo lường và toán thực tế — Phiếu Luyện nâng cao",E,79,27,HK2,Cuối kỳ II,90,100,True,
GITA-T2-L4-C13-OT,T2,4,13,"Đại lượng, đo lường và toán thực tế",OT,Phiếu Ôn thi,"Đại lượng, đo lường và toán thực tế — Phiếu Ôn thi",E,80,27,HK2,Cuối kỳ II,90,100,True,
GITA-T2-L4-C13-TH,T2,4,13,"Đại lượng, đo lường và toán thực tế",TH,Phiếu Thi chương,"Đại lượng, đo lường và toán thực tế — Phiếu Thi chương",E,81,27,HK2,Cuối kỳ II,90,100,True,
GITA-T2-L4-C14-LT,T2,4,14,"Số chia hết, số dư và số học dạng đề thi vào lớp 6",LT,Phiếu Lý thuyết,"Số chia hết, số dư và số học dạng đề thi vào lớp 6 — Phiếu Lý thuyết",A,82,28,HK2,Cuối kỳ II,90,100,True,
GITA-T2-L4-C14-DB,T2,4,14,"Số chia hết, số dư và số học dạng đề thi vào lớp 6",DB,Phiếu Dạng bài & Đọc vị,"Số chia hết, số dư và số học dạng đề thi vào lớp 6 — Phiếu Dạng bài & Đọc vị",A,83,28,HK2,Cuối kỳ II,90,100,True,
GITA-T2-L4-C14-KN,T2,4,14,"Số chia hết, số dư và số học dạng đề thi vào lớp 6",KN,Phiếu Kỹ năng & Phương pháp,"Số chia hết, số dư và số học dạng đề thi vào lớp 6 — Phiếu Kỹ năng & Phương pháp",A,84,28,HK2,Cuối kỳ II,90,100,True,
GITA-T2-L4-C14-NC,T2,4,14,"Số chia hết, số dư và số học dạng đề thi vào lớp 6",NC,Phiếu Luyện nâng cao,"Số chia hết, số dư và số học dạng đề thi vào lớp 6 — Phiếu Luyện nâng cao",A,85,29,HK2,Cuối kỳ II,90,100,True,
GITA-T2-L4-C14-OT,T2,4,14,"Số chia hết, số dư và số học dạng đề thi vào lớp 6",OT,Phiếu Ôn thi,"Số chia hết, số dư và số học dạng đề thi vào lớp 6 — Phiếu Ôn thi",A,86,29,HK2,Cuối kỳ II,90,100,True,
GITA-T2-L4-C14-TH,T2,4,14,"Số chia hết, số dư và số học dạng đề thi vào lớp 6",TH,Phiếu Thi chương,"Số chia hết, số dư và số học dạng đề thi vào lớp 6 — Phiếu Thi chương",A,87,29,HK2,Cuối kỳ II,90,100,True,
GITA-T2-L4-C15-LT,T2,4,15,Suy luận tổng hợp và mô phỏng đề CLC,LT,Phiếu Lý thuyết,Suy luận tổng hợp và mô phỏng đề CLC — Phiếu Lý thuyết,G,88,30,HK2,Cuối kỳ II,90,100,True,
GITA-T2-L4-C15-DB,T2,4,15,Suy luận tổng hợp và mô phỏng đề CLC,DB,Phiếu Dạng bài & Đọc vị,Suy luận tổng hợp và mô phỏng đề CLC — Phiếu Dạng bài & Đọc vị,G,89,30,HK2,Cuối kỳ II,90,100,True,
GITA-T2-L4-C15-KN,T2,4,15,Suy luận tổng hợp và mô phỏng đề CLC,KN,Phiếu Kỹ năng & Phương pháp,Suy luận tổng hợp và mô phỏng đề CLC — Phiếu Kỹ năng & Phương pháp,G,90,30,HK2,Cuối kỳ II,90,100,True,
GITA-T2-L4-C15-NC,T2,4,15,Suy luận tổng hợp và mô phỏng đề CLC,NC,Phiếu Luyện nâng cao,Suy luận tổng hợp và mô phỏng đề CLC — Phiếu Luyện nâng cao,G,91,31,HK2,Cuối kỳ II,90,100,True,
GITA-T2-L4-C15-OT,T2,4,15,Suy luận tổng hợp và mô phỏng đề CLC,OT,Phiếu Ôn thi,Suy luận tổng hợp và mô phỏng đề CLC — Phiếu Ôn thi,G,92,31,HK2,Cuối kỳ II,90,100,True,
GITA-T2-L4-C15-TH,T2,4,15,Suy luận tổng hợp và mô phỏng đề CLC,TH,Phiếu Thi chương,Suy luận tổng hợp và mô phỏng đề CLC — Phiếu Thi chương,G,93,31,HK2,Cuối kỳ II,90,100,True,
GITA-T2-L4-C16-LT,T2,4,16,Toán điển hình dạng đề thi vào lớp 6 và tổng ôn,LT,Phiếu Lý thuyết,Toán điển hình dạng đề thi vào lớp 6 và tổng ôn — Phiếu Lý thuyết,D,94,32,HK2,Cuối kỳ II,90,100,True,
GITA-T2-L4-C16-DB,T2,4,16,Toán điển hình dạng đề thi vào lớp 6 và tổng ôn,DB,Phiếu Dạng bài & Đọc vị,Toán điển hình dạng đề thi vào lớp 6 và tổng ôn — Phiếu Dạng bài & Đọc vị,D,95,32,HK2,Cuối kỳ II,90,100,True,
GITA-T2-L4-C16-KN,T2,4,16,Toán điển hình dạng đề thi vào lớp 6 và tổng ôn,KN,Phiếu Kỹ năng & Phương pháp,Toán điển hình dạng đề thi vào lớp 6 và tổng ôn — Phiếu Kỹ năng & Phương pháp,D,96,32,HK2,Cuối kỳ II,90,100,True,
GITA-T2-L4-C16-NC,T2,4,16,Toán điển hình dạng đề thi vào lớp 6 và tổng ôn,NC,Phiếu Luyện nâng cao,Toán điển hình dạng đề thi vào lớp 6 và tổng ôn — Phiếu Luyện nâng cao,D,97,33,HK2,Cuối kỳ II,90,100,True,
GITA-T2-L4-C16-OT,T2,4,16,Toán điển hình dạng đề thi vào lớp 6 và tổng ôn,OT,Phiếu Ôn thi,Toán điển hình dạng đề thi vào lớp 6 và tổng ôn — Phiếu Ôn thi,D,98,33,HK2,Cuối kỳ II,90,100,True,
GITA-T2-L4-C16-TH,T2,4,16,Toán điển hình dạng đề thi vào lớp 6 và tổng ôn,TH,Phiếu Thi chương,Toán điển hình dạng đề thi vào lớp 6 và tổng ôn — Phiếu Thi chương,D,99,33,HK2,Cuối kỳ II,90,100,True,
GITA-T2-L4-MOC-CK2,T2,4,0,Kiểm tra Cuối kỳ II,MOC,Phiếu kiểm tra mốc,"Kiểm tra Cuối kỳ II — Tổng ôn cụm 1 – 16, chuẩn đầu ra cả năm",*,100,34,HK2,Cuối kỳ II,90,100,True,
GITA-T2-L4-C01-DB-GP,T2,4,1,"Cấu tạo số, chẵn lẻ và dấu hiệu chia hết",GP,Phiếu Lời giải & Phân tích chuyên sâu,"Cấu tạo số, chẵn lẻ và dấu hiệu chia hết — Lời giải & Phân tích chuyên sâu (Phiếu Dạng bài & Đọc vị)",A,,1,HK1,Giữa kỳ I,0,0,False,GITA-T2-L4-C01-DB
GITA-T2-L4-C01-HD,T2,4,1,"Cấu tạo số, chẵn lẻ và dấu hiệu chia hết",HD,Phiếu Hướng dẫn ôn chắc chuyên đề,"Cấu tạo số, chẵn lẻ và dấu hiệu chia hết — Hướng dẫn ôn chắc chuyên đề",A,,1,HK1,Giữa kỳ I,0,0,False,
GITA-T2-L4-C01-KN-GP,T2,4,1,"Cấu tạo số, chẵn lẻ và dấu hiệu chia hết",GP,Phiếu Lời giải & Phân tích chuyên sâu,"Cấu tạo số, chẵn lẻ và dấu hiệu chia hết — Lời giải & Phân tích chuyên sâu (Phiếu Kỹ năng & Phương pháp)",A,,1,HK1,Giữa kỳ I,0,0,False,GITA-T2-L4-C01-KN
GITA-T2-L4-C01-LT-GP,T2,4,1,"Cấu tạo số, chẵn lẻ và dấu hiệu chia hết",GP,Phiếu Lời giải & Phân tích chuyên sâu,"Cấu tạo số, chẵn lẻ và dấu hiệu chia hết — Lời giải & Phân tích chuyên sâu (Phiếu Lý thuyết)",A,,1,HK1,Giữa kỳ I,0,0,False,GITA-T2-L4-C01-LT
GITA-T2-L4-C01-NC-GP,T2,4,1,"Cấu tạo số, chẵn lẻ và dấu hiệu chia hết",GP,Phiếu Lời giải & Phân tích chuyên sâu,"Cấu tạo số, chẵn lẻ và dấu hiệu chia hết — Lời giải & Phân tích chuyên sâu (Phiếu Luyện nâng cao)",A,,2,HK1,Giữa kỳ I,0,0,False,GITA-T2-L4-C01-NC
GITA-T2-L4-C01-OT-GP,T2,4,1,"Cấu tạo số, chẵn lẻ và dấu hiệu chia hết",GP,Phiếu Lời giải & Phân tích chuyên sâu,"Cấu tạo số, chẵn lẻ và dấu hiệu chia hết — Lời giải & Phân tích chuyên sâu (Phiếu Ôn thi)",A,,2,HK1,Giữa kỳ I,0,0,False,GITA-T2-L4-C01-OT
GITA-T2-L4-C01-TH-GP,T2,4,1,"Cấu tạo số, chẵn lẻ và dấu hiệu chia hết",GP,Phiếu Lời giải & Phân tích chuyên sâu,"Cấu tạo số, chẵn lẻ và dấu hiệu chia hết — Lời giải & Phân tích chuyên sâu (Phiếu Thi chương)",A,,2,HK1,Giữa kỳ I,0,0,False,GITA-T2-L4-C01-TH
GITA-T2-L4-C02-DB-GP,T2,4,2,Dãy số cách đều và quy luật bảng số,GP,Phiếu Lời giải & Phân tích chuyên sâu,Dãy số cách đều và quy luật bảng số — Lời giải & Phân tích chuyên sâu (Phiếu Dạng bài & Đọc vị),C,,3,HK1,Giữa kỳ I,0,0,False,GITA-T2-L4-C02-DB
GITA-T2-L4-C02-HD,T2,4,2,Dãy số cách đều và quy luật bảng số,HD,Phiếu Hướng dẫn ôn chắc chuyên đề,Dãy số cách đều và quy luật bảng số — Hướng dẫn ôn chắc chuyên đề,C,,3,HK1,Giữa kỳ I,0,0,False,
GITA-T2-L4-C02-KN-GP,T2,4,2,Dãy số cách đều và quy luật bảng số,GP,Phiếu Lời giải & Phân tích chuyên sâu,Dãy số cách đều và quy luật bảng số — Lời giải & Phân tích chuyên sâu (Phiếu Kỹ năng & Phương pháp),C,,3,HK1,Giữa kỳ I,0,0,False,GITA-T2-L4-C02-KN
GITA-T2-L4-C02-LT-GP,T2,4,2,Dãy số cách đều và quy luật bảng số,GP,Phiếu Lời giải & Phân tích chuyên sâu,Dãy số cách đều và quy luật bảng số — Lời giải & Phân tích chuyên sâu (Phiếu Lý thuyết),C,,3,HK1,Giữa kỳ I,0,0,False,GITA-T2-L4-C02-LT
GITA-T2-L4-C02-NC-GP,T2,4,2,Dãy số cách đều và quy luật bảng số,GP,Phiếu Lời giải & Phân tích chuyên sâu,Dãy số cách đều và quy luật bảng số — Lời giải & Phân tích chuyên sâu (Phiếu Luyện nâng cao),C,,4,HK1,Giữa kỳ I,0,0,False,GITA-T2-L4-C02-NC
GITA-T2-L4-C02-OT-GP,T2,4,2,Dãy số cách đều và quy luật bảng số,GP,Phiếu Lời giải & Phân tích chuyên sâu,Dãy số cách đều và quy luật bảng số — Lời giải & Phân tích chuyên sâu (Phiếu Ôn thi),C,,4,HK1,Giữa kỳ I,0,0,False,GITA-T2-L4-C02-OT
GITA-T2-L4-C02-TH-GP,T2,4,2,Dãy số cách đều và quy luật bảng số,GP,Phiếu Lời giải & Phân tích chuyên sâu,Dãy số cách đều và quy luật bảng số — Lời giải & Phân tích chuyên sâu (Phiếu Thi chương),C,,4,HK1,Giữa kỳ I,0,0,False,GITA-T2-L4-C02-TH
GITA-T2-L4-C03-DB-GP,T2,4,3,"Suy luận loại trừ, Đi-rích-lê và quy tắc đếm",GP,Phiếu Lời giải & Phân tích chuyên sâu,"Suy luận loại trừ, Đi-rích-lê và quy tắc đếm — Lời giải & Phân tích chuyên sâu (Phiếu Dạng bài & Đọc vị)",G,,5,HK1,Giữa kỳ I,0,0,False,GITA-T2-L4-C03-DB
GITA-T2-L4-C03-HD,T2,4,3,"Suy luận loại trừ, Đi-rích-lê và quy tắc đếm",HD,Phiếu Hướng dẫn ôn chắc chuyên đề,"Suy luận loại trừ, Đi-rích-lê và quy tắc đếm — Hướng dẫn ôn chắc chuyên đề",G,,5,HK1,Giữa kỳ I,0,0,False,
GITA-T2-L4-C03-KN-GP,T2,4,3,"Suy luận loại trừ, Đi-rích-lê và quy tắc đếm",GP,Phiếu Lời giải & Phân tích chuyên sâu,"Suy luận loại trừ, Đi-rích-lê và quy tắc đếm — Lời giải & Phân tích chuyên sâu (Phiếu Kỹ năng & Phương pháp)",G,,5,HK1,Giữa kỳ I,0,0,False,GITA-T2-L4-C03-KN
GITA-T2-L4-C03-LT-GP,T2,4,3,"Suy luận loại trừ, Đi-rích-lê và quy tắc đếm",GP,Phiếu Lời giải & Phân tích chuyên sâu,"Suy luận loại trừ, Đi-rích-lê và quy tắc đếm — Lời giải & Phân tích chuyên sâu (Phiếu Lý thuyết)",G,,5,HK1,Giữa kỳ I,0,0,False,GITA-T2-L4-C03-LT
GITA-T2-L4-C03-NC-GP,T2,4,3,"Suy luận loại trừ, Đi-rích-lê và quy tắc đếm",GP,Phiếu Lời giải & Phân tích chuyên sâu,"Suy luận loại trừ, Đi-rích-lê và quy tắc đếm — Lời giải & Phân tích chuyên sâu (Phiếu Luyện nâng cao)",G,,6,HK1,Giữa kỳ I,0,0,False,GITA-T2-L4-C03-NC
GITA-T2-L4-C03-OT-GP,T2,4,3,"Suy luận loại trừ, Đi-rích-lê và quy tắc đếm",GP,Phiếu Lời giải & Phân tích chuyên sâu,"Suy luận loại trừ, Đi-rích-lê và quy tắc đếm — Lời giải & Phân tích chuyên sâu (Phiếu Ôn thi)",G,,6,HK1,Giữa kỳ I,0,0,False,GITA-T2-L4-C03-OT
GITA-T2-L4-C03-TH-GP,T2,4,3,"Suy luận loại trừ, Đi-rích-lê và quy tắc đếm",GP,Phiếu Lời giải & Phân tích chuyên sâu,"Suy luận loại trừ, Đi-rích-lê và quy tắc đếm — Lời giải & Phân tích chuyên sâu (Phiếu Thi chương)",G,,6,HK1,Giữa kỳ I,0,0,False,GITA-T2-L4-C03-TH
GITA-T2-L4-C04-DB-GP,T2,4,4,"Tổng – hiệu, tổng – tỉ, hiệu – tỉ và đại lượng tỉ lệ",GP,Phiếu Lời giải & Phân tích chuyên sâu,"Tổng – hiệu, tổng – tỉ, hiệu – tỉ và đại lượng tỉ lệ — Lời giải & Phân tích chuyên sâu (Phiếu Dạng bài & Đọc vị)",D,,7,HK1,Giữa kỳ I,0,0,False,GITA-T2-L4-C04-DB
GITA-T2-L4-C04-HD,T2,4,4,"Tổng – hiệu, tổng – tỉ, hiệu – tỉ và đại lượng tỉ lệ",HD,Phiếu Hướng dẫn ôn chắc chuyên đề,"Tổng – hiệu, tổng – tỉ, hiệu – tỉ và đại lượng tỉ lệ — Hướng dẫn ôn chắc chuyên đề",D,,7,HK1,Giữa kỳ I,0,0,False,
GITA-T2-L4-C04-KN-GP,T2,4,4,"Tổng – hiệu, tổng – tỉ, hiệu – tỉ và đại lượng tỉ lệ",GP,Phiếu Lời giải & Phân tích chuyên sâu,"Tổng – hiệu, tổng – tỉ, hiệu – tỉ và đại lượng tỉ lệ — Lời giải & Phân tích chuyên sâu (Phiếu Kỹ năng & Phương pháp)",D,,7,HK1,Giữa kỳ I,0,0,False,GITA-T2-L4-C04-KN
GITA-T2-L4-C04-LT-GP,T2,4,4,"Tổng – hiệu, tổng – tỉ, hiệu – tỉ và đại lượng tỉ lệ",GP,Phiếu Lời giải & Phân tích chuyên sâu,"Tổng – hiệu, tổng – tỉ, hiệu – tỉ và đại lượng tỉ lệ — Lời giải & Phân tích chuyên sâu (Phiếu Lý thuyết)",D,,7,HK1,Giữa kỳ I,0,0,False,GITA-T2-L4-C04-LT
GITA-T2-L4-C04-NC-GP,T2,4,4,"Tổng – hiệu, tổng – tỉ, hiệu – tỉ và đại lượng tỉ lệ",GP,Phiếu Lời giải & Phân tích chuyên sâu,"Tổng – hiệu, tổng – tỉ, hiệu – tỉ và đại lượng tỉ lệ — Lời giải & Phân tích chuyên sâu (Phiếu Luyện nâng cao)",D,,8,HK1,Giữa kỳ I,0,0,False,GITA-T2-L4-C04-NC
GITA-T2-L4-C04-OT-GP,T2,4,4,"Tổng – hiệu, tổng – tỉ, hiệu – tỉ và đại lượng tỉ lệ",GP,Phiếu Lời giải & Phân tích chuyên sâu,"Tổng – hiệu, tổng – tỉ, hiệu – tỉ và đại lượng tỉ lệ — Lời giải & Phân tích chuyên sâu (Phiếu Ôn thi)",D,,8,HK1,Giữa kỳ I,0,0,False,GITA-T2-L4-C04-OT
GITA-T2-L4-C04-TH-GP,T2,4,4,"Tổng – hiệu, tổng – tỉ, hiệu – tỉ và đại lượng tỉ lệ",GP,Phiếu Lời giải & Phân tích chuyên sâu,"Tổng – hiệu, tổng – tỉ, hiệu – tỉ và đại lượng tỉ lệ — Lời giải & Phân tích chuyên sâu (Phiếu Thi chương)",D,,8,HK1,Giữa kỳ I,0,0,False,GITA-T2-L4-C04-TH
GITA-T2-L4-C05-DB-GP,T2,4,5,"Đếm hình, diện tích hình ghép và bài toán ngược",GP,Phiếu Lời giải & Phân tích chuyên sâu,"Đếm hình, diện tích hình ghép và bài toán ngược — Lời giải & Phân tích chuyên sâu (Phiếu Dạng bài & Đọc vị)",F,,9,HK1,Cuối kỳ I,0,0,False,GITA-T2-L4-C05-DB
GITA-T2-L4-C05-HD,T2,4,5,"Đếm hình, diện tích hình ghép và bài toán ngược",HD,Phiếu Hướng dẫn ôn chắc chuyên đề,"Đếm hình, diện tích hình ghép và bài toán ngược — Hướng dẫn ôn chắc chuyên đề",F,,9,HK1,Cuối kỳ I,0,0,False,
GITA-T2-L4-C05-KN-GP,T2,4,5,"Đếm hình, diện tích hình ghép và bài toán ngược",GP,Phiếu Lời giải & Phân tích chuyên sâu,"Đếm hình, diện tích hình ghép và bài toán ngược — Lời giải & Phân tích chuyên sâu (Phiếu Kỹ năng & Phương pháp)",F,,10,HK1,Cuối kỳ I,0,0,False,GITA-T2-L4-C05-KN
GITA-T2-L4-C05-LT-GP,T2,4,5,"Đếm hình, diện tích hình ghép và bài toán ngược",GP,Phiếu Lời giải & Phân tích chuyên sâu,"Đếm hình, diện tích hình ghép và bài toán ngược — Lời giải & Phân tích chuyên sâu (Phiếu Lý thuyết)",F,,9,HK1,Cuối kỳ I,0,0,False,GITA-T2-L4-C05-LT
GITA-T2-L4-C05-NC-GP,T2,4,5,"Đếm hình, diện tích hình ghép và bài toán ngược",GP,Phiếu Lời giải & Phân tích chuyên sâu,"Đếm hình, diện tích hình ghép và bài toán ngược — Lời giải & Phân tích chuyên sâu (Phiếu Luyện nâng cao)",F,,10,HK1,Cuối kỳ I,0,0,False,GITA-T2-L4-C05-NC
GITA-T2-L4-C05-OT-GP,T2,4,5,"Đếm hình, diện tích hình ghép và bài toán ngược",GP,Phiếu Lời giải & Phân tích chuyên sâu,"Đếm hình, diện tích hình ghép và bài toán ngược — Lời giải & Phân tích chuyên sâu (Phiếu Ôn thi)",F,,10,HK1,Cuối kỳ I,0,0,False,GITA-T2-L4-C05-OT
GITA-T2-L4-C05-TH-GP,T2,4,5,"Đếm hình, diện tích hình ghép và bài toán ngược",GP,Phiếu Lời giải & Phân tích chuyên sâu,"Đếm hình, diện tích hình ghép và bài toán ngược — Lời giải & Phân tích chuyên sâu (Phiếu Thi chương)",F,,11,HK1,Cuối kỳ I,0,0,False,GITA-T2-L4-C05-TH
GITA-T2-L4-C06-DB-GP,T2,4,6,"Kỹ thuật tính nhanh, so sánh biểu thức và tìm x",GP,Phiếu Lời giải & Phân tích chuyên sâu,"Kỹ thuật tính nhanh, so sánh biểu thức và tìm x — Lời giải & Phân tích chuyên sâu (Phiếu Dạng bài & Đọc vị)",B,,11,HK1,Cuối kỳ I,0,0,False,GITA-T2-L4-C06-DB
GITA-T2-L4-C06-HD,T2,4,6,"Kỹ thuật tính nhanh, so sánh biểu thức và tìm x",HD,Phiếu Hướng dẫn ôn chắc chuyên đề,"Kỹ thuật tính nhanh, so sánh biểu thức và tìm x — Hướng dẫn ôn chắc chuyên đề",B,,11,HK1,Cuối kỳ I,0,0,False,
GITA-T2-L4-C06-KN-GP,T2,4,6,"Kỹ thuật tính nhanh, so sánh biểu thức và tìm x",GP,Phiếu Lời giải & Phân tích chuyên sâu,"Kỹ thuật tính nhanh, so sánh biểu thức và tìm x — Lời giải & Phân tích chuyên sâu (Phiếu Kỹ năng & Phương pháp)",B,,12,HK1,Cuối kỳ I,0,0,False,GITA-T2-L4-C06-KN
GITA-T2-L4-C06-LT-GP,T2,4,6,"Kỹ thuật tính nhanh, so sánh biểu thức và tìm x",GP,Phiếu Lời giải & Phân tích chuyên sâu,"Kỹ thuật tính nhanh, so sánh biểu thức và tìm x — Lời giải & Phân tích chuyên sâu (Phiếu Lý thuyết)",B,,11,HK1,Cuối kỳ I,0,0,False,GITA-T2-L4-C06-LT
GITA-T2-L4-C06-NC-GP,T2,4,6,"Kỹ thuật tính nhanh, so sánh biểu thức và tìm x",GP,Phiếu Lời giải & Phân tích chuyên sâu,"Kỹ thuật tính nhanh, so sánh biểu thức và tìm x — Lời giải & Phân tích chuyên sâu (Phiếu Luyện nâng cao)",B,,12,HK1,Cuối kỳ I,0,0,False,GITA-T2-L4-C06-NC
GITA-T2-L4-C06-OT-GP,T2,4,6,"Kỹ thuật tính nhanh, so sánh biểu thức và tìm x",GP,Phiếu Lời giải & Phân tích chuyên sâu,"Kỹ thuật tính nhanh, so sánh biểu thức và tìm x — Lời giải & Phân tích chuyên sâu (Phiếu Ôn thi)",B,,12,HK1,Cuối kỳ I,0,0,False,GITA-T2-L4-C06-OT
GITA-T2-L4-C06-TH-GP,T2,4,6,"Kỹ thuật tính nhanh, so sánh biểu thức và tìm x",GP,Phiếu Lời giải & Phân tích chuyên sâu,"Kỹ thuật tính nhanh, so sánh biểu thức và tìm x — Lời giải & Phân tích chuyên sâu (Phiếu Thi chương)",B,,13,HK1,Cuối kỳ I,0,0,False,GITA-T2-L4-C06-TH
GITA-T2-L4-C07-DB-GP,T2,4,7,"Chia có dư, số nguyên tố và chữ số tận cùng",GP,Phiếu Lời giải & Phân tích chuyên sâu,"Chia có dư, số nguyên tố và chữ số tận cùng — Lời giải & Phân tích chuyên sâu (Phiếu Dạng bài & Đọc vị)",A,,13,HK1,Cuối kỳ I,0,0,False,GITA-T2-L4-C07-DB
GITA-T2-L4-C07-HD,T2,4,7,"Chia có dư, số nguyên tố và chữ số tận cùng",HD,Phiếu Hướng dẫn ôn chắc chuyên đề,"Chia có dư, số nguyên tố và chữ số tận cùng — Hướng dẫn ôn chắc chuyên đề",A,,13,HK1,Cuối kỳ I,0,0,False,
GITA-T2-L4-C07-KN-GP,T2,4,7,"Chia có dư, số nguyên tố và chữ số tận cùng",GP,Phiếu Lời giải & Phân tích chuyên sâu,"Chia có dư, số nguyên tố và chữ số tận cùng — Lời giải & Phân tích chuyên sâu (Phiếu Kỹ năng & Phương pháp)",A,,14,HK1,Cuối kỳ I,0,0,False,GITA-T2-L4-C07-KN
GITA-T2-L4-C07-LT-GP,T2,4,7,"Chia có dư, số nguyên tố và chữ số tận cùng",GP,Phiếu Lời giải & Phân tích chuyên sâu,"Chia có dư, số nguyên tố và chữ số tận cùng — Lời giải & Phân tích chuyên sâu (Phiếu Lý thuyết)",A,,13,HK1,Cuối kỳ I,0,0,False,GITA-T2-L4-C07-LT
GITA-T2-L4-C07-NC-GP,T2,4,7,"Chia có dư, số nguyên tố và chữ số tận cùng",GP,Phiếu Lời giải & Phân tích chuyên sâu,"Chia có dư, số nguyên tố và chữ số tận cùng — Lời giải & Phân tích chuyên sâu (Phiếu Luyện nâng cao)",A,,14,HK1,Cuối kỳ I,0,0,False,GITA-T2-L4-C07-NC
GITA-T2-L4-C07-OT-GP,T2,4,7,"Chia có dư, số nguyên tố và chữ số tận cùng",GP,Phiếu Lời giải & Phân tích chuyên sâu,"Chia có dư, số nguyên tố và chữ số tận cùng — Lời giải & Phân tích chuyên sâu (Phiếu Ôn thi)",A,,14,HK1,Cuối kỳ I,0,0,False,GITA-T2-L4-C07-OT
GITA-T2-L4-C07-TH-GP,T2,4,7,"Chia có dư, số nguyên tố và chữ số tận cùng",GP,Phiếu Lời giải & Phân tích chuyên sâu,"Chia có dư, số nguyên tố và chữ số tận cùng — Lời giải & Phân tích chuyên sâu (Phiếu Thi chương)",A,,15,HK1,Cuối kỳ I,0,0,False,GITA-T2-L4-C07-TH
GITA-T2-L4-C08-DB-GP,T2,4,8,"Phân số nâng cao: so sánh, tính nhanh và bài toán ẩn",GP,Phiếu Lời giải & Phân tích chuyên sâu,"Phân số nâng cao: so sánh, tính nhanh và bài toán ẩn — Lời giải & Phân tích chuyên sâu (Phiếu Dạng bài & Đọc vị)",H,,15,HK1,Cuối kỳ I,0,0,False,GITA-T2-L4-C08-DB
GITA-T2-L4-C08-HD,T2,4,8,"Phân số nâng cao: so sánh, tính nhanh và bài toán ẩn",HD,Phiếu Hướng dẫn ôn chắc chuyên đề,"Phân số nâng cao: so sánh, tính nhanh và bài toán ẩn — Hướng dẫn ôn chắc chuyên đề",H,,15,HK1,Cuối kỳ I,0,0,False,
GITA-T2-L4-C08-KN-GP,T2,4,8,"Phân số nâng cao: so sánh, tính nhanh và bài toán ẩn",GP,Phiếu Lời giải & Phân tích chuyên sâu,"Phân số nâng cao: so sánh, tính nhanh và bài toán ẩn — Lời giải & Phân tích chuyên sâu (Phiếu Kỹ năng & Phương pháp)",H,,16,HK1,Cuối kỳ I,0,0,False,GITA-T2-L4-C08-KN
GITA-T2-L4-C08-LT-GP,T2,4,8,"Phân số nâng cao: so sánh, tính nhanh và bài toán ẩn",GP,Phiếu Lời giải & Phân tích chuyên sâu,"Phân số nâng cao: so sánh, tính nhanh và bài toán ẩn — Lời giải & Phân tích chuyên sâu (Phiếu Lý thuyết)",H,,15,HK1,Cuối kỳ I,0,0,False,GITA-T2-L4-C08-LT
GITA-T2-L4-C08-NC-GP,T2,4,8,"Phân số nâng cao: so sánh, tính nhanh và bài toán ẩn",GP,Phiếu Lời giải & Phân tích chuyên sâu,"Phân số nâng cao: so sánh, tính nhanh và bài toán ẩn — Lời giải & Phân tích chuyên sâu (Phiếu Luyện nâng cao)",H,,16,HK1,Cuối kỳ I,0,0,False,GITA-T2-L4-C08-NC
GITA-T2-L4-C08-OT-GP,T2,4,8,"Phân số nâng cao: so sánh, tính nhanh và bài toán ẩn",GP,Phiếu Lời giải & Phân tích chuyên sâu,"Phân số nâng cao: so sánh, tính nhanh và bài toán ẩn — Lời giải & Phân tích chuyên sâu (Phiếu Ôn thi)",H,,16,HK1,Cuối kỳ I,0,0,False,GITA-T2-L4-C08-OT
GITA-T2-L4-C08-TH-GP,T2,4,8,"Phân số nâng cao: so sánh, tính nhanh và bài toán ẩn",GP,Phiếu Lời giải & Phân tích chuyên sâu,"Phân số nâng cao: so sánh, tính nhanh và bài toán ẩn — Lời giải & Phân tích chuyên sâu (Phiếu Thi chương)",H,,17,HK1,Cuối kỳ I,0,0,False,GITA-T2-L4-C08-TH
GITA-T2-L4-C09-DB-GP,T2,4,9,"Công việc chung, tỉ lệ bản đồ và chuyển động làm quen",GP,Phiếu Lời giải & Phân tích chuyên sâu,"Công việc chung, tỉ lệ bản đồ và chuyển động làm quen — Lời giải & Phân tích chuyên sâu (Phiếu Dạng bài & Đọc vị)",D,,18,HK2,Giữa kỳ II,0,0,False,GITA-T2-L4-C09-DB
GITA-T2-L4-C09-HD,T2,4,9,"Công việc chung, tỉ lệ bản đồ và chuyển động làm quen",HD,Phiếu Hướng dẫn ôn chắc chuyên đề,"Công việc chung, tỉ lệ bản đồ và chuyển động làm quen — Hướng dẫn ôn chắc chuyên đề",D,,17,HK2,Giữa kỳ II,0,0,False,
GITA-T2-L4-C09-KN-GP,T2,4,9,"Công việc chung, tỉ lệ bản đồ và chuyển động làm quen",GP,Phiếu Lời giải & Phân tích chuyên sâu,"Công việc chung, tỉ lệ bản đồ và chuyển động làm quen — Lời giải & Phân tích chuyên sâu (Phiếu Kỹ năng & Phương pháp)",D,,18,HK2,Giữa kỳ II,0,0,False,GITA-T2-L4-C09-KN
GITA-T2-L4-C09-LT-GP,T2,4,9,"Công việc chung, tỉ lệ bản đồ và chuyển động làm quen",GP,Phiếu Lời giải & Phân tích chuyên sâu,"Công việc chung, tỉ lệ bản đồ và chuyển động làm quen — Lời giải & Phân tích chuyên sâu (Phiếu Lý thuyết)",D,,17,HK2,Giữa kỳ II,0,0,False,GITA-T2-L4-C09-LT
GITA-T2-L4-C09-NC-GP,T2,4,9,"Công việc chung, tỉ lệ bản đồ và chuyển động làm quen",GP,Phiếu Lời giải & Phân tích chuyên sâu,"Công việc chung, tỉ lệ bản đồ và chuyển động làm quen — Lời giải & Phân tích chuyên sâu (Phiếu Luyện nâng cao)",D,,18,HK2,Giữa kỳ II,0,0,False,GITA-T2-L4-C09-NC
GITA-T2-L4-C09-OT-GP,T2,4,9,"Công việc chung, tỉ lệ bản đồ và chuyển động làm quen",GP,Phiếu Lời giải & Phân tích chuyên sâu,"Công việc chung, tỉ lệ bản đồ và chuyển động làm quen — Lời giải & Phân tích chuyên sâu (Phiếu Ôn thi)",D,,19,HK2,Giữa kỳ II,0,0,False,GITA-T2-L4-C09-OT
GITA-T2-L4-C09-TH-GP,T2,4,9,"Công việc chung, tỉ lệ bản đồ và chuyển động làm quen",GP,Phiếu Lời giải & Phân tích chuyên sâu,"Công việc chung, tỉ lệ bản đồ và chuyển động làm quen — Lời giải & Phân tích chuyên sâu (Phiếu Thi chương)",D,,19,HK2,Giữa kỳ II,0,0,False,GITA-T2-L4-C09-TH
GITA-T2-L4-C10-DB-GP,T2,4,10,"Nói thật – nói dối, bù trừ, bất biến và chia phần",GP,Phiếu Lời giải & Phân tích chuyên sâu,"Nói thật – nói dối, bù trừ, bất biến và chia phần — Lời giải & Phân tích chuyên sâu (Phiếu Dạng bài & Đọc vị)",G,,20,HK2,Giữa kỳ II,0,0,False,GITA-T2-L4-C10-DB
GITA-T2-L4-C10-HD,T2,4,10,"Nói thật – nói dối, bù trừ, bất biến và chia phần",HD,Phiếu Hướng dẫn ôn chắc chuyên đề,"Nói thật – nói dối, bù trừ, bất biến và chia phần — Hướng dẫn ôn chắc chuyên đề",G,,19,HK2,Giữa kỳ II,0,0,False,
GITA-T2-L4-C10-KN-GP,T2,4,10,"Nói thật – nói dối, bù trừ, bất biến và chia phần",GP,Phiếu Lời giải & Phân tích chuyên sâu,"Nói thật – nói dối, bù trừ, bất biến và chia phần — Lời giải & Phân tích chuyên sâu (Phiếu Kỹ năng & Phương pháp)",G,,20,HK2,Giữa kỳ II,0,0,False,GITA-T2-L4-C10-KN
GITA-T2-L4-C10-LT-GP,T2,4,10,"Nói thật – nói dối, bù trừ, bất biến và chia phần",GP,Phiếu Lời giải & Phân tích chuyên sâu,"Nói thật – nói dối, bù trừ, bất biến và chia phần — Lời giải & Phân tích chuyên sâu (Phiếu Lý thuyết)",G,,19,HK2,Giữa kỳ II,0,0,False,GITA-T2-L4-C10-LT
GITA-T2-L4-C10-NC-GP,T2,4,10,"Nói thật – nói dối, bù trừ, bất biến và chia phần",GP,Phiếu Lời giải & Phân tích chuyên sâu,"Nói thật – nói dối, bù trừ, bất biến và chia phần — Lời giải & Phân tích chuyên sâu (Phiếu Luyện nâng cao)",G,,20,HK2,Giữa kỳ II,0,0,False,GITA-T2-L4-C10-NC
GITA-T2-L4-C10-OT-GP,T2,4,10,"Nói thật – nói dối, bù trừ, bất biến và chia phần",GP,Phiếu Lời giải & Phân tích chuyên sâu,"Nói thật – nói dối, bù trừ, bất biến và chia phần — Lời giải & Phân tích chuyên sâu (Phiếu Ôn thi)",G,,21,HK2,Giữa kỳ II,0,0,False,GITA-T2-L4-C10-OT
GITA-T2-L4-C10-TH-GP,T2,4,10,"Nói thật – nói dối, bù trừ, bất biến và chia phần",GP,Phiếu Lời giải & Phân tích chuyên sâu,"Nói thật – nói dối, bù trừ, bất biến và chia phần — Lời giải & Phân tích chuyên sâu (Phiếu Thi chương)",G,,21,HK2,Giữa kỳ II,0,0,False,GITA-T2-L4-C10-TH
GITA-T2-L4-C11-DB-GP,T2,4,11,"Dãy số hình, đánh số trang và dãy số dạng đề thi",GP,Phiếu Lời giải & Phân tích chuyên sâu,"Dãy số hình, đánh số trang và dãy số dạng đề thi — Lời giải & Phân tích chuyên sâu (Phiếu Dạng bài & Đọc vị)",C,,22,HK2,Giữa kỳ II,0,0,False,GITA-T2-L4-C11-DB
GITA-T2-L4-C11-HD,T2,4,11,"Dãy số hình, đánh số trang và dãy số dạng đề thi",HD,Phiếu Hướng dẫn ôn chắc chuyên đề,"Dãy số hình, đánh số trang và dãy số dạng đề thi — Hướng dẫn ôn chắc chuyên đề",C,,21,HK2,Giữa kỳ II,0,0,False,
GITA-T2-L4-C11-KN-GP,T2,4,11,"Dãy số hình, đánh số trang và dãy số dạng đề thi",GP,Phiếu Lời giải & Phân tích chuyên sâu,"Dãy số hình, đánh số trang và dãy số dạng đề thi — Lời giải & Phân tích chuyên sâu (Phiếu Kỹ năng & Phương pháp)",C,,22,HK2,Giữa kỳ II,0,0,False,GITA-T2-L4-C11-KN
GITA-T2-L4-C11-LT-GP,T2,4,11,"Dãy số hình, đánh số trang và dãy số dạng đề thi",GP,Phiếu Lời giải & Phân tích chuyên sâu,"Dãy số hình, đánh số trang và dãy số dạng đề thi — Lời giải & Phân tích chuyên sâu (Phiếu Lý thuyết)",C,,21,HK2,Giữa kỳ II,0,0,False,GITA-T2-L4-C11-LT
GITA-T2-L4-C11-NC-GP,T2,4,11,"Dãy số hình, đánh số trang và dãy số dạng đề thi",GP,Phiếu Lời giải & Phân tích chuyên sâu,"Dãy số hình, đánh số trang và dãy số dạng đề thi — Lời giải & Phân tích chuyên sâu (Phiếu Luyện nâng cao)",C,,22,HK2,Giữa kỳ II,0,0,False,GITA-T2-L4-C11-NC
GITA-T2-L4-C11-OT-GP,T2,4,11,"Dãy số hình, đánh số trang và dãy số dạng đề thi",GP,Phiếu Lời giải & Phân tích chuyên sâu,"Dãy số hình, đánh số trang và dãy số dạng đề thi — Lời giải & Phân tích chuyên sâu (Phiếu Ôn thi)",C,,23,HK2,Giữa kỳ II,0,0,False,GITA-T2-L4-C11-OT
GITA-T2-L4-C11-TH-GP,T2,4,11,"Dãy số hình, đánh số trang và dãy số dạng đề thi",GP,Phiếu Lời giải & Phân tích chuyên sâu,"Dãy số hình, đánh số trang và dãy số dạng đề thi — Lời giải & Phân tích chuyên sâu (Phiếu Thi chương)",C,,23,HK2,Giữa kỳ II,0,0,False,GITA-T2-L4-C11-TH
GITA-T2-L4-C12-DB-GP,T2,4,12,"Hình chữ nhật biến đổi, ghép cắt hình và hình học dạng đề thi",GP,Phiếu Lời giải & Phân tích chuyên sâu,"Hình chữ nhật biến đổi, ghép cắt hình và hình học dạng đề thi — Lời giải & Phân tích chuyên sâu (Phiếu Dạng bài & Đọc vị)",F,,24,HK2,Giữa kỳ II,0,0,False,GITA-T2-L4-C12-DB
GITA-T2-L4-C12-HD,T2,4,12,"Hình chữ nhật biến đổi, ghép cắt hình và hình học dạng đề thi",HD,Phiếu Hướng dẫn ôn chắc chuyên đề,"Hình chữ nhật biến đổi, ghép cắt hình và hình học dạng đề thi — Hướng dẫn ôn chắc chuyên đề",F,,23,HK2,Giữa kỳ II,0,0,False,
GITA-T2-L4-C12-KN-GP,T2,4,12,"Hình chữ nhật biến đổi, ghép cắt hình và hình học dạng đề thi",GP,Phiếu Lời giải & Phân tích chuyên sâu,"Hình chữ nhật biến đổi, ghép cắt hình và hình học dạng đề thi — Lời giải & Phân tích chuyên sâu (Phiếu Kỹ năng & Phương pháp)",F,,24,HK2,Giữa kỳ II,0,0,False,GITA-T2-L4-C12-KN
GITA-T2-L4-C12-LT-GP,T2,4,12,"Hình chữ nhật biến đổi, ghép cắt hình và hình học dạng đề thi",GP,Phiếu Lời giải & Phân tích chuyên sâu,"Hình chữ nhật biến đổi, ghép cắt hình và hình học dạng đề thi — Lời giải & Phân tích chuyên sâu (Phiếu Lý thuyết)",F,,23,HK2,Giữa kỳ II,0,0,False,GITA-T2-L4-C12-LT
GITA-T2-L4-C12-NC-GP,T2,4,12,"Hình chữ nhật biến đổi, ghép cắt hình và hình học dạng đề thi",GP,Phiếu Lời giải & Phân tích chuyên sâu,"Hình chữ nhật biến đổi, ghép cắt hình và hình học dạng đề thi — Lời giải & Phân tích chuyên sâu (Phiếu Luyện nâng cao)",F,,24,HK2,Giữa kỳ II,0,0,False,GITA-T2-L4-C12-NC
GITA-T2-L4-C12-OT-GP,T2,4,12,"Hình chữ nhật biến đổi, ghép cắt hình và hình học dạng đề thi",GP,Phiếu Lời giải & Phân tích chuyên sâu,"Hình chữ nhật biến đổi, ghép cắt hình và hình học dạng đề thi — Lời giải & Phân tích chuyên sâu (Phiếu Ôn thi)",F,,25,HK2,Giữa kỳ II,0,0,False,GITA-T2-L4-C12-OT
GITA-T2-L4-C12-TH-GP,T2,4,12,"Hình chữ nhật biến đổi, ghép cắt hình và hình học dạng đề thi",GP,Phiếu Lời giải & Phân tích chuyên sâu,"Hình chữ nhật biến đổi, ghép cắt hình và hình học dạng đề thi — Lời giải & Phân tích chuyên sâu (Phiếu Thi chương)",F,,25,HK2,Giữa kỳ II,0,0,False,GITA-T2-L4-C12-TH
GITA-T2-L4-C13-DB-GP,T2,4,13,"Đại lượng, đo lường và toán thực tế",GP,Phiếu Lời giải & Phân tích chuyên sâu,"Đại lượng, đo lường và toán thực tế — Lời giải & Phân tích chuyên sâu (Phiếu Dạng bài & Đọc vị)",E,,26,HK2,Cuối kỳ II,0,0,False,GITA-T2-L4-C13-DB
GITA-T2-L4-C13-HD,T2,4,13,"Đại lượng, đo lường và toán thực tế",HD,Phiếu Hướng dẫn ôn chắc chuyên đề,"Đại lượng, đo lường và toán thực tế — Hướng dẫn ôn chắc chuyên đề",E,,26,HK2,Cuối kỳ II,0,0,False,
GITA-T2-L4-C13-KN-GP,T2,4,13,"Đại lượng, đo lường và toán thực tế",GP,Phiếu Lời giải & Phân tích chuyên sâu,"Đại lượng, đo lường và toán thực tế — Lời giải & Phân tích chuyên sâu (Phiếu Kỹ năng & Phương pháp)",E,,26,HK2,Cuối kỳ II,0,0,False,GITA-T2-L4-C13-KN
GITA-T2-L4-C13-LT-GP,T2,4,13,"Đại lượng, đo lường và toán thực tế",GP,Phiếu Lời giải & Phân tích chuyên sâu,"Đại lượng, đo lường và toán thực tế — Lời giải & Phân tích chuyên sâu (Phiếu Lý thuyết)",E,,26,HK2,Cuối kỳ II,0,0,False,GITA-T2-L4-C13-LT
GITA-T2-L4-C13-NC-GP,T2,4,13,"Đại lượng, đo lường và toán thực tế",GP,Phiếu Lời giải & Phân tích chuyên sâu,"Đại lượng, đo lường và toán thực tế — Lời giải & Phân tích chuyên sâu (Phiếu Luyện nâng cao)",E,,27,HK2,Cuối kỳ II,0,0,False,GITA-T2-L4-C13-NC
GITA-T2-L4-C13-OT-GP,T2,4,13,"Đại lượng, đo lường và toán thực tế",GP,Phiếu Lời giải & Phân tích chuyên sâu,"Đại lượng, đo lường và toán thực tế — Lời giải & Phân tích chuyên sâu (Phiếu Ôn thi)",E,,27,HK2,Cuối kỳ II,0,0,False,GITA-T2-L4-C13-OT
GITA-T2-L4-C13-TH-GP,T2,4,13,"Đại lượng, đo lường và toán thực tế",GP,Phiếu Lời giải & Phân tích chuyên sâu,"Đại lượng, đo lường và toán thực tế — Lời giải & Phân tích chuyên sâu (Phiếu Thi chương)",E,,27,HK2,Cuối kỳ II,0,0,False,GITA-T2-L4-C13-TH
GITA-T2-L4-C14-DB-GP,T2,4,14,"Số chia hết, số dư và số học dạng đề thi vào lớp 6",GP,Phiếu Lời giải & Phân tích chuyên sâu,"Số chia hết, số dư và số học dạng đề thi vào lớp 6 — Lời giải & Phân tích chuyên sâu (Phiếu Dạng bài & Đọc vị)",A,,28,HK2,Cuối kỳ II,0,0,False,GITA-T2-L4-C14-DB
GITA-T2-L4-C14-HD,T2,4,14,"Số chia hết, số dư và số học dạng đề thi vào lớp 6",HD,Phiếu Hướng dẫn ôn chắc chuyên đề,"Số chia hết, số dư và số học dạng đề thi vào lớp 6 — Hướng dẫn ôn chắc chuyên đề",A,,28,HK2,Cuối kỳ II,0,0,False,
GITA-T2-L4-C14-KN-GP,T2,4,14,"Số chia hết, số dư và số học dạng đề thi vào lớp 6",GP,Phiếu Lời giải & Phân tích chuyên sâu,"Số chia hết, số dư và số học dạng đề thi vào lớp 6 — Lời giải & Phân tích chuyên sâu (Phiếu Kỹ năng & Phương pháp)",A,,28,HK2,Cuối kỳ II,0,0,False,GITA-T2-L4-C14-KN
GITA-T2-L4-C14-LT-GP,T2,4,14,"Số chia hết, số dư và số học dạng đề thi vào lớp 6",GP,Phiếu Lời giải & Phân tích chuyên sâu,"Số chia hết, số dư và số học dạng đề thi vào lớp 6 — Lời giải & Phân tích chuyên sâu (Phiếu Lý thuyết)",A,,28,HK2,Cuối kỳ II,0,0,False,GITA-T2-L4-C14-LT
GITA-T2-L4-C14-NC-GP,T2,4,14,"Số chia hết, số dư và số học dạng đề thi vào lớp 6",GP,Phiếu Lời giải & Phân tích chuyên sâu,"Số chia hết, số dư và số học dạng đề thi vào lớp 6 — Lời giải & Phân tích chuyên sâu (Phiếu Luyện nâng cao)",A,,29,HK2,Cuối kỳ II,0,0,False,GITA-T2-L4-C14-NC
GITA-T2-L4-C14-OT-GP,T2,4,14,"Số chia hết, số dư và số học dạng đề thi vào lớp 6",GP,Phiếu Lời giải & Phân tích chuyên sâu,"Số chia hết, số dư và số học dạng đề thi vào lớp 6 — Lời giải & Phân tích chuyên sâu (Phiếu Ôn thi)",A,,29,HK2,Cuối kỳ II,0,0,False,GITA-T2-L4-C14-OT
GITA-T2-L4-C14-TH-GP,T2,4,14,"Số chia hết, số dư và số học dạng đề thi vào lớp 6",GP,Phiếu Lời giải & Phân tích chuyên sâu,"Số chia hết, số dư và số học dạng đề thi vào lớp 6 — Lời giải & Phân tích chuyên sâu (Phiếu Thi chương)",A,,29,HK2,Cuối kỳ II,0,0,False,GITA-T2-L4-C14-TH
GITA-T2-L4-C15-DB-GP,T2,4,15,Suy luận tổng hợp và mô phỏng đề CLC,GP,Phiếu Lời giải & Phân tích chuyên sâu,Suy luận tổng hợp và mô phỏng đề CLC — Lời giải & Phân tích chuyên sâu (Phiếu Dạng bài & Đọc vị),G,,30,HK2,Cuối kỳ II,0,0,False,GITA-T2-L4-C15-DB
GITA-T2-L4-C15-HD,T2,4,15,Suy luận tổng hợp và mô phỏng đề CLC,HD,Phiếu Hướng dẫn ôn chắc chuyên đề,Suy luận tổng hợp và mô phỏng đề CLC — Hướng dẫn ôn chắc chuyên đề,G,,30,HK2,Cuối kỳ II,0,0,False,
GITA-T2-L4-C15-KN-GP,T2,4,15,Suy luận tổng hợp và mô phỏng đề CLC,GP,Phiếu Lời giải & Phân tích chuyên sâu,Suy luận tổng hợp và mô phỏng đề CLC — Lời giải & Phân tích chuyên sâu (Phiếu Kỹ năng & Phương pháp),G,,30,HK2,Cuối kỳ II,0,0,False,GITA-T2-L4-C15-KN
GITA-T2-L4-C15-LT-GP,T2,4,15,Suy luận tổng hợp và mô phỏng đề CLC,GP,Phiếu Lời giải & Phân tích chuyên sâu,Suy luận tổng hợp và mô phỏng đề CLC — Lời giải & Phân tích chuyên sâu (Phiếu Lý thuyết),G,,30,HK2,Cuối kỳ II,0,0,False,GITA-T2-L4-C15-LT
GITA-T2-L4-C15-NC-GP,T2,4,15,Suy luận tổng hợp và mô phỏng đề CLC,GP,Phiếu Lời giải & Phân tích chuyên sâu,Suy luận tổng hợp và mô phỏng đề CLC — Lời giải & Phân tích chuyên sâu (Phiếu Luyện nâng cao),G,,31,HK2,Cuối kỳ II,0,0,False,GITA-T2-L4-C15-NC
GITA-T2-L4-C15-OT-GP,T2,4,15,Suy luận tổng hợp và mô phỏng đề CLC,GP,Phiếu Lời giải & Phân tích chuyên sâu,Suy luận tổng hợp và mô phỏng đề CLC — Lời giải & Phân tích chuyên sâu (Phiếu Ôn thi),G,,31,HK2,Cuối kỳ II,0,0,False,GITA-T2-L4-C15-OT
GITA-T2-L4-C15-TH-GP,T2,4,15,Suy luận tổng hợp và mô phỏng đề CLC,GP,Phiếu Lời giải & Phân tích chuyên sâu,Suy luận tổng hợp và mô phỏng đề CLC — Lời giải & Phân tích chuyên sâu (Phiếu Thi chương),G,,31,HK2,Cuối kỳ II,0,0,False,GITA-T2-L4-C15-TH
GITA-T2-L4-C16-DB-GP,T2,4,16,Toán điển hình dạng đề thi vào lớp 6 và tổng ôn,GP,Phiếu Lời giải & Phân tích chuyên sâu,Toán điển hình dạng đề thi vào lớp 6 và tổng ôn — Lời giải & Phân tích chuyên sâu (Phiếu Dạng bài & Đọc vị),D,,32,HK2,Cuối kỳ II,0,0,False,GITA-T2-L4-C16-DB
GITA-T2-L4-C16-HD,T2,4,16,Toán điển hình dạng đề thi vào lớp 6 và tổng ôn,HD,Phiếu Hướng dẫn ôn chắc chuyên đề,Toán điển hình dạng đề thi vào lớp 6 và tổng ôn — Hướng dẫn ôn chắc chuyên đề,D,,32,HK2,Cuối kỳ II,0,0,False,
GITA-T2-L4-C16-KN-GP,T2,4,16,Toán điển hình dạng đề thi vào lớp 6 và tổng ôn,GP,Phiếu Lời giải & Phân tích chuyên sâu,Toán điển hình dạng đề thi vào lớp 6 và tổng ôn — Lời giải & Phân tích chuyên sâu (Phiếu Kỹ năng & Phương pháp),D,,32,HK2,Cuối kỳ II,0,0,False,GITA-T2-L4-C16-KN
GITA-T2-L4-C16-LT-GP,T2,4,16,Toán điển hình dạng đề thi vào lớp 6 và tổng ôn,GP,Phiếu Lời giải & Phân tích chuyên sâu,Toán điển hình dạng đề thi vào lớp 6 và tổng ôn — Lời giải & Phân tích chuyên sâu (Phiếu Lý thuyết),D,,32,HK2,Cuối kỳ II,0,0,False,GITA-T2-L4-C16-LT
GITA-T2-L4-C16-NC-GP,T2,4,16,Toán điển hình dạng đề thi vào lớp 6 và tổng ôn,GP,Phiếu Lời giải & Phân tích chuyên sâu,Toán điển hình dạng đề thi vào lớp 6 và tổng ôn — Lời giải & Phân tích chuyên sâu (Phiếu Luyện nâng cao),D,,33,HK2,Cuối kỳ II,0,0,False,GITA-T2-L4-C16-NC
GITA-T2-L4-C16-OT-GP,T2,4,16,Toán điển hình dạng đề thi vào lớp 6 và tổng ôn,GP,Phiếu Lời giải & Phân tích chuyên sâu,Toán điển hình dạng đề thi vào lớp 6 và tổng ôn — Lời giải & Phân tích chuyên sâu (Phiếu Ôn thi),D,,33,HK2,Cuối kỳ II,0,0,False,GITA-T2-L4-C16-OT
GITA-T2-L4-C16-TH-GP,T2,4,16,Toán điển hình dạng đề thi vào lớp 6 và tổng ôn,GP,Phiếu Lời giải & Phân tích chuyên sâu,Toán điển hình dạng đề thi vào lớp 6 và tổng ôn — Lời giải & Phân tích chuyên sâu (Phiếu Thi chương),D,,33,HK2,Cuối kỳ II,0,0,False,GITA-T2-L4-C16-TH
GITA-T2-L4-MOC-CK1-GP,T2,4,0,Kiểm tra Cuối kỳ I,GP,Phiếu Lời giải & Phân tích chuyên sâu,Kiểm tra Cuối kỳ I — Lời giải & Phân tích chuyên sâu,*,,17,HK1,Cuối kỳ I,0,0,False,GITA-T2-L4-MOC-CK1
GITA-T2-L4-MOC-CK2-GP,T2,4,0,Kiểm tra Cuối kỳ II,GP,Phiếu Lời giải & Phân tích chuyên sâu,Kiểm tra Cuối kỳ II — Lời giải & Phân tích chuyên sâu,*,,34,HK2,Cuối kỳ II,0,0,False,GITA-T2-L4-MOC-CK2
GITA-T2-L4-MOC-GK1-GP,T2,4,0,Kiểm tra Giữa kỳ I,GP,Phiếu Lời giải & Phân tích chuyên sâu,Kiểm tra Giữa kỳ I — Lời giải & Phân tích chuyên sâu,*,,9,HK1,Giữa kỳ I,0,0,False,GITA-T2-L4-MOC-GK1
GITA-T2-L4-MOC-GK2-GP,T2,4,0,Kiểm tra Giữa kỳ II,GP,Phiếu Lời giải & Phân tích chuyên sâu,Kiểm tra Giữa kỳ II — Lời giải & Phân tích chuyên sâu,*,,25,HK2,Giữa kỳ II,0,0,False,GITA-T2-L4-MOC-GK2
GITA-T1-L5-C01-LT,T1,5,1,"Phân số, hỗn số và số thập phân: khái niệm đến phép nhân",LT,Phiếu Lý thuyết,"Phân số, hỗn số và số thập phân: khái niệm đến phép nhân — Phiếu Lý thuyết",H,1,1,HK1,Giữa kỳ I,90,100,True,
GITA-T1-L5-C01-DB,T1,5,1,"Phân số, hỗn số và số thập phân: khái niệm đến phép nhân",DB,Phiếu Dạng bài & Đọc vị,"Phân số, hỗn số và số thập phân: khái niệm đến phép nhân — Phiếu Dạng bài & Đọc vị",H,2,1,HK1,Giữa kỳ I,90,100,True,
GITA-T1-L5-C01-KN,T1,5,1,"Phân số, hỗn số và số thập phân: khái niệm đến phép nhân",KN,Phiếu Kỹ năng & Phương pháp,"Phân số, hỗn số và số thập phân: khái niệm đến phép nhân — Phiếu Kỹ năng & Phương pháp",H,3,1,HK1,Giữa kỳ I,90,100,True,
GITA-T1-L5-C01-NC,T1,5,1,"Phân số, hỗn số và số thập phân: khái niệm đến phép nhân",NC,Phiếu Luyện nâng cao,"Phân số, hỗn số và số thập phân: khái niệm đến phép nhân — Phiếu Luyện nâng cao",H,4,2,HK1,Giữa kỳ I,90,100,True,
GITA-T1-L5-C01-OT,T1,5,1,"Phân số, hỗn số và số thập phân: khái niệm đến phép nhân",OT,Phiếu Ôn thi,"Phân số, hỗn số và số thập phân: khái niệm đến phép nhân — Phiếu Ôn thi",H,5,2,HK1,Giữa kỳ I,90,100,True,
GITA-T1-L5-C01-TH,T1,5,1,"Phân số, hỗn số và số thập phân: khái niệm đến phép nhân",TH,Phiếu Thi chương,"Phân số, hỗn số và số thập phân: khái niệm đến phép nhân — Phiếu Thi chương",H,6,2,HK1,Giữa kỳ I,90,100,True,
GITA-T1-L5-C02-LT,T1,5,2,"Đơn vị đo độ dài, khối lượng, diện tích, thể tích và thời gian",LT,Phiếu Lý thuyết,"Đơn vị đo độ dài, khối lượng, diện tích, thể tích và thời gian — Phiếu Lý thuyết",E,7,3,HK1,Giữa kỳ I,90,100,True,
GITA-T1-L5-C02-DB,T1,5,2,"Đơn vị đo độ dài, khối lượng, diện tích, thể tích và thời gian",DB,Phiếu Dạng bài & Đọc vị,"Đơn vị đo độ dài, khối lượng, diện tích, thể tích và thời gian — Phiếu Dạng bài & Đọc vị",E,8,3,HK1,Giữa kỳ I,90,100,True,
GITA-T1-L5-C02-KN,T1,5,2,"Đơn vị đo độ dài, khối lượng, diện tích, thể tích và thời gian",KN,Phiếu Kỹ năng & Phương pháp,"Đơn vị đo độ dài, khối lượng, diện tích, thể tích và thời gian — Phiếu Kỹ năng & Phương pháp",E,9,3,HK1,Giữa kỳ I,90,100,True,
GITA-T1-L5-C02-NC,T1,5,2,"Đơn vị đo độ dài, khối lượng, diện tích, thể tích và thời gian",NC,Phiếu Luyện nâng cao,"Đơn vị đo độ dài, khối lượng, diện tích, thể tích và thời gian — Phiếu Luyện nâng cao",E,10,4,HK1,Giữa kỳ I,90,100,True,
GITA-T1-L5-C02-OT,T1,5,2,"Đơn vị đo độ dài, khối lượng, diện tích, thể tích và thời gian",OT,Phiếu Ôn thi,"Đơn vị đo độ dài, khối lượng, diện tích, thể tích và thời gian — Phiếu Ôn thi",E,11,4,HK1,Giữa kỳ I,90,100,True,
GITA-T1-L5-C02-TH,T1,5,2,"Đơn vị đo độ dài, khối lượng, diện tích, thể tích và thời gian",TH,Phiếu Thi chương,"Đơn vị đo độ dài, khối lượng, diện tích, thể tích và thời gian — Phiếu Thi chương",E,12,4,HK1,Giữa kỳ I,90,100,True,
GITA-T1-L5-C03-LT,T1,5,3,"Tỉ lệ thuận – nghịch, trung bình cộng và bài toán số thập phân",LT,Phiếu Lý thuyết,"Tỉ lệ thuận – nghịch, trung bình cộng và bài toán số thập phân — Phiếu Lý thuyết",D,13,5,HK1,Giữa kỳ I,90,100,True,
GITA-T1-L5-C03-DB,T1,5,3,"Tỉ lệ thuận – nghịch, trung bình cộng và bài toán số thập phân",DB,Phiếu Dạng bài & Đọc vị,"Tỉ lệ thuận – nghịch, trung bình cộng và bài toán số thập phân — Phiếu Dạng bài & Đọc vị",D,14,5,HK1,Giữa kỳ I,90,100,True,
GITA-T1-L5-C03-KN,T1,5,3,"Tỉ lệ thuận – nghịch, trung bình cộng và bài toán số thập phân",KN,Phiếu Kỹ năng & Phương pháp,"Tỉ lệ thuận – nghịch, trung bình cộng và bài toán số thập phân — Phiếu Kỹ năng & Phương pháp",D,15,5,HK1,Giữa kỳ I,90,100,True,
GITA-T1-L5-C03-NC,T1,5,3,"Tỉ lệ thuận – nghịch, trung bình cộng và bài toán số thập phân",NC,Phiếu Luyện nâng cao,"Tỉ lệ thuận – nghịch, trung bình cộng và bài toán số thập phân — Phiếu Luyện nâng cao",D,16,6,HK1,Giữa kỳ I,90,100,True,
GITA-T1-L5-C03-OT,T1,5,3,"Tỉ lệ thuận – nghịch, trung bình cộng và bài toán số thập phân",OT,Phiếu Ôn thi,"Tỉ lệ thuận – nghịch, trung bình cộng và bài toán số thập phân — Phiếu Ôn thi",D,17,6,HK1,Giữa kỳ I,90,100,True,
GITA-T1-L5-C03-TH,T1,5,3,"Tỉ lệ thuận – nghịch, trung bình cộng và bài toán số thập phân",TH,Phiếu Thi chương,"Tỉ lệ thuận – nghịch, trung bình cộng và bài toán số thập phân — Phiếu Thi chương",D,18,6,HK1,Giữa kỳ I,90,100,True,
GITA-T1-L5-C04-LT,T1,5,4,"Bốn phép tính, tính nhanh và tìm x với phân số, số thập phân",LT,Phiếu Lý thuyết,"Bốn phép tính, tính nhanh và tìm x với phân số, số thập phân — Phiếu Lý thuyết",B,19,7,HK1,Giữa kỳ I,90,100,True,
GITA-T1-L5-C04-DB,T1,5,4,"Bốn phép tính, tính nhanh và tìm x với phân số, số thập phân",DB,Phiếu Dạng bài & Đọc vị,"Bốn phép tính, tính nhanh và tìm x với phân số, số thập phân — Phiếu Dạng bài & Đọc vị",B,20,7,HK1,Giữa kỳ I,90,100,True,
GITA-T1-L5-C04-KN,T1,5,4,"Bốn phép tính, tính nhanh và tìm x với phân số, số thập phân",KN,Phiếu Kỹ năng & Phương pháp,"Bốn phép tính, tính nhanh và tìm x với phân số, số thập phân — Phiếu Kỹ năng & Phương pháp",B,21,7,HK1,Giữa kỳ I,90,100,True,
GITA-T1-L5-C04-NC,T1,5,4,"Bốn phép tính, tính nhanh và tìm x với phân số, số thập phân",NC,Phiếu Luyện nâng cao,"Bốn phép tính, tính nhanh và tìm x với phân số, số thập phân — Phiếu Luyện nâng cao",B,22,8,HK1,Giữa kỳ I,90,100,True,
GITA-T1-L5-C04-OT,T1,5,4,"Bốn phép tính, tính nhanh và tìm x với phân số, số thập phân",OT,Phiếu Ôn thi,"Bốn phép tính, tính nhanh và tìm x với phân số, số thập phân — Phiếu Ôn thi",B,23,8,HK1,Giữa kỳ I,90,100,True,
GITA-T1-L5-C04-TH,T1,5,4,"Bốn phép tính, tính nhanh và tìm x với phân số, số thập phân",TH,Phiếu Thi chương,"Bốn phép tính, tính nhanh và tìm x với phân số, số thập phân — Phiếu Thi chương",B,24,8,HK1,Giữa kỳ I,90,100,True,
GITA-T1-L5-MOC-GK1,T1,5,0,Kiểm tra Giữa kỳ I,MOC,Phiếu kiểm tra mốc,Kiểm tra Giữa kỳ I — Tổng ôn cụm 1 – 4,*,25,9,HK1,Giữa kỳ I,90,100,True,
GITA-T1-L5-C05-LT,T1,5,5,Phép chia số thập phân và ba dạng toán tỉ số phần trăm,LT,Phiếu Lý thuyết,Phép chia số thập phân và ba dạng toán tỉ số phần trăm — Phiếu Lý thuyết,H,26,9,HK1,Cuối kỳ I,90,100,True,
GITA-T1-L5-C05-DB,T1,5,5,Phép chia số thập phân và ba dạng toán tỉ số phần trăm,DB,Phiếu Dạng bài & Đọc vị,Phép chia số thập phân và ba dạng toán tỉ số phần trăm — Phiếu Dạng bài & Đọc vị,H,27,9,HK1,Cuối kỳ I,90,100,True,
GITA-T1-L5-C05-KN,T1,5,5,Phép chia số thập phân và ba dạng toán tỉ số phần trăm,KN,Phiếu Kỹ năng & Phương pháp,Phép chia số thập phân và ba dạng toán tỉ số phần trăm — Phiếu Kỹ năng & Phương pháp,H,28,10,HK1,Cuối kỳ I,90,100,True,
GITA-T1-L5-C05-NC,T1,5,5,Phép chia số thập phân và ba dạng toán tỉ số phần trăm,NC,Phiếu Luyện nâng cao,Phép chia số thập phân và ba dạng toán tỉ số phần trăm — Phiếu Luyện nâng cao,H,29,10,HK1,Cuối kỳ I,90,100,True,
GITA-T1-L5-C05-OT,T1,5,5,Phép chia số thập phân và ba dạng toán tỉ số phần trăm,OT,Phiếu Ôn thi,Phép chia số thập phân và ba dạng toán tỉ số phần trăm — Phiếu Ôn thi,H,30,10,HK1,Cuối kỳ I,90,100,True,
GITA-T1-L5-C05-TH,T1,5,5,Phép chia số thập phân và ba dạng toán tỉ số phần trăm,TH,Phiếu Thi chương,Phép chia số thập phân và ba dạng toán tỉ số phần trăm — Phiếu Thi chương,H,31,11,HK1,Cuối kỳ I,90,100,True,
GITA-T1-L5-C06-LT,T1,5,6,"Tam giác, hình thang, hình tròn và diện tích",LT,Phiếu Lý thuyết,"Tam giác, hình thang, hình tròn và diện tích — Phiếu Lý thuyết",F,32,11,HK1,Cuối kỳ I,90,100,True,
GITA-T1-L5-C06-DB,T1,5,6,"Tam giác, hình thang, hình tròn và diện tích",DB,Phiếu Dạng bài & Đọc vị,"Tam giác, hình thang, hình tròn và diện tích — Phiếu Dạng bài & Đọc vị",F,33,11,HK1,Cuối kỳ I,90,100,True,
GITA-T1-L5-C06-KN,T1,5,6,"Tam giác, hình thang, hình tròn và diện tích",KN,Phiếu Kỹ năng & Phương pháp,"Tam giác, hình thang, hình tròn và diện tích — Phiếu Kỹ năng & Phương pháp",F,34,12,HK1,Cuối kỳ I,90,100,True,
GITA-T1-L5-C06-NC,T1,5,6,"Tam giác, hình thang, hình tròn và diện tích",NC,Phiếu Luyện nâng cao,"Tam giác, hình thang, hình tròn và diện tích — Phiếu Luyện nâng cao",F,35,12,HK1,Cuối kỳ I,90,100,True,
GITA-T1-L5-C06-OT,T1,5,6,"Tam giác, hình thang, hình tròn và diện tích",OT,Phiếu Ôn thi,"Tam giác, hình thang, hình tròn và diện tích — Phiếu Ôn thi",F,36,12,HK1,Cuối kỳ I,90,100,True,
GITA-T1-L5-C06-TH,T1,5,6,"Tam giác, hình thang, hình tròn và diện tích",TH,Phiếu Thi chương,"Tam giác, hình thang, hình tròn và diện tích — Phiếu Thi chương",F,37,13,HK1,Cuối kỳ I,90,100,True,
GITA-T1-L5-C07-LT,T1,5,7,"Số tự nhiên, chia hết và ôn tập số học",LT,Phiếu Lý thuyết,"Số tự nhiên, chia hết và ôn tập số học — Phiếu Lý thuyết",A,38,13,HK1,Cuối kỳ I,90,100,True,
GITA-T1-L5-C07-DB,T1,5,7,"Số tự nhiên, chia hết và ôn tập số học",DB,Phiếu Dạng bài & Đọc vị,"Số tự nhiên, chia hết và ôn tập số học — Phiếu Dạng bài & Đọc vị",A,39,13,HK1,Cuối kỳ I,90,100,True,
GITA-T1-L5-C07-KN,T1,5,7,"Số tự nhiên, chia hết và ôn tập số học",KN,Phiếu Kỹ năng & Phương pháp,"Số tự nhiên, chia hết và ôn tập số học — Phiếu Kỹ năng & Phương pháp",A,40,14,HK1,Cuối kỳ I,90,100,True,
GITA-T1-L5-C07-NC,T1,5,7,"Số tự nhiên, chia hết và ôn tập số học",NC,Phiếu Luyện nâng cao,"Số tự nhiên, chia hết và ôn tập số học — Phiếu Luyện nâng cao",A,41,14,HK1,Cuối kỳ I,90,100,True,
GITA-T1-L5-C07-OT,T1,5,7,"Số tự nhiên, chia hết và ôn tập số học",OT,Phiếu Ôn thi,"Số tự nhiên, chia hết và ôn tập số học — Phiếu Ôn thi",A,42,14,HK1,Cuối kỳ I,90,100,True,
GITA-T1-L5-C07-TH,T1,5,7,"Số tự nhiên, chia hết và ôn tập số học",TH,Phiếu Thi chương,"Số tự nhiên, chia hết và ôn tập số học — Phiếu Thi chương",A,43,15,HK1,Cuối kỳ I,90,100,True,
GITA-T1-L5-C08-LT,T1,5,8,Dãy số và quy luật với số thập phân,LT,Phiếu Lý thuyết,Dãy số và quy luật với số thập phân — Phiếu Lý thuyết,C,44,15,HK1,Cuối kỳ I,90,100,True,
GITA-T1-L5-C08-DB,T1,5,8,Dãy số và quy luật với số thập phân,DB,Phiếu Dạng bài & Đọc vị,Dãy số và quy luật với số thập phân — Phiếu Dạng bài & Đọc vị,C,45,15,HK1,Cuối kỳ I,90,100,True,
GITA-T1-L5-C08-KN,T1,5,8,Dãy số và quy luật với số thập phân,KN,Phiếu Kỹ năng & Phương pháp,Dãy số và quy luật với số thập phân — Phiếu Kỹ năng & Phương pháp,C,46,16,HK1,Cuối kỳ I,90,100,True,
GITA-T1-L5-C08-NC,T1,5,8,Dãy số và quy luật với số thập phân,NC,Phiếu Luyện nâng cao,Dãy số và quy luật với số thập phân — Phiếu Luyện nâng cao,C,47,16,HK1,Cuối kỳ I,90,100,True,
GITA-T1-L5-C08-OT,T1,5,8,Dãy số và quy luật với số thập phân,OT,Phiếu Ôn thi,Dãy số và quy luật với số thập phân — Phiếu Ôn thi,C,48,16,HK1,Cuối kỳ I,90,100,True,
GITA-T1-L5-C08-TH,T1,5,8,Dãy số và quy luật với số thập phân,TH,Phiếu Thi chương,Dãy số và quy luật với số thập phân — Phiếu Thi chương,C,49,17,HK1,Cuối kỳ I,90,100,True,
GITA-T1-L5-MOC-CK1,T1,5,0,Kiểm tra Cuối kỳ I,MOC,Phiếu kiểm tra mốc,Kiểm tra Cuối kỳ I — Tổng ôn cụm 1 – 8,*,50,17,HK1,Cuối kỳ I,90,100,True,
GITA-T1-L5-C09-LT,T1,5,9,"Hình hộp chữ nhật, hình lập phương: diện tích và thể tích",LT,Phiếu Lý thuyết,"Hình hộp chữ nhật, hình lập phương: diện tích và thể tích — Phiếu Lý thuyết",F,51,17,HK2,Giữa kỳ II,90,100,True,
GITA-T1-L5-C09-DB,T1,5,9,"Hình hộp chữ nhật, hình lập phương: diện tích và thể tích",DB,Phiếu Dạng bài & Đọc vị,"Hình hộp chữ nhật, hình lập phương: diện tích và thể tích — Phiếu Dạng bài & Đọc vị",F,52,18,HK2,Giữa kỳ II,90,100,True,
GITA-T1-L5-C09-KN,T1,5,9,"Hình hộp chữ nhật, hình lập phương: diện tích và thể tích",KN,Phiếu Kỹ năng & Phương pháp,"Hình hộp chữ nhật, hình lập phương: diện tích và thể tích — Phiếu Kỹ năng & Phương pháp",F,53,18,HK2,Giữa kỳ II,90,100,True,
GITA-T1-L5-C09-NC,T1,5,9,"Hình hộp chữ nhật, hình lập phương: diện tích và thể tích",NC,Phiếu Luyện nâng cao,"Hình hộp chữ nhật, hình lập phương: diện tích và thể tích — Phiếu Luyện nâng cao",F,54,18,HK2,Giữa kỳ II,90,100,True,
GITA-T1-L5-C09-OT,T1,5,9,"Hình hộp chữ nhật, hình lập phương: diện tích và thể tích",OT,Phiếu Ôn thi,"Hình hộp chữ nhật, hình lập phương: diện tích và thể tích — Phiếu Ôn thi",F,55,19,HK2,Giữa kỳ II,90,100,True,
GITA-T1-L5-C09-TH,T1,5,9,"Hình hộp chữ nhật, hình lập phương: diện tích và thể tích",TH,Phiếu Thi chương,"Hình hộp chữ nhật, hình lập phương: diện tích và thể tích — Phiếu Thi chương",F,56,19,HK2,Giữa kỳ II,90,100,True,
GITA-T1-L5-C10-LT,T1,5,10,"Vận tốc, quãng đường, thời gian và chuyển động cùng – ngược chiều",LT,Phiếu Lý thuyết,"Vận tốc, quãng đường, thời gian và chuyển động cùng – ngược chiều — Phiếu Lý thuyết",D,57,19,HK2,Giữa kỳ II,90,100,True,
GITA-T1-L5-C10-DB,T1,5,10,"Vận tốc, quãng đường, thời gian và chuyển động cùng – ngược chiều",DB,Phiếu Dạng bài & Đọc vị,"Vận tốc, quãng đường, thời gian và chuyển động cùng – ngược chiều — Phiếu Dạng bài & Đọc vị",D,58,20,HK2,Giữa kỳ II,90,100,True,
GITA-T1-L5-C10-KN,T1,5,10,"Vận tốc, quãng đường, thời gian và chuyển động cùng – ngược chiều",KN,Phiếu Kỹ năng & Phương pháp,"Vận tốc, quãng đường, thời gian và chuyển động cùng – ngược chiều — Phiếu Kỹ năng & Phương pháp",D,59,20,HK2,Giữa kỳ II,90,100,True,
GITA-T1-L5-C10-NC,T1,5,10,"Vận tốc, quãng đường, thời gian và chuyển động cùng – ngược chiều",NC,Phiếu Luyện nâng cao,"Vận tốc, quãng đường, thời gian và chuyển động cùng – ngược chiều — Phiếu Luyện nâng cao",D,60,20,HK2,Giữa kỳ II,90,100,True,
GITA-T1-L5-C10-OT,T1,5,10,"Vận tốc, quãng đường, thời gian và chuyển động cùng – ngược chiều",OT,Phiếu Ôn thi,"Vận tốc, quãng đường, thời gian và chuyển động cùng – ngược chiều — Phiếu Ôn thi",D,61,21,HK2,Giữa kỳ II,90,100,True,
GITA-T1-L5-C10-TH,T1,5,10,"Vận tốc, quãng đường, thời gian và chuyển động cùng – ngược chiều",TH,Phiếu Thi chương,"Vận tốc, quãng đường, thời gian và chuyển động cùng – ngược chiều — Phiếu Thi chương",D,62,21,HK2,Giữa kỳ II,90,100,True,
GITA-T1-L5-C11-LT,T1,5,11,Nhân chia số đo thời gian và đổi đơn vị tổng hợp,LT,Phiếu Lý thuyết,Nhân chia số đo thời gian và đổi đơn vị tổng hợp — Phiếu Lý thuyết,E,63,21,HK2,Giữa kỳ II,90,100,True,
GITA-T1-L5-C11-DB,T1,5,11,Nhân chia số đo thời gian và đổi đơn vị tổng hợp,DB,Phiếu Dạng bài & Đọc vị,Nhân chia số đo thời gian và đổi đơn vị tổng hợp — Phiếu Dạng bài & Đọc vị,E,64,22,HK2,Giữa kỳ II,90,100,True,
GITA-T1-L5-C11-KN,T1,5,11,Nhân chia số đo thời gian và đổi đơn vị tổng hợp,KN,Phiếu Kỹ năng & Phương pháp,Nhân chia số đo thời gian và đổi đơn vị tổng hợp — Phiếu Kỹ năng & Phương pháp,E,65,22,HK2,Giữa kỳ II,90,100,True,
GITA-T1-L5-C11-NC,T1,5,11,Nhân chia số đo thời gian và đổi đơn vị tổng hợp,NC,Phiếu Luyện nâng cao,Nhân chia số đo thời gian và đổi đơn vị tổng hợp — Phiếu Luyện nâng cao,E,66,22,HK2,Giữa kỳ II,90,100,True,
GITA-T1-L5-C11-OT,T1,5,11,Nhân chia số đo thời gian và đổi đơn vị tổng hợp,OT,Phiếu Ôn thi,Nhân chia số đo thời gian và đổi đơn vị tổng hợp — Phiếu Ôn thi,E,67,23,HK2,Giữa kỳ II,90,100,True,
GITA-T1-L5-C11-TH,T1,5,11,Nhân chia số đo thời gian và đổi đơn vị tổng hợp,TH,Phiếu Thi chương,Nhân chia số đo thời gian và đổi đơn vị tổng hợp — Phiếu Thi chương,E,68,23,HK2,Giữa kỳ II,90,100,True,
GITA-T1-L5-C12-LT,T1,5,12,"Biểu đồ hình quạt, phần trăm nhiều bước và ôn tập",LT,Phiếu Lý thuyết,"Biểu đồ hình quạt, phần trăm nhiều bước và ôn tập — Phiếu Lý thuyết",H,69,23,HK2,Giữa kỳ II,90,100,True,
GITA-T1-L5-C12-DB,T1,5,12,"Biểu đồ hình quạt, phần trăm nhiều bước và ôn tập",DB,Phiếu Dạng bài & Đọc vị,"Biểu đồ hình quạt, phần trăm nhiều bước và ôn tập — Phiếu Dạng bài & Đọc vị",H,70,24,HK2,Giữa kỳ II,90,100,True,
GITA-T1-L5-C12-KN,T1,5,12,"Biểu đồ hình quạt, phần trăm nhiều bước và ôn tập",KN,Phiếu Kỹ năng & Phương pháp,"Biểu đồ hình quạt, phần trăm nhiều bước và ôn tập — Phiếu Kỹ năng & Phương pháp",H,71,24,HK2,Giữa kỳ II,90,100,True,
GITA-T1-L5-C12-NC,T1,5,12,"Biểu đồ hình quạt, phần trăm nhiều bước và ôn tập",NC,Phiếu Luyện nâng cao,"Biểu đồ hình quạt, phần trăm nhiều bước và ôn tập — Phiếu Luyện nâng cao",H,72,24,HK2,Giữa kỳ II,90,100,True,
GITA-T1-L5-C12-OT,T1,5,12,"Biểu đồ hình quạt, phần trăm nhiều bước và ôn tập",OT,Phiếu Ôn thi,"Biểu đồ hình quạt, phần trăm nhiều bước và ôn tập — Phiếu Ôn thi",H,73,25,HK2,Giữa kỳ II,90,100,True,
GITA-T1-L5-C12-TH,T1,5,12,"Biểu đồ hình quạt, phần trăm nhiều bước và ôn tập",TH,Phiếu Thi chương,"Biểu đồ hình quạt, phần trăm nhiều bước và ôn tập — Phiếu Thi chương",H,74,25,HK2,Giữa kỳ II,90,100,True,
GITA-T1-L5-MOC-GK2,T1,5,0,Kiểm tra Giữa kỳ II,MOC,Phiếu kiểm tra mốc,Kiểm tra Giữa kỳ II — Tổng ôn cụm 9 – 12,*,75,25,HK2,Giữa kỳ II,90,100,True,
GITA-T1-L5-C13-LT,T1,5,13,"Chuyển động trên dòng nước, tỉ lệ xích, công việc chung và toán tuổi",LT,Phiếu Lý thuyết,"Chuyển động trên dòng nước, tỉ lệ xích, công việc chung và toán tuổi — Phiếu Lý thuyết",D,76,26,HK2,Cuối kỳ II,90,100,True,
GITA-T1-L5-C13-DB,T1,5,13,"Chuyển động trên dòng nước, tỉ lệ xích, công việc chung và toán tuổi",DB,Phiếu Dạng bài & Đọc vị,"Chuyển động trên dòng nước, tỉ lệ xích, công việc chung và toán tuổi — Phiếu Dạng bài & Đọc vị",D,77,26,HK2,Cuối kỳ II,90,100,True,
GITA-T1-L5-C13-KN,T1,5,13,"Chuyển động trên dòng nước, tỉ lệ xích, công việc chung và toán tuổi",KN,Phiếu Kỹ năng & Phương pháp,"Chuyển động trên dòng nước, tỉ lệ xích, công việc chung và toán tuổi — Phiếu Kỹ năng & Phương pháp",D,78,26,HK2,Cuối kỳ II,90,100,True,
GITA-T1-L5-C13-NC,T1,5,13,"Chuyển động trên dòng nước, tỉ lệ xích, công việc chung và toán tuổi",NC,Phiếu Luyện nâng cao,"Chuyển động trên dòng nước, tỉ lệ xích, công việc chung và toán tuổi — Phiếu Luyện nâng cao",D,79,27,HK2,Cuối kỳ II,90,100,True,
GITA-T1-L5-C13-OT,T1,5,13,"Chuyển động trên dòng nước, tỉ lệ xích, công việc chung và toán tuổi",OT,Phiếu Ôn thi,"Chuyển động trên dòng nước, tỉ lệ xích, công việc chung và toán tuổi — Phiếu Ôn thi",D,80,27,HK2,Cuối kỳ II,90,100,True,
GITA-T1-L5-C13-TH,T1,5,13,"Chuyển động trên dòng nước, tỉ lệ xích, công việc chung và toán tuổi",TH,Phiếu Thi chương,"Chuyển động trên dòng nước, tỉ lệ xích, công việc chung và toán tuổi — Phiếu Thi chương",D,81,27,HK2,Cuối kỳ II,90,100,True,
GITA-T1-L5-C14-LT,T1,5,14,Suy luận logic và toán đếm,LT,Phiếu Lý thuyết,Suy luận logic và toán đếm — Phiếu Lý thuyết,G,82,28,HK2,Cuối kỳ II,90,100,True,
GITA-T1-L5-C14-DB,T1,5,14,Suy luận logic và toán đếm,DB,Phiếu Dạng bài & Đọc vị,Suy luận logic và toán đếm — Phiếu Dạng bài & Đọc vị,G,83,28,HK2,Cuối kỳ II,90,100,True,
GITA-T1-L5-C14-KN,T1,5,14,Suy luận logic và toán đếm,KN,Phiếu Kỹ năng & Phương pháp,Suy luận logic và toán đếm — Phiếu Kỹ năng & Phương pháp,G,84,28,HK2,Cuối kỳ II,90,100,True,
GITA-T1-L5-C14-NC,T1,5,14,Suy luận logic và toán đếm,NC,Phiếu Luyện nâng cao,Suy luận logic và toán đếm — Phiếu Luyện nâng cao,G,85,29,HK2,Cuối kỳ II,90,100,True,
GITA-T1-L5-C14-OT,T1,5,14,Suy luận logic và toán đếm,OT,Phiếu Ôn thi,Suy luận logic và toán đếm — Phiếu Ôn thi,G,86,29,HK2,Cuối kỳ II,90,100,True,
GITA-T1-L5-C14-TH,T1,5,14,Suy luận logic và toán đếm,TH,Phiếu Thi chương,Suy luận logic và toán đếm — Phiếu Thi chương,G,87,29,HK2,Cuối kỳ II,90,100,True,
GITA-T1-L5-C15-LT,T1,5,15,Bài toán hình học tổng hợp phẳng và không gian,LT,Phiếu Lý thuyết,Bài toán hình học tổng hợp phẳng và không gian — Phiếu Lý thuyết,F,88,30,HK2,Cuối kỳ II,90,100,True,
GITA-T1-L5-C15-DB,T1,5,15,Bài toán hình học tổng hợp phẳng và không gian,DB,Phiếu Dạng bài & Đọc vị,Bài toán hình học tổng hợp phẳng và không gian — Phiếu Dạng bài & Đọc vị,F,89,30,HK2,Cuối kỳ II,90,100,True,
GITA-T1-L5-C15-KN,T1,5,15,Bài toán hình học tổng hợp phẳng và không gian,KN,Phiếu Kỹ năng & Phương pháp,Bài toán hình học tổng hợp phẳng và không gian — Phiếu Kỹ năng & Phương pháp,F,90,30,HK2,Cuối kỳ II,90,100,True,
GITA-T1-L5-C15-NC,T1,5,15,Bài toán hình học tổng hợp phẳng và không gian,NC,Phiếu Luyện nâng cao,Bài toán hình học tổng hợp phẳng và không gian — Phiếu Luyện nâng cao,F,91,31,HK2,Cuối kỳ II,90,100,True,
GITA-T1-L5-C15-OT,T1,5,15,Bài toán hình học tổng hợp phẳng và không gian,OT,Phiếu Ôn thi,Bài toán hình học tổng hợp phẳng và không gian — Phiếu Ôn thi,F,92,31,HK2,Cuối kỳ II,90,100,True,
GITA-T1-L5-C15-TH,T1,5,15,Bài toán hình học tổng hợp phẳng và không gian,TH,Phiếu Thi chương,Bài toán hình học tổng hợp phẳng và không gian — Phiếu Thi chương,F,93,31,HK2,Cuối kỳ II,90,100,True,
GITA-T1-L5-C16-LT,T1,5,16,Tổng ôn giải toán và cuối cấp tiểu học,LT,Phiếu Lý thuyết,Tổng ôn giải toán và cuối cấp tiểu học — Phiếu Lý thuyết,D,94,32,HK2,Cuối kỳ II,90,100,True,
GITA-T1-L5-C16-DB,T1,5,16,Tổng ôn giải toán và cuối cấp tiểu học,DB,Phiếu Dạng bài & Đọc vị,Tổng ôn giải toán và cuối cấp tiểu học — Phiếu Dạng bài & Đọc vị,D,95,32,HK2,Cuối kỳ II,90,100,True,
GITA-T1-L5-C16-KN,T1,5,16,Tổng ôn giải toán và cuối cấp tiểu học,KN,Phiếu Kỹ năng & Phương pháp,Tổng ôn giải toán và cuối cấp tiểu học — Phiếu Kỹ năng & Phương pháp,D,96,32,HK2,Cuối kỳ II,90,100,True,
GITA-T1-L5-C16-NC,T1,5,16,Tổng ôn giải toán và cuối cấp tiểu học,NC,Phiếu Luyện nâng cao,Tổng ôn giải toán và cuối cấp tiểu học — Phiếu Luyện nâng cao,D,97,33,HK2,Cuối kỳ II,90,100,True,
GITA-T1-L5-C16-OT,T1,5,16,Tổng ôn giải toán và cuối cấp tiểu học,OT,Phiếu Ôn thi,Tổng ôn giải toán và cuối cấp tiểu học — Phiếu Ôn thi,D,98,33,HK2,Cuối kỳ II,90,100,True,
GITA-T1-L5-C16-TH,T1,5,16,Tổng ôn giải toán và cuối cấp tiểu học,TH,Phiếu Thi chương,Tổng ôn giải toán và cuối cấp tiểu học — Phiếu Thi chương,D,99,33,HK2,Cuối kỳ II,90,100,True,
GITA-T1-L5-MOC-CK2,T1,5,0,Kiểm tra Cuối kỳ II,MOC,Phiếu kiểm tra mốc,"Kiểm tra Cuối kỳ II — Tổng ôn cụm 1 – 16, chuẩn đầu ra cả năm",*,100,34,HK2,Cuối kỳ II,90,100,True,
GITA-T1-L5-C01-DB-GP,T1,5,1,"Phân số, hỗn số và số thập phân: khái niệm đến phép nhân",GP,Phiếu Lời giải & Phân tích chuyên sâu,"Phân số, hỗn số và số thập phân: khái niệm đến phép nhân — Lời giải & Phân tích chuyên sâu (Phiếu Dạng bài & Đọc vị)",H,,1,HK1,Giữa kỳ I,0,0,False,GITA-T1-L5-C01-DB
GITA-T1-L5-C01-HD,T1,5,1,"Phân số, hỗn số và số thập phân: khái niệm đến phép nhân",HD,Phiếu Hướng dẫn ôn chắc chuyên đề,"Phân số, hỗn số và số thập phân: khái niệm đến phép nhân — Hướng dẫn ôn chắc chuyên đề",H,,1,HK1,Giữa kỳ I,0,0,False,
GITA-T1-L5-C01-KN-GP,T1,5,1,"Phân số, hỗn số và số thập phân: khái niệm đến phép nhân",GP,Phiếu Lời giải & Phân tích chuyên sâu,"Phân số, hỗn số và số thập phân: khái niệm đến phép nhân — Lời giải & Phân tích chuyên sâu (Phiếu Kỹ năng & Phương pháp)",H,,1,HK1,Giữa kỳ I,0,0,False,GITA-T1-L5-C01-KN
GITA-T1-L5-C01-LT-GP,T1,5,1,"Phân số, hỗn số và số thập phân: khái niệm đến phép nhân",GP,Phiếu Lời giải & Phân tích chuyên sâu,"Phân số, hỗn số và số thập phân: khái niệm đến phép nhân — Lời giải & Phân tích chuyên sâu (Phiếu Lý thuyết)",H,,1,HK1,Giữa kỳ I,0,0,False,GITA-T1-L5-C01-LT
GITA-T1-L5-C01-NC-GP,T1,5,1,"Phân số, hỗn số và số thập phân: khái niệm đến phép nhân",GP,Phiếu Lời giải & Phân tích chuyên sâu,"Phân số, hỗn số và số thập phân: khái niệm đến phép nhân — Lời giải & Phân tích chuyên sâu (Phiếu Luyện nâng cao)",H,,2,HK1,Giữa kỳ I,0,0,False,GITA-T1-L5-C01-NC
GITA-T1-L5-C01-OT-GP,T1,5,1,"Phân số, hỗn số và số thập phân: khái niệm đến phép nhân",GP,Phiếu Lời giải & Phân tích chuyên sâu,"Phân số, hỗn số và số thập phân: khái niệm đến phép nhân — Lời giải & Phân tích chuyên sâu (Phiếu Ôn thi)",H,,2,HK1,Giữa kỳ I,0,0,False,GITA-T1-L5-C01-OT
GITA-T1-L5-C01-TH-GP,T1,5,1,"Phân số, hỗn số và số thập phân: khái niệm đến phép nhân",GP,Phiếu Lời giải & Phân tích chuyên sâu,"Phân số, hỗn số và số thập phân: khái niệm đến phép nhân — Lời giải & Phân tích chuyên sâu (Phiếu Thi chương)",H,,2,HK1,Giữa kỳ I,0,0,False,GITA-T1-L5-C01-TH
GITA-T1-L5-C02-DB-GP,T1,5,2,"Đơn vị đo độ dài, khối lượng, diện tích, thể tích và thời gian",GP,Phiếu Lời giải & Phân tích chuyên sâu,"Đơn vị đo độ dài, khối lượng, diện tích, thể tích và thời gian — Lời giải & Phân tích chuyên sâu (Phiếu Dạng bài & Đọc vị)",E,,3,HK1,Giữa kỳ I,0,0,False,GITA-T1-L5-C02-DB
GITA-T1-L5-C02-HD,T1,5,2,"Đơn vị đo độ dài, khối lượng, diện tích, thể tích và thời gian",HD,Phiếu Hướng dẫn ôn chắc chuyên đề,"Đơn vị đo độ dài, khối lượng, diện tích, thể tích và thời gian — Hướng dẫn ôn chắc chuyên đề",E,,3,HK1,Giữa kỳ I,0,0,False,
GITA-T1-L5-C02-KN-GP,T1,5,2,"Đơn vị đo độ dài, khối lượng, diện tích, thể tích và thời gian",GP,Phiếu Lời giải & Phân tích chuyên sâu,"Đơn vị đo độ dài, khối lượng, diện tích, thể tích và thời gian — Lời giải & Phân tích chuyên sâu (Phiếu Kỹ năng & Phương pháp)",E,,3,HK1,Giữa kỳ I,0,0,False,GITA-T1-L5-C02-KN
GITA-T1-L5-C02-LT-GP,T1,5,2,"Đơn vị đo độ dài, khối lượng, diện tích, thể tích và thời gian",GP,Phiếu Lời giải & Phân tích chuyên sâu,"Đơn vị đo độ dài, khối lượng, diện tích, thể tích và thời gian — Lời giải & Phân tích chuyên sâu (Phiếu Lý thuyết)",E,,3,HK1,Giữa kỳ I,0,0,False,GITA-T1-L5-C02-LT
GITA-T1-L5-C02-NC-GP,T1,5,2,"Đơn vị đo độ dài, khối lượng, diện tích, thể tích và thời gian",GP,Phiếu Lời giải & Phân tích chuyên sâu,"Đơn vị đo độ dài, khối lượng, diện tích, thể tích và thời gian — Lời giải & Phân tích chuyên sâu (Phiếu Luyện nâng cao)",E,,4,HK1,Giữa kỳ I,0,0,False,GITA-T1-L5-C02-NC
GITA-T1-L5-C02-OT-GP,T1,5,2,"Đơn vị đo độ dài, khối lượng, diện tích, thể tích và thời gian",GP,Phiếu Lời giải & Phân tích chuyên sâu,"Đơn vị đo độ dài, khối lượng, diện tích, thể tích và thời gian — Lời giải & Phân tích chuyên sâu (Phiếu Ôn thi)",E,,4,HK1,Giữa kỳ I,0,0,False,GITA-T1-L5-C02-OT
GITA-T1-L5-C02-TH-GP,T1,5,2,"Đơn vị đo độ dài, khối lượng, diện tích, thể tích và thời gian",GP,Phiếu Lời giải & Phân tích chuyên sâu,"Đơn vị đo độ dài, khối lượng, diện tích, thể tích và thời gian — Lời giải & Phân tích chuyên sâu (Phiếu Thi chương)",E,,4,HK1,Giữa kỳ I,0,0,False,GITA-T1-L5-C02-TH
GITA-T1-L5-C03-DB-GP,T1,5,3,"Tỉ lệ thuận – nghịch, trung bình cộng và bài toán số thập phân",GP,Phiếu Lời giải & Phân tích chuyên sâu,"Tỉ lệ thuận – nghịch, trung bình cộng và bài toán số thập phân — Lời giải & Phân tích chuyên sâu (Phiếu Dạng bài & Đọc vị)",D,,5,HK1,Giữa kỳ I,0,0,False,GITA-T1-L5-C03-DB
GITA-T1-L5-C03-HD,T1,5,3,"Tỉ lệ thuận – nghịch, trung bình cộng và bài toán số thập phân",HD,Phiếu Hướng dẫn ôn chắc chuyên đề,"Tỉ lệ thuận – nghịch, trung bình cộng và bài toán số thập phân — Hướng dẫn ôn chắc chuyên đề",D,,5,HK1,Giữa kỳ I,0,0,False,
GITA-T1-L5-C03-KN-GP,T1,5,3,"Tỉ lệ thuận – nghịch, trung bình cộng và bài toán số thập phân",GP,Phiếu Lời giải & Phân tích chuyên sâu,"Tỉ lệ thuận – nghịch, trung bình cộng và bài toán số thập phân — Lời giải & Phân tích chuyên sâu (Phiếu Kỹ năng & Phương pháp)",D,,5,HK1,Giữa kỳ I,0,0,False,GITA-T1-L5-C03-KN
GITA-T1-L5-C03-LT-GP,T1,5,3,"Tỉ lệ thuận – nghịch, trung bình cộng và bài toán số thập phân",GP,Phiếu Lời giải & Phân tích chuyên sâu,"Tỉ lệ thuận – nghịch, trung bình cộng và bài toán số thập phân — Lời giải & Phân tích chuyên sâu (Phiếu Lý thuyết)",D,,5,HK1,Giữa kỳ I,0,0,False,GITA-T1-L5-C03-LT
GITA-T1-L5-C03-NC-GP,T1,5,3,"Tỉ lệ thuận – nghịch, trung bình cộng và bài toán số thập phân",GP,Phiếu Lời giải & Phân tích chuyên sâu,"Tỉ lệ thuận – nghịch, trung bình cộng và bài toán số thập phân — Lời giải & Phân tích chuyên sâu (Phiếu Luyện nâng cao)",D,,6,HK1,Giữa kỳ I,0,0,False,GITA-T1-L5-C03-NC
GITA-T1-L5-C03-OT-GP,T1,5,3,"Tỉ lệ thuận – nghịch, trung bình cộng và bài toán số thập phân",GP,Phiếu Lời giải & Phân tích chuyên sâu,"Tỉ lệ thuận – nghịch, trung bình cộng và bài toán số thập phân — Lời giải & Phân tích chuyên sâu (Phiếu Ôn thi)",D,,6,HK1,Giữa kỳ I,0,0,False,GITA-T1-L5-C03-OT
GITA-T1-L5-C03-TH-GP,T1,5,3,"Tỉ lệ thuận – nghịch, trung bình cộng và bài toán số thập phân",GP,Phiếu Lời giải & Phân tích chuyên sâu,"Tỉ lệ thuận – nghịch, trung bình cộng và bài toán số thập phân — Lời giải & Phân tích chuyên sâu (Phiếu Thi chương)",D,,6,HK1,Giữa kỳ I,0,0,False,GITA-T1-L5-C03-TH
GITA-T1-L5-C04-DB-GP,T1,5,4,"Bốn phép tính, tính nhanh và tìm x với phân số, số thập phân",GP,Phiếu Lời giải & Phân tích chuyên sâu,"Bốn phép tính, tính nhanh và tìm x với phân số, số thập phân — Lời giải & Phân tích chuyên sâu (Phiếu Dạng bài & Đọc vị)",B,,7,HK1,Giữa kỳ I,0,0,False,GITA-T1-L5-C04-DB
GITA-T1-L5-C04-HD,T1,5,4,"Bốn phép tính, tính nhanh và tìm x với phân số, số thập phân",HD,Phiếu Hướng dẫn ôn chắc chuyên đề,"Bốn phép tính, tính nhanh và tìm x với phân số, số thập phân — Hướng dẫn ôn chắc chuyên đề",B,,7,HK1,Giữa kỳ I,0,0,False,
GITA-T1-L5-C04-KN-GP,T1,5,4,"Bốn phép tính, tính nhanh và tìm x với phân số, số thập phân",GP,Phiếu Lời giải & Phân tích chuyên sâu,"Bốn phép tính, tính nhanh và tìm x với phân số, số thập phân — Lời giải & Phân tích chuyên sâu (Phiếu Kỹ năng & Phương pháp)",B,,7,HK1,Giữa kỳ I,0,0,False,GITA-T1-L5-C04-KN
GITA-T1-L5-C04-LT-GP,T1,5,4,"Bốn phép tính, tính nhanh và tìm x với phân số, số thập phân",GP,Phiếu Lời giải & Phân tích chuyên sâu,"Bốn phép tính, tính nhanh và tìm x với phân số, số thập phân — Lời giải & Phân tích chuyên sâu (Phiếu Lý thuyết)",B,,7,HK1,Giữa kỳ I,0,0,False,GITA-T1-L5-C04-LT
GITA-T1-L5-C04-NC-GP,T1,5,4,"Bốn phép tính, tính nhanh và tìm x với phân số, số thập phân",GP,Phiếu Lời giải & Phân tích chuyên sâu,"Bốn phép tính, tính nhanh và tìm x với phân số, số thập phân — Lời giải & Phân tích chuyên sâu (Phiếu Luyện nâng cao)",B,,8,HK1,Giữa kỳ I,0,0,False,GITA-T1-L5-C04-NC
GITA-T1-L5-C04-OT-GP,T1,5,4,"Bốn phép tính, tính nhanh và tìm x với phân số, số thập phân",GP,Phiếu Lời giải & Phân tích chuyên sâu,"Bốn phép tính, tính nhanh và tìm x với phân số, số thập phân — Lời giải & Phân tích chuyên sâu (Phiếu Ôn thi)",B,,8,HK1,Giữa kỳ I,0,0,False,GITA-T1-L5-C04-OT
GITA-T1-L5-C04-TH-GP,T1,5,4,"Bốn phép tính, tính nhanh và tìm x với phân số, số thập phân",GP,Phiếu Lời giải & Phân tích chuyên sâu,"Bốn phép tính, tính nhanh và tìm x với phân số, số thập phân — Lời giải & Phân tích chuyên sâu (Phiếu Thi chương)",B,,8,HK1,Giữa kỳ I,0,0,False,GITA-T1-L5-C04-TH
GITA-T1-L5-C05-DB-GP,T1,5,5,Phép chia số thập phân và ba dạng toán tỉ số phần trăm,GP,Phiếu Lời giải & Phân tích chuyên sâu,Phép chia số thập phân và ba dạng toán tỉ số phần trăm — Lời giải & Phân tích chuyên sâu (Phiếu Dạng bài & Đọc vị),H,,9,HK1,Cuối kỳ I,0,0,False,GITA-T1-L5-C05-DB
GITA-T1-L5-C05-HD,T1,5,5,Phép chia số thập phân và ba dạng toán tỉ số phần trăm,HD,Phiếu Hướng dẫn ôn chắc chuyên đề,Phép chia số thập phân và ba dạng toán tỉ số phần trăm — Hướng dẫn ôn chắc chuyên đề,H,,9,HK1,Cuối kỳ I,0,0,False,
GITA-T1-L5-C05-KN-GP,T1,5,5,Phép chia số thập phân và ba dạng toán tỉ số phần trăm,GP,Phiếu Lời giải & Phân tích chuyên sâu,Phép chia số thập phân và ba dạng toán tỉ số phần trăm — Lời giải & Phân tích chuyên sâu (Phiếu Kỹ năng & Phương pháp),H,,10,HK1,Cuối kỳ I,0,0,False,GITA-T1-L5-C05-KN
GITA-T1-L5-C05-LT-GP,T1,5,5,Phép chia số thập phân và ba dạng toán tỉ số phần trăm,GP,Phiếu Lời giải & Phân tích chuyên sâu,Phép chia số thập phân và ba dạng toán tỉ số phần trăm — Lời giải & Phân tích chuyên sâu (Phiếu Lý thuyết),H,,9,HK1,Cuối kỳ I,0,0,False,GITA-T1-L5-C05-LT
GITA-T1-L5-C05-NC-GP,T1,5,5,Phép chia số thập phân và ba dạng toán tỉ số phần trăm,GP,Phiếu Lời giải & Phân tích chuyên sâu,Phép chia số thập phân và ba dạng toán tỉ số phần trăm — Lời giải & Phân tích chuyên sâu (Phiếu Luyện nâng cao),H,,10,HK1,Cuối kỳ I,0,0,False,GITA-T1-L5-C05-NC
GITA-T1-L5-C05-OT-GP,T1,5,5,Phép chia số thập phân và ba dạng toán tỉ số phần trăm,GP,Phiếu Lời giải & Phân tích chuyên sâu,Phép chia số thập phân và ba dạng toán tỉ số phần trăm — Lời giải & Phân tích chuyên sâu (Phiếu Ôn thi),H,,10,HK1,Cuối kỳ I,0,0,False,GITA-T1-L5-C05-OT
GITA-T1-L5-C05-TH-GP,T1,5,5,Phép chia số thập phân và ba dạng toán tỉ số phần trăm,GP,Phiếu Lời giải & Phân tích chuyên sâu,Phép chia số thập phân và ba dạng toán tỉ số phần trăm — Lời giải & Phân tích chuyên sâu (Phiếu Thi chương),H,,11,HK1,Cuối kỳ I,0,0,False,GITA-T1-L5-C05-TH
GITA-T1-L5-C06-DB-GP,T1,5,6,"Tam giác, hình thang, hình tròn và diện tích",GP,Phiếu Lời giải & Phân tích chuyên sâu,"Tam giác, hình thang, hình tròn và diện tích — Lời giải & Phân tích chuyên sâu (Phiếu Dạng bài & Đọc vị)",F,,11,HK1,Cuối kỳ I,0,0,False,GITA-T1-L5-C06-DB
GITA-T1-L5-C06-HD,T1,5,6,"Tam giác, hình thang, hình tròn và diện tích",HD,Phiếu Hướng dẫn ôn chắc chuyên đề,"Tam giác, hình thang, hình tròn và diện tích — Hướng dẫn ôn chắc chuyên đề",F,,11,HK1,Cuối kỳ I,0,0,False,
GITA-T1-L5-C06-KN-GP,T1,5,6,"Tam giác, hình thang, hình tròn và diện tích",GP,Phiếu Lời giải & Phân tích chuyên sâu,"Tam giác, hình thang, hình tròn và diện tích — Lời giải & Phân tích chuyên sâu (Phiếu Kỹ năng & Phương pháp)",F,,12,HK1,Cuối kỳ I,0,0,False,GITA-T1-L5-C06-KN
GITA-T1-L5-C06-LT-GP,T1,5,6,"Tam giác, hình thang, hình tròn và diện tích",GP,Phiếu Lời giải & Phân tích chuyên sâu,"Tam giác, hình thang, hình tròn và diện tích — Lời giải & Phân tích chuyên sâu (Phiếu Lý thuyết)",F,,11,HK1,Cuối kỳ I,0,0,False,GITA-T1-L5-C06-LT
GITA-T1-L5-C06-NC-GP,T1,5,6,"Tam giác, hình thang, hình tròn và diện tích",GP,Phiếu Lời giải & Phân tích chuyên sâu,"Tam giác, hình thang, hình tròn và diện tích — Lời giải & Phân tích chuyên sâu (Phiếu Luyện nâng cao)",F,,12,HK1,Cuối kỳ I,0,0,False,GITA-T1-L5-C06-NC
GITA-T1-L5-C06-OT-GP,T1,5,6,"Tam giác, hình thang, hình tròn và diện tích",GP,Phiếu Lời giải & Phân tích chuyên sâu,"Tam giác, hình thang, hình tròn và diện tích — Lời giải & Phân tích chuyên sâu (Phiếu Ôn thi)",F,,12,HK1,Cuối kỳ I,0,0,False,GITA-T1-L5-C06-OT
GITA-T1-L5-C06-TH-GP,T1,5,6,"Tam giác, hình thang, hình tròn và diện tích",GP,Phiếu Lời giải & Phân tích chuyên sâu,"Tam giác, hình thang, hình tròn và diện tích — Lời giải & Phân tích chuyên sâu (Phiếu Thi chương)",F,,13,HK1,Cuối kỳ I,0,0,False,GITA-T1-L5-C06-TH
GITA-T1-L5-C07-DB-GP,T1,5,7,"Số tự nhiên, chia hết và ôn tập số học",GP,Phiếu Lời giải & Phân tích chuyên sâu,"Số tự nhiên, chia hết và ôn tập số học — Lời giải & Phân tích chuyên sâu (Phiếu Dạng bài & Đọc vị)",A,,13,HK1,Cuối kỳ I,0,0,False,GITA-T1-L5-C07-DB
GITA-T1-L5-C07-HD,T1,5,7,"Số tự nhiên, chia hết và ôn tập số học",HD,Phiếu Hướng dẫn ôn chắc chuyên đề,"Số tự nhiên, chia hết và ôn tập số học — Hướng dẫn ôn chắc chuyên đề",A,,13,HK1,Cuối kỳ I,0,0,False,
GITA-T1-L5-C07-KN-GP,T1,5,7,"Số tự nhiên, chia hết và ôn tập số học",GP,Phiếu Lời giải & Phân tích chuyên sâu,"Số tự nhiên, chia hết và ôn tập số học — Lời giải & Phân tích chuyên sâu (Phiếu Kỹ năng & Phương pháp)",A,,14,HK1,Cuối kỳ I,0,0,False,GITA-T1-L5-C07-KN
GITA-T1-L5-C07-LT-GP,T1,5,7,"Số tự nhiên, chia hết và ôn tập số học",GP,Phiếu Lời giải & Phân tích chuyên sâu,"Số tự nhiên, chia hết và ôn tập số học — Lời giải & Phân tích chuyên sâu (Phiếu Lý thuyết)",A,,13,HK1,Cuối kỳ I,0,0,False,GITA-T1-L5-C07-LT
GITA-T1-L5-C07-NC-GP,T1,5,7,"Số tự nhiên, chia hết và ôn tập số học",GP,Phiếu Lời giải & Phân tích chuyên sâu,"Số tự nhiên, chia hết và ôn tập số học — Lời giải & Phân tích chuyên sâu (Phiếu Luyện nâng cao)",A,,14,HK1,Cuối kỳ I,0,0,False,GITA-T1-L5-C07-NC
GITA-T1-L5-C07-OT-GP,T1,5,7,"Số tự nhiên, chia hết và ôn tập số học",GP,Phiếu Lời giải & Phân tích chuyên sâu,"Số tự nhiên, chia hết và ôn tập số học — Lời giải & Phân tích chuyên sâu (Phiếu Ôn thi)",A,,14,HK1,Cuối kỳ I,0,0,False,GITA-T1-L5-C07-OT
GITA-T1-L5-C07-TH-GP,T1,5,7,"Số tự nhiên, chia hết và ôn tập số học",GP,Phiếu Lời giải & Phân tích chuyên sâu,"Số tự nhiên, chia hết và ôn tập số học — Lời giải & Phân tích chuyên sâu (Phiếu Thi chương)",A,,15,HK1,Cuối kỳ I,0,0,False,GITA-T1-L5-C07-TH
GITA-T1-L5-C08-DB-GP,T1,5,8,Dãy số và quy luật với số thập phân,GP,Phiếu Lời giải & Phân tích chuyên sâu,Dãy số và quy luật với số thập phân — Lời giải & Phân tích chuyên sâu (Phiếu Dạng bài & Đọc vị),C,,15,HK1,Cuối kỳ I,0,0,False,GITA-T1-L5-C08-DB
GITA-T1-L5-C08-HD,T1,5,8,Dãy số và quy luật với số thập phân,HD,Phiếu Hướng dẫn ôn chắc chuyên đề,Dãy số và quy luật với số thập phân — Hướng dẫn ôn chắc chuyên đề,C,,15,HK1,Cuối kỳ I,0,0,False,
GITA-T1-L5-C08-KN-GP,T1,5,8,Dãy số và quy luật với số thập phân,GP,Phiếu Lời giải & Phân tích chuyên sâu,Dãy số và quy luật với số thập phân — Lời giải & Phân tích chuyên sâu (Phiếu Kỹ năng & Phương pháp),C,,16,HK1,Cuối kỳ I,0,0,False,GITA-T1-L5-C08-KN
GITA-T1-L5-C08-LT-GP,T1,5,8,Dãy số và quy luật với số thập phân,GP,Phiếu Lời giải & Phân tích chuyên sâu,Dãy số và quy luật với số thập phân — Lời giải & Phân tích chuyên sâu (Phiếu Lý thuyết),C,,15,HK1,Cuối kỳ I,0,0,False,GITA-T1-L5-C08-LT
GITA-T1-L5-C08-NC-GP,T1,5,8,Dãy số và quy luật với số thập phân,GP,Phiếu Lời giải & Phân tích chuyên sâu,Dãy số và quy luật với số thập phân — Lời giải & Phân tích chuyên sâu (Phiếu Luyện nâng cao),C,,16,HK1,Cuối kỳ I,0,0,False,GITA-T1-L5-C08-NC
GITA-T1-L5-C08-OT-GP,T1,5,8,Dãy số và quy luật với số thập phân,GP,Phiếu Lời giải & Phân tích chuyên sâu,Dãy số và quy luật với số thập phân — Lời giải & Phân tích chuyên sâu (Phiếu Ôn thi),C,,16,HK1,Cuối kỳ I,0,0,False,GITA-T1-L5-C08-OT
GITA-T1-L5-C08-TH-GP,T1,5,8,Dãy số và quy luật với số thập phân,GP,Phiếu Lời giải & Phân tích chuyên sâu,Dãy số và quy luật với số thập phân — Lời giải & Phân tích chuyên sâu (Phiếu Thi chương),C,,17,HK1,Cuối kỳ I,0,0,False,GITA-T1-L5-C08-TH
GITA-T1-L5-C09-DB-GP,T1,5,9,"Hình hộp chữ nhật, hình lập phương: diện tích và thể tích",GP,Phiếu Lời giải & Phân tích chuyên sâu,"Hình hộp chữ nhật, hình lập phương: diện tích và thể tích — Lời giải & Phân tích chuyên sâu (Phiếu Dạng bài & Đọc vị)",F,,18,HK2,Giữa kỳ II,0,0,False,GITA-T1-L5-C09-DB
GITA-T1-L5-C09-HD,T1,5,9,"Hình hộp chữ nhật, hình lập phương: diện tích và thể tích",HD,Phiếu Hướng dẫn ôn chắc chuyên đề,"Hình hộp chữ nhật, hình lập phương: diện tích và thể tích — Hướng dẫn ôn chắc chuyên đề",F,,17,HK2,Giữa kỳ II,0,0,False,
GITA-T1-L5-C09-KN-GP,T1,5,9,"Hình hộp chữ nhật, hình lập phương: diện tích và thể tích",GP,Phiếu Lời giải & Phân tích chuyên sâu,"Hình hộp chữ nhật, hình lập phương: diện tích và thể tích — Lời giải & Phân tích chuyên sâu (Phiếu Kỹ năng & Phương pháp)",F,,18,HK2,Giữa kỳ II,0,0,False,GITA-T1-L5-C09-KN
GITA-T1-L5-C09-LT-GP,T1,5,9,"Hình hộp chữ nhật, hình lập phương: diện tích và thể tích",GP,Phiếu Lời giải & Phân tích chuyên sâu,"Hình hộp chữ nhật, hình lập phương: diện tích và thể tích — Lời giải & Phân tích chuyên sâu (Phiếu Lý thuyết)",F,,17,HK2,Giữa kỳ II,0,0,False,GITA-T1-L5-C09-LT
GITA-T1-L5-C09-NC-GP,T1,5,9,"Hình hộp chữ nhật, hình lập phương: diện tích và thể tích",GP,Phiếu Lời giải & Phân tích chuyên sâu,"Hình hộp chữ nhật, hình lập phương: diện tích và thể tích — Lời giải & Phân tích chuyên sâu (Phiếu Luyện nâng cao)",F,,18,HK2,Giữa kỳ II,0,0,False,GITA-T1-L5-C09-NC
GITA-T1-L5-C09-OT-GP,T1,5,9,"Hình hộp chữ nhật, hình lập phương: diện tích và thể tích",GP,Phiếu Lời giải & Phân tích chuyên sâu,"Hình hộp chữ nhật, hình lập phương: diện tích và thể tích — Lời giải & Phân tích chuyên sâu (Phiếu Ôn thi)",F,,19,HK2,Giữa kỳ II,0,0,False,GITA-T1-L5-C09-OT
GITA-T1-L5-C09-TH-GP,T1,5,9,"Hình hộp chữ nhật, hình lập phương: diện tích và thể tích",GP,Phiếu Lời giải & Phân tích chuyên sâu,"Hình hộp chữ nhật, hình lập phương: diện tích và thể tích — Lời giải & Phân tích chuyên sâu (Phiếu Thi chương)",F,,19,HK2,Giữa kỳ II,0,0,False,GITA-T1-L5-C09-TH
GITA-T1-L5-C10-DB-GP,T1,5,10,"Vận tốc, quãng đường, thời gian và chuyển động cùng – ngược chiều",GP,Phiếu Lời giải & Phân tích chuyên sâu,"Vận tốc, quãng đường, thời gian và chuyển động cùng – ngược chiều — Lời giải & Phân tích chuyên sâu (Phiếu Dạng bài & Đọc vị)",D,,20,HK2,Giữa kỳ II,0,0,False,GITA-T1-L5-C10-DB
GITA-T1-L5-C10-HD,T1,5,10,"Vận tốc, quãng đường, thời gian và chuyển động cùng – ngược chiều",HD,Phiếu Hướng dẫn ôn chắc chuyên đề,"Vận tốc, quãng đường, thời gian và chuyển động cùng – ngược chiều — Hướng dẫn ôn chắc chuyên đề",D,,19,HK2,Giữa kỳ II,0,0,False,
GITA-T1-L5-C10-KN-GP,T1,5,10,"Vận tốc, quãng đường, thời gian và chuyển động cùng – ngược chiều",GP,Phiếu Lời giải & Phân tích chuyên sâu,"Vận tốc, quãng đường, thời gian và chuyển động cùng – ngược chiều — Lời giải & Phân tích chuyên sâu (Phiếu Kỹ năng & Phương pháp)",D,,20,HK2,Giữa kỳ II,0,0,False,GITA-T1-L5-C10-KN
GITA-T1-L5-C10-LT-GP,T1,5,10,"Vận tốc, quãng đường, thời gian và chuyển động cùng – ngược chiều",GP,Phiếu Lời giải & Phân tích chuyên sâu,"Vận tốc, quãng đường, thời gian và chuyển động cùng – ngược chiều — Lời giải & Phân tích chuyên sâu (Phiếu Lý thuyết)",D,,19,HK2,Giữa kỳ II,0,0,False,GITA-T1-L5-C10-LT
GITA-T1-L5-C10-NC-GP,T1,5,10,"Vận tốc, quãng đường, thời gian và chuyển động cùng – ngược chiều",GP,Phiếu Lời giải & Phân tích chuyên sâu,"Vận tốc, quãng đường, thời gian và chuyển động cùng – ngược chiều — Lời giải & Phân tích chuyên sâu (Phiếu Luyện nâng cao)",D,,20,HK2,Giữa kỳ II,0,0,False,GITA-T1-L5-C10-NC
GITA-T1-L5-C10-OT-GP,T1,5,10,"Vận tốc, quãng đường, thời gian và chuyển động cùng – ngược chiều",GP,Phiếu Lời giải & Phân tích chuyên sâu,"Vận tốc, quãng đường, thời gian và chuyển động cùng – ngược chiều — Lời giải & Phân tích chuyên sâu (Phiếu Ôn thi)",D,,21,HK2,Giữa kỳ II,0,0,False,GITA-T1-L5-C10-OT
GITA-T1-L5-C10-TH-GP,T1,5,10,"Vận tốc, quãng đường, thời gian và chuyển động cùng – ngược chiều",GP,Phiếu Lời giải & Phân tích chuyên sâu,"Vận tốc, quãng đường, thời gian và chuyển động cùng – ngược chiều — Lời giải & Phân tích chuyên sâu (Phiếu Thi chương)",D,,21,HK2,Giữa kỳ II,0,0,False,GITA-T1-L5-C10-TH
GITA-T1-L5-C11-DB-GP,T1,5,11,Nhân chia số đo thời gian và đổi đơn vị tổng hợp,GP,Phiếu Lời giải & Phân tích chuyên sâu,Nhân chia số đo thời gian và đổi đơn vị tổng hợp — Lời giải & Phân tích chuyên sâu (Phiếu Dạng bài & Đọc vị),E,,22,HK2,Giữa kỳ II,0,0,False,GITA-T1-L5-C11-DB
GITA-T1-L5-C11-HD,T1,5,11,Nhân chia số đo thời gian và đổi đơn vị tổng hợp,HD,Phiếu Hướng dẫn ôn chắc chuyên đề,Nhân chia số đo thời gian và đổi đơn vị tổng hợp — Hướng dẫn ôn chắc chuyên đề,E,,21,HK2,Giữa kỳ II,0,0,False,
GITA-T1-L5-C11-KN-GP,T1,5,11,Nhân chia số đo thời gian và đổi đơn vị tổng hợp,GP,Phiếu Lời giải & Phân tích chuyên sâu,Nhân chia số đo thời gian và đổi đơn vị tổng hợp — Lời giải & Phân tích chuyên sâu (Phiếu Kỹ năng & Phương pháp),E,,22,HK2,Giữa kỳ II,0,0,False,GITA-T1-L5-C11-KN
GITA-T1-L5-C11-LT-GP,T1,5,11,Nhân chia số đo thời gian và đổi đơn vị tổng hợp,GP,Phiếu Lời giải & Phân tích chuyên sâu,Nhân chia số đo thời gian và đổi đơn vị tổng hợp — Lời giải & Phân tích chuyên sâu (Phiếu Lý thuyết),E,,21,HK2,Giữa kỳ II,0,0,False,GITA-T1-L5-C11-LT
GITA-T1-L5-C11-NC-GP,T1,5,11,Nhân chia số đo thời gian và đổi đơn vị tổng hợp,GP,Phiếu Lời giải & Phân tích chuyên sâu,Nhân chia số đo thời gian và đổi đơn vị tổng hợp — Lời giải & Phân tích chuyên sâu (Phiếu Luyện nâng cao),E,,22,HK2,Giữa kỳ II,0,0,False,GITA-T1-L5-C11-NC
GITA-T1-L5-C11-OT-GP,T1,5,11,Nhân chia số đo thời gian và đổi đơn vị tổng hợp,GP,Phiếu Lời giải & Phân tích chuyên sâu,Nhân chia số đo thời gian và đổi đơn vị tổng hợp — Lời giải & Phân tích chuyên sâu (Phiếu Ôn thi),E,,23,HK2,Giữa kỳ II,0,0,False,GITA-T1-L5-C11-OT
GITA-T1-L5-C11-TH-GP,T1,5,11,Nhân chia số đo thời gian và đổi đơn vị tổng hợp,GP,Phiếu Lời giải & Phân tích chuyên sâu,Nhân chia số đo thời gian và đổi đơn vị tổng hợp — Lời giải & Phân tích chuyên sâu (Phiếu Thi chương),E,,23,HK2,Giữa kỳ II,0,0,False,GITA-T1-L5-C11-TH
GITA-T1-L5-C12-DB-GP,T1,5,12,"Biểu đồ hình quạt, phần trăm nhiều bước và ôn tập",GP,Phiếu Lời giải & Phân tích chuyên sâu,"Biểu đồ hình quạt, phần trăm nhiều bước và ôn tập — Lời giải & Phân tích chuyên sâu (Phiếu Dạng bài & Đọc vị)",H,,24,HK2,Giữa kỳ II,0,0,False,GITA-T1-L5-C12-DB
GITA-T1-L5-C12-HD,T1,5,12,"Biểu đồ hình quạt, phần trăm nhiều bước và ôn tập",HD,Phiếu Hướng dẫn ôn chắc chuyên đề,"Biểu đồ hình quạt, phần trăm nhiều bước và ôn tập — Hướng dẫn ôn chắc chuyên đề",H,,23,HK2,Giữa kỳ II,0,0,False,
GITA-T1-L5-C12-KN-GP,T1,5,12,"Biểu đồ hình quạt, phần trăm nhiều bước và ôn tập",GP,Phiếu Lời giải & Phân tích chuyên sâu,"Biểu đồ hình quạt, phần trăm nhiều bước và ôn tập — Lời giải & Phân tích chuyên sâu (Phiếu Kỹ năng & Phương pháp)",H,,24,HK2,Giữa kỳ II,0,0,False,GITA-T1-L5-C12-KN
GITA-T1-L5-C12-LT-GP,T1,5,12,"Biểu đồ hình quạt, phần trăm nhiều bước và ôn tập",GP,Phiếu Lời giải & Phân tích chuyên sâu,"Biểu đồ hình quạt, phần trăm nhiều bước và ôn tập — Lời giải & Phân tích chuyên sâu (Phiếu Lý thuyết)",H,,23,HK2,Giữa kỳ II,0,0,False,GITA-T1-L5-C12-LT
GITA-T1-L5-C12-NC-GP,T1,5,12,"Biểu đồ hình quạt, phần trăm nhiều bước và ôn tập",GP,Phiếu Lời giải & Phân tích chuyên sâu,"Biểu đồ hình quạt, phần trăm nhiều bước và ôn tập — Lời giải & Phân tích chuyên sâu (Phiếu Luyện nâng cao)",H,,24,HK2,Giữa kỳ II,0,0,False,GITA-T1-L5-C12-NC
GITA-T1-L5-C12-OT-GP,T1,5,12,"Biểu đồ hình quạt, phần trăm nhiều bước và ôn tập",GP,Phiếu Lời giải & Phân tích chuyên sâu,"Biểu đồ hình quạt, phần trăm nhiều bước và ôn tập — Lời giải & Phân tích chuyên sâu (Phiếu Ôn thi)",H,,25,HK2,Giữa kỳ II,0,0,False,GITA-T1-L5-C12-OT
GITA-T1-L5-C12-TH-GP,T1,5,12,"Biểu đồ hình quạt, phần trăm nhiều bước và ôn tập",GP,Phiếu Lời giải & Phân tích chuyên sâu,"Biểu đồ hình quạt, phần trăm nhiều bước và ôn tập — Lời giải & Phân tích chuyên sâu (Phiếu Thi chương)",H,,25,HK2,Giữa kỳ II,0,0,False,GITA-T1-L5-C12-TH
GITA-T1-L5-C13-DB-GP,T1,5,13,"Chuyển động trên dòng nước, tỉ lệ xích, công việc chung và toán tuổi",GP,Phiếu Lời giải & Phân tích chuyên sâu,"Chuyển động trên dòng nước, tỉ lệ xích, công việc chung và toán tuổi — Lời giải & Phân tích chuyên sâu (Phiếu Dạng bài & Đọc vị)",D,,26,HK2,Cuối kỳ II,0,0,False,GITA-T1-L5-C13-DB
GITA-T1-L5-C13-HD,T1,5,13,"Chuyển động trên dòng nước, tỉ lệ xích, công việc chung và toán tuổi",HD,Phiếu Hướng dẫn ôn chắc chuyên đề,"Chuyển động trên dòng nước, tỉ lệ xích, công việc chung và toán tuổi — Hướng dẫn ôn chắc chuyên đề",D,,26,HK2,Cuối kỳ II,0,0,False,
GITA-T1-L5-C13-KN-GP,T1,5,13,"Chuyển động trên dòng nước, tỉ lệ xích, công việc chung và toán tuổi",GP,Phiếu Lời giải & Phân tích chuyên sâu,"Chuyển động trên dòng nước, tỉ lệ xích, công việc chung và toán tuổi — Lời giải & Phân tích chuyên sâu (Phiếu Kỹ năng & Phương pháp)",D,,26,HK2,Cuối kỳ II,0,0,False,GITA-T1-L5-C13-KN
GITA-T1-L5-C13-LT-GP,T1,5,13,"Chuyển động trên dòng nước, tỉ lệ xích, công việc chung và toán tuổi",GP,Phiếu Lời giải & Phân tích chuyên sâu,"Chuyển động trên dòng nước, tỉ lệ xích, công việc chung và toán tuổi — Lời giải & Phân tích chuyên sâu (Phiếu Lý thuyết)",D,,26,HK2,Cuối kỳ II,0,0,False,GITA-T1-L5-C13-LT
GITA-T1-L5-C13-NC-GP,T1,5,13,"Chuyển động trên dòng nước, tỉ lệ xích, công việc chung và toán tuổi",GP,Phiếu Lời giải & Phân tích chuyên sâu,"Chuyển động trên dòng nước, tỉ lệ xích, công việc chung và toán tuổi — Lời giải & Phân tích chuyên sâu (Phiếu Luyện nâng cao)",D,,27,HK2,Cuối kỳ II,0,0,False,GITA-T1-L5-C13-NC
GITA-T1-L5-C13-OT-GP,T1,5,13,"Chuyển động trên dòng nước, tỉ lệ xích, công việc chung và toán tuổi",GP,Phiếu Lời giải & Phân tích chuyên sâu,"Chuyển động trên dòng nước, tỉ lệ xích, công việc chung và toán tuổi — Lời giải & Phân tích chuyên sâu (Phiếu Ôn thi)",D,,27,HK2,Cuối kỳ II,0,0,False,GITA-T1-L5-C13-OT
GITA-T1-L5-C13-TH-GP,T1,5,13,"Chuyển động trên dòng nước, tỉ lệ xích, công việc chung và toán tuổi",GP,Phiếu Lời giải & Phân tích chuyên sâu,"Chuyển động trên dòng nước, tỉ lệ xích, công việc chung và toán tuổi — Lời giải & Phân tích chuyên sâu (Phiếu Thi chương)",D,,27,HK2,Cuối kỳ II,0,0,False,GITA-T1-L5-C13-TH
GITA-T1-L5-C14-DB-GP,T1,5,14,Suy luận logic và toán đếm,GP,Phiếu Lời giải & Phân tích chuyên sâu,Suy luận logic và toán đếm — Lời giải & Phân tích chuyên sâu (Phiếu Dạng bài & Đọc vị),G,,28,HK2,Cuối kỳ II,0,0,False,GITA-T1-L5-C14-DB
GITA-T1-L5-C14-HD,T1,5,14,Suy luận logic và toán đếm,HD,Phiếu Hướng dẫn ôn chắc chuyên đề,Suy luận logic và toán đếm — Hướng dẫn ôn chắc chuyên đề,G,,28,HK2,Cuối kỳ II,0,0,False,
GITA-T1-L5-C14-KN-GP,T1,5,14,Suy luận logic và toán đếm,GP,Phiếu Lời giải & Phân tích chuyên sâu,Suy luận logic và toán đếm — Lời giải & Phân tích chuyên sâu (Phiếu Kỹ năng & Phương pháp),G,,28,HK2,Cuối kỳ II,0,0,False,GITA-T1-L5-C14-KN
GITA-T1-L5-C14-LT-GP,T1,5,14,Suy luận logic và toán đếm,GP,Phiếu Lời giải & Phân tích chuyên sâu,Suy luận logic và toán đếm — Lời giải & Phân tích chuyên sâu (Phiếu Lý thuyết),G,,28,HK2,Cuối kỳ II,0,0,False,GITA-T1-L5-C14-LT
GITA-T1-L5-C14-NC-GP,T1,5,14,Suy luận logic và toán đếm,GP,Phiếu Lời giải & Phân tích chuyên sâu,Suy luận logic và toán đếm — Lời giải & Phân tích chuyên sâu (Phiếu Luyện nâng cao),G,,29,HK2,Cuối kỳ II,0,0,False,GITA-T1-L5-C14-NC
GITA-T1-L5-C14-OT-GP,T1,5,14,Suy luận logic và toán đếm,GP,Phiếu Lời giải & Phân tích chuyên sâu,Suy luận logic và toán đếm — Lời giải & Phân tích chuyên sâu (Phiếu Ôn thi),G,,29,HK2,Cuối kỳ II,0,0,False,GITA-T1-L5-C14-OT
GITA-T1-L5-C14-TH-GP,T1,5,14,Suy luận logic và toán đếm,GP,Phiếu Lời giải & Phân tích chuyên sâu,Suy luận logic và toán đếm — Lời giải & Phân tích chuyên sâu (Phiếu Thi chương),G,,29,HK2,Cuối kỳ II,0,0,False,GITA-T1-L5-C14-TH
GITA-T1-L5-C15-DB-GP,T1,5,15,Bài toán hình học tổng hợp phẳng và không gian,GP,Phiếu Lời giải & Phân tích chuyên sâu,Bài toán hình học tổng hợp phẳng và không gian — Lời giải & Phân tích chuyên sâu (Phiếu Dạng bài & Đọc vị),F,,30,HK2,Cuối kỳ II,0,0,False,GITA-T1-L5-C15-DB
GITA-T1-L5-C15-HD,T1,5,15,Bài toán hình học tổng hợp phẳng và không gian,HD,Phiếu Hướng dẫn ôn chắc chuyên đề,Bài toán hình học tổng hợp phẳng và không gian — Hướng dẫn ôn chắc chuyên đề,F,,30,HK2,Cuối kỳ II,0,0,False,
GITA-T1-L5-C15-KN-GP,T1,5,15,Bài toán hình học tổng hợp phẳng và không gian,GP,Phiếu Lời giải & Phân tích chuyên sâu,Bài toán hình học tổng hợp phẳng và không gian — Lời giải & Phân tích chuyên sâu (Phiếu Kỹ năng & Phương pháp),F,,30,HK2,Cuối kỳ II,0,0,False,GITA-T1-L5-C15-KN
GITA-T1-L5-C15-LT-GP,T1,5,15,Bài toán hình học tổng hợp phẳng và không gian,GP,Phiếu Lời giải & Phân tích chuyên sâu,Bài toán hình học tổng hợp phẳng và không gian — Lời giải & Phân tích chuyên sâu (Phiếu Lý thuyết),F,,30,HK2,Cuối kỳ II,0,0,False,GITA-T1-L5-C15-LT
GITA-T1-L5-C15-NC-GP,T1,5,15,Bài toán hình học tổng hợp phẳng và không gian,GP,Phiếu Lời giải & Phân tích chuyên sâu,Bài toán hình học tổng hợp phẳng và không gian — Lời giải & Phân tích chuyên sâu (Phiếu Luyện nâng cao),F,,31,HK2,Cuối kỳ II,0,0,False,GITA-T1-L5-C15-NC
GITA-T1-L5-C15-OT-GP,T1,5,15,Bài toán hình học tổng hợp phẳng và không gian,GP,Phiếu Lời giải & Phân tích chuyên sâu,Bài toán hình học tổng hợp phẳng và không gian — Lời giải & Phân tích chuyên sâu (Phiếu Ôn thi),F,,31,HK2,Cuối kỳ II,0,0,False,GITA-T1-L5-C15-OT
GITA-T1-L5-C15-TH-GP,T1,5,15,Bài toán hình học tổng hợp phẳng và không gian,GP,Phiếu Lời giải & Phân tích chuyên sâu,Bài toán hình học tổng hợp phẳng và không gian — Lời giải & Phân tích chuyên sâu (Phiếu Thi chương),F,,31,HK2,Cuối kỳ II,0,0,False,GITA-T1-L5-C15-TH
GITA-T1-L5-C16-DB-GP,T1,5,16,Tổng ôn giải toán và cuối cấp tiểu học,GP,Phiếu Lời giải & Phân tích chuyên sâu,Tổng ôn giải toán và cuối cấp tiểu học — Lời giải & Phân tích chuyên sâu (Phiếu Dạng bài & Đọc vị),D,,32,HK2,Cuối kỳ II,0,0,False,GITA-T1-L5-C16-DB
GITA-T1-L5-C16-HD,T1,5,16,Tổng ôn giải toán và cuối cấp tiểu học,HD,Phiếu Hướng dẫn ôn chắc chuyên đề,Tổng ôn giải toán và cuối cấp tiểu học — Hướng dẫn ôn chắc chuyên đề,D,,32,HK2,Cuối kỳ II,0,0,False,
GITA-T1-L5-C16-KN-GP,T1,5,16,Tổng ôn giải toán và cuối cấp tiểu học,GP,Phiếu Lời giải & Phân tích chuyên sâu,Tổng ôn giải toán và cuối cấp tiểu học — Lời giải & Phân tích chuyên sâu (Phiếu Kỹ năng & Phương pháp),D,,32,HK2,Cuối kỳ II,0,0,False,GITA-T1-L5-C16-KN
GITA-T1-L5-C16-LT-GP,T1,5,16,Tổng ôn giải toán và cuối cấp tiểu học,GP,Phiếu Lời giải & Phân tích chuyên sâu,Tổng ôn giải toán và cuối cấp tiểu học — Lời giải & Phân tích chuyên sâu (Phiếu Lý thuyết),D,,32,HK2,Cuối kỳ II,0,0,False,GITA-T1-L5-C16-LT
GITA-T1-L5-C16-NC-GP,T1,5,16,Tổng ôn giải toán và cuối cấp tiểu học,GP,Phiếu Lời giải & Phân tích chuyên sâu,Tổng ôn giải toán và cuối cấp tiểu học — Lời giải & Phân tích chuyên sâu (Phiếu Luyện nâng cao),D,,33,HK2,Cuối kỳ II,0,0,False,GITA-T1-L5-C16-NC
GITA-T1-L5-C16-OT-GP,T1,5,16,Tổng ôn giải toán và cuối cấp tiểu học,GP,Phiếu Lời giải & Phân tích chuyên sâu,Tổng ôn giải toán và cuối cấp tiểu học — Lời giải & Phân tích chuyên sâu (Phiếu Ôn thi),D,,33,HK2,Cuối kỳ II,0,0,False,GITA-T1-L5-C16-OT
GITA-T1-L5-C16-TH-GP,T1,5,16,Tổng ôn giải toán và cuối cấp tiểu học,GP,Phiếu Lời giải & Phân tích chuyên sâu,Tổng ôn giải toán và cuối cấp tiểu học — Lời giải & Phân tích chuyên sâu (Phiếu Thi chương),D,,33,HK2,Cuối kỳ II,0,0,False,GITA-T1-L5-C16-TH
GITA-T1-L5-MOC-CK1-GP,T1,5,0,Kiểm tra Cuối kỳ I,GP,Phiếu Lời giải & Phân tích chuyên sâu,Kiểm tra Cuối kỳ I — Lời giải & Phân tích chuyên sâu,*,,17,HK1,Cuối kỳ I,0,0,False,GITA-T1-L5-MOC-CK1
GITA-T1-L5-MOC-CK2-GP,T1,5,0,Kiểm tra Cuối kỳ II,GP,Phiếu Lời giải & Phân tích chuyên sâu,Kiểm tra Cuối kỳ II — Lời giải & Phân tích chuyên sâu,*,,34,HK2,Cuối kỳ II,0,0,False,GITA-T1-L5-MOC-CK2
GITA-T1-L5-MOC-GK1-GP,T1,5,0,Kiểm tra Giữa kỳ I,GP,Phiếu Lời giải & Phân tích chuyên sâu,Kiểm tra Giữa kỳ I — Lời giải & Phân tích chuyên sâu,*,,9,HK1,Giữa kỳ I,0,0,False,GITA-T1-L5-MOC-GK1
GITA-T1-L5-MOC-GK2-GP,T1,5,0,Kiểm tra Giữa kỳ II,GP,Phiếu Lời giải & Phân tích chuyên sâu,Kiểm tra Giữa kỳ II — Lời giải & Phân tích chuyên sâu,*,,25,HK2,Giữa kỳ II,0,0,False,GITA-T1-L5-MOC-GK2
GITA-T2-L5-C01-LT,T2,5,1,"Cấu tạo số, chia hết, số nguyên tố và ước – bội",LT,Phiếu Lý thuyết,"Cấu tạo số, chia hết, số nguyên tố và ước – bội — Phiếu Lý thuyết",A,1,1,HK1,Giữa kỳ I,90,100,True,
GITA-T2-L5-C01-DB,T2,5,1,"Cấu tạo số, chia hết, số nguyên tố và ước – bội",DB,Phiếu Dạng bài & Đọc vị,"Cấu tạo số, chia hết, số nguyên tố và ước – bội — Phiếu Dạng bài & Đọc vị",A,2,1,HK1,Giữa kỳ I,90,100,True,
GITA-T2-L5-C01-KN,T2,5,1,"Cấu tạo số, chia hết, số nguyên tố và ước – bội",KN,Phiếu Kỹ năng & Phương pháp,"Cấu tạo số, chia hết, số nguyên tố và ước – bội — Phiếu Kỹ năng & Phương pháp",A,3,1,HK1,Giữa kỳ I,90,100,True,
GITA-T2-L5-C01-NC,T2,5,1,"Cấu tạo số, chia hết, số nguyên tố và ước – bội",NC,Phiếu Luyện nâng cao,"Cấu tạo số, chia hết, số nguyên tố và ước – bội — Phiếu Luyện nâng cao",A,4,2,HK1,Giữa kỳ I,90,100,True,
GITA-T2-L5-C01-OT,T2,5,1,"Cấu tạo số, chia hết, số nguyên tố và ước – bội",OT,Phiếu Ôn thi,"Cấu tạo số, chia hết, số nguyên tố và ước – bội — Phiếu Ôn thi",A,5,2,HK1,Giữa kỳ I,90,100,True,
GITA-T2-L5-C01-TH,T2,5,1,"Cấu tạo số, chia hết, số nguyên tố và ước – bội",TH,Phiếu Thi chương,"Cấu tạo số, chia hết, số nguyên tố và ước – bội — Phiếu Thi chương",A,6,2,HK1,Giữa kỳ I,90,100,True,
GITA-T2-L5-C02-LT,T2,5,2,"So sánh phân số, số thập phân và bài toán phần trăm ẩn",LT,Phiếu Lý thuyết,"So sánh phân số, số thập phân và bài toán phần trăm ẩn — Phiếu Lý thuyết",H,7,3,HK1,Giữa kỳ I,90,100,True,
GITA-T2-L5-C02-DB,T2,5,2,"So sánh phân số, số thập phân và bài toán phần trăm ẩn",DB,Phiếu Dạng bài & Đọc vị,"So sánh phân số, số thập phân và bài toán phần trăm ẩn — Phiếu Dạng bài & Đọc vị",H,8,3,HK1,Giữa kỳ I,90,100,True,
GITA-T2-L5-C02-KN,T2,5,2,"So sánh phân số, số thập phân và bài toán phần trăm ẩn",KN,Phiếu Kỹ năng & Phương pháp,"So sánh phân số, số thập phân và bài toán phần trăm ẩn — Phiếu Kỹ năng & Phương pháp",H,9,3,HK1,Giữa kỳ I,90,100,True,
GITA-T2-L5-C02-NC,T2,5,2,"So sánh phân số, số thập phân và bài toán phần trăm ẩn",NC,Phiếu Luyện nâng cao,"So sánh phân số, số thập phân và bài toán phần trăm ẩn — Phiếu Luyện nâng cao",H,10,4,HK1,Giữa kỳ I,90,100,True,
GITA-T2-L5-C02-OT,T2,5,2,"So sánh phân số, số thập phân và bài toán phần trăm ẩn",OT,Phiếu Ôn thi,"So sánh phân số, số thập phân và bài toán phần trăm ẩn — Phiếu Ôn thi",H,11,4,HK1,Giữa kỳ I,90,100,True,
GITA-T2-L5-C02-TH,T2,5,2,"So sánh phân số, số thập phân và bài toán phần trăm ẩn",TH,Phiếu Thi chương,"So sánh phân số, số thập phân và bài toán phần trăm ẩn — Phiếu Thi chương",H,12,4,HK1,Giữa kỳ I,90,100,True,
GITA-T2-L5-C03-LT,T2,5,3,"Dãy số cách đều, dãy phân số và dãy số đặc biệt",LT,Phiếu Lý thuyết,"Dãy số cách đều, dãy phân số và dãy số đặc biệt — Phiếu Lý thuyết",C,13,5,HK1,Giữa kỳ I,90,100,True,
GITA-T2-L5-C03-DB,T2,5,3,"Dãy số cách đều, dãy phân số và dãy số đặc biệt",DB,Phiếu Dạng bài & Đọc vị,"Dãy số cách đều, dãy phân số và dãy số đặc biệt — Phiếu Dạng bài & Đọc vị",C,14,5,HK1,Giữa kỳ I,90,100,True,
GITA-T2-L5-C03-KN,T2,5,3,"Dãy số cách đều, dãy phân số và dãy số đặc biệt",KN,Phiếu Kỹ năng & Phương pháp,"Dãy số cách đều, dãy phân số và dãy số đặc biệt — Phiếu Kỹ năng & Phương pháp",C,15,5,HK1,Giữa kỳ I,90,100,True,
GITA-T2-L5-C03-NC,T2,5,3,"Dãy số cách đều, dãy phân số và dãy số đặc biệt",NC,Phiếu Luyện nâng cao,"Dãy số cách đều, dãy phân số và dãy số đặc biệt — Phiếu Luyện nâng cao",C,16,6,HK1,Giữa kỳ I,90,100,True,
GITA-T2-L5-C03-OT,T2,5,3,"Dãy số cách đều, dãy phân số và dãy số đặc biệt",OT,Phiếu Ôn thi,"Dãy số cách đều, dãy phân số và dãy số đặc biệt — Phiếu Ôn thi",C,17,6,HK1,Giữa kỳ I,90,100,True,
GITA-T2-L5-C03-TH,T2,5,3,"Dãy số cách đều, dãy phân số và dãy số đặc biệt",TH,Phiếu Thi chương,"Dãy số cách đều, dãy phân số và dãy số đặc biệt — Phiếu Thi chương",C,18,6,HK1,Giữa kỳ I,90,100,True,
GITA-T2-L5-C04-LT,T2,5,4,"Đi-rích-lê, bù trừ, bất biến và quy tắc đếm",LT,Phiếu Lý thuyết,"Đi-rích-lê, bù trừ, bất biến và quy tắc đếm — Phiếu Lý thuyết",G,19,7,HK1,Giữa kỳ I,90,100,True,
GITA-T2-L5-C04-DB,T2,5,4,"Đi-rích-lê, bù trừ, bất biến và quy tắc đếm",DB,Phiếu Dạng bài & Đọc vị,"Đi-rích-lê, bù trừ, bất biến và quy tắc đếm — Phiếu Dạng bài & Đọc vị",G,20,7,HK1,Giữa kỳ I,90,100,True,
GITA-T2-L5-C04-KN,T2,5,4,"Đi-rích-lê, bù trừ, bất biến và quy tắc đếm",KN,Phiếu Kỹ năng & Phương pháp,"Đi-rích-lê, bù trừ, bất biến và quy tắc đếm — Phiếu Kỹ năng & Phương pháp",G,21,7,HK1,Giữa kỳ I,90,100,True,
GITA-T2-L5-C04-NC,T2,5,4,"Đi-rích-lê, bù trừ, bất biến và quy tắc đếm",NC,Phiếu Luyện nâng cao,"Đi-rích-lê, bù trừ, bất biến và quy tắc đếm — Phiếu Luyện nâng cao",G,22,8,HK1,Giữa kỳ I,90,100,True,
GITA-T2-L5-C04-OT,T2,5,4,"Đi-rích-lê, bù trừ, bất biến và quy tắc đếm",OT,Phiếu Ôn thi,"Đi-rích-lê, bù trừ, bất biến và quy tắc đếm — Phiếu Ôn thi",G,23,8,HK1,Giữa kỳ I,90,100,True,
GITA-T2-L5-C04-TH,T2,5,4,"Đi-rích-lê, bù trừ, bất biến và quy tắc đếm",TH,Phiếu Thi chương,"Đi-rích-lê, bù trừ, bất biến và quy tắc đếm — Phiếu Thi chương",G,24,8,HK1,Giữa kỳ I,90,100,True,
GITA-T2-L5-MOC-GK1,T2,5,0,Kiểm tra Giữa kỳ I,MOC,Phiếu kiểm tra mốc,Kiểm tra Giữa kỳ I — Tổng ôn cụm 1 – 4,*,25,9,HK1,Giữa kỳ I,90,100,True,
GITA-T2-L5-C05-LT,T2,5,5,"Tỉ số diện tích tam giác, hình thang và hình tròn",LT,Phiếu Lý thuyết,"Tỉ số diện tích tam giác, hình thang và hình tròn — Phiếu Lý thuyết",F,26,9,HK1,Cuối kỳ I,90,100,True,
GITA-T2-L5-C05-DB,T2,5,5,"Tỉ số diện tích tam giác, hình thang và hình tròn",DB,Phiếu Dạng bài & Đọc vị,"Tỉ số diện tích tam giác, hình thang và hình tròn — Phiếu Dạng bài & Đọc vị",F,27,9,HK1,Cuối kỳ I,90,100,True,
GITA-T2-L5-C05-KN,T2,5,5,"Tỉ số diện tích tam giác, hình thang và hình tròn",KN,Phiếu Kỹ năng & Phương pháp,"Tỉ số diện tích tam giác, hình thang và hình tròn — Phiếu Kỹ năng & Phương pháp",F,28,10,HK1,Cuối kỳ I,90,100,True,
GITA-T2-L5-C05-NC,T2,5,5,"Tỉ số diện tích tam giác, hình thang và hình tròn",NC,Phiếu Luyện nâng cao,"Tỉ số diện tích tam giác, hình thang và hình tròn — Phiếu Luyện nâng cao",F,29,10,HK1,Cuối kỳ I,90,100,True,
GITA-T2-L5-C05-OT,T2,5,5,"Tỉ số diện tích tam giác, hình thang và hình tròn",OT,Phiếu Ôn thi,"Tỉ số diện tích tam giác, hình thang và hình tròn — Phiếu Ôn thi",F,30,10,HK1,Cuối kỳ I,90,100,True,
GITA-T2-L5-C05-TH,T2,5,5,"Tỉ số diện tích tam giác, hình thang và hình tròn",TH,Phiếu Thi chương,"Tỉ số diện tích tam giác, hình thang và hình tròn — Phiếu Thi chương",F,31,11,HK1,Cuối kỳ I,90,100,True,
GITA-T2-L5-C06-LT,T2,5,6,Các dạng ẩn của toán điển hình và bài toán phần trăm nâng cao,LT,Phiếu Lý thuyết,Các dạng ẩn của toán điển hình và bài toán phần trăm nâng cao — Phiếu Lý thuyết,D,32,11,HK1,Cuối kỳ I,90,100,True,
GITA-T2-L5-C06-DB,T2,5,6,Các dạng ẩn của toán điển hình và bài toán phần trăm nâng cao,DB,Phiếu Dạng bài & Đọc vị,Các dạng ẩn của toán điển hình và bài toán phần trăm nâng cao — Phiếu Dạng bài & Đọc vị,D,33,11,HK1,Cuối kỳ I,90,100,True,
GITA-T2-L5-C06-KN,T2,5,6,Các dạng ẩn của toán điển hình và bài toán phần trăm nâng cao,KN,Phiếu Kỹ năng & Phương pháp,Các dạng ẩn của toán điển hình và bài toán phần trăm nâng cao — Phiếu Kỹ năng & Phương pháp,D,34,12,HK1,Cuối kỳ I,90,100,True,
GITA-T2-L5-C06-NC,T2,5,6,Các dạng ẩn của toán điển hình và bài toán phần trăm nâng cao,NC,Phiếu Luyện nâng cao,Các dạng ẩn của toán điển hình và bài toán phần trăm nâng cao — Phiếu Luyện nâng cao,D,35,12,HK1,Cuối kỳ I,90,100,True,
GITA-T2-L5-C06-OT,T2,5,6,Các dạng ẩn của toán điển hình và bài toán phần trăm nâng cao,OT,Phiếu Ôn thi,Các dạng ẩn của toán điển hình và bài toán phần trăm nâng cao — Phiếu Ôn thi,D,36,12,HK1,Cuối kỳ I,90,100,True,
GITA-T2-L5-C06-TH,T2,5,6,Các dạng ẩn của toán điển hình và bài toán phần trăm nâng cao,TH,Phiếu Thi chương,Các dạng ẩn của toán điển hình và bài toán phần trăm nâng cao — Phiếu Thi chương,D,37,13,HK1,Cuối kỳ I,90,100,True,
GITA-T2-L5-C07-LT,T2,5,7,"Tính nhanh dãy phân số, khử liên tiếp và so sánh biểu thức",LT,Phiếu Lý thuyết,"Tính nhanh dãy phân số, khử liên tiếp và so sánh biểu thức — Phiếu Lý thuyết",B,38,13,HK1,Cuối kỳ I,90,100,True,
GITA-T2-L5-C07-DB,T2,5,7,"Tính nhanh dãy phân số, khử liên tiếp và so sánh biểu thức",DB,Phiếu Dạng bài & Đọc vị,"Tính nhanh dãy phân số, khử liên tiếp và so sánh biểu thức — Phiếu Dạng bài & Đọc vị",B,39,13,HK1,Cuối kỳ I,90,100,True,
GITA-T2-L5-C07-KN,T2,5,7,"Tính nhanh dãy phân số, khử liên tiếp và so sánh biểu thức",KN,Phiếu Kỹ năng & Phương pháp,"Tính nhanh dãy phân số, khử liên tiếp và so sánh biểu thức — Phiếu Kỹ năng & Phương pháp",B,40,14,HK1,Cuối kỳ I,90,100,True,
GITA-T2-L5-C07-NC,T2,5,7,"Tính nhanh dãy phân số, khử liên tiếp và so sánh biểu thức",NC,Phiếu Luyện nâng cao,"Tính nhanh dãy phân số, khử liên tiếp và so sánh biểu thức — Phiếu Luyện nâng cao",B,41,14,HK1,Cuối kỳ I,90,100,True,
GITA-T2-L5-C07-OT,T2,5,7,"Tính nhanh dãy phân số, khử liên tiếp và so sánh biểu thức",OT,Phiếu Ôn thi,"Tính nhanh dãy phân số, khử liên tiếp và so sánh biểu thức — Phiếu Ôn thi",B,42,14,HK1,Cuối kỳ I,90,100,True,
GITA-T2-L5-C07-TH,T2,5,7,"Tính nhanh dãy phân số, khử liên tiếp và so sánh biểu thức",TH,Phiếu Thi chương,"Tính nhanh dãy phân số, khử liên tiếp và so sánh biểu thức — Phiếu Thi chương",B,43,15,HK1,Cuối kỳ I,90,100,True,
GITA-T2-L5-C08-LT,T2,5,8,"Đánh số trang, ma trận số và dãy số dạng đề chuyên",LT,Phiếu Lý thuyết,"Đánh số trang, ma trận số và dãy số dạng đề chuyên — Phiếu Lý thuyết",C,44,15,HK1,Cuối kỳ I,90,100,True,
GITA-T2-L5-C08-DB,T2,5,8,"Đánh số trang, ma trận số và dãy số dạng đề chuyên",DB,Phiếu Dạng bài & Đọc vị,"Đánh số trang, ma trận số và dãy số dạng đề chuyên — Phiếu Dạng bài & Đọc vị",C,45,15,HK1,Cuối kỳ I,90,100,True,
GITA-T2-L5-C08-KN,T2,5,8,"Đánh số trang, ma trận số và dãy số dạng đề chuyên",KN,Phiếu Kỹ năng & Phương pháp,"Đánh số trang, ma trận số và dãy số dạng đề chuyên — Phiếu Kỹ năng & Phương pháp",C,46,16,HK1,Cuối kỳ I,90,100,True,
GITA-T2-L5-C08-NC,T2,5,8,"Đánh số trang, ma trận số và dãy số dạng đề chuyên",NC,Phiếu Luyện nâng cao,"Đánh số trang, ma trận số và dãy số dạng đề chuyên — Phiếu Luyện nâng cao",C,47,16,HK1,Cuối kỳ I,90,100,True,
GITA-T2-L5-C08-OT,T2,5,8,"Đánh số trang, ma trận số và dãy số dạng đề chuyên",OT,Phiếu Ôn thi,"Đánh số trang, ma trận số và dãy số dạng đề chuyên — Phiếu Ôn thi",C,48,16,HK1,Cuối kỳ I,90,100,True,
GITA-T2-L5-C08-TH,T2,5,8,"Đánh số trang, ma trận số và dãy số dạng đề chuyên",TH,Phiếu Thi chương,"Đánh số trang, ma trận số và dãy số dạng đề chuyên — Phiếu Thi chương",C,49,17,HK1,Cuối kỳ I,90,100,True,
GITA-T2-L5-MOC-CK1,T2,5,0,Kiểm tra Cuối kỳ I,MOC,Phiếu kiểm tra mốc,Kiểm tra Cuối kỳ I — Tổng ôn cụm 1 – 8,*,50,17,HK1,Cuối kỳ I,90,100,True,
GITA-T2-L5-C09-LT,T2,5,9,"Thể tích, diện tích toàn phần và bài toán khối lập phương",LT,Phiếu Lý thuyết,"Thể tích, diện tích toàn phần và bài toán khối lập phương — Phiếu Lý thuyết",F,51,17,HK2,Giữa kỳ II,90,100,True,
GITA-T2-L5-C09-DB,T2,5,9,"Thể tích, diện tích toàn phần và bài toán khối lập phương",DB,Phiếu Dạng bài & Đọc vị,"Thể tích, diện tích toàn phần và bài toán khối lập phương — Phiếu Dạng bài & Đọc vị",F,52,18,HK2,Giữa kỳ II,90,100,True,
GITA-T2-L5-C09-KN,T2,5,9,"Thể tích, diện tích toàn phần và bài toán khối lập phương",KN,Phiếu Kỹ năng & Phương pháp,"Thể tích, diện tích toàn phần và bài toán khối lập phương — Phiếu Kỹ năng & Phương pháp",F,53,18,HK2,Giữa kỳ II,90,100,True,
GITA-T2-L5-C09-NC,T2,5,9,"Thể tích, diện tích toàn phần và bài toán khối lập phương",NC,Phiếu Luyện nâng cao,"Thể tích, diện tích toàn phần và bài toán khối lập phương — Phiếu Luyện nâng cao",F,54,18,HK2,Giữa kỳ II,90,100,True,
GITA-T2-L5-C09-OT,T2,5,9,"Thể tích, diện tích toàn phần và bài toán khối lập phương",OT,Phiếu Ôn thi,"Thể tích, diện tích toàn phần và bài toán khối lập phương — Phiếu Ôn thi",F,55,19,HK2,Giữa kỳ II,90,100,True,
GITA-T2-L5-C09-TH,T2,5,9,"Thể tích, diện tích toàn phần và bài toán khối lập phương",TH,Phiếu Thi chương,"Thể tích, diện tích toàn phần và bài toán khối lập phương — Phiếu Thi chương",F,56,19,HK2,Giữa kỳ II,90,100,True,
GITA-T2-L5-C10-LT,T2,5,10,"Chuyển động nâng cao: dòng nước, kim đồng hồ, trộn – pha",LT,Phiếu Lý thuyết,"Chuyển động nâng cao: dòng nước, kim đồng hồ, trộn – pha — Phiếu Lý thuyết",D,57,19,HK2,Giữa kỳ II,90,100,True,
GITA-T2-L5-C10-DB,T2,5,10,"Chuyển động nâng cao: dòng nước, kim đồng hồ, trộn – pha",DB,Phiếu Dạng bài & Đọc vị,"Chuyển động nâng cao: dòng nước, kim đồng hồ, trộn – pha — Phiếu Dạng bài & Đọc vị",D,58,20,HK2,Giữa kỳ II,90,100,True,
GITA-T2-L5-C10-KN,T2,5,10,"Chuyển động nâng cao: dòng nước, kim đồng hồ, trộn – pha",KN,Phiếu Kỹ năng & Phương pháp,"Chuyển động nâng cao: dòng nước, kim đồng hồ, trộn – pha — Phiếu Kỹ năng & Phương pháp",D,59,20,HK2,Giữa kỳ II,90,100,True,
GITA-T2-L5-C10-NC,T2,5,10,"Chuyển động nâng cao: dòng nước, kim đồng hồ, trộn – pha",NC,Phiếu Luyện nâng cao,"Chuyển động nâng cao: dòng nước, kim đồng hồ, trộn – pha — Phiếu Luyện nâng cao",D,60,20,HK2,Giữa kỳ II,90,100,True,
GITA-T2-L5-C10-OT,T2,5,10,"Chuyển động nâng cao: dòng nước, kim đồng hồ, trộn – pha",OT,Phiếu Ôn thi,"Chuyển động nâng cao: dòng nước, kim đồng hồ, trộn – pha — Phiếu Ôn thi",D,61,21,HK2,Giữa kỳ II,90,100,True,
GITA-T2-L5-C10-TH,T2,5,10,"Chuyển động nâng cao: dòng nước, kim đồng hồ, trộn – pha",TH,Phiếu Thi chương,"Chuyển động nâng cao: dòng nước, kim đồng hồ, trộn – pha — Phiếu Thi chương",D,62,21,HK2,Giữa kỳ II,90,100,True,
GITA-T2-L5-C11-LT,T2,5,11,"Số chính phương, số học dạng đề chuyên và tổng ôn",LT,Phiếu Lý thuyết,"Số chính phương, số học dạng đề chuyên và tổng ôn — Phiếu Lý thuyết",A,63,21,HK2,Giữa kỳ II,90,100,True,
GITA-T2-L5-C11-DB,T2,5,11,"Số chính phương, số học dạng đề chuyên và tổng ôn",DB,Phiếu Dạng bài & Đọc vị,"Số chính phương, số học dạng đề chuyên và tổng ôn — Phiếu Dạng bài & Đọc vị",A,64,22,HK2,Giữa kỳ II,90,100,True,
GITA-T2-L5-C11-KN,T2,5,11,"Số chính phương, số học dạng đề chuyên và tổng ôn",KN,Phiếu Kỹ năng & Phương pháp,"Số chính phương, số học dạng đề chuyên và tổng ôn — Phiếu Kỹ năng & Phương pháp",A,65,22,HK2,Giữa kỳ II,90,100,True,
GITA-T2-L5-C11-NC,T2,5,11,"Số chính phương, số học dạng đề chuyên và tổng ôn",NC,Phiếu Luyện nâng cao,"Số chính phương, số học dạng đề chuyên và tổng ôn — Phiếu Luyện nâng cao",A,66,22,HK2,Giữa kỳ II,90,100,True,
GITA-T2-L5-C11-OT,T2,5,11,"Số chính phương, số học dạng đề chuyên và tổng ôn",OT,Phiếu Ôn thi,"Số chính phương, số học dạng đề chuyên và tổng ôn — Phiếu Ôn thi",A,67,23,HK2,Giữa kỳ II,90,100,True,
GITA-T2-L5-C11-TH,T2,5,11,"Số chính phương, số học dạng đề chuyên và tổng ôn",TH,Phiếu Thi chương,"Số chính phương, số học dạng đề chuyên và tổng ôn — Phiếu Thi chương",A,68,23,HK2,Giữa kỳ II,90,100,True,
GITA-T2-L5-C12-LT,T2,5,12,"Tô màu, bàn cờ, chia phần và suy luận dạng đề chuyên",LT,Phiếu Lý thuyết,"Tô màu, bàn cờ, chia phần và suy luận dạng đề chuyên — Phiếu Lý thuyết",G,69,23,HK2,Giữa kỳ II,90,100,True,
GITA-T2-L5-C12-DB,T2,5,12,"Tô màu, bàn cờ, chia phần và suy luận dạng đề chuyên",DB,Phiếu Dạng bài & Đọc vị,"Tô màu, bàn cờ, chia phần và suy luận dạng đề chuyên — Phiếu Dạng bài & Đọc vị",G,70,24,HK2,Giữa kỳ II,90,100,True,
GITA-T2-L5-C12-KN,T2,5,12,"Tô màu, bàn cờ, chia phần và suy luận dạng đề chuyên",KN,Phiếu Kỹ năng & Phương pháp,"Tô màu, bàn cờ, chia phần và suy luận dạng đề chuyên — Phiếu Kỹ năng & Phương pháp",G,71,24,HK2,Giữa kỳ II,90,100,True,
GITA-T2-L5-C12-NC,T2,5,12,"Tô màu, bàn cờ, chia phần và suy luận dạng đề chuyên",NC,Phiếu Luyện nâng cao,"Tô màu, bàn cờ, chia phần và suy luận dạng đề chuyên — Phiếu Luyện nâng cao",G,72,24,HK2,Giữa kỳ II,90,100,True,
GITA-T2-L5-C12-OT,T2,5,12,"Tô màu, bàn cờ, chia phần và suy luận dạng đề chuyên",OT,Phiếu Ôn thi,"Tô màu, bàn cờ, chia phần và suy luận dạng đề chuyên — Phiếu Ôn thi",G,73,25,HK2,Giữa kỳ II,90,100,True,
GITA-T2-L5-C12-TH,T2,5,12,"Tô màu, bàn cờ, chia phần và suy luận dạng đề chuyên",TH,Phiếu Thi chương,"Tô màu, bàn cờ, chia phần và suy luận dạng đề chuyên — Phiếu Thi chương",G,74,25,HK2,Giữa kỳ II,90,100,True,
GITA-T2-L5-MOC-GK2,T2,5,0,Kiểm tra Giữa kỳ II,MOC,Phiếu kiểm tra mốc,Kiểm tra Giữa kỳ II — Tổng ôn cụm 9 – 12,*,75,25,HK2,Giữa kỳ II,90,100,True,
GITA-T2-L5-C13-LT,T2,5,13,"Phân số ẩn, phần trăm trong biểu đồ và dạng đề chuyên",LT,Phiếu Lý thuyết,"Phân số ẩn, phần trăm trong biểu đồ và dạng đề chuyên — Phiếu Lý thuyết",H,76,26,HK2,Cuối kỳ II,90,100,True,
GITA-T2-L5-C13-DB,T2,5,13,"Phân số ẩn, phần trăm trong biểu đồ và dạng đề chuyên",DB,Phiếu Dạng bài & Đọc vị,"Phân số ẩn, phần trăm trong biểu đồ và dạng đề chuyên — Phiếu Dạng bài & Đọc vị",H,77,26,HK2,Cuối kỳ II,90,100,True,
GITA-T2-L5-C13-KN,T2,5,13,"Phân số ẩn, phần trăm trong biểu đồ và dạng đề chuyên",KN,Phiếu Kỹ năng & Phương pháp,"Phân số ẩn, phần trăm trong biểu đồ và dạng đề chuyên — Phiếu Kỹ năng & Phương pháp",H,78,26,HK2,Cuối kỳ II,90,100,True,
GITA-T2-L5-C13-NC,T2,5,13,"Phân số ẩn, phần trăm trong biểu đồ và dạng đề chuyên",NC,Phiếu Luyện nâng cao,"Phân số ẩn, phần trăm trong biểu đồ và dạng đề chuyên — Phiếu Luyện nâng cao",H,79,27,HK2,Cuối kỳ II,90,100,True,
GITA-T2-L5-C13-OT,T2,5,13,"Phân số ẩn, phần trăm trong biểu đồ và dạng đề chuyên",OT,Phiếu Ôn thi,"Phân số ẩn, phần trăm trong biểu đồ và dạng đề chuyên — Phiếu Ôn thi",H,80,27,HK2,Cuối kỳ II,90,100,True,
GITA-T2-L5-C13-TH,T2,5,13,"Phân số ẩn, phần trăm trong biểu đồ và dạng đề chuyên",TH,Phiếu Thi chương,"Phân số ẩn, phần trăm trong biểu đồ và dạng đề chuyên — Phiếu Thi chương",H,81,27,HK2,Cuối kỳ II,90,100,True,
GITA-T2-L5-C14-LT,T2,5,14,"Số đo thời gian, mua bán, thuế và toán thực tế",LT,Phiếu Lý thuyết,"Số đo thời gian, mua bán, thuế và toán thực tế — Phiếu Lý thuyết",E,82,28,HK2,Cuối kỳ II,90,100,True,
GITA-T2-L5-C14-DB,T2,5,14,"Số đo thời gian, mua bán, thuế và toán thực tế",DB,Phiếu Dạng bài & Đọc vị,"Số đo thời gian, mua bán, thuế và toán thực tế — Phiếu Dạng bài & Đọc vị",E,83,28,HK2,Cuối kỳ II,90,100,True,
GITA-T2-L5-C14-KN,T2,5,14,"Số đo thời gian, mua bán, thuế và toán thực tế",KN,Phiếu Kỹ năng & Phương pháp,"Số đo thời gian, mua bán, thuế và toán thực tế — Phiếu Kỹ năng & Phương pháp",E,84,28,HK2,Cuối kỳ II,90,100,True,
GITA-T2-L5-C14-NC,T2,5,14,"Số đo thời gian, mua bán, thuế và toán thực tế",NC,Phiếu Luyện nâng cao,"Số đo thời gian, mua bán, thuế và toán thực tế — Phiếu Luyện nâng cao",E,85,29,HK2,Cuối kỳ II,90,100,True,
GITA-T2-L5-C14-OT,T2,5,14,"Số đo thời gian, mua bán, thuế và toán thực tế",OT,Phiếu Ôn thi,"Số đo thời gian, mua bán, thuế và toán thực tế — Phiếu Ôn thi",E,86,29,HK2,Cuối kỳ II,90,100,True,
GITA-T2-L5-C14-TH,T2,5,14,"Số đo thời gian, mua bán, thuế và toán thực tế",TH,Phiếu Thi chương,"Số đo thời gian, mua bán, thuế và toán thực tế — Phiếu Thi chương",E,87,29,HK2,Cuối kỳ II,90,100,True,
GITA-T2-L5-C15-LT,T2,5,15,Hình học dạng đề Chuyên và mô phỏng đề thi,LT,Phiếu Lý thuyết,Hình học dạng đề Chuyên và mô phỏng đề thi — Phiếu Lý thuyết,F,88,30,HK2,Cuối kỳ II,90,100,True,
GITA-T2-L5-C15-DB,T2,5,15,Hình học dạng đề Chuyên và mô phỏng đề thi,DB,Phiếu Dạng bài & Đọc vị,Hình học dạng đề Chuyên và mô phỏng đề thi — Phiếu Dạng bài & Đọc vị,F,89,30,HK2,Cuối kỳ II,90,100,True,
GITA-T2-L5-C15-KN,T2,5,15,Hình học dạng đề Chuyên và mô phỏng đề thi,KN,Phiếu Kỹ năng & Phương pháp,Hình học dạng đề Chuyên và mô phỏng đề thi — Phiếu Kỹ năng & Phương pháp,F,90,30,HK2,Cuối kỳ II,90,100,True,
GITA-T2-L5-C15-NC,T2,5,15,Hình học dạng đề Chuyên và mô phỏng đề thi,NC,Phiếu Luyện nâng cao,Hình học dạng đề Chuyên và mô phỏng đề thi — Phiếu Luyện nâng cao,F,91,31,HK2,Cuối kỳ II,90,100,True,
GITA-T2-L5-C15-OT,T2,5,15,Hình học dạng đề Chuyên và mô phỏng đề thi,OT,Phiếu Ôn thi,Hình học dạng đề Chuyên và mô phỏng đề thi — Phiếu Ôn thi,F,92,31,HK2,Cuối kỳ II,90,100,True,
GITA-T2-L5-C15-TH,T2,5,15,Hình học dạng đề Chuyên và mô phỏng đề thi,TH,Phiếu Thi chương,Hình học dạng đề Chuyên và mô phỏng đề thi — Phiếu Thi chương,F,93,31,HK2,Cuối kỳ II,90,100,True,
GITA-T2-L5-C16-LT,T2,5,16,Mô phỏng đề thi vào lớp 6 và tổng duyệt,LT,Phiếu Lý thuyết,Mô phỏng đề thi vào lớp 6 và tổng duyệt — Phiếu Lý thuyết,D,94,32,HK2,Cuối kỳ II,90,100,True,
GITA-T2-L5-C16-DB,T2,5,16,Mô phỏng đề thi vào lớp 6 và tổng duyệt,DB,Phiếu Dạng bài & Đọc vị,Mô phỏng đề thi vào lớp 6 và tổng duyệt — Phiếu Dạng bài & Đọc vị,D,95,32,HK2,Cuối kỳ II,90,100,True,
GITA-T2-L5-C16-KN,T2,5,16,Mô phỏng đề thi vào lớp 6 và tổng duyệt,KN,Phiếu Kỹ năng & Phương pháp,Mô phỏng đề thi vào lớp 6 và tổng duyệt — Phiếu Kỹ năng & Phương pháp,D,96,32,HK2,Cuối kỳ II,90,100,True,
GITA-T2-L5-C16-NC,T2,5,16,Mô phỏng đề thi vào lớp 6 và tổng duyệt,NC,Phiếu Luyện nâng cao,Mô phỏng đề thi vào lớp 6 và tổng duyệt — Phiếu Luyện nâng cao,D,97,33,HK2,Cuối kỳ II,90,100,True,
GITA-T2-L5-C16-OT,T2,5,16,Mô phỏng đề thi vào lớp 6 và tổng duyệt,OT,Phiếu Ôn thi,Mô phỏng đề thi vào lớp 6 và tổng duyệt — Phiếu Ôn thi,D,98,33,HK2,Cuối kỳ II,90,100,True,
GITA-T2-L5-C16-TH,T2,5,16,Mô phỏng đề thi vào lớp 6 và tổng duyệt,TH,Phiếu Thi chương,Mô phỏng đề thi vào lớp 6 và tổng duyệt — Phiếu Thi chương,D,99,33,HK2,Cuối kỳ II,90,100,True,
GITA-T2-L5-MOC-CK2,T2,5,0,Kiểm tra Cuối kỳ II,MOC,Phiếu kiểm tra mốc,"Kiểm tra Cuối kỳ II — Tổng ôn cụm 1 – 16, chuẩn đầu ra cả năm",*,100,34,HK2,Cuối kỳ II,90,100,True,
GITA-T2-L5-C01-DB-GP,T2,5,1,"Cấu tạo số, chia hết, số nguyên tố và ước – bội",GP,Phiếu Lời giải & Phân tích chuyên sâu,"Cấu tạo số, chia hết, số nguyên tố và ước – bội — Lời giải & Phân tích chuyên sâu (Phiếu Dạng bài & Đọc vị)",A,,1,HK1,Giữa kỳ I,0,0,False,GITA-T2-L5-C01-DB
GITA-T2-L5-C01-HD,T2,5,1,"Cấu tạo số, chia hết, số nguyên tố và ước – bội",HD,Phiếu Hướng dẫn ôn chắc chuyên đề,"Cấu tạo số, chia hết, số nguyên tố và ước – bội — Hướng dẫn ôn chắc chuyên đề",A,,1,HK1,Giữa kỳ I,0,0,False,
GITA-T2-L5-C01-KN-GP,T2,5,1,"Cấu tạo số, chia hết, số nguyên tố và ước – bội",GP,Phiếu Lời giải & Phân tích chuyên sâu,"Cấu tạo số, chia hết, số nguyên tố và ước – bội — Lời giải & Phân tích chuyên sâu (Phiếu Kỹ năng & Phương pháp)",A,,1,HK1,Giữa kỳ I,0,0,False,GITA-T2-L5-C01-KN
GITA-T2-L5-C01-LT-GP,T2,5,1,"Cấu tạo số, chia hết, số nguyên tố và ước – bội",GP,Phiếu Lời giải & Phân tích chuyên sâu,"Cấu tạo số, chia hết, số nguyên tố và ước – bội — Lời giải & Phân tích chuyên sâu (Phiếu Lý thuyết)",A,,1,HK1,Giữa kỳ I,0,0,False,GITA-T2-L5-C01-LT
GITA-T2-L5-C01-NC-GP,T2,5,1,"Cấu tạo số, chia hết, số nguyên tố và ước – bội",GP,Phiếu Lời giải & Phân tích chuyên sâu,"Cấu tạo số, chia hết, số nguyên tố và ước – bội — Lời giải & Phân tích chuyên sâu (Phiếu Luyện nâng cao)",A,,2,HK1,Giữa kỳ I,0,0,False,GITA-T2-L5-C01-NC
GITA-T2-L5-C01-OT-GP,T2,5,1,"Cấu tạo số, chia hết, số nguyên tố và ước – bội",GP,Phiếu Lời giải & Phân tích chuyên sâu,"Cấu tạo số, chia hết, số nguyên tố và ước – bội — Lời giải & Phân tích chuyên sâu (Phiếu Ôn thi)",A,,2,HK1,Giữa kỳ I,0,0,False,GITA-T2-L5-C01-OT
GITA-T2-L5-C01-TH-GP,T2,5,1,"Cấu tạo số, chia hết, số nguyên tố và ước – bội",GP,Phiếu Lời giải & Phân tích chuyên sâu,"Cấu tạo số, chia hết, số nguyên tố và ước – bội — Lời giải & Phân tích chuyên sâu (Phiếu Thi chương)",A,,2,HK1,Giữa kỳ I,0,0,False,GITA-T2-L5-C01-TH
GITA-T2-L5-C02-DB-GP,T2,5,2,"So sánh phân số, số thập phân và bài toán phần trăm ẩn",GP,Phiếu Lời giải & Phân tích chuyên sâu,"So sánh phân số, số thập phân và bài toán phần trăm ẩn — Lời giải & Phân tích chuyên sâu (Phiếu Dạng bài & Đọc vị)",H,,3,HK1,Giữa kỳ I,0,0,False,GITA-T2-L5-C02-DB
GITA-T2-L5-C02-HD,T2,5,2,"So sánh phân số, số thập phân và bài toán phần trăm ẩn",HD,Phiếu Hướng dẫn ôn chắc chuyên đề,"So sánh phân số, số thập phân và bài toán phần trăm ẩn — Hướng dẫn ôn chắc chuyên đề",H,,3,HK1,Giữa kỳ I,0,0,False,
GITA-T2-L5-C02-KN-GP,T2,5,2,"So sánh phân số, số thập phân và bài toán phần trăm ẩn",GP,Phiếu Lời giải & Phân tích chuyên sâu,"So sánh phân số, số thập phân và bài toán phần trăm ẩn — Lời giải & Phân tích chuyên sâu (Phiếu Kỹ năng & Phương pháp)",H,,3,HK1,Giữa kỳ I,0,0,False,GITA-T2-L5-C02-KN
GITA-T2-L5-C02-LT-GP,T2,5,2,"So sánh phân số, số thập phân và bài toán phần trăm ẩn",GP,Phiếu Lời giải & Phân tích chuyên sâu,"So sánh phân số, số thập phân và bài toán phần trăm ẩn — Lời giải & Phân tích chuyên sâu (Phiếu Lý thuyết)",H,,3,HK1,Giữa kỳ I,0,0,False,GITA-T2-L5-C02-LT
GITA-T2-L5-C02-NC-GP,T2,5,2,"So sánh phân số, số thập phân và bài toán phần trăm ẩn",GP,Phiếu Lời giải & Phân tích chuyên sâu,"So sánh phân số, số thập phân và bài toán phần trăm ẩn — Lời giải & Phân tích chuyên sâu (Phiếu Luyện nâng cao)",H,,4,HK1,Giữa kỳ I,0,0,False,GITA-T2-L5-C02-NC
GITA-T2-L5-C02-OT-GP,T2,5,2,"So sánh phân số, số thập phân và bài toán phần trăm ẩn",GP,Phiếu Lời giải & Phân tích chuyên sâu,"So sánh phân số, số thập phân và bài toán phần trăm ẩn — Lời giải & Phân tích chuyên sâu (Phiếu Ôn thi)",H,,4,HK1,Giữa kỳ I,0,0,False,GITA-T2-L5-C02-OT
GITA-T2-L5-C02-TH-GP,T2,5,2,"So sánh phân số, số thập phân và bài toán phần trăm ẩn",GP,Phiếu Lời giải & Phân tích chuyên sâu,"So sánh phân số, số thập phân và bài toán phần trăm ẩn — Lời giải & Phân tích chuyên sâu (Phiếu Thi chương)",H,,4,HK1,Giữa kỳ I,0,0,False,GITA-T2-L5-C02-TH
GITA-T2-L5-C03-DB-GP,T2,5,3,"Dãy số cách đều, dãy phân số và dãy số đặc biệt",GP,Phiếu Lời giải & Phân tích chuyên sâu,"Dãy số cách đều, dãy phân số và dãy số đặc biệt — Lời giải & Phân tích chuyên sâu (Phiếu Dạng bài & Đọc vị)",C,,5,HK1,Giữa kỳ I,0,0,False,GITA-T2-L5-C03-DB
GITA-T2-L5-C03-HD,T2,5,3,"Dãy số cách đều, dãy phân số và dãy số đặc biệt",HD,Phiếu Hướng dẫn ôn chắc chuyên đề,"Dãy số cách đều, dãy phân số và dãy số đặc biệt — Hướng dẫn ôn chắc chuyên đề",C,,5,HK1,Giữa kỳ I,0,0,False,
GITA-T2-L5-C03-KN-GP,T2,5,3,"Dãy số cách đều, dãy phân số và dãy số đặc biệt",GP,Phiếu Lời giải & Phân tích chuyên sâu,"Dãy số cách đều, dãy phân số và dãy số đặc biệt — Lời giải & Phân tích chuyên sâu (Phiếu Kỹ năng & Phương pháp)",C,,5,HK1,Giữa kỳ I,0,0,False,GITA-T2-L5-C03-KN
GITA-T2-L5-C03-LT-GP,T2,5,3,"Dãy số cách đều, dãy phân số và dãy số đặc biệt",GP,Phiếu Lời giải & Phân tích chuyên sâu,"Dãy số cách đều, dãy phân số và dãy số đặc biệt — Lời giải & Phân tích chuyên sâu (Phiếu Lý thuyết)",C,,5,HK1,Giữa kỳ I,0,0,False,GITA-T2-L5-C03-LT
GITA-T2-L5-C03-NC-GP,T2,5,3,"Dãy số cách đều, dãy phân số và dãy số đặc biệt",GP,Phiếu Lời giải & Phân tích chuyên sâu,"Dãy số cách đều, dãy phân số và dãy số đặc biệt — Lời giải & Phân tích chuyên sâu (Phiếu Luyện nâng cao)",C,,6,HK1,Giữa kỳ I,0,0,False,GITA-T2-L5-C03-NC
GITA-T2-L5-C03-OT-GP,T2,5,3,"Dãy số cách đều, dãy phân số và dãy số đặc biệt",GP,Phiếu Lời giải & Phân tích chuyên sâu,"Dãy số cách đều, dãy phân số và dãy số đặc biệt — Lời giải & Phân tích chuyên sâu (Phiếu Ôn thi)",C,,6,HK1,Giữa kỳ I,0,0,False,GITA-T2-L5-C03-OT
GITA-T2-L5-C03-TH-GP,T2,5,3,"Dãy số cách đều, dãy phân số và dãy số đặc biệt",GP,Phiếu Lời giải & Phân tích chuyên sâu,"Dãy số cách đều, dãy phân số và dãy số đặc biệt — Lời giải & Phân tích chuyên sâu (Phiếu Thi chương)",C,,6,HK1,Giữa kỳ I,0,0,False,GITA-T2-L5-C03-TH
GITA-T2-L5-C04-DB-GP,T2,5,4,"Đi-rích-lê, bù trừ, bất biến và quy tắc đếm",GP,Phiếu Lời giải & Phân tích chuyên sâu,"Đi-rích-lê, bù trừ, bất biến và quy tắc đếm — Lời giải & Phân tích chuyên sâu (Phiếu Dạng bài & Đọc vị)",G,,7,HK1,Giữa kỳ I,0,0,False,GITA-T2-L5-C04-DB
GITA-T2-L5-C04-HD,T2,5,4,"Đi-rích-lê, bù trừ, bất biến và quy tắc đếm",HD,Phiếu Hướng dẫn ôn chắc chuyên đề,"Đi-rích-lê, bù trừ, bất biến và quy tắc đếm — Hướng dẫn ôn chắc chuyên đề",G,,7,HK1,Giữa kỳ I,0,0,False,
GITA-T2-L5-C04-KN-GP,T2,5,4,"Đi-rích-lê, bù trừ, bất biến và quy tắc đếm",GP,Phiếu Lời giải & Phân tích chuyên sâu,"Đi-rích-lê, bù trừ, bất biến và quy tắc đếm — Lời giải & Phân tích chuyên sâu (Phiếu Kỹ năng & Phương pháp)",G,,7,HK1,Giữa kỳ I,0,0,False,GITA-T2-L5-C04-KN
GITA-T2-L5-C04-LT-GP,T2,5,4,"Đi-rích-lê, bù trừ, bất biến và quy tắc đếm",GP,Phiếu Lời giải & Phân tích chuyên sâu,"Đi-rích-lê, bù trừ, bất biến và quy tắc đếm — Lời giải & Phân tích chuyên sâu (Phiếu Lý thuyết)",G,,7,HK1,Giữa kỳ I,0,0,False,GITA-T2-L5-C04-LT
GITA-T2-L5-C04-NC-GP,T2,5,4,"Đi-rích-lê, bù trừ, bất biến và quy tắc đếm",GP,Phiếu Lời giải & Phân tích chuyên sâu,"Đi-rích-lê, bù trừ, bất biến và quy tắc đếm — Lời giải & Phân tích chuyên sâu (Phiếu Luyện nâng cao)",G,,8,HK1,Giữa kỳ I,0,0,False,GITA-T2-L5-C04-NC
GITA-T2-L5-C04-OT-GP,T2,5,4,"Đi-rích-lê, bù trừ, bất biến và quy tắc đếm",GP,Phiếu Lời giải & Phân tích chuyên sâu,"Đi-rích-lê, bù trừ, bất biến và quy tắc đếm — Lời giải & Phân tích chuyên sâu (Phiếu Ôn thi)",G,,8,HK1,Giữa kỳ I,0,0,False,GITA-T2-L5-C04-OT
GITA-T2-L5-C04-TH-GP,T2,5,4,"Đi-rích-lê, bù trừ, bất biến và quy tắc đếm",GP,Phiếu Lời giải & Phân tích chuyên sâu,"Đi-rích-lê, bù trừ, bất biến và quy tắc đếm — Lời giải & Phân tích chuyên sâu (Phiếu Thi chương)",G,,8,HK1,Giữa kỳ I,0,0,False,GITA-T2-L5-C04-TH
GITA-T2-L5-C05-DB-GP,T2,5,5,"Tỉ số diện tích tam giác, hình thang và hình tròn",GP,Phiếu Lời giải & Phân tích chuyên sâu,"Tỉ số diện tích tam giác, hình thang và hình tròn — Lời giải & Phân tích chuyên sâu (Phiếu Dạng bài & Đọc vị)",F,,9,HK1,Cuối kỳ I,0,0,False,GITA-T2-L5-C05-DB
GITA-T2-L5-C05-HD,T2,5,5,"Tỉ số diện tích tam giác, hình thang và hình tròn",HD,Phiếu Hướng dẫn ôn chắc chuyên đề,"Tỉ số diện tích tam giác, hình thang và hình tròn — Hướng dẫn ôn chắc chuyên đề",F,,9,HK1,Cuối kỳ I,0,0,False,
GITA-T2-L5-C05-KN-GP,T2,5,5,"Tỉ số diện tích tam giác, hình thang và hình tròn",GP,Phiếu Lời giải & Phân tích chuyên sâu,"Tỉ số diện tích tam giác, hình thang và hình tròn — Lời giải & Phân tích chuyên sâu (Phiếu Kỹ năng & Phương pháp)",F,,10,HK1,Cuối kỳ I,0,0,False,GITA-T2-L5-C05-KN
GITA-T2-L5-C05-LT-GP,T2,5,5,"Tỉ số diện tích tam giác, hình thang và hình tròn",GP,Phiếu Lời giải & Phân tích chuyên sâu,"Tỉ số diện tích tam giác, hình thang và hình tròn — Lời giải & Phân tích chuyên sâu (Phiếu Lý thuyết)",F,,9,HK1,Cuối kỳ I,0,0,False,GITA-T2-L5-C05-LT
GITA-T2-L5-C05-NC-GP,T2,5,5,"Tỉ số diện tích tam giác, hình thang và hình tròn",GP,Phiếu Lời giải & Phân tích chuyên sâu,"Tỉ số diện tích tam giác, hình thang và hình tròn — Lời giải & Phân tích chuyên sâu (Phiếu Luyện nâng cao)",F,,10,HK1,Cuối kỳ I,0,0,False,GITA-T2-L5-C05-NC
GITA-T2-L5-C05-OT-GP,T2,5,5,"Tỉ số diện tích tam giác, hình thang và hình tròn",GP,Phiếu Lời giải & Phân tích chuyên sâu,"Tỉ số diện tích tam giác, hình thang và hình tròn — Lời giải & Phân tích chuyên sâu (Phiếu Ôn thi)",F,,10,HK1,Cuối kỳ I,0,0,False,GITA-T2-L5-C05-OT
GITA-T2-L5-C05-TH-GP,T2,5,5,"Tỉ số diện tích tam giác, hình thang và hình tròn",GP,Phiếu Lời giải & Phân tích chuyên sâu,"Tỉ số diện tích tam giác, hình thang và hình tròn — Lời giải & Phân tích chuyên sâu (Phiếu Thi chương)",F,,11,HK1,Cuối kỳ I,0,0,False,GITA-T2-L5-C05-TH
GITA-T2-L5-C06-DB-GP,T2,5,6,Các dạng ẩn của toán điển hình và bài toán phần trăm nâng cao,GP,Phiếu Lời giải & Phân tích chuyên sâu,Các dạng ẩn của toán điển hình và bài toán phần trăm nâng cao — Lời giải & Phân tích chuyên sâu (Phiếu Dạng bài & Đọc vị),D,,11,HK1,Cuối kỳ I,0,0,False,GITA-T2-L5-C06-DB
GITA-T2-L5-C06-HD,T2,5,6,Các dạng ẩn của toán điển hình và bài toán phần trăm nâng cao,HD,Phiếu Hướng dẫn ôn chắc chuyên đề,Các dạng ẩn của toán điển hình và bài toán phần trăm nâng cao — Hướng dẫn ôn chắc chuyên đề,D,,11,HK1,Cuối kỳ I,0,0,False,
GITA-T2-L5-C06-KN-GP,T2,5,6,Các dạng ẩn của toán điển hình và bài toán phần trăm nâng cao,GP,Phiếu Lời giải & Phân tích chuyên sâu,Các dạng ẩn của toán điển hình và bài toán phần trăm nâng cao — Lời giải & Phân tích chuyên sâu (Phiếu Kỹ năng & Phương pháp),D,,12,HK1,Cuối kỳ I,0,0,False,GITA-T2-L5-C06-KN
GITA-T2-L5-C06-LT-GP,T2,5,6,Các dạng ẩn của toán điển hình và bài toán phần trăm nâng cao,GP,Phiếu Lời giải & Phân tích chuyên sâu,Các dạng ẩn của toán điển hình và bài toán phần trăm nâng cao — Lời giải & Phân tích chuyên sâu (Phiếu Lý thuyết),D,,11,HK1,Cuối kỳ I,0,0,False,GITA-T2-L5-C06-LT
GITA-T2-L5-C06-NC-GP,T2,5,6,Các dạng ẩn của toán điển hình và bài toán phần trăm nâng cao,GP,Phiếu Lời giải & Phân tích chuyên sâu,Các dạng ẩn của toán điển hình và bài toán phần trăm nâng cao — Lời giải & Phân tích chuyên sâu (Phiếu Luyện nâng cao),D,,12,HK1,Cuối kỳ I,0,0,False,GITA-T2-L5-C06-NC
GITA-T2-L5-C06-OT-GP,T2,5,6,Các dạng ẩn của toán điển hình và bài toán phần trăm nâng cao,GP,Phiếu Lời giải & Phân tích chuyên sâu,Các dạng ẩn của toán điển hình và bài toán phần trăm nâng cao — Lời giải & Phân tích chuyên sâu (Phiếu Ôn thi),D,,12,HK1,Cuối kỳ I,0,0,False,GITA-T2-L5-C06-OT
GITA-T2-L5-C06-TH-GP,T2,5,6,Các dạng ẩn của toán điển hình và bài toán phần trăm nâng cao,GP,Phiếu Lời giải & Phân tích chuyên sâu,Các dạng ẩn của toán điển hình và bài toán phần trăm nâng cao — Lời giải & Phân tích chuyên sâu (Phiếu Thi chương),D,,13,HK1,Cuối kỳ I,0,0,False,GITA-T2-L5-C06-TH
GITA-T2-L5-C07-DB-GP,T2,5,7,"Tính nhanh dãy phân số, khử liên tiếp và so sánh biểu thức",GP,Phiếu Lời giải & Phân tích chuyên sâu,"Tính nhanh dãy phân số, khử liên tiếp và so sánh biểu thức — Lời giải & Phân tích chuyên sâu (Phiếu Dạng bài & Đọc vị)",B,,13,HK1,Cuối kỳ I,0,0,False,GITA-T2-L5-C07-DB
GITA-T2-L5-C07-HD,T2,5,7,"Tính nhanh dãy phân số, khử liên tiếp và so sánh biểu thức",HD,Phiếu Hướng dẫn ôn chắc chuyên đề,"Tính nhanh dãy phân số, khử liên tiếp và so sánh biểu thức — Hướng dẫn ôn chắc chuyên đề",B,,13,HK1,Cuối kỳ I,0,0,False,
GITA-T2-L5-C07-KN-GP,T2,5,7,"Tính nhanh dãy phân số, khử liên tiếp và so sánh biểu thức",GP,Phiếu Lời giải & Phân tích chuyên sâu,"Tính nhanh dãy phân số, khử liên tiếp và so sánh biểu thức — Lời giải & Phân tích chuyên sâu (Phiếu Kỹ năng & Phương pháp)",B,,14,HK1,Cuối kỳ I,0,0,False,GITA-T2-L5-C07-KN
GITA-T2-L5-C07-LT-GP,T2,5,7,"Tính nhanh dãy phân số, khử liên tiếp và so sánh biểu thức",GP,Phiếu Lời giải & Phân tích chuyên sâu,"Tính nhanh dãy phân số, khử liên tiếp và so sánh biểu thức — Lời giải & Phân tích chuyên sâu (Phiếu Lý thuyết)",B,,13,HK1,Cuối kỳ I,0,0,False,GITA-T2-L5-C07-LT
GITA-T2-L5-C07-NC-GP,T2,5,7,"Tính nhanh dãy phân số, khử liên tiếp và so sánh biểu thức",GP,Phiếu Lời giải & Phân tích chuyên sâu,"Tính nhanh dãy phân số, khử liên tiếp và so sánh biểu thức — Lời giải & Phân tích chuyên sâu (Phiếu Luyện nâng cao)",B,,14,HK1,Cuối kỳ I,0,0,False,GITA-T2-L5-C07-NC
GITA-T2-L5-C07-OT-GP,T2,5,7,"Tính nhanh dãy phân số, khử liên tiếp và so sánh biểu thức",GP,Phiếu Lời giải & Phân tích chuyên sâu,"Tính nhanh dãy phân số, khử liên tiếp và so sánh biểu thức — Lời giải & Phân tích chuyên sâu (Phiếu Ôn thi)",B,,14,HK1,Cuối kỳ I,0,0,False,GITA-T2-L5-C07-OT
GITA-T2-L5-C07-TH-GP,T2,5,7,"Tính nhanh dãy phân số, khử liên tiếp và so sánh biểu thức",GP,Phiếu Lời giải & Phân tích chuyên sâu,"Tính nhanh dãy phân số, khử liên tiếp và so sánh biểu thức — Lời giải & Phân tích chuyên sâu (Phiếu Thi chương)",B,,15,HK1,Cuối kỳ I,0,0,False,GITA-T2-L5-C07-TH
GITA-T2-L5-C08-DB-GP,T2,5,8,"Đánh số trang, ma trận số và dãy số dạng đề chuyên",GP,Phiếu Lời giải & Phân tích chuyên sâu,"Đánh số trang, ma trận số và dãy số dạng đề chuyên — Lời giải & Phân tích chuyên sâu (Phiếu Dạng bài & Đọc vị)",C,,15,HK1,Cuối kỳ I,0,0,False,GITA-T2-L5-C08-DB
GITA-T2-L5-C08-HD,T2,5,8,"Đánh số trang, ma trận số và dãy số dạng đề chuyên",HD,Phiếu Hướng dẫn ôn chắc chuyên đề,"Đánh số trang, ma trận số và dãy số dạng đề chuyên — Hướng dẫn ôn chắc chuyên đề",C,,15,HK1,Cuối kỳ I,0,0,False,
GITA-T2-L5-C08-KN-GP,T2,5,8,"Đánh số trang, ma trận số và dãy số dạng đề chuyên",GP,Phiếu Lời giải & Phân tích chuyên sâu,"Đánh số trang, ma trận số và dãy số dạng đề chuyên — Lời giải & Phân tích chuyên sâu (Phiếu Kỹ năng & Phương pháp)",C,,16,HK1,Cuối kỳ I,0,0,False,GITA-T2-L5-C08-KN
GITA-T2-L5-C08-LT-GP,T2,5,8,"Đánh số trang, ma trận số và dãy số dạng đề chuyên",GP,Phiếu Lời giải & Phân tích chuyên sâu,"Đánh số trang, ma trận số và dãy số dạng đề chuyên — Lời giải & Phân tích chuyên sâu (Phiếu Lý thuyết)",C,,15,HK1,Cuối kỳ I,0,0,False,GITA-T2-L5-C08-LT
GITA-T2-L5-C08-NC-GP,T2,5,8,"Đánh số trang, ma trận số và dãy số dạng đề chuyên",GP,Phiếu Lời giải & Phân tích chuyên sâu,"Đánh số trang, ma trận số và dãy số dạng đề chuyên — Lời giải & Phân tích chuyên sâu (Phiếu Luyện nâng cao)",C,,16,HK1,Cuối kỳ I,0,0,False,GITA-T2-L5-C08-NC
GITA-T2-L5-C08-OT-GP,T2,5,8,"Đánh số trang, ma trận số và dãy số dạng đề chuyên",GP,Phiếu Lời giải & Phân tích chuyên sâu,"Đánh số trang, ma trận số và dãy số dạng đề chuyên — Lời giải & Phân tích chuyên sâu (Phiếu Ôn thi)",C,,16,HK1,Cuối kỳ I,0,0,False,GITA-T2-L5-C08-OT
GITA-T2-L5-C08-TH-GP,T2,5,8,"Đánh số trang, ma trận số và dãy số dạng đề chuyên",GP,Phiếu Lời giải & Phân tích chuyên sâu,"Đánh số trang, ma trận số và dãy số dạng đề chuyên — Lời giải & Phân tích chuyên sâu (Phiếu Thi chương)",C,,17,HK1,Cuối kỳ I,0,0,False,GITA-T2-L5-C08-TH
GITA-T2-L5-C09-DB-GP,T2,5,9,"Thể tích, diện tích toàn phần và bài toán khối lập phương",GP,Phiếu Lời giải & Phân tích chuyên sâu,"Thể tích, diện tích toàn phần và bài toán khối lập phương — Lời giải & Phân tích chuyên sâu (Phiếu Dạng bài & Đọc vị)",F,,18,HK2,Giữa kỳ II,0,0,False,GITA-T2-L5-C09-DB
GITA-T2-L5-C09-HD,T2,5,9,"Thể tích, diện tích toàn phần và bài toán khối lập phương",HD,Phiếu Hướng dẫn ôn chắc chuyên đề,"Thể tích, diện tích toàn phần và bài toán khối lập phương — Hướng dẫn ôn chắc chuyên đề",F,,17,HK2,Giữa kỳ II,0,0,False,
GITA-T2-L5-C09-KN-GP,T2,5,9,"Thể tích, diện tích toàn phần và bài toán khối lập phương",GP,Phiếu Lời giải & Phân tích chuyên sâu,"Thể tích, diện tích toàn phần và bài toán khối lập phương — Lời giải & Phân tích chuyên sâu (Phiếu Kỹ năng & Phương pháp)",F,,18,HK2,Giữa kỳ II,0,0,False,GITA-T2-L5-C09-KN
GITA-T2-L5-C09-LT-GP,T2,5,9,"Thể tích, diện tích toàn phần và bài toán khối lập phương",GP,Phiếu Lời giải & Phân tích chuyên sâu,"Thể tích, diện tích toàn phần và bài toán khối lập phương — Lời giải & Phân tích chuyên sâu (Phiếu Lý thuyết)",F,,17,HK2,Giữa kỳ II,0,0,False,GITA-T2-L5-C09-LT
GITA-T2-L5-C09-NC-GP,T2,5,9,"Thể tích, diện tích toàn phần và bài toán khối lập phương",GP,Phiếu Lời giải & Phân tích chuyên sâu,"Thể tích, diện tích toàn phần và bài toán khối lập phương — Lời giải & Phân tích chuyên sâu (Phiếu Luyện nâng cao)",F,,18,HK2,Giữa kỳ II,0,0,False,GITA-T2-L5-C09-NC
GITA-T2-L5-C09-OT-GP,T2,5,9,"Thể tích, diện tích toàn phần và bài toán khối lập phương",GP,Phiếu Lời giải & Phân tích chuyên sâu,"Thể tích, diện tích toàn phần và bài toán khối lập phương — Lời giải & Phân tích chuyên sâu (Phiếu Ôn thi)",F,,19,HK2,Giữa kỳ II,0,0,False,GITA-T2-L5-C09-OT
GITA-T2-L5-C09-TH-GP,T2,5,9,"Thể tích, diện tích toàn phần và bài toán khối lập phương",GP,Phiếu Lời giải & Phân tích chuyên sâu,"Thể tích, diện tích toàn phần và bài toán khối lập phương — Lời giải & Phân tích chuyên sâu (Phiếu Thi chương)",F,,19,HK2,Giữa kỳ II,0,0,False,GITA-T2-L5-C09-TH
GITA-T2-L5-C10-DB-GP,T2,5,10,"Chuyển động nâng cao: dòng nước, kim đồng hồ, trộn – pha",GP,Phiếu Lời giải & Phân tích chuyên sâu,"Chuyển động nâng cao: dòng nước, kim đồng hồ, trộn – pha — Lời giải & Phân tích chuyên sâu (Phiếu Dạng bài & Đọc vị)",D,,20,HK2,Giữa kỳ II,0,0,False,GITA-T2-L5-C10-DB
GITA-T2-L5-C10-HD,T2,5,10,"Chuyển động nâng cao: dòng nước, kim đồng hồ, trộn – pha",HD,Phiếu Hướng dẫn ôn chắc chuyên đề,"Chuyển động nâng cao: dòng nước, kim đồng hồ, trộn – pha — Hướng dẫn ôn chắc chuyên đề",D,,19,HK2,Giữa kỳ II,0,0,False,
GITA-T2-L5-C10-KN-GP,T2,5,10,"Chuyển động nâng cao: dòng nước, kim đồng hồ, trộn – pha",GP,Phiếu Lời giải & Phân tích chuyên sâu,"Chuyển động nâng cao: dòng nước, kim đồng hồ, trộn – pha — Lời giải & Phân tích chuyên sâu (Phiếu Kỹ năng & Phương pháp)",D,,20,HK2,Giữa kỳ II,0,0,False,GITA-T2-L5-C10-KN
GITA-T2-L5-C10-LT-GP,T2,5,10,"Chuyển động nâng cao: dòng nước, kim đồng hồ, trộn – pha",GP,Phiếu Lời giải & Phân tích chuyên sâu,"Chuyển động nâng cao: dòng nước, kim đồng hồ, trộn – pha — Lời giải & Phân tích chuyên sâu (Phiếu Lý thuyết)",D,,19,HK2,Giữa kỳ II,0,0,False,GITA-T2-L5-C10-LT
GITA-T2-L5-C10-NC-GP,T2,5,10,"Chuyển động nâng cao: dòng nước, kim đồng hồ, trộn – pha",GP,Phiếu Lời giải & Phân tích chuyên sâu,"Chuyển động nâng cao: dòng nước, kim đồng hồ, trộn – pha — Lời giải & Phân tích chuyên sâu (Phiếu Luyện nâng cao)",D,,20,HK2,Giữa kỳ II,0,0,False,GITA-T2-L5-C10-NC
GITA-T2-L5-C10-OT-GP,T2,5,10,"Chuyển động nâng cao: dòng nước, kim đồng hồ, trộn – pha",GP,Phiếu Lời giải & Phân tích chuyên sâu,"Chuyển động nâng cao: dòng nước, kim đồng hồ, trộn – pha — Lời giải & Phân tích chuyên sâu (Phiếu Ôn thi)",D,,21,HK2,Giữa kỳ II,0,0,False,GITA-T2-L5-C10-OT
GITA-T2-L5-C10-TH-GP,T2,5,10,"Chuyển động nâng cao: dòng nước, kim đồng hồ, trộn – pha",GP,Phiếu Lời giải & Phân tích chuyên sâu,"Chuyển động nâng cao: dòng nước, kim đồng hồ, trộn – pha — Lời giải & Phân tích chuyên sâu (Phiếu Thi chương)",D,,21,HK2,Giữa kỳ II,0,0,False,GITA-T2-L5-C10-TH
GITA-T2-L5-C11-DB-GP,T2,5,11,"Số chính phương, số học dạng đề chuyên và tổng ôn",GP,Phiếu Lời giải & Phân tích chuyên sâu,"Số chính phương, số học dạng đề chuyên và tổng ôn — Lời giải & Phân tích chuyên sâu (Phiếu Dạng bài & Đọc vị)",A,,22,HK2,Giữa kỳ II,0,0,False,GITA-T2-L5-C11-DB
GITA-T2-L5-C11-HD,T2,5,11,"Số chính phương, số học dạng đề chuyên và tổng ôn",HD,Phiếu Hướng dẫn ôn chắc chuyên đề,"Số chính phương, số học dạng đề chuyên và tổng ôn — Hướng dẫn ôn chắc chuyên đề",A,,21,HK2,Giữa kỳ II,0,0,False,
GITA-T2-L5-C11-KN-GP,T2,5,11,"Số chính phương, số học dạng đề chuyên và tổng ôn",GP,Phiếu Lời giải & Phân tích chuyên sâu,"Số chính phương, số học dạng đề chuyên và tổng ôn — Lời giải & Phân tích chuyên sâu (Phiếu Kỹ năng & Phương pháp)",A,,22,HK2,Giữa kỳ II,0,0,False,GITA-T2-L5-C11-KN
GITA-T2-L5-C11-LT-GP,T2,5,11,"Số chính phương, số học dạng đề chuyên và tổng ôn",GP,Phiếu Lời giải & Phân tích chuyên sâu,"Số chính phương, số học dạng đề chuyên và tổng ôn — Lời giải & Phân tích chuyên sâu (Phiếu Lý thuyết)",A,,21,HK2,Giữa kỳ II,0,0,False,GITA-T2-L5-C11-LT
GITA-T2-L5-C11-NC-GP,T2,5,11,"Số chính phương, số học dạng đề chuyên và tổng ôn",GP,Phiếu Lời giải & Phân tích chuyên sâu,"Số chính phương, số học dạng đề chuyên và tổng ôn — Lời giải & Phân tích chuyên sâu (Phiếu Luyện nâng cao)",A,,22,HK2,Giữa kỳ II,0,0,False,GITA-T2-L5-C11-NC
GITA-T2-L5-C11-OT-GP,T2,5,11,"Số chính phương, số học dạng đề chuyên và tổng ôn",GP,Phiếu Lời giải & Phân tích chuyên sâu,"Số chính phương, số học dạng đề chuyên và tổng ôn — Lời giải & Phân tích chuyên sâu (Phiếu Ôn thi)",A,,23,HK2,Giữa kỳ II,0,0,False,GITA-T2-L5-C11-OT
GITA-T2-L5-C11-TH-GP,T2,5,11,"Số chính phương, số học dạng đề chuyên và tổng ôn",GP,Phiếu Lời giải & Phân tích chuyên sâu,"Số chính phương, số học dạng đề chuyên và tổng ôn — Lời giải & Phân tích chuyên sâu (Phiếu Thi chương)",A,,23,HK2,Giữa kỳ II,0,0,False,GITA-T2-L5-C11-TH
GITA-T2-L5-C12-DB-GP,T2,5,12,"Tô màu, bàn cờ, chia phần và suy luận dạng đề chuyên",GP,Phiếu Lời giải & Phân tích chuyên sâu,"Tô màu, bàn cờ, chia phần và suy luận dạng đề chuyên — Lời giải & Phân tích chuyên sâu (Phiếu Dạng bài & Đọc vị)",G,,24,HK2,Giữa kỳ II,0,0,False,GITA-T2-L5-C12-DB
GITA-T2-L5-C12-HD,T2,5,12,"Tô màu, bàn cờ, chia phần và suy luận dạng đề chuyên",HD,Phiếu Hướng dẫn ôn chắc chuyên đề,"Tô màu, bàn cờ, chia phần và suy luận dạng đề chuyên — Hướng dẫn ôn chắc chuyên đề",G,,23,HK2,Giữa kỳ II,0,0,False,
GITA-T2-L5-C12-KN-GP,T2,5,12,"Tô màu, bàn cờ, chia phần và suy luận dạng đề chuyên",GP,Phiếu Lời giải & Phân tích chuyên sâu,"Tô màu, bàn cờ, chia phần và suy luận dạng đề chuyên — Lời giải & Phân tích chuyên sâu (Phiếu Kỹ năng & Phương pháp)",G,,24,HK2,Giữa kỳ II,0,0,False,GITA-T2-L5-C12-KN
GITA-T2-L5-C12-LT-GP,T2,5,12,"Tô màu, bàn cờ, chia phần và suy luận dạng đề chuyên",GP,Phiếu Lời giải & Phân tích chuyên sâu,"Tô màu, bàn cờ, chia phần và suy luận dạng đề chuyên — Lời giải & Phân tích chuyên sâu (Phiếu Lý thuyết)",G,,23,HK2,Giữa kỳ II,0,0,False,GITA-T2-L5-C12-LT
GITA-T2-L5-C12-NC-GP,T2,5,12,"Tô màu, bàn cờ, chia phần và suy luận dạng đề chuyên",GP,Phiếu Lời giải & Phân tích chuyên sâu,"Tô màu, bàn cờ, chia phần và suy luận dạng đề chuyên — Lời giải & Phân tích chuyên sâu (Phiếu Luyện nâng cao)",G,,24,HK2,Giữa kỳ II,0,0,False,GITA-T2-L5-C12-NC
GITA-T2-L5-C12-OT-GP,T2,5,12,"Tô màu, bàn cờ, chia phần và suy luận dạng đề chuyên",GP,Phiếu Lời giải & Phân tích chuyên sâu,"Tô màu, bàn cờ, chia phần và suy luận dạng đề chuyên — Lời giải & Phân tích chuyên sâu (Phiếu Ôn thi)",G,,25,HK2,Giữa kỳ II,0,0,False,GITA-T2-L5-C12-OT
GITA-T2-L5-C12-TH-GP,T2,5,12,"Tô màu, bàn cờ, chia phần và suy luận dạng đề chuyên",GP,Phiếu Lời giải & Phân tích chuyên sâu,"Tô màu, bàn cờ, chia phần và suy luận dạng đề chuyên — Lời giải & Phân tích chuyên sâu (Phiếu Thi chương)",G,,25,HK2,Giữa kỳ II,0,0,False,GITA-T2-L5-C12-TH
GITA-T2-L5-C13-DB-GP,T2,5,13,"Phân số ẩn, phần trăm trong biểu đồ và dạng đề chuyên",GP,Phiếu Lời giải & Phân tích chuyên sâu,"Phân số ẩn, phần trăm trong biểu đồ và dạng đề chuyên — Lời giải & Phân tích chuyên sâu (Phiếu Dạng bài & Đọc vị)",H,,26,HK2,Cuối kỳ II,0,0,False,GITA-T2-L5-C13-DB
GITA-T2-L5-C13-HD,T2,5,13,"Phân số ẩn, phần trăm trong biểu đồ và dạng đề chuyên",HD,Phiếu Hướng dẫn ôn chắc chuyên đề,"Phân số ẩn, phần trăm trong biểu đồ và dạng đề chuyên — Hướng dẫn ôn chắc chuyên đề",H,,26,HK2,Cuối kỳ II,0,0,False,
GITA-T2-L5-C13-KN-GP,T2,5,13,"Phân số ẩn, phần trăm trong biểu đồ và dạng đề chuyên",GP,Phiếu Lời giải & Phân tích chuyên sâu,"Phân số ẩn, phần trăm trong biểu đồ và dạng đề chuyên — Lời giải & Phân tích chuyên sâu (Phiếu Kỹ năng & Phương pháp)",H,,26,HK2,Cuối kỳ II,0,0,False,GITA-T2-L5-C13-KN
GITA-T2-L5-C13-LT-GP,T2,5,13,"Phân số ẩn, phần trăm trong biểu đồ và dạng đề chuyên",GP,Phiếu Lời giải & Phân tích chuyên sâu,"Phân số ẩn, phần trăm trong biểu đồ và dạng đề chuyên — Lời giải & Phân tích chuyên sâu (Phiếu Lý thuyết)",H,,26,HK2,Cuối kỳ II,0,0,False,GITA-T2-L5-C13-LT
GITA-T2-L5-C13-NC-GP,T2,5,13,"Phân số ẩn, phần trăm trong biểu đồ và dạng đề chuyên",GP,Phiếu Lời giải & Phân tích chuyên sâu,"Phân số ẩn, phần trăm trong biểu đồ và dạng đề chuyên — Lời giải & Phân tích chuyên sâu (Phiếu Luyện nâng cao)",H,,27,HK2,Cuối kỳ II,0,0,False,GITA-T2-L5-C13-NC
GITA-T2-L5-C13-OT-GP,T2,5,13,"Phân số ẩn, phần trăm trong biểu đồ và dạng đề chuyên",GP,Phiếu Lời giải & Phân tích chuyên sâu,"Phân số ẩn, phần trăm trong biểu đồ và dạng đề chuyên — Lời giải & Phân tích chuyên sâu (Phiếu Ôn thi)",H,,27,HK2,Cuối kỳ II,0,0,False,GITA-T2-L5-C13-OT
GITA-T2-L5-C13-TH-GP,T2,5,13,"Phân số ẩn, phần trăm trong biểu đồ và dạng đề chuyên",GP,Phiếu Lời giải & Phân tích chuyên sâu,"Phân số ẩn, phần trăm trong biểu đồ và dạng đề chuyên — Lời giải & Phân tích chuyên sâu (Phiếu Thi chương)",H,,27,HK2,Cuối kỳ II,0,0,False,GITA-T2-L5-C13-TH
GITA-T2-L5-C14-DB-GP,T2,5,14,"Số đo thời gian, mua bán, thuế và toán thực tế",GP,Phiếu Lời giải & Phân tích chuyên sâu,"Số đo thời gian, mua bán, thuế và toán thực tế — Lời giải & Phân tích chuyên sâu (Phiếu Dạng bài & Đọc vị)",E,,28,HK2,Cuối kỳ II,0,0,False,GITA-T2-L5-C14-DB
GITA-T2-L5-C14-HD,T2,5,14,"Số đo thời gian, mua bán, thuế và toán thực tế",HD,Phiếu Hướng dẫn ôn chắc chuyên đề,"Số đo thời gian, mua bán, thuế và toán thực tế — Hướng dẫn ôn chắc chuyên đề",E,,28,HK2,Cuối kỳ II,0,0,False,
GITA-T2-L5-C14-KN-GP,T2,5,14,"Số đo thời gian, mua bán, thuế và toán thực tế",GP,Phiếu Lời giải & Phân tích chuyên sâu,"Số đo thời gian, mua bán, thuế và toán thực tế — Lời giải & Phân tích chuyên sâu (Phiếu Kỹ năng & Phương pháp)",E,,28,HK2,Cuối kỳ II,0,0,False,GITA-T2-L5-C14-KN
GITA-T2-L5-C14-LT-GP,T2,5,14,"Số đo thời gian, mua bán, thuế và toán thực tế",GP,Phiếu Lời giải & Phân tích chuyên sâu,"Số đo thời gian, mua bán, thuế và toán thực tế — Lời giải & Phân tích chuyên sâu (Phiếu Lý thuyết)",E,,28,HK2,Cuối kỳ II,0,0,False,GITA-T2-L5-C14-LT
GITA-T2-L5-C14-NC-GP,T2,5,14,"Số đo thời gian, mua bán, thuế và toán thực tế",GP,Phiếu Lời giải & Phân tích chuyên sâu,"Số đo thời gian, mua bán, thuế và toán thực tế — Lời giải & Phân tích chuyên sâu (Phiếu Luyện nâng cao)",E,,29,HK2,Cuối kỳ II,0,0,False,GITA-T2-L5-C14-NC
GITA-T2-L5-C14-OT-GP,T2,5,14,"Số đo thời gian, mua bán, thuế và toán thực tế",GP,Phiếu Lời giải & Phân tích chuyên sâu,"Số đo thời gian, mua bán, thuế và toán thực tế — Lời giải & Phân tích chuyên sâu (Phiếu Ôn thi)",E,,29,HK2,Cuối kỳ II,0,0,False,GITA-T2-L5-C14-OT
GITA-T2-L5-C14-TH-GP,T2,5,14,"Số đo thời gian, mua bán, thuế và toán thực tế",GP,Phiếu Lời giải & Phân tích chuyên sâu,"Số đo thời gian, mua bán, thuế và toán thực tế — Lời giải & Phân tích chuyên sâu (Phiếu Thi chương)",E,,29,HK2,Cuối kỳ II,0,0,False,GITA-T2-L5-C14-TH
GITA-T2-L5-C15-DB-GP,T2,5,15,Hình học dạng đề Chuyên và mô phỏng đề thi,GP,Phiếu Lời giải & Phân tích chuyên sâu,Hình học dạng đề Chuyên và mô phỏng đề thi — Lời giải & Phân tích chuyên sâu (Phiếu Dạng bài & Đọc vị),F,,30,HK2,Cuối kỳ II,0,0,False,GITA-T2-L5-C15-DB
GITA-T2-L5-C15-HD,T2,5,15,Hình học dạng đề Chuyên và mô phỏng đề thi,HD,Phiếu Hướng dẫn ôn chắc chuyên đề,Hình học dạng đề Chuyên và mô phỏng đề thi — Hướng dẫn ôn chắc chuyên đề,F,,30,HK2,Cuối kỳ II,0,0,False,
GITA-T2-L5-C15-KN-GP,T2,5,15,Hình học dạng đề Chuyên và mô phỏng đề thi,GP,Phiếu Lời giải & Phân tích chuyên sâu,Hình học dạng đề Chuyên và mô phỏng đề thi — Lời giải & Phân tích chuyên sâu (Phiếu Kỹ năng & Phương pháp),F,,30,HK2,Cuối kỳ II,0,0,False,GITA-T2-L5-C15-KN
GITA-T2-L5-C15-LT-GP,T2,5,15,Hình học dạng đề Chuyên và mô phỏng đề thi,GP,Phiếu Lời giải & Phân tích chuyên sâu,Hình học dạng đề Chuyên và mô phỏng đề thi — Lời giải & Phân tích chuyên sâu (Phiếu Lý thuyết),F,,30,HK2,Cuối kỳ II,0,0,False,GITA-T2-L5-C15-LT
GITA-T2-L5-C15-NC-GP,T2,5,15,Hình học dạng đề Chuyên và mô phỏng đề thi,GP,Phiếu Lời giải & Phân tích chuyên sâu,Hình học dạng đề Chuyên và mô phỏng đề thi — Lời giải & Phân tích chuyên sâu (Phiếu Luyện nâng cao),F,,31,HK2,Cuối kỳ II,0,0,False,GITA-T2-L5-C15-NC
GITA-T2-L5-C15-OT-GP,T2,5,15,Hình học dạng đề Chuyên và mô phỏng đề thi,GP,Phiếu Lời giải & Phân tích chuyên sâu,Hình học dạng đề Chuyên và mô phỏng đề thi — Lời giải & Phân tích chuyên sâu (Phiếu Ôn thi),F,,31,HK2,Cuối kỳ II,0,0,False,GITA-T2-L5-C15-OT
GITA-T2-L5-C15-TH-GP,T2,5,15,Hình học dạng đề Chuyên và mô phỏng đề thi,GP,Phiếu Lời giải & Phân tích chuyên sâu,Hình học dạng đề Chuyên và mô phỏng đề thi — Lời giải & Phân tích chuyên sâu (Phiếu Thi chương),F,,31,HK2,Cuối kỳ II,0,0,False,GITA-T2-L5-C15-TH
GITA-T2-L5-C16-DB-GP,T2,5,16,Mô phỏng đề thi vào lớp 6 và tổng duyệt,GP,Phiếu Lời giải & Phân tích chuyên sâu,Mô phỏng đề thi vào lớp 6 và tổng duyệt — Lời giải & Phân tích chuyên sâu (Phiếu Dạng bài & Đọc vị),D,,32,HK2,Cuối kỳ II,0,0,False,GITA-T2-L5-C16-DB
GITA-T2-L5-C16-HD,T2,5,16,Mô phỏng đề thi vào lớp 6 và tổng duyệt,HD,Phiếu Hướng dẫn ôn chắc chuyên đề,Mô phỏng đề thi vào lớp 6 và tổng duyệt — Hướng dẫn ôn chắc chuyên đề,D,,32,HK2,Cuối kỳ II,0,0,False,
GITA-T2-L5-C16-KN-GP,T2,5,16,Mô phỏng đề thi vào lớp 6 và tổng duyệt,GP,Phiếu Lời giải & Phân tích chuyên sâu,Mô phỏng đề thi vào lớp 6 và tổng duyệt — Lời giải & Phân tích chuyên sâu (Phiếu Kỹ năng & Phương pháp),D,,32,HK2,Cuối kỳ II,0,0,False,GITA-T2-L5-C16-KN
GITA-T2-L5-C16-LT-GP,T2,5,16,Mô phỏng đề thi vào lớp 6 và tổng duyệt,GP,Phiếu Lời giải & Phân tích chuyên sâu,Mô phỏng đề thi vào lớp 6 và tổng duyệt — Lời giải & Phân tích chuyên sâu (Phiếu Lý thuyết),D,,32,HK2,Cuối kỳ II,0,0,False,GITA-T2-L5-C16-LT
GITA-T2-L5-C16-NC-GP,T2,5,16,Mô phỏng đề thi vào lớp 6 và tổng duyệt,GP,Phiếu Lời giải & Phân tích chuyên sâu,Mô phỏng đề thi vào lớp 6 và tổng duyệt — Lời giải & Phân tích chuyên sâu (Phiếu Luyện nâng cao),D,,33,HK2,Cuối kỳ II,0,0,False,GITA-T2-L5-C16-NC
GITA-T2-L5-C16-OT-GP,T2,5,16,Mô phỏng đề thi vào lớp 6 và tổng duyệt,GP,Phiếu Lời giải & Phân tích chuyên sâu,Mô phỏng đề thi vào lớp 6 và tổng duyệt — Lời giải & Phân tích chuyên sâu (Phiếu Ôn thi),D,,33,HK2,Cuối kỳ II,0,0,False,GITA-T2-L5-C16-OT
GITA-T2-L5-C16-TH-GP,T2,5,16,Mô phỏng đề thi vào lớp 6 và tổng duyệt,GP,Phiếu Lời giải & Phân tích chuyên sâu,Mô phỏng đề thi vào lớp 6 và tổng duyệt — Lời giải & Phân tích chuyên sâu (Phiếu Thi chương),D,,33,HK2,Cuối kỳ II,0,0,False,GITA-T2-L5-C16-TH
GITA-T2-L5-MOC-CK1-GP,T2,5,0,Kiểm tra Cuối kỳ I,GP,Phiếu Lời giải & Phân tích chuyên sâu,Kiểm tra Cuối kỳ I — Lời giải & Phân tích chuyên sâu,*,,17,HK1,Cuối kỳ I,0,0,False,GITA-T2-L5-MOC-CK1
GITA-T2-L5-MOC-CK2-GP,T2,5,0,Kiểm tra Cuối kỳ II,GP,Phiếu Lời giải & Phân tích chuyên sâu,Kiểm tra Cuối kỳ II — Lời giải & Phân tích chuyên sâu,*,,34,HK2,Cuối kỳ II,0,0,False,GITA-T2-L5-MOC-CK2
GITA-T2-L5-MOC-GK1-GP,T2,5,0,Kiểm tra Giữa kỳ I,GP,Phiếu Lời giải & Phân tích chuyên sâu,Kiểm tra Giữa kỳ I — Lời giải & Phân tích chuyên sâu,*,,9,HK1,Giữa kỳ I,0,0,False,GITA-T2-L5-MOC-GK1
GITA-T2-L5-MOC-GK2-GP,T2,5,0,Kiểm tra Giữa kỳ II,GP,Phiếu Lời giải & Phân tích chuyên sâu,Kiểm tra Giữa kỳ II — Lời giải & Phân tích chuyên sâu,*,,25,HK2,Giữa kỳ II,0,0,False,GITA-T2-L5-MOC-GK2
