Mã đề,Tên đề,Câu số,Phần thi,Câu trong phần,Chuyên đề,Mức độ,Dạng câu,Đề bài,Phương án,Đáp án,Điểm,Thời gian mục tiêu (giây),Lời giải
DM-HSA-01-VL,Đề mẫu HSA365 số 01 — Vật lý,1,Toán,1,"Hàm số, phương trình & bất phương trình",2,Trắc nghiệm,Parabol y = x² − 4x + 3 cắt trục hoành tại các điểm có hoành độ bằng bao nhiêu?,A. 1 và 3 | B. −1 và −3 | C. 0 và 4 | D. 2 và 3,A,1,60,Giải x² − 4x + 3 = 0 ⟹ (x − 1)(x − 3) = 0 ⟹ x = 1 hoặc x = 3.
DM-HSA-01-VL,Đề mẫu HSA365 số 01 — Vật lý,2,Toán,2,"Hàm số, phương trình & bất phương trình",2,Trắc nghiệm,Đồ thị hàm số y = 2x − 3 đi qua điểm nào sau đây?,"A. (0; −3) | B. (0; 3) | C. (3; 0) | D. (−3; 0)",A,1,60,"Thay x = 0 vào hàm số được y = −3, nên đồ thị cắt trục tung tại (0; −3). Với hàm y = ax + b, hệ số b luôn là tung độ giao điểm với trục tung."
DM-HSA-01-VL,Đề mẫu HSA365 số 01 — Vật lý,3,Toán,3,Số học & tỉ lệ phần trăm,2,Trắc nghiệm,Hai số có tỉ số 3 : 5 và tổng bằng 96. Số lớn bằng:,A. 60 | B. 36 | C. 58 | D. 64,A,1,60,"Tổng số phần là 3 + 5 = 8 phần, mỗi phần bằng 96 : 8 = 12. Số lớn chiếm 5 phần nên bằng 5 × 12 = 60."
DM-HSA-01-VL,Đề mẫu HSA365 số 01 — Vật lý,4,Toán,4,"Đạo hàm, tích phân & khảo sát hàm số",2,Trắc nghiệm,Hàm số y = x³ − 3x + 2 đạt cực đại tại điểm có giá trị cực đại bằng:,A. 4 | B. 0 | C. 2 | D. −2,A,1,60,"y' = 3x² − 3 = 0 ⟹ x = ±1. Qua x = −1 đạo hàm đổi dấu từ dương sang âm nên đó là điểm cực đại; y(−1) = −1 + 3 + 2 = 4."
DM-HSA-01-VL,Đề mẫu HSA365 số 01 — Vật lý,5,Toán,5,"Đạo hàm, tích phân & khảo sát hàm số",2,Trắc nghiệm,Đạo hàm của hàm số y = sin x là:,A. cos x | B. −cos x | C. −sin x | D. tan x,A,1,60,"(sin x)' = cos x và (cos x)' = −sin x. Dấu trừ chỉ xuất hiện khi đạo hàm cosin, đây là chỗ hay nhầm nhất."
DM-HSA-01-VL,Đề mẫu HSA365 số 01 — Vật lý,6,Toán,6,"Đạo hàm, tích phân & khảo sát hàm số",2,Điền đáp án,Cho f(x) = x³. Giá trị f'(2) bằng bao nhiêu?,,12,1,60,"f'(x) = 3x², nên f'(2) = 3 × 4 = 12. Lưu ý phải đạo hàm trước rồi mới thay số, không thay số trước."
DM-HSA-01-VL,Đề mẫu HSA365 số 01 — Vật lý,7,Toán,7,Tổ hợp & xác suất,2,Trắc nghiệm,Có bao nhiêu cách chọn 3 người từ một nhóm 10 người để lập một tổ công tác (không phân biệt vai trò)?,A. 120 | B. 720 | C. 30 | D. 1000,A,1,60,"Không phân biệt vai trò nên dùng tổ hợp: C(10, 3) = 10!/(3!·7!) = 120."
DM-HSA-01-VL,Đề mẫu HSA365 số 01 — Vật lý,8,Toán,8,Tổ hợp & xác suất,2,Trắc nghiệm,Gieo đồng thời hai con xúc xắc cân đối. Xác suất để tổng số chấm bằng 7 là:,A. 1/6 | B. 1/12 | C. 7/36 | D. 1/9,A,1,60,"Có 36 kết quả đồng khả năng. Các cặp cho tổng 7 là (1,6), (2,5), (3,4), (4,3), (5,2), (6,1) — 6 kết quả. Xác suất = 6/36 = 1/6."
DM-HSA-01-VL,Đề mẫu HSA365 số 01 — Vật lý,9,Toán,9,Tổ hợp & xác suất,2,Trắc nghiệm,Tung một đồng xu ba lần. Số kết quả có thể xảy ra là:,A. 8 | B. 6 | C. 3 | D. 9,A,1,60,"Mỗi lần tung có 2 kết quả, ba lần độc lập nên theo quy tắc nhân có 2³ = 8 kết quả."
DM-HSA-01-VL,Đề mẫu HSA365 số 01 — Vật lý,10,Toán,10,Hình học tọa độ,2,Điền đáp án,"Khoảng cách giữa hai điểm A(1; 2) và B(4; 6) bằng bao nhiêu?",,5,1,60,AB = √((4−1)² + (6−2)²) = √(9 + 16) = √25 = 5. Đây là bộ ba Pythagoras 3–4–5 quen thuộc.
DM-HSA-01-VL,Đề mẫu HSA365 số 01 — Vật lý,11,Toán,11,Hình học tọa độ,2,Trắc nghiệm,Hai đường thẳng y = 2x + 1 và y = 2x − 3 có vị trí tương đối là:,A. Song song | B. Trùng nhau | C. Cắt nhau | D. Vuông góc,A,1,60,Hai đường thẳng có cùng hệ số góc (đều bằng 2) nhưng khác tung độ gốc (1 và −3) nên song song. Nếu cả hai hệ số đều bằng nhau thì mới trùng nhau.
DM-HSA-01-VL,Đề mẫu HSA365 số 01 — Vật lý,12,Toán,12,Mũ & logarit,2,Điền đáp án,Nghiệm của phương trình 2^(x+1) = 32 là x = ?,,4,1,60,Đưa hai vế về cùng cơ số 2: 32 = 2⁵. Hàm mũ là hàm đơn điệu nên hai lũy thừa cùng cơ số bằng nhau khi và chỉ khi số mũ bằng nhau: x + 1 = 5 ⟹ x = 4.
DM-HSA-01-VL,Đề mẫu HSA365 số 01 — Vật lý,13,Toán,13,Mũ & logarit,2,Điền đáp án,Nghiệm của phương trình 3^x = 81 là x bằng bao nhiêu?,,4,1,60,"Đưa về cùng cơ số: 81 = 3⁴, mà hàm mũ đơn điệu nên x = 4."
DM-HSA-01-VL,Đề mẫu HSA365 số 01 — Vật lý,14,Toán,14,Hình học phẳng & không gian,2,Trắc nghiệm,"Hình hộp chữ nhật có ba kích thước 3 cm, 4 cm và 5 cm. Thể tích của nó bằng:",A. 60 cm³ | B. 47 cm³ | C. 94 cm³ | D. 12 cm³,A,1,60,Thể tích hình hộp chữ nhật là tích ba kích thước: 3 × 4 × 5 = 60 cm³.
DM-HSA-01-VL,Đề mẫu HSA365 số 01 — Vật lý,15,Toán,15,"Dãy số, cấp số cộng & cấp số nhân",2,Điền đáp án,Dãy số có số hạng tổng quát uₙ = 2n + 1. Số hạng thứ 20 bằng bao nhiêu?,,41,1,60,Thay n = 20 vào công thức tổng quát: u₂₀ = 2 × 20 + 1 = 41.
DM-HSA-01-VL,Đề mẫu HSA365 số 01 — Vật lý,16,Toán,16,"Dãy số, cấp số cộng & cấp số nhân",2,Trắc nghiệm,"Dãy số 1; 4; 9; 16; 25; … có số hạng tổng quát là:",A. uₙ = n² | B. uₙ = 2n − 1 | C. uₙ = n(n + 1)/2 | D. uₙ = 3n − 2,A,1,60,"Đây là dãy các số chính phương: 1 = 1², 4 = 2², 9 = 3². Lưu ý dãy này không phải cấp số cộng cũng không phải cấp số nhân, vì hiệu và thương đều thay đổi."
DM-HSA-01-VL,Đề mẫu HSA365 số 01 — Vật lý,17,Toán,17,"Dãy số, cấp số cộng & cấp số nhân",2,Điền đáp án,Ba số lập thành cấp số cộng và có tổng bằng 15. Số ở giữa bằng bao nhiêu?,,5,1,60,"Với ba số lập cấp số cộng a, b, c ta luôn có 2b = a + c, nên tổng ba số bằng 3b. Từ 3b = 15 suy ra b = 5. Số ở giữa của một cấp số cộng luôn là trung bình cộng của cả bộ."
DM-HSA-01-VL,Đề mẫu HSA365 số 01 — Vật lý,18,Toán,18,Thống kê & xử lý số liệu,2,Trắc nghiệm,"Bốn tổ của một lớp có số học sinh lần lượt là 8; 10; 12; 10. Số học sinh trung bình của mỗi tổ là:",A. 10 | B. 9 | C. 11 | D. 40,A,1,60,"Tổng số học sinh là 8 + 10 + 12 + 10 = 40, chia cho 4 tổ được 10 học sinh mỗi tổ."
DM-HSA-01-VL,Đề mẫu HSA365 số 01 — Vật lý,19,Toán,19,Thống kê & xử lý số liệu,2,Trắc nghiệm,"Khoảng biến thiên của mẫu số liệu 12; 5; 20; 8 bằng:","A. 15 | B. 11,25 | C. 8 | D. 20",A,1,60,Khoảng biến thiên bằng giá trị lớn nhất trừ giá trị nhỏ nhất: 20 − 5 = 15.
DM-HSA-01-VL,Đề mẫu HSA365 số 01 — Vật lý,20,Toán,20,Thống kê & xử lý số liệu,2,Trắc nghiệm,"Doanh thu bốn quý của một doanh nghiệp lần lượt là 120; 150; 180; 210 (tỉ đồng). Doanh thu quý IV tăng bao nhiêu phần trăm so với quý I?","A. 75% | B. 42,9% | C. 90% | D. 175%",A,1,60,"Mức tăng tương đối = (210 − 120)/120 = 90/120 = 0,75 = 75%."
DM-HSA-01-VL,Đề mẫu HSA365 số 01 — Vật lý,21,Toán,21,Thống kê & xử lý số liệu,2,Trắc nghiệm,"Trung vị của mẫu số liệu 3; 5; 8; 10 là:","A. 6,5 | B. 5 | C. 8 | D. 6",A,1,60,"Mẫu đã sắp xếp và có 4 giá trị (chẵn), nên trung vị là trung bình cộng hai giá trị ở giữa: (5 + 8)/2 = 6,5."
DM-HSA-01-VL,Đề mẫu HSA365 số 01 — Vật lý,22,Toán,22,"Hàm số, phương trình & bất phương trình",3,Trắc nghiệm,Tập xác định của hàm số y = √(x − 2)/(x − 5) là:,"A. [2; 5) ∪ (5; +∞) | B. (2; +∞) | C. [2; +∞) | D. ℝ \ {5}",A,1,90,Cần đồng thời x − 2 ≥ 0 để căn xác định và x − 5 ≠ 0 để mẫu khác 0. Kết hợp được x ≥ 2 và x ≠ 5.
DM-HSA-01-VL,Đề mẫu HSA365 số 01 — Vật lý,23,Toán,23,"Hàm số, phương trình & bất phương trình",3,Trắc nghiệm,Tập nghiệm của bất phương trình (x − 1)(x + 3) < 0 là:,"A. (−3; 1) | B. (−∞; −3) ∪ (1; +∞) | C. (1; 3) | D. (−1; 3)",A,1,90,"Tam thức có hai nghiệm −3 và 1, hệ số a = 1 > 0 nên biểu thức mang dấu âm ở khoảng giữa hai nghiệm. Quy tắc chung: trong trái, ngoài cùng dấu với a."
DM-HSA-01-VL,Đề mẫu HSA365 số 01 — Vật lý,24,Toán,24,"Hàm số, phương trình & bất phương trình",3,Điền đáp án,Tìm giá trị nguyên nhỏ nhất của m để phương trình x² − 2(m + 1)x + m² + 3 = 0 có hai nghiệm phân biệt.,,2,1,90,Δ' = (m + 1)² − (m² + 3) = 2m − 2. Hai nghiệm phân biệt khi Δ' > 0 ⟺ m > 1. Giá trị nguyên nhỏ nhất là m = 2.
DM-HSA-01-VL,Đề mẫu HSA365 số 01 — Vật lý,25,Toán,25,"Hàm số, phương trình & bất phương trình",3,Trắc nghiệm,"Cho hai số thực x, y thỏa mãn x + y = 7 và xy = 12. Giá trị của x² + y² bằng:",A. 25 | B. 37 | C. 49 | D. 13,A,1,90,x² + y² = (x + y)² − 2xy = 49 − 24 = 25.
DM-HSA-01-VL,Đề mẫu HSA365 số 01 — Vật lý,26,Toán,26,"Hàm số, phương trình & bất phương trình",3,Trắc nghiệm,Tọa độ đỉnh của parabol y = x² − 2x − 3 là:,"A. (1; −4) | B. (−1; 0) | C. (1; −3) | D. (2; −3)",A,1,90,"Hoành độ đỉnh x = −b/(2a) = 2/2 = 1. Thay vào hàm số: y = 1 − 2 − 3 = −4. Vậy đỉnh là (1; −4)."
DM-HSA-01-VL,Đề mẫu HSA365 số 01 — Vật lý,27,Toán,27,"Hàm số, phương trình & bất phương trình",3,Điền đáp án,"Gọi x₁, x₂ là hai nghiệm của phương trình x² − 5x + 6 = 0. Giá trị của x₁³ + x₂³ bằng bao nhiêu?",,35,1,90,"Theo Viète: x₁ + x₂ = 5, x₁x₂ = 6. Dùng hằng đẳng thức x₁³ + x₂³ = (x₁ + x₂)³ − 3x₁x₂(x₁ + x₂) = 125 − 3 × 6 × 5 = 35. Có thể kiểm lại bằng hai nghiệm 2 và 3: 8 + 27 = 35."
DM-HSA-01-VL,Đề mẫu HSA365 số 01 — Vật lý,28,Toán,28,Số học & tỉ lệ phần trăm,3,Trắc nghiệm,Trộn 3 kg gạo giá 40 nghìn đồng/kg với 2 kg gạo giá 65 nghìn đồng/kg. Giá trung bình của hỗn hợp là:,"A. 50 nghìn đồng/kg | B. 52,5 nghìn đồng/kg | C. 48 nghìn đồng/kg | D. 55 nghìn đồng/kg",A,1,90,"Tổng tiền = 3 × 40 + 2 × 65 = 120 + 130 = 250 nghìn đồng cho 5 kg, nên giá trung bình là 250 : 5 = 50 nghìn đồng/kg."
DM-HSA-01-VL,Đề mẫu HSA365 số 01 — Vật lý,29,Toán,29,Số học & tỉ lệ phần trăm,3,Điền đáp án,"Người thợ A làm xong một công việc trong 6 giờ, người thợ B làm xong công việc đó trong 12 giờ. Nếu cùng làm thì sau bao nhiêu giờ họ hoàn thành công việc?",,4,1,90,Năng suất cộng được: 1/6 + 1/12 = 3/12 = 1/4 công việc mỗi giờ. Vậy cần 4 giờ.
DM-HSA-01-VL,Đề mẫu HSA365 số 01 — Vật lý,30,Toán,30,Số học & tỉ lệ phần trăm,3,Trắc nghiệm,Có 200 g dung dịch chứa 15% muối. Cần thêm bao nhiêu gam muối nguyên chất để thu được dung dịch 20%?,"A. 12,5 g | B. 10 g | C. 12 g | D. 15 g",A,1,90,"Lượng muối ban đầu: 200 × 15% = 30 g. Thêm x gam muối thì cả tử và mẫu đều tăng: (30 + x)/(200 + x) = 0,2 ⟹ 30 + x = 40 + 0,2x ⟹ 0,8x = 10 ⟹ x = 12,5 g."
DM-HSA-01-VL,Đề mẫu HSA365 số 01 — Vật lý,31,Toán,31,Số học & tỉ lệ phần trăm,3,Trắc nghiệm,Một ô tô đi từ A đến B với vận tốc 60 km/h rồi quay về A với vận tốc 40 km/h. Vận tốc trung bình của cả hành trình là:,A. 48 km/h | B. 50 km/h | C. 52 km/h | D. 45 km/h,A,1,90,"Vận tốc trung bình bằng tổng quãng đường chia tổng thời gian, không phải trung bình cộng hai vận tốc. Gọi quãng đường AB là s: thời gian = s/60 + s/40 = s/24, nên vận tốc trung bình = 2s : (s/24) = 48 km/h."
DM-HSA-01-VL,Đề mẫu HSA365 số 01 — Vật lý,32,Toán,32,"Đạo hàm, tích phân & khảo sát hàm số",3,Trắc nghiệm,Hàm số y = x⁴ − 2x² có bao nhiêu điểm cực trị?,A. 3 | B. 1 | C. 2 | D. 0,A,1,90,"y' = 4x³ − 4x = 4x(x² − 1) có ba nghiệm phân biệt x = −1, 0, 1, và đạo hàm đổi dấu qua cả ba nghiệm nên hàm có 3 điểm cực trị."
DM-HSA-01-VL,Đề mẫu HSA365 số 01 — Vật lý,33,Toán,33,"Đạo hàm, tích phân & khảo sát hàm số",3,Trắc nghiệm,Tính tích phân ∫₀¹ (3x² + 2x) dx.,A. 2 | B. 3 | C. 1 | D. 5/2,A,1,90,Nguyên hàm là x³ + x². Thay cận: (1 + 1) − (0 + 0) = 2.
DM-HSA-01-VL,Đề mẫu HSA365 số 01 — Vật lý,34,Toán,34,"Đạo hàm, tích phân & khảo sát hàm số",3,Điền đáp án,"Giá trị lớn nhất của hàm số f(x) = −x² + 4x + 1 trên đoạn [0; 3] bằng bao nhiêu?",,5,1,90,"f'(x) = −2x + 4 = 0 ⟹ x = 2 ∈ [0; 3]. So sánh f(0) = 1, f(2) = 5, f(3) = 4 ⟹ giá trị lớn nhất là 5."
DM-HSA-01-VL,Đề mẫu HSA365 số 01 — Vật lý,35,Toán,35,"Đạo hàm, tích phân & khảo sát hàm số",3,Trắc nghiệm,Hàm số y = x³ − 3x² + 2 đồng biến trên khoảng nào sau đây?,"A. (2; +∞) | B. (0; 2) | C. (−1; 1) | D. (0; +∞)",A,1,90,"y' = 3x² − 6x = 3x(x − 2), triệt tiêu tại x = 0 và x = 2. Hàm đồng biến khi y' > 0, tức trên (−∞; 0) và (2; +∞); nghịch biến trên (0; 2)."
DM-HSA-01-VL,Đề mẫu HSA365 số 01 — Vật lý,36,Toán,36,Tổ hợp & xác suất,3,Trắc nghiệm,Gieo đồng thời hai con xúc xắc cân đối. Xác suất để tổng số chấm không nhỏ hơn 11 là:,A. 1/12 | B. 1/18 | C. 1/6 | D. 1/9,A,1,90,"Tổng không nhỏ hơn 11 nghĩa là bằng 11 hoặc 12: các cặp (5,6), (6,5), (6,6) — 3 kết quả trong 36. Xác suất = 3/36 = 1/12."
DM-HSA-01-VL,Đề mẫu HSA365 số 01 — Vật lý,37,Toán,37,Tổ hợp & xác suất,3,Điền đáp án,"Từ các chữ số 1, 2, 3, 4, 5 lập được bao nhiêu số tự nhiên có ba chữ số đôi một khác nhau?",,60,1,90,Chọn có thứ tự 3 trong 5 chữ số: 5 × 4 × 3 = 60.
DM-HSA-01-VL,Đề mẫu HSA365 số 01 — Vật lý,38,Toán,38,Hình học tọa độ,3,Trắc nghiệm,"Hai vectơ u(1; 2) và v(2; −1) có quan hệ:",A. Vuông góc với nhau | B. Cùng phương | C. Bằng nhau | D. Ngược hướng,A,1,90,Tích vô hướng u·v = 1×2 + 2×(−1) = 0. Tích vô hướng bằng 0 là điều kiện cần và đủ để hai vectơ khác không vuông góc.
DM-HSA-01-VL,Đề mẫu HSA365 số 01 — Vật lý,39,Toán,39,Hình học tọa độ,3,Điền đáp án,"Trong không gian Oxyz cho A(2; −1; 3) và B(4; 3; 0). Biết AB = √a. Giá trị của a là bao nhiêu?",,29,1,90,AB² = (4 − 2)² + (3 + 1)² + (0 − 3)² = 4 + 16 + 9 = 29.
DM-HSA-01-VL,Đề mẫu HSA365 số 01 — Vật lý,40,Toán,40,Mũ & logarit,3,Trắc nghiệm,Nghiệm của phương trình log₂(x − 1) + log₂(x + 1) = 3 là:,A. x = 3 | B. x = ±3 | C. x = 2 | D. x = 9,A,1,90,"Điều kiện x > 1. Cộng hai logarit cùng cơ số: log₂[(x − 1)(x + 1)] = 3 ⟹ x² − 1 = 8 ⟹ x² = 9 ⟹ x = ±3. Loại x = −3 vì không thỏa điều kiện, còn x = 3."
DM-HSA-01-VL,Đề mẫu HSA365 số 01 — Vật lý,41,Toán,41,Mũ & logarit,3,Trắc nghiệm,Tập nghiệm của bất phương trình 2^x > 8 là:,"A. (3; +∞) | B. (−∞; 3) | C. [3; +∞) | D. (0; 3)",A,1,90,"Viết 8 = 2³. Vì cơ số 2 > 1 nên hàm mũ đồng biến, bất phương trình giữ nguyên chiều: x > 3. Nếu cơ số nhỏ hơn 1 thì phải đổi chiều."
DM-HSA-01-VL,Đề mẫu HSA365 số 01 — Vật lý,42,Toán,42,Hình học phẳng & không gian,3,Trắc nghiệm,Mặt cầu có bán kính 3 cm. Diện tích mặt cầu bằng:,A. 36π cm² | B. 12π cm² | C. 9π cm² | D. 27π cm²,A,1,90,Diện tích mặt cầu S = 4πR² = 4π × 9 = 36π cm².
DM-HSA-01-VL,Đề mẫu HSA365 số 01 — Vật lý,43,Toán,43,Hình học phẳng & không gian,3,Điền đáp án,Khối lập phương có thể tích 64 cm³. Diện tích toàn phần của nó bằng bao nhiêu cm²?,,96,1,90,Cạnh của khối lập phương là ∛64 = 4 cm. Diện tích toàn phần bằng 6 mặt vuông: 6 × 4² = 96 cm².
DM-HSA-01-VL,Đề mẫu HSA365 số 01 — Vật lý,44,Toán,44,Hình học phẳng & không gian,3,Trắc nghiệm,Hai tam giác đồng dạng có tỉ số đồng dạng 2 : 3. Tỉ số diện tích của chúng là:,A. 4 : 9 | B. 2 : 3 | C. 8 : 27 | D. √2 : √3,A,1,90,Tỉ số diện tích của hai hình đồng dạng bằng bình phương tỉ số đồng dạng: (2/3)² = 4/9. Với thể tích thì lấy lũy thừa ba.
DM-HSA-01-VL,Đề mẫu HSA365 số 01 — Vật lý,45,Toán,45,Hình học phẳng & không gian,3,Trắc nghiệm,Hình chóp tứ giác đều S.ABCD có cạnh đáy bằng a và cạnh bên bằng a√3. Thể tích khối chóp bằng:,A. a³√10 / 6 | B. a³√3 / 3 | C. a³√2 / 6 | D. a³√10 / 3,A,1,90,Nửa đường chéo đáy = a√2/2. Chiều cao h = √(3a² − a²/2) = √(5a²/2) = a√10/2. Thể tích V = (1/3) × a² × a√10/2 = a³√10/6.
DM-HSA-01-VL,Đề mẫu HSA365 số 01 — Vật lý,46,Toán,46,Hình học phẳng & không gian,3,Điền đáp án,Một hình trụ có bán kính đáy 3 cm và chiều cao 5 cm. Diện tích xung quanh của hình trụ bằng kπ (cm²). Giá trị của k là bao nhiêu?,,30,1,90,S_xq = 2πrh = 2π × 3 × 5 = 30π. Vậy k = 30.
DM-HSA-01-VL,Đề mẫu HSA365 số 01 — Vật lý,47,Toán,47,Hình học phẳng & không gian,3,Điền đáp án,Hình vuông có đường chéo dài 8 cm. Diện tích hình vuông bằng bao nhiêu cm²?,,32,1,90,"Với hình vuông, diện tích bằng nửa bình phương đường chéo: S = d²/2 = 64/2 = 32 cm². Cách khác: cạnh a = 8/√2 = 4√2, nên S = a² = 32."
DM-HSA-01-VL,Đề mẫu HSA365 số 01 — Vật lý,48,Toán,48,Thống kê & xử lý số liệu,3,Trắc nghiệm,"Để thể hiện sự chuyển dịch cơ cấu kinh tế của một vùng qua 5 năm liên tiếp, dạng biểu đồ thích hợp nhất là:",A. Biểu đồ miền | B. Biểu đồ tròn | C. Biểu đồ đường | D. Biểu đồ cột ghép,A,1,90,"Từ khóa ""cơ cấu"" kết hợp với từ 4 năm trở lên dẫn đến biểu đồ miền. Nếu chỉ 1 năm thì dùng biểu đồ tròn, từ 2 đến 3 năm thì dùng nhiều hình tròn."
DM-HSA-01-VL,Đề mẫu HSA365 số 01 — Vật lý,49,Toán,49,Thống kê & xử lý số liệu,3,Trắc nghiệm,"Sản lượng năm 2020 là 200 nghìn tấn, năm 2024 là 260 nghìn tấn. Sản lượng đã tăng bao nhiêu phần trăm?","A. 30% | B. 23,1% | C. 130% | D. 60%",A,1,90,Mức tăng tương đối = (260 − 200)/200 × 100% = 60/200 × 100% = 30%.
DM-HSA-01-VL,Đề mẫu HSA365 số 01 — Vật lý,50,Toán,50,Thống kê & xử lý số liệu,4,Trắc nghiệm,"Độ lệch chuẩn của mẫu số liệu 2; 4; 4; 4; 5; 5; 7; 9 bằng:","A. 2 | B. 4 | C. √2 | D. 2,5",A,1,120,"Trung bình = 40/8 = 5. Tổng bình phương độ lệch = 9 + 1 + 1 + 1 + 0 + 0 + 4 + 16 = 32. Phương sai = 32/8 = 4, độ lệch chuẩn = √4 = 2."
DM-HSA-01-VL,Đề mẫu HSA365 số 01 — Vật lý,51,Văn,1,Ngữ pháp & lỗi sai trong câu,2,Trắc nghiệm,Câu nào dưới đây mắc lỗi thiếu chủ ngữ?,"A. Qua tác phẩm ""Chí Phèo"" đã cho thấy số phận bi thảm của người nông dân. | B. Tác phẩm ""Chí Phèo"" đã cho thấy số phận bi thảm của người nông dân. | C. Nam Cao đã cho thấy số phận bi thảm của người nông dân qua ""Chí Phèo"". | D. Số phận bi thảm của người nông dân hiện lên rõ nét trong ""Chí Phèo"".",A,1,60,"Cụm ""Qua tác phẩm Chí Phèo"" là trạng ngữ, nên câu A chỉ còn vị ngữ mà không có chủ ngữ. Sửa bằng cách bỏ ""Qua"" hoặc thêm chủ ngữ: ""Qua tác phẩm Chí Phèo, Nam Cao đã cho thấy...""."
DM-HSA-01-VL,Đề mẫu HSA365 số 01 — Vật lý,52,Văn,2,Ngữ pháp & lỗi sai trong câu,2,Trắc nghiệm,Câu nào dưới đây mắc lỗi dùng sai quan hệ từ?,A. Tuy trời mưa to nhưng vì đường ngập nên chúng tôi phải ở nhà. | B. Tuy trời mưa to nhưng chúng tôi vẫn đi học. | C. Vì trời mưa to nên chúng tôi phải ở nhà. | D. Nếu trời mưa to thì chúng tôi sẽ ở nhà.,A,1,60,"Câu A chồng hai cặp quan hệ từ trái nghĩa nhau: ""tuy… nhưng"" chỉ sự tương phản, còn ""vì… nên"" chỉ nguyên nhân — kết quả. Dùng đồng thời làm lô-gíc câu mâu thuẫn."
DM-HSA-01-VL,Đề mẫu HSA365 số 01 — Vật lý,53,Văn,3,Ngữ pháp & lỗi sai trong câu,2,Trắc nghiệm,"Câu ""Bạn Nam, học sinh giỏi nhất lớp, vừa đạt giải nhất thành phố."" có bộ phận in nghiêng ""học sinh giỏi nhất lớp"" là:",A. Thành phần phụ chú | B. Trạng ngữ | C. Chủ ngữ thứ hai | D. Vị ngữ,A,1,60,"Bộ phận nằm giữa hai dấu phẩy, bổ sung thông tin giải thích cho ""bạn Nam"" và có thể lược bỏ mà câu vẫn trọn nghĩa. Đó là thành phần phụ chú."
DM-HSA-01-VL,Đề mẫu HSA365 số 01 — Vật lý,54,Văn,4,Ngữ pháp & lỗi sai trong câu,2,Trắc nghiệm,Câu ghép nào sau đây có quan hệ nguyên nhân — kết quả?,"A. Vì chuẩn bị kỹ nên bạn ấy trình bày rất tự tin. | B. Bạn ấy vừa hát hay vừa vẽ đẹp. | C. Trời càng về khuya, sương càng dày. | D. Nếu chăm chỉ, em sẽ tiến bộ.",A,1,60,"Cặp quan hệ từ ""vì… nên"" biểu thị quan hệ nguyên nhân — kết quả. Câu B là quan hệ đồng thời, câu C là tăng tiến, câu D là điều kiện — giả thiết."
DM-HSA-01-VL,Đề mẫu HSA365 số 01 — Vật lý,55,Văn,5,"Tác giả, tác phẩm & giai đoạn văn học",2,Trắc nghiệm,"""Tuyên ngôn Độc lập"" của Hồ Chí Minh mở đầu bằng cách trích dẫn văn bản nào?",A. Tuyên ngôn Độc lập của Mĩ và Tuyên ngôn Nhân quyền và Dân quyền của Pháp. | B. Bình Ngô đại cáo của Nguyễn Trãi. | C. Hiến chương Liên hợp quốc. | D. Nam quốc sơn hà của Lý Thường Kiệt.,A,1,60,"Mở đầu bằng chính tuyên ngôn của hai nước ấy là một đòn lập luận sắc bén: lấy lí lẽ của đối phương làm căn cứ cho mình, khiến họ không thể phủ nhận."
DM-HSA-01-VL,Đề mẫu HSA365 số 01 — Vật lý,56,Văn,6,"Tác giả, tác phẩm & giai đoạn văn học",2,Trắc nghiệm,"Bài thơ ""Tây Tiến"" của Quang Dũng viết về đối tượng nào?",A. Người lính trong đoàn quân Tây Tiến thời kháng chiến chống Pháp. | B. Người nông dân vùng Tây Bắc trong cải cách ruộng đất. | C. Những người lính lái xe trên tuyến đường Trường Sơn. | D. Đoàn dân công hỏa tuyến trong chiến dịch Điện Biên Phủ.,A,1,60,"""Tây Tiến"" (1948) viết về đoàn quân Tây Tiến trong kháng chiến chống Pháp, nơi Quang Dũng từng là đại đội trưởng."
DM-HSA-01-VL,Đề mẫu HSA365 số 01 — Vật lý,57,Văn,7,"Tác giả, tác phẩm & giai đoạn văn học",2,Trắc nghiệm,"Bài thơ ""Việt Bắc"" của Tố Hữu được viết theo thể thơ nào?",A. Lục bát | B. Tự do | C. Thất ngôn bát cú | D. Song thất lục bát,A,1,60,"""Việt Bắc"" viết bằng thể lục bát, sử dụng lối đối đáp ""mình — ta"" quen thuộc của ca dao để nói chuyện chính trị — đây chính là nét đặc sắc của bài thơ."
DM-HSA-01-VL,Đề mẫu HSA365 số 01 — Vật lý,58,Văn,8,"Tác giả, tác phẩm & giai đoạn văn học",2,Trắc nghiệm,"Tùy bút ""Người lái đò Sông Đà"" của Nguyễn Tuân ca ngợi điều gì ở nhân vật ông lái đò?",A. Chất tài hoa nghệ sĩ trong lao động bình thường. | B. Tinh thần chiến đấu chống giặc ngoại xâm. | C. Lòng hiếu thảo với cha mẹ. | D. Sự giàu có nhờ nghề sông nước.,A,1,60,"Nguyễn Tuân nhìn con người ở phương diện tài hoa nghệ sĩ. Ông lái đò vượt thác được miêu tả như một nghệ sĩ điêu luyện, biến công việc mưu sinh thành một cuộc trình diễn tài nghệ."
DM-HSA-01-VL,Đề mẫu HSA365 số 01 — Vật lý,59,Văn,9,Suy luận ngôn ngữ & liên kết ý,2,Trắc nghiệm,"Từ nối nào phù hợp: ""Bạn ấy đã ôn rất kỹ. ______, kết quả vẫn chưa như mong đợi.""",A. Tuy nhiên | B. Vì vậy | C. Ngoài ra | D. Chẳng hạn,A,1,60,"Hai vế mang ý trái ngược nhau (ôn kỹ nhưng kết quả không tốt) nên cần từ nối chỉ sự tương phản. ""Vì vậy"" chỉ kết quả thuận chiều, không phù hợp."
DM-HSA-01-VL,Đề mẫu HSA365 số 01 — Vật lý,60,Văn,10,Đọc hiểu văn bản,2,Trắc nghiệm,Ý chính của đoạn trích là gì?,A. Khối lượng chữ ta đọc mỗi ngày tăng lên nhưng chiều sâu của việc đọc lại giảm đi. | B. Màn hình điện tử là nguyên nhân khiến con người không còn đọc sách. | C. Sách giấy có giá trị cao hơn hẳn so với mọi loại văn bản trên mạng. | D. Người trẻ ngày nay lười đọc hơn các thế hệ trước.,A,1,60,"Đoạn mở đầu nêu nghịch lý ""đọc nhiều hơn nhưng hời hợt hơn"", các đoạn sau triển khai chính nghịch lý đó. Đây là ý bao trùm cả ba đoạn."
DM-HSA-01-VL,Đề mẫu HSA365 số 01 — Vật lý,61,Văn,11,Đọc hiểu văn bản,2,Trắc nghiệm,"Nhan đề ""Bức tường xanh của vùng cửa sông"" chỉ đối tượng nào?",A. Rừng ngập mặn | B. Hệ thống đê bê tông | C. Các đầm nuôi tôm | D. Lớp bùn đáy giàu các-bon,A,1,60,"""Bức tường"" là hình ảnh ẩn dụ cho chức năng chắn sóng, ""xanh"" chỉ cây cối — cả cụm chỉ rừng ngập mặn, đối tượng xuyên suốt văn bản."
DM-HSA-01-VL,Đề mẫu HSA365 số 01 — Vật lý,62,Văn,12,Đọc hiểu văn bản,2,Trắc nghiệm,Ý chính của đoạn trích là gì?,"A. Đô thị hóa là tất yếu, nhưng cần ghi lại những gì bị xóa đi để giữ ký ức chung. | B. Cần dừng việc mở rộng đô thị để bảo tồn cảnh quan cũ. | C. Thành phố hiện đại hơn hẳn thành phố cũ về mọi mặt. | D. Người già thường hoài niệm và khó chấp nhận cái mới.",A,1,60,"Tác giả thừa nhận ""không ai phản đối được logic ấy"" của đô thị hóa, nhưng đoạn cuối chốt lại vấn đề là ""mỗi lần xóa đi một thứ, chúng ta có kịp ghi lại nó ở đâu đó hay không"". Đó là ý bao trùm cả bài."
DM-HSA-01-VL,Đề mẫu HSA365 số 01 — Vật lý,63,Văn,13,Biện pháp tu từ & phong cách,2,Trắc nghiệm,"Câu ""Ông trời nổi giận, sấm chớp đùng đùng."" sử dụng biện pháp nào?",A. Nhân hóa | B. Ẩn dụ | C. Nói quá | D. Điệp ngữ,A,1,60,"Gán trạng thái cảm xúc của con người (""nổi giận"") cho hiện tượng tự nhiên chính là nhân hóa. Cách này làm thiên nhiên trở nên sống động và gần gũi."
DM-HSA-01-VL,Đề mẫu HSA365 số 01 — Vật lý,64,Văn,14,Biện pháp tu từ & phong cách,2,Trắc nghiệm,"Câu ""Học, học nữa, học mãi"" sử dụng biện pháp tu từ nào?",A. Điệp ngữ tăng tiến | B. Liệt kê | C. Đối lập | D. Chơi chữ,A,1,60,"Từ ""học"" lặp lại ba lần với mức độ tăng dần (""nữa"", ""mãi""), vừa nhấn mạnh vừa tạo cảm giác không ngừng nghỉ. Đó là điệp ngữ kết hợp tăng tiến."
DM-HSA-01-VL,Đề mẫu HSA365 số 01 — Vật lý,65,Văn,15,Từ vựng & nghĩa của từ,2,Trắc nghiệm,Từ nào dưới đây KHÔNG cùng nhóm nghĩa với các từ còn lại?,A. Bàng hoàng | B. Sững sờ | C. Ngỡ ngàng | D. Hân hoan,D,1,60,"""Bàng hoàng"", ""sững sờ"", ""ngỡ ngàng"" đều chỉ trạng thái choáng váng, bất ngờ. ""Hân hoan"" chỉ niềm vui, thuộc trường nghĩa khác."
DM-HSA-01-VL,Đề mẫu HSA365 số 01 — Vật lý,66,Văn,16,Từ vựng & nghĩa của từ,2,Trắc nghiệm,Từ nào KHÔNG cùng trường nghĩa với các từ còn lại?,A. Rực rỡ | B. Chan chứa | C. Lộng lẫy | D. Huy hoàng,B,1,60,"""Rực rỡ"", ""lộng lẫy"", ""huy hoàng"" đều chỉ vẻ đẹp sáng chói, tráng lệ. ""Chan chứa"" chỉ trạng thái đầy tràn của tình cảm, thuộc trường nghĩa khác."
DM-HSA-01-VL,Đề mẫu HSA365 số 01 — Vật lý,67,Văn,17,Từ vựng & nghĩa của từ,2,Trắc nghiệm,"Trong các từ sau, từ nào là từ láy?",A. Lấp lánh | B. Bàn ghế | C. Sách vở | D. Quần áo,A,1,60,"""Lấp lánh"" có quan hệ láy âm giữa hai tiếng và một tiếng không có nghĩa độc lập. Ba từ còn lại là từ ghép đẳng lập, mỗi tiếng đều có nghĩa riêng."
DM-HSA-01-VL,Đề mẫu HSA365 số 01 — Vật lý,68,Văn,18,Ngữ pháp & lỗi sai trong câu,3,Trắc nghiệm,"Từ nào trong câu ""Cô ấy hát rất hay."" là bổ ngữ chỉ mức độ?",A. rất | B. hát | C. hay | D. cô ấy,A,1,90,"""Rất"" đứng trước tính từ ""hay"" để nêu mức độ, nên là bổ ngữ chỉ mức độ. ""Hát… hay"" là cụm vị ngữ, ""cô ấy"" là chủ ngữ."
DM-HSA-01-VL,Đề mẫu HSA365 số 01 — Vật lý,69,Văn,19,Ngữ pháp & lỗi sai trong câu,3,Trắc nghiệm,Câu nào dưới đây dùng dấu câu chưa đúng?,"A. Anh ấy hỏi tôi có đi cùng không? | B. Anh ấy hỏi tôi có đi cùng không. | C. Anh ấy hỏi: ""Cậu có đi cùng không?"" | D. Cậu có đi cùng không?",A,1,90,"Đây là câu tường thuật lại một câu hỏi, không phải câu hỏi trực tiếp, nên phải kết thúc bằng dấu chấm. Dấu chấm hỏi chỉ dùng khi hỏi trực tiếp hoặc khi trích nguyên lời trong ngoặc kép."
DM-HSA-01-VL,Đề mẫu HSA365 số 01 — Vật lý,70,Văn,20,Ngữ pháp & lỗi sai trong câu,3,Trắc nghiệm,"Câu ""Với lòng nhiệt tình và trách nhiệm cao, công việc đã được hoàn thành đúng hạn."" mắc lỗi gì?","A. Sai lô-gíc quan hệ giữa trạng ngữ và chủ ngữ. | B. Thiếu vị ngữ. | C. Dùng sai quan hệ từ ""với"". | D. Lặp từ không cần thiết.",A,1,90,"Trạng ngữ ""Với lòng nhiệt tình và trách nhiệm cao"" phải bổ nghĩa cho một chủ thể là người, nhưng chủ ngữ của câu lại là ""công việc"". Sửa: ""Với lòng nhiệt tình và trách nhiệm cao, cả nhóm đã hoàn thành công việc đúng hạn."""
DM-HSA-01-VL,Đề mẫu HSA365 số 01 — Vật lý,71,Văn,21,Ngữ pháp & lỗi sai trong câu,3,Trắc nghiệm,Câu nào sau đây mắc lỗi thiếu vị ngữ?,A. Những cuốn sách mà thầy giáo tặng tôi hồi lớp mười. | B. Những cuốn sách thầy tặng đã theo tôi suốt nhiều năm. | C. Thầy giáo tặng tôi những cuốn sách quý. | D. Tôi vẫn giữ những cuốn sách thầy tặng.,A,1,90,"Câu A chỉ có một cụm danh từ được mở rộng bằng mệnh đề quan hệ, chưa nêu hoạt động hay trạng thái nào của chủ thể. Sửa bằng cách thêm vị ngữ: ""…hồi lớp mười vẫn còn nguyên trên giá."""
DM-HSA-01-VL,Đề mẫu HSA365 số 01 — Vật lý,72,Văn,22,"Tác giả, tác phẩm & giai đoạn văn học",3,Trắc nghiệm,"Câu thơ ""Sóng bắt đầu từ gió / Gió bắt đầu từ đâu?"" trích từ bài thơ nào?","A. ""Sóng"" của Xuân Quỳnh | B. ""Đây thôn Vĩ Dạ"" của Hàn Mặc Tử | C. ""Tràng giang"" của Huy Cận | D. ""Vội vàng"" của Xuân Diệu",A,1,90,"Đây là những câu trong bài ""Sóng"" của Xuân Quỳnh, thể hiện khát vọng truy tìm cội nguồn của tình yêu — một câu hỏi cuối cùng không có lời đáp, và chính điều đó làm nên vẻ đẹp của đoạn thơ."
DM-HSA-01-VL,Đề mẫu HSA365 số 01 — Vật lý,73,Văn,23,"Tác giả, tác phẩm & giai đoạn văn học",3,Trắc nghiệm,Tác phẩm nào sau đây KHÔNG thuộc văn học trung đại Việt Nam?,"A. ""Chí Phèo"" | B. ""Truyện Kiều"" | C. ""Bình Ngô đại cáo"" | D. ""Hoàng Lê nhất thống chí""",A,1,90,"""Chí Phèo"" của Nam Cao thuộc văn học hiện đại, giai đoạn 1930 — 1945. Ba tác phẩm còn lại đều thuộc văn học trung đại."
DM-HSA-01-VL,Đề mẫu HSA365 số 01 — Vật lý,74,Văn,24,"Tác giả, tác phẩm & giai đoạn văn học",3,Trắc nghiệm,"""Truyện Kiều"" của Nguyễn Du được viết bằng thể thơ nào?",A. Lục bát | B. Song thất lục bát | C. Thất ngôn bát cú | D. Tự do,A,1,90,"""Truyện Kiều"" gồm 3254 câu thơ lục bát — thể thơ dân tộc với cặp câu 6 chữ và 8 chữ nối tiếp nhau."
DM-HSA-01-VL,Đề mẫu HSA365 số 01 — Vật lý,75,Văn,25,"Tác giả, tác phẩm & giai đoạn văn học",3,Trắc nghiệm,Nhận định nào đúng về phong cách nghệ thuật của Nguyễn Tuân?,"A. Tài hoa, uyên bác; quan sát và miêu tả sự vật ở phương diện thẩm mĩ, con người ở phương diện tài hoa nghệ sĩ. | B. Giản dị, mộc mạc, gần với lời ăn tiếng nói hằng ngày của người nông dân. | C. Trữ tình chính trị, giàu tính sử thi và cảm hứng lãng mạn cách mạng. | D. Trào phúng sắc sảo, chuyên đả kích xã hội thành thị nửa thực dân nửa phong kiến.",A,1,90,"Nguyễn Tuân nổi tiếng với chất tài hoa, uyên bác và cái nhìn thẩm mĩ, thể hiện rõ trong ""Chữ người tử tù"" và ""Người lái đò Sông Đà""."
DM-HSA-01-VL,Đề mẫu HSA365 số 01 — Vật lý,76,Văn,26,"Tác giả, tác phẩm & giai đoạn văn học",3,Trắc nghiệm,"Nhân vật Mị trong ""Vợ chồng A Phủ"" của Tô Hoài sống ở đâu?","A. Hồng Ngài, vùng núi Tây Bắc | B. Một làng quê Bắc Bộ | C. Vùng ven đô Hà Nội | D. Miền Tây Nam Bộ",A,1,90,"Truyện lấy bối cảnh Hồng Ngài, vùng cao Tây Bắc, nơi Mị bị bắt về làm con dâu gạt nợ cho nhà thống lí Pá Tra. Bối cảnh miền núi là yếu tố quan trọng để hiểu tục ""cúng trình ma"" trói buộc Mị."
DM-HSA-01-VL,Đề mẫu HSA365 số 01 — Vật lý,77,Văn,27,Suy luận ngôn ngữ & liên kết ý,3,Trắc nghiệm,"Sắp xếp các câu sau thành một đoạn văn mạch lạc: (1) Vì vậy, thói quen ghi chép tay vẫn có chỗ đứng riêng. (2) Nhiều người cho rằng ghi chép bằng máy tính nhanh hơn nên hiệu quả hơn. (3) Tuy nhiên, các nghiên cứu cho thấy người ghi tay buộc phải tóm lược nên nhớ ý lâu hơn. Thứ tự đúng là:",A. (2) — (3) — (1) | B. (1) — (2) — (3) | C. (3) — (2) — (1) | D. (2) — (1) — (3),A,1,90,"Câu (2) nêu quan niệm phổ biến, câu (3) mở đầu bằng ""Tuy nhiên"" nên phải đứng sau để phản bác, câu (1) bắt đầu bằng ""Vì vậy"" nên là kết luận. Các từ nối chính là manh mối quyết định thứ tự."
DM-HSA-01-VL,Đề mẫu HSA365 số 01 — Vật lý,78,Văn,28,Suy luận ngôn ngữ & liên kết ý,3,Trắc nghiệm,"Đoạn văn ""Thứ nhất… Thứ hai… Thứ ba…"" sử dụng cách triển khai nào?","A. Song hành, các ý ngang hàng nhau | B. Móc xích | C. Diễn dịch | D. Quy nạp",A,1,90,"Các ý được đánh số và trình bày độc lập, ngang hàng, không ý nào dẫn tới ý nào. Đó là kiểu triển khai song hành."
DM-HSA-01-VL,Đề mẫu HSA365 số 01 — Vật lý,79,Văn,29,Suy luận ngôn ngữ & liên kết ý,3,Trắc nghiệm,"Sắp xếp thành đoạn mạch lạc: (1) Chẳng hạn, một giờ tập trung thật sự hơn ba giờ vừa học vừa xem điện thoại. (2) Chất lượng thời gian quan trọng hơn số giờ ngồi bàn. (3) Vì vậy, hãy đo bằng việc đã làm được, đừng đo bằng đồng hồ.",A. (2) — (1) — (3) | B. (1) — (2) — (3) | C. (3) — (2) — (1) | D. (2) — (3) — (1),A,1,90,"Câu (2) nêu luận điểm, câu (1) mở đầu bằng ""Chẳng hạn"" nên phải đứng sau để làm dẫn chứng, câu (3) mở đầu bằng ""Vì vậy"" nên là kết luận. Từ nối quyết định thứ tự, không phải nội dung."
DM-HSA-01-VL,Đề mẫu HSA365 số 01 — Vật lý,80,Văn,30,Suy luận ngôn ngữ & liên kết ý,3,Trắc nghiệm,"Câu nào sau đây KHÔNG liên kết được với câu ""Trời đổ mưa rất to.""?","A. Vì vậy, bầu trời trong xanh không một gợn mây. | B. Vì vậy, trận đấu phải hoãn lại. | C. Tuy nhiên, chúng tôi vẫn quyết định lên đường. | D. Ngoài ra, gió cũng thổi mạnh hơn.",A,1,90,Trời mưa to không thể dẫn tới bầu trời trong xanh không gợn mây — hai vế mâu thuẫn nhau về nội dung dù từ nối đúng hình thức. Liên kết cần đúng cả về từ nối lẫn lô-gíc.
DM-HSA-01-VL,Đề mẫu HSA365 số 01 — Vật lý,81,Văn,31,Suy luận ngôn ngữ & liên kết ý,3,Trắc nghiệm,"Trong đoạn ""Đọc sách giúp mở rộng vốn từ. Vốn từ rộng giúp diễn đạt chính xác. Diễn đạt chính xác giúp thuyết phục người nghe."", quan hệ giữa các câu là:","A. Móc xích, ý sau nối tiếp ý trước | B. Song hành, các ý ngang hàng | C. Tương phản | D. Tổng — phân — hợp",A,1,90,"Phần cuối của câu trước trở thành phần đầu của câu sau (""vốn từ"", ""diễn đạt chính xác""), tạo thành chuỗi móc xích dẫn tới kết luận."
DM-HSA-01-VL,Đề mẫu HSA365 số 01 — Vật lý,82,Văn,32,Đọc hiểu văn bản,3,Trắc nghiệm,"Theo tác giả, ""đọc chậm"" được hiểu là:","A. Chấp nhận dừng lại, đọc lại và suy ngẫm về những câu văn đáng suy ngẫm. | B. Đọc mỗi ngày một số trang cố định và không đọc quá nhiều. | C. Chỉ đọc sách giấy và tránh xa mọi văn bản trên màn hình. | D. Đọc to thành tiếng để nhớ lâu hơn.",A,1,90,"Tác giả định nghĩa trực tiếp: ""Đọc chậm là chấp nhận rằng có những câu văn đòi hỏi ta dừng lại, đọc đi đọc lại, thậm chí gấp sách để nghĩ."""
DM-HSA-01-VL,Đề mẫu HSA365 số 01 — Vật lý,83,Văn,33,Đọc hiểu văn bản,3,Trắc nghiệm,"Cụm từ ""kẻ tiêu thụ thông tin"" trong đoạn 2 mang sắc thái gì?","A. Phê phán nhẹ, chỉ thái độ thụ động khi tiếp nhận văn bản. | B. Trung tính, chỉ đơn thuần mô tả người đọc hiện đại. | C. Ngợi ca khả năng xử lý lượng thông tin lớn của con người. | D. Hài hước, nhằm gây cười cho người đọc.",A,1,90,"Cụm từ này được đặt trong thế đối lập với ""người đối thoại với tác giả"". Phép đối lập cho thấy ""tiêu thụ"" bị đánh giá thấp hơn, mang sắc thái phê phán sự thụ động."
DM-HSA-01-VL,Đề mẫu HSA365 số 01 — Vật lý,84,Văn,34,Đọc hiểu văn bản,3,Trắc nghiệm,Phương thức biểu đạt chính của đoạn trích là:,A. Nghị luận | B. Tự sự | C. Miêu tả | D. Thuyết minh,A,1,90,"Văn bản nêu luận điểm (""đọc nhiều nhưng hời hợt""), giải thích khái niệm và đưa lí lẽ để thuyết phục người đọc — đặc trưng của văn nghị luận."
DM-HSA-01-VL,Đề mẫu HSA365 số 01 — Vật lý,85,Văn,35,Đọc hiểu văn bản,3,Trắc nghiệm,"Theo văn bản, vì sao rừng ngập mặn được coi là ""vườn ươm của biển""?","A. Vì tôm, cua, cá con trú ẩn trong các lạch nước nông giữa rễ cây để tránh kẻ săn mồi. | B. Vì người dân trồng cây giống ở đó rồi mang ra biển. | C. Vì đây là nơi có nhiều loài thực vật quý hiếm nhất. | D. Vì rừng ngập mặn tạo ra lượng ô-xy lớn cho nước biển.",A,1,90,Đoạn 3 nêu trực tiếp vai trò trú ẩn và sinh trưởng của thủy sản non giữa hệ rễ.
DM-HSA-01-VL,Đề mẫu HSA365 số 01 — Vật lý,86,Văn,36,Đọc hiểu văn bản,3,Trắc nghiệm,Lập luận ở đoạn 2 thuyết phục người đọc chủ yếu bằng cách nào?,A. So sánh chi phí giữ rừng với chi phí xây và sửa đê cho cùng một mức bảo vệ. | B. Kể lại một trận bão cụ thể mà tác giả từng chứng kiến. | C. Trích dẫn phát biểu của một nhà khoa học có uy tín. | D. Miêu tả vẻ đẹp của rừng đước vào lúc thủy triều lên.,A,1,90,"Đoạn 2 đưa ra một phép so sánh kinh tế trực tiếp giữa hai giải pháp bảo vệ bờ biển — đây là lí lẽ mang tính thực dụng, dễ thuyết phục nhất trong đoạn."
DM-HSA-01-VL,Đề mẫu HSA365 số 01 — Vật lý,87,Văn,37,Đọc hiểu văn bản,3,Trắc nghiệm,"Theo tác giả, ""ký ức chung"" tồn tại chủ yếu ở đâu?",A. Trong cách gọi tên và những chỉ dẫn quen thuộc của người dân địa phương. | B. Trong các bảo tàng và tài liệu lưu trữ của thành phố. | C. Trên những tấm biển tên phố mới. | D. Trong các công trình kiến trúc cổ được xếp hạng.,A,1,90,"Tác giả nói thẳng ""Ký ức chung không nằm trong bảo tàng"", rồi dẫn hai ví dụ đều thuộc về lời ăn tiếng nói hằng ngày: cách bà cụ gọi tên phố theo lối cũ và chỉ dẫn ""chỗ có cây gạo ngày xưa""."
DM-HSA-01-VL,Đề mẫu HSA365 số 01 — Vật lý,88,Văn,38,Đọc hiểu văn bản,3,Trắc nghiệm,"Câu ""Có người nói tiếc nuối là thứ xa xỉ của kẻ đã no đủ. Cũng có phần đúng."" thể hiện thao tác lập luận nào?",A. Thừa nhận một phần ý kiến trái chiều trước khi phản bác. | B. Bác bỏ hoàn toàn ý kiến của người khác. | C. Chứng minh bằng số liệu thống kê. | D. So sánh hai hiện tượng tương phản.,A,1,90,"Tác giả nêu ý kiến ngược lại, thừa nhận nó ""cũng có phần đúng"", rồi dùng liên từ ""Nhưng"" để đưa ra lập luận của mình. Đây là kỹ thuật nhượng bộ — thừa nhận một phần để lập luận sau đó thuyết phục hơn."
DM-HSA-01-VL,Đề mẫu HSA365 số 01 — Vật lý,89,Văn,39,Đọc hiểu văn bản,3,Trắc nghiệm,Tác giả phân biệt hai chuyện nào thường bị gộp làm một?,A. Sự thay đổi của ngôn ngữ và sự nghèo đi của người dùng. | B. Chữ Hán và chữ Quốc ngữ. | C. Tiếng nói và chữ viết. | D. Ngôn ngữ mạng và ngôn ngữ văn học.,A,1,90,"Đoạn 2 nêu rành mạch: ""Chuyện thứ nhất là sự thay đổi của ngôn ngữ… Chuyện thứ hai là sự nghèo đi của người dùng."" Toàn bộ lập luận sau đó dựa trên việc tách hai chuyện này ra."
DM-HSA-01-VL,Đề mẫu HSA365 số 01 — Vật lý,90,Văn,40,Đọc hiểu văn bản,3,Trắc nghiệm,Vì sao tác giả nhắc tới việc các nhà nho từng chê chữ Quốc ngữ?,A. Để cho thấy nỗi lo ngôn ngữ đang hỏng đã lặp lại nhiều lần trong lịch sử. | B. Để chứng minh chữ Hán sâu sắc hơn chữ Quốc ngữ. | C. Để phê phán thái độ bảo thủ của các nhà nho. | D. Để giải thích nguồn gốc của chữ Quốc ngữ.,A,1,90,"Câu mở đầu nêu quy luật ""Mỗi khi một lối viết mới xuất hiện, người ta lại lo tiếng Việt đang hỏng"", rồi dẫn ví dụ lịch sử để cho thấy nỗi lo hiện nay không mới. Đây là cách đặt hiện tượng vào một chuỗi lặp lại để giảm bớt tính bi kịch của nó."
DM-HSA-01-VL,Đề mẫu HSA365 số 01 — Vật lý,91,Văn,41,Đọc hiểu văn bản,3,Trắc nghiệm,Giải pháp mà tác giả đề xuất ở cuối bài là gì?,A. Bảo đảm người trẻ còn được đọc những văn bản đủ dài và đủ khó để buộc phải nghĩ. | B. Cấm sử dụng tiếng lóng trên mạng xã hội. | C. Khôi phục việc dạy chữ Hán trong nhà trường. | D. Chuẩn hóa lại chính tả tiếng Việt.,A,1,90,"Câu kết nêu trực tiếp giải pháp, đồng thời loại bỏ giải pháp cấm đoán: ""việc cần làm không phải là cấm một lối viết""."
DM-HSA-01-VL,Đề mẫu HSA365 số 01 — Vật lý,92,Văn,42,Biện pháp tu từ & phong cách,3,Trắc nghiệm,"Trong câu ""Một cây làm chẳng nên non / Ba cây chụm lại nên hòn núi cao"", ""một cây"" và ""ba cây"" là biện pháp gì?",A. Hoán dụ | B. Ẩn dụ | C. Điệp ngữ | D. So sánh,A,1,90,"""Một cây"", ""ba cây"" lấy cái cụ thể để chỉ cái trừu tượng: cá nhân đơn lẻ và tập thể đoàn kết. Quan hệ ở đây là quan hệ tương cận (số ít — số nhiều, cụ thể — trừu tượng) nên là hoán dụ."
DM-HSA-01-VL,Đề mẫu HSA365 số 01 — Vật lý,93,Văn,43,Biện pháp tu từ & phong cách,3,Trắc nghiệm,"Câu ""Bác đã đi rồi sao Bác ơi!"" dùng biện pháp tu từ nào để nói về cái chết?",A. Nói giảm nói tránh | B. Nói quá | C. Ẩn dụ | D. Điệp ngữ,A,1,90,"Dùng từ ""đi"" thay cho từ chỉ cái chết là nói giảm nói tránh, nhằm giảm bớt đau thương và thể hiện sự trân trọng."
DM-HSA-01-VL,Đề mẫu HSA365 số 01 — Vật lý,94,Văn,44,Biện pháp tu từ & phong cách,3,Trắc nghiệm,"Trong câu ""Áo chàm đưa buổi phân li"", cụm ""áo chàm"" là biện pháp gì?",A. Hoán dụ | B. Ẩn dụ | C. So sánh | D. Nhân hóa,A,1,90,"""Áo chàm"" là trang phục đặc trưng của người dân Việt Bắc, được dùng để chỉ chính con người nơi đó. Quan hệ giữa vật dụng và người dùng là quan hệ gần gũi, nên đây là hoán dụ."
DM-HSA-01-VL,Đề mẫu HSA365 số 01 — Vật lý,95,Văn,45,Biện pháp tu từ & phong cách,3,Trắc nghiệm,Văn bản khoa học có đặc trưng phong cách nào?,"A. Tính trừu tượng, tính lí trí và tính khách quan. | B. Tính hình tượng và tính truyền cảm. | C. Tính cụ thể và tính cá thể hóa. | D. Tính công khai về quan điểm chính trị.",A,1,90,"Phong cách khoa học đòi hỏi khái niệm chính xác, lập luận chặt chẽ và loại bỏ cảm xúc cá nhân. Tính hình tượng và truyền cảm là đặc trưng của phong cách nghệ thuật."
DM-HSA-01-VL,Đề mẫu HSA365 số 01 — Vật lý,96,Văn,46,Từ vựng & nghĩa của từ,3,Trắc nghiệm,"Chọn từ thích hợp: ""Nhà trường đã ______ nhiều biện pháp để nâng cao chất lượng dạy học.""",A. triển khai | B. triển vọng | C. phát huy | D. phát động,A,1,90,"""Triển khai biện pháp"" là kết hợp chuẩn, nghĩa là đưa vào thực hiện. ""Phát huy"" đi với ưu điểm, truyền thống; ""phát động"" đi với phong trào; ""triển vọng"" là danh từ nên không đứng ở vị trí động từ này."
DM-HSA-01-VL,Đề mẫu HSA365 số 01 — Vật lý,97,Văn,47,Từ vựng & nghĩa của từ,3,Trắc nghiệm,"Chọn cách dùng đúng: ""Bài viết đã ______ được vấn đề cốt lõi.""",A. nêu bật | B. nổi bật | C. bộc lộ | D. phát hiện,A,1,90,"""Nêu bật"" là động từ ngoại động, đi với tân ngữ ""vấn đề"". ""Nổi bật"" là tính từ, không nhận tân ngữ trực tiếp nên không dùng được ở vị trí này."
DM-HSA-01-VL,Đề mẫu HSA365 số 01 — Vật lý,98,Văn,48,Từ vựng & nghĩa của từ,3,Trắc nghiệm,"Từ Hán Việt ""khả quan"" có nghĩa là:","A. Có thể xem là tốt, đáng để hi vọng. | B. Có thể quan sát được bằng mắt thường. | C. Đáng để suy xét kĩ lưỡng. | D. Có tính khách quan, không thiên vị.",A,1,90,"""Khả"" là có thể, ""quan"" là xem/nhìn; nghĩa gốc là ""đáng xem"", đã chuyển thành ""có triển vọng tốt"" trong tiếng Việt hiện đại (kết quả khả quan)."
DM-HSA-01-VL,Đề mẫu HSA365 số 01 — Vật lý,99,Văn,49,Từ vựng & nghĩa của từ,3,Trắc nghiệm,"Thành ngữ ""nước đổ lá khoai"" có nghĩa gần nhất với:",A. Khuyên bảo mà người nghe không tiếp thu. | B. Làm việc gì cũng gặp may mắn. | C. Của cải tiêu tán nhanh chóng. | D. Người và việc không hợp nhau.,A,1,90,"Nước đổ lên lá khoai thì trôi tuột hết, không đọng lại. Thành ngữ chỉ việc khuyên nhủ mà người nghe không hề thấm."
DM-HSA-01-VL,Đề mẫu HSA365 số 01 — Vật lý,100,Văn,50,Đọc hiểu văn bản,4,Trắc nghiệm,"Hình ảnh ""ngăn nó cũng vô ích như ngăn một dòng sông đổi dòng"" nhằm nhấn mạnh điều gì?","A. Sự thay đổi của ngôn ngữ là quy luật tự nhiên, không thể cưỡng lại. | B. Ngôn ngữ và dòng sông đều gắn với đời sống nông nghiệp. | C. Cần có biện pháp mạnh để giữ gìn sự trong sáng của tiếng Việt. | D. Người trẻ thay đổi cách nói quá nhanh.",A,1,120,"Phép so sánh đặt việc ngăn ngôn ngữ thay đổi ngang với việc ngăn một dòng sông — một việc bất khả trước quy luật tự nhiên. Câu này phục vụ kết luận ""Chuyện thứ nhất không đáng lo""."
DM-HSA-01-VL,Đề mẫu HSA365 số 01 — Vật lý,101,Khoa học,1,Cơ học,1,Trắc nghiệm,"Trong hệ SI, đơn vị của lực là:",A. Niutơn (N) | B. Jun (J) | C. Oát (W) | D. Paxcan (Pa),A,1,45,"Lực đo bằng niutơn: 1 N là lực gây cho vật 1 kg gia tốc 1 m/s². Jun là đơn vị công và năng lượng, oát là công suất, paxcan là áp suất."
DM-HSA-01-VL,Đề mẫu HSA365 số 01 — Vật lý,102,Khoa học,2,Cơ học,1,Trắc nghiệm,Một ô tô đi được 120 km trong 2 giờ với vận tốc không đổi. Vận tốc của xe là:,A. 60 km/h | B. 240 km/h | C. 120 km/h | D. 30 km/h,A,1,45,Chuyển động thẳng đều có v = s/t = 120/2 = 60 km/h.
DM-HSA-01-VL,Đề mẫu HSA365 số 01 — Vật lý,103,Khoa học,3,Cơ học,1,Trắc nghiệm,Một vật khối lượng 2 kg chịu tác dụng của hợp lực 6 N. Gia tốc của vật bằng:,"A. 3 m/s² | B. 12 m/s² | C. 0,33 m/s² | D. 8 m/s²",A,1,45,"Định luật II Newton: gia tốc tỉ lệ thuận với hợp lực và tỉ lệ nghịch với khối lượng, a = F/m = 6/2 = 3 m/s², cùng hướng với hợp lực."
DM-HSA-01-VL,Đề mẫu HSA365 số 01 — Vật lý,104,Khoa học,4,Dao động & sóng,1,Trắc nghiệm,Chu kì của dao động điều hòa là:,A. Thời gian vật thực hiện một dao động toàn phần. | B. Số dao động vật thực hiện trong một giây. | C. Độ lệch lớn nhất khỏi vị trí cân bằng. | D. Vận tốc lớn nhất của vật.,A,1,45,"Chu kì T là thời gian một dao động toàn phần, đo bằng giây. Số dao động trong một giây là tần số f = 1/T, còn độ lệch lớn nhất là biên độ."
DM-HSA-01-VL,Đề mẫu HSA365 số 01 — Vật lý,105,Khoa học,5,Dao động & sóng,1,Trắc nghiệm,Vật dao động theo phương trình x = 5cos(4πt) cm. Biên độ dao động là:,"A. 5 cm | B. 4π cm | C. 10 cm | D. 2,5 cm",A,1,45,"Đối chiếu với dạng chuẩn x = Acos(ωt + φ), hệ số đứng trước hàm cosin chính là biên độ A = 5 cm."
DM-HSA-01-VL,Đề mẫu HSA365 số 01 — Vật lý,106,Khoa học,6,Điện & từ,1,Trắc nghiệm,Đơn vị của cường độ dòng điện là:,A. Ampe (A) | B. Vôn (V) | C. Ôm (Ω) | D. Oát (W),A,1,45,"Cường độ dòng điện đo bằng ampe. Vôn là đơn vị hiệu điện thế, ôm là điện trở, oát là công suất."
DM-HSA-01-VL,Đề mẫu HSA365 số 01 — Vật lý,107,Khoa học,7,Điện & từ,1,Trắc nghiệm,Vật liệu nào sau đây dẫn điện tốt nhất?,A. Đồng | B. Gỗ khô | C. Nhựa | D. Thủy tinh,A,1,45,"Đồng là kim loại có nhiều electron tự do nên dẫn điện tốt, vì vậy được dùng làm dây dẫn. Ba vật liệu còn lại là chất cách điện."
DM-HSA-01-VL,Đề mẫu HSA365 số 01 — Vật lý,108,Khoa học,8,Lượng tử & hạt nhân,1,Trắc nghiệm,Hạt nhân nguyên tử được cấu tạo từ:,A. Proton và nơtron | B. Proton và electron | C. Electron và nơtron | D. Chỉ proton,A,1,45,"Hạt nhân gồm proton mang điện dương và nơtron không mang điện, gọi chung là nuclôn. Electron chuyển động bên ngoài hạt nhân."
DM-HSA-01-VL,Đề mẫu HSA365 số 01 — Vật lý,109,Khoa học,9,Cơ học,2,Trắc nghiệm,Một vật rơi tự do không vận tốc đầu từ độ cao 80 m. Lấy g = 10 m/s². Thời gian rơi đến khi chạm đất là:,A. 4 s | B. 8 s | C. 2 s | D. 16 s,A,1,60,"Rơi tự do không vận tốc đầu: h = ½gt², suy ra t = √(2h/g) = √(2 × 80/10) = √16 = 4 s. Thời gian rơi chỉ phụ thuộc độ cao, không phụ thuộc khối lượng vật."
DM-HSA-01-VL,Đề mẫu HSA365 số 01 — Vật lý,110,Khoa học,10,Lượng tử & hạt nhân,2,Trắc nghiệm,Hạt nhân ²³⁸₉₂U có bao nhiêu nơtron?,A. 146 | B. 92 | C. 238 | D. 330,A,1,60,"Số khối A đếm cả proton lẫn nơtron, còn Z là số proton. Vậy số nơtron N = A − Z = 238 − 92 = 146."
DM-HSA-01-VL,Đề mẫu HSA365 số 01 — Vật lý,111,Khoa học,11,Cơ học,2,Trắc nghiệm,"Theo định luật III Newton, lực và phản lực có đặc điểm:","A. Cùng độ lớn, ngược chiều và đặt vào hai vật khác nhau. | B. Cùng độ lớn, ngược chiều và đặt vào cùng một vật. | C. Khác độ lớn và cùng chiều. | D. Luôn triệt tiêu nhau nên vật không chuyển động.",A,1,60,"Chi tiết quyết định là hai lực đặt vào HAI vật khác nhau, nên chúng không triệt tiêu nhau. Nếu cùng đặt vào một vật thì vật sẽ không bao giờ chuyển động được."
DM-HSA-01-VL,Đề mẫu HSA365 số 01 — Vật lý,112,Khoa học,12,Cơ học,2,Trắc nghiệm,Một máy thực hiện công 1200 J trong 20 giây. Công suất của máy là:,A. 60 W | B. 24000 W | C. 600 W | D. 20 W,A,1,60,Công suất P = A/t = 1200/20 = 60 W. Công suất cho biết công thực hiện được trong mỗi giây.
DM-HSA-01-VL,Đề mẫu HSA365 số 01 — Vật lý,113,Khoa học,13,Cơ học,2,Trắc nghiệm,"Vật bắt đầu chuyển động thẳng nhanh dần đều từ trạng thái nghỉ với gia tốc 2 m/s². Sau 5 giây, vận tốc của vật là:","A. 10 m/s | B. 25 m/s | C. 5 m/s | D. 2,5 m/s",A,1,60,v = v₀ + at = 0 + 2 × 5 = 10 m/s. Quãng đường đi được trong 5 giây là s = ½at² = 25 m.
DM-HSA-01-VL,Đề mẫu HSA365 số 01 — Vật lý,114,Khoa học,14,Dao động & sóng,2,Trắc nghiệm,Tai người bình thường nghe được âm có tần số trong khoảng:,A. 16 Hz đến 20 000 Hz | B. 0 Hz đến 100 Hz | C. 20 000 Hz đến 100 000 Hz | D. Dưới 16 Hz,A,1,60,"Âm nghe được nằm trong khoảng khoảng 16 Hz đến 20 000 Hz. Dưới ngưỡng này là hạ âm, trên ngưỡng này là siêu âm."
DM-HSA-01-VL,Đề mẫu HSA365 số 01 — Vật lý,115,Khoa học,15,Cơ học,2,Trắc nghiệm,Động năng của vật khối lượng 2 kg chuyển động với vận tốc 5 m/s bằng:,"A. 25 J | B. 50 J | C. 10 J | D. 12,5 J",A,1,60,Động năng W_đ = ½mv² = ½ × 2 × 5² = 25 J. Lưu ý động năng tỉ lệ với BÌNH PHƯƠNG vận tốc: vận tốc tăng gấp đôi thì động năng tăng gấp bốn.
DM-HSA-01-VL,Đề mẫu HSA365 số 01 — Vật lý,116,Khoa học,16,Dao động & sóng,2,Trắc nghiệm,Phát biểu nào sau đây đúng về sóng cơ?,A. Sóng cơ không truyền được trong chân không. | B. Sóng cơ truyền được trong chân không như sóng điện từ. | C. Sóng cơ chỉ truyền được trong chất rắn. | D. Sóng cơ truyền vật chất đi theo phương truyền sóng.,A,1,60,"Sóng cơ là dao động lan truyền trong môi trường vật chất, nên cần môi trường và không truyền được trong chân không. Sóng truyền năng lượng và pha dao động, không mang vật chất đi theo."
DM-HSA-01-VL,Đề mẫu HSA365 số 01 — Vật lý,117,Khoa học,17,Điện & từ,2,Trắc nghiệm,Một bóng đèn công suất 100 W thắp sáng liên tục trong 10 giờ tiêu thụ điện năng bằng:,A. 1 kWh | B. 1000 kWh | C. 10 kWh | D. 100 kWh,A,1,60,"A = P × t = 100 W × 10 h = 1000 Wh = 1 kWh. Một ""số điện"" trên hóa đơn chính là 1 kWh."
DM-HSA-01-VL,Đề mẫu HSA365 số 01 — Vật lý,118,Khoa học,18,Điện & từ,2,Trắc nghiệm,"Ba điện trở giống nhau, mỗi cái 6 Ω, mắc song song. Điện trở tương đương của mạch bằng:",A. 2 Ω | B. 18 Ω | C. 6 Ω | D. 3 Ω,A,1,60,"Với n điện trở giống nhau mắc song song, R = R₀/n = 6/3 = 2 Ω. Kiểm nhanh: kết quả phải nhỏ hơn điện trở nhỏ nhất."
DM-HSA-01-VL,Đề mẫu HSA365 số 01 — Vật lý,119,Khoa học,19,Lượng tử & hạt nhân,2,Trắc nghiệm,Các đồng vị của cùng một nguyên tố có đặc điểm:,A. Cùng số proton nhưng khác số nơtron. | B. Cùng số nơtron nhưng khác số proton. | C. Cùng số khối nhưng khác số proton. | D. Khác cả số proton lẫn số nơtron.,A,1,60,"Số proton quyết định nguyên tố, nên các đồng vị cùng nguyên tố phải cùng số proton; chúng khác nhau ở số nơtron và do đó khác số khối."
DM-HSA-01-VL,Đề mẫu HSA365 số 01 — Vật lý,120,Khoa học,20,Dao động & sóng,2,Trắc nghiệm,Con lắc lò xo có độ cứng k = 100 N/m gắn vật nặng m = 1 kg. Tần số góc của dao động bằng:,A. 10 rad/s | B. 100 rad/s | C. 1 rad/s | D. 2π rad/s,A,1,60,"Tần số góc của con lắc lò xo chỉ phụ thuộc độ cứng và khối lượng: ω = √(k/m) = √(100/1) = 10 rad/s. Từ đó suy ra chu kì T = 2π/ω ≈ 0,63 s."
DM-HSA-01-VL,Đề mẫu HSA365 số 01 — Vật lý,121,Khoa học,21,Lượng tử & hạt nhân,2,Trắc nghiệm,Tia phóng xạ nào là dòng hạt nhân heli?,A. Tia α | B. Tia β⁻ | C. Tia β⁺ | D. Tia γ,A,1,60,"Tia α là dòng hạt nhân ⁴₂He. Tia β⁻ là dòng electron, tia β⁺ là dòng pôzitron, còn tia γ là sóng điện từ có bước sóng rất ngắn."
DM-HSA-01-VL,Đề mẫu HSA365 số 01 — Vật lý,122,Khoa học,22,Lượng tử & hạt nhân,2,Trắc nghiệm,Tia γ có bản chất là:,A. Sóng điện từ có bước sóng rất ngắn | B. Dòng electron | C. Dòng proton | D. Dòng hạt nhân heli,A,1,60,"Tia γ là sóng điện từ, không mang điện nên không bị lệch trong điện trường và từ trường, và có khả năng đâm xuyên mạnh nhất trong ba loại tia phóng xạ."
DM-HSA-01-VL,Đề mẫu HSA365 số 01 — Vật lý,123,Khoa học,23,Lượng tử & hạt nhân,2,Trắc nghiệm,Lực hạt nhân có đặc điểm nào sau đây?,A. Rất mạnh nhưng chỉ tác dụng trong phạm vi cỡ kích thước hạt nhân. | B. Là lực tĩnh điện giữa các proton. | C. Tác dụng ở khoảng cách rất xa như lực hấp dẫn. | D. Chỉ tác dụng giữa các nơtron.,A,1,60,"Lực hạt nhân mạnh hơn lực đẩy tĩnh điện rất nhiều nên giữ được các proton lại với nhau, nhưng tầm tác dụng chỉ khoảng 10⁻¹⁵ m."
DM-HSA-01-VL,Đề mẫu HSA365 số 01 — Vật lý,124,Khoa học,24,Dao động & sóng,2,Trắc nghiệm,Một sóng cơ có tần số 50 Hz truyền với tốc độ 200 m/s. Bước sóng bằng:,"A. 4 m | B. 10 000 m | C. 0,25 m | D. 2,5 m",A,1,60,"Bước sóng là quãng đường sóng truyền được trong một chu kì: λ = v·T = v/f = 200/50 = 4 m. Nhớ quan hệ nghịch: cùng một tốc độ, tần số càng cao thì bước sóng càng ngắn."
DM-HSA-01-VL,Đề mẫu HSA365 số 01 — Vật lý,125,Khoa học,25,Cơ học,2,Trắc nghiệm,Một vật rơi tự do từ độ cao h. Nếu tăng độ cao lên gấp 4 lần thì thời gian rơi thay đổi thế nào?,A. Tăng gấp 2 lần | B. Tăng gấp 4 lần | C. Tăng gấp 16 lần | D. Không đổi,A,1,60,"Rơi tự do có h = gt²/2 nên t = √(2h/g), tức thời gian tỉ lệ với căn bậc hai của độ cao. Tăng h gấp 4 thì t chỉ tăng gấp 2."
DM-HSA-01-VL,Đề mẫu HSA365 số 01 — Vật lý,126,Khoa học,26,Điện & từ,2,Trắc nghiệm,Hai điện trở R₁ = 6 Ω và R₂ = 3 Ω mắc nối tiếp vào hiệu điện thế 18 V. Cường độ dòng điện qua mạch bằng:,A. 2 A | B. 3 A | C. 9 A | D. 1 A,A,1,60,"Mắc nối tiếp thì điện trở cộng lại: R = 6 + 3 = 9 Ω. Áp dụng định luật Ohm cho toàn mạch: I = U/R = 18/9 = 2 A, và dòng điện này như nhau qua cả hai điện trở."
DM-HSA-01-VL,Đề mẫu HSA365 số 01 — Vật lý,127,Khoa học,27,Cơ học,3,Trắc nghiệm,"Ném thẳng đứng lên cao một vật với vận tốc ban đầu 20 m/s, lấy g = 10 m/s² và bỏ qua sức cản. Độ cao cực đại vật đạt được là:",A. 20 m | B. 40 m | C. 10 m | D. 200 m,A,1,90,Tại điểm cao nhất vận tốc bằng 0. Áp dụng v² − v₀² = −2gh ⟹ h = v₀²/(2g) = 400/20 = 20 m.
DM-HSA-01-VL,Đề mẫu HSA365 số 01 — Vật lý,128,Khoa học,28,Cơ học,3,Trắc nghiệm,Vật 2 kg chuyển động với vận tốc 3 m/s va chạm mềm vào vật 1 kg đang đứng yên. Vận tốc chung của hai vật sau va chạm là:,"A. 2 m/s | B. 3 m/s | C. 1,5 m/s | D. 6 m/s",A,1,90,Áp dụng bảo toàn động lượng: m₁v₁ = (m₁ + m₂)v ⟹ 2 × 3 = 3v ⟹ v = 2 m/s. Va chạm mềm thì hai vật dính vào nhau và chuyển động cùng vận tốc.
DM-HSA-01-VL,Đề mẫu HSA365 số 01 — Vật lý,129,Khoa học,29,Cơ học,3,Trắc nghiệm,"Vật 5 kg nằm trên mặt sàn nằm ngang, hệ số ma sát trượt 0,2, lấy g = 10 m/s². Độ lớn lực ma sát trượt là:","A. 10 N | B. 50 N | C. 2,5 N | D. 1 N",A,1,90,"Áp lực bằng trọng lượng: N = mg = 50 N. Lực ma sát trượt F = μN = 0,2 × 50 = 10 N."
DM-HSA-01-VL,Đề mẫu HSA365 số 01 — Vật lý,130,Khoa học,30,Dao động & sóng,3,Trắc nghiệm,Con lắc đơn có chiều dài 1 m dao động nhỏ ở nơi có g = 10 m/s². Chu kì dao động xấp xỉ:,"A. 2 s | B. 1 s | C. 6,28 s | D. 0,5 s",A,1,90,"T = 2π√(ℓ/g) = 2π√0,1 ≈ 2π × 0,316 ≈ 1,99 s, tức xấp xỉ 2 s. Chu kì con lắc đơn không phụ thuộc khối lượng vật nặng."
DM-HSA-01-VL,Đề mẫu HSA365 số 01 — Vật lý,131,Khoa học,31,Dao động & sóng,3,Trắc nghiệm,Vật dao động điều hòa với biên độ 4 cm và tần số góc 10 rad/s. Tốc độ cực đại của vật là:,"A. 40 cm/s | B. 2,5 cm/s | C. 400 cm/s | D. 14 cm/s",A,1,90,Tốc độ cực đại đạt tại vị trí cân bằng: v_max = ωA = 10 × 4 = 40 cm/s. Gia tốc cực đại thì đạt tại hai biên và bằng ω²A.
DM-HSA-01-VL,Đề mẫu HSA365 số 01 — Vật lý,132,Khoa học,32,Dao động & sóng,3,Trắc nghiệm,Hai điểm trên cùng một phương truyền sóng dao động cùng pha khi khoảng cách giữa chúng bằng:,A. Số nguyên lần bước sóng | B. Số lẻ lần nửa bước sóng | C. Một phần tư bước sóng | D. Bất kỳ giá trị nào,A,1,90,"Độ lệch pha tỉ lệ với khoảng cách: Δφ = 2πd/λ. Cùng pha khi Δφ = k·2π, tức d = kλ. Ngược pha khi d bằng số lẻ lần nửa bước sóng."
DM-HSA-01-VL,Đề mẫu HSA365 số 01 — Vật lý,133,Khoa học,33,Dao động & sóng,3,Trắc nghiệm,"Trong giao thoa sóng với hai nguồn cùng pha, các điểm dao động với biên độ cực đại thỏa mãn:","A. d₂ − d₁ = kλ | B. d₂ − d₁ = (k + 0,5)λ | C. d₂ + d₁ = kλ | D. d₂ = d₁",A,1,90,"Hai sóng tới cùng pha thì tăng cường nhau, điều kiện là hiệu đường đi bằng số nguyên lần bước sóng. Cực tiểu ứng với hiệu đường đi bằng số bán nguyên lần bước sóng."
DM-HSA-01-VL,Đề mẫu HSA365 số 01 — Vật lý,134,Khoa học,34,Điện & từ,3,Trắc nghiệm,Một dây dẫn có điện trở R. Nếu tăng chiều dài dây lên gấp đôi và giữ nguyên tiết diện thì điện trở mới bằng:,A. 2R | B. R/2 | C. 4R | D. R,A,1,90,Điện trở R = ρℓ/S tỉ lệ thuận với chiều dài và tỉ lệ nghịch với tiết diện. Chiều dài gấp đôi nên điện trở gấp đôi.
DM-HSA-01-VL,Đề mẫu HSA365 số 01 — Vật lý,135,Khoa học,35,Điện & từ,3,Trắc nghiệm,Đường sức từ của dòng điện chạy trong dây dẫn thẳng dài có dạng:,A. Các đường tròn đồng tâm nằm trong mặt phẳng vuông góc với dây. | B. Các đường thẳng song song với dây dẫn. | C. Các đường thẳng hướng ra xa dây dẫn. | D. Các đường elip bao quanh dây dẫn.,A,1,90,"Từ trường của dòng điện thẳng có đường sức là những đường tròn đồng tâm, tâm nằm trên dây và mặt phẳng chứa chúng vuông góc với dây. Chiều xác định bằng quy tắc nắm tay phải."
DM-HSA-01-VL,Đề mẫu HSA365 số 01 — Vật lý,136,Khoa học,36,Điện & từ,3,Trắc nghiệm,"Đoạn dây dẫn dài 0,1 m mang dòng điện 2 A đặt vuông góc với từ trường đều B = 0,5 T. Lực từ tác dụng lên đoạn dây bằng:","A. 0,1 N | B. 1 N | C. 0,01 N | D. 10 N",A,1,90,"F = BIℓ·sinα với α = 90° nên sinα = 1: F = 0,5 × 2 × 0,1 = 0,1 N."
DM-HSA-01-VL,Đề mẫu HSA365 số 01 — Vật lý,137,Khoa học,37,Điện & từ,3,Trắc nghiệm,Giá trị hiệu dụng của dòng điện xoay chiều liên hệ với giá trị cực đại theo công thức:,A. I = I₀/√2 | B. I = I₀√2 | C. I = I₀/2 | D. I = 2I₀,A,1,90,"Giá trị hiệu dụng nhỏ hơn giá trị cực đại √2 lần. Điện áp 220 V ở nhà là giá trị hiệu dụng, tương ứng giá trị cực đại khoảng 311 V."
DM-HSA-01-VL,Đề mẫu HSA365 số 01 — Vật lý,138,Khoa học,38,Điện & từ,3,Trắc nghiệm,Hai điện trở 3 Ω và 6 Ω mắc song song rồi nối tiếp với điện trở 2 Ω. Điện trở tương đương của cả mạch bằng:,A. 4 Ω | B. 11 Ω | C. 5 Ω | D. 3 Ω,A,1,90,"Phần song song: R = (3 × 6)/(3 + 6) = 2 Ω. Cộng với điện trở nối tiếp: 2 + 2 = 4 Ω. Luôn tính phần song song trước, phần nối tiếp sau."
DM-HSA-01-VL,Đề mẫu HSA365 số 01 — Vật lý,139,Khoa học,39,Lượng tử & hạt nhân,3,Trắc nghiệm,"Sau khoảng thời gian bằng 2 chu kì bán rã, khối lượng chất phóng xạ còn lại so với ban đầu là:",A. 1/4 | B. 1/2 | C. 1/8 | D. 0,A,1,90,Mỗi chu kì bán rã khối lượng giảm một nửa. Sau 2 chu kì còn (1/2)² = 1/4 khối lượng ban đầu.
DM-HSA-01-VL,Đề mẫu HSA365 số 01 — Vật lý,140,Khoa học,40,Lượng tử & hạt nhân,3,Trắc nghiệm,Hiện tượng quang điện ngoài là hiện tượng:,A. Electron bị bật ra khỏi bề mặt kim loại khi được chiếu ánh sáng thích hợp. | B. Kim loại nóng lên khi bị chiếu sáng. | C. Ánh sáng bị phản xạ trên bề mặt kim loại. | D. Kim loại phát ra ánh sáng khi bị nung nóng.,A,1,90,Điều kiện xảy ra là bước sóng ánh sáng kích thích không lớn hơn giới hạn quang điện của kim loại. Cường độ ánh sáng mạnh mà bước sóng quá dài thì vẫn không xảy ra hiện tượng.
DM-HSA-01-VL,Đề mẫu HSA365 số 01 — Vật lý,141,Khoa học,41,Lượng tử & hạt nhân,3,Trắc nghiệm,Năng lượng của một phôtôn ánh sáng được tính bằng công thức:,A. ε = hf | B. ε = mc² | C. ε = hλ | D. ε = h/f,A,1,90,"ε = hf = hc/λ với h là hằng số Planck. Tần số càng cao thì năng lượng phôtôn càng lớn, nên tia tử ngoại mang năng lượng lớn hơn ánh sáng nhìn thấy."
DM-HSA-01-VL,Đề mẫu HSA365 số 01 — Vật lý,142,Khoa học,42,Lượng tử & hạt nhân,3,Trắc nghiệm,Phản ứng nhiệt hạch là phản ứng trong đó:,A. Hai hạt nhân nhẹ kết hợp thành một hạt nhân nặng hơn. | B. Một hạt nhân nặng vỡ thành hai hạt nhân nhẹ hơn. | C. Hạt nhân phát ra tia γ mà không đổi cấu tạo. | D. Electron kết hợp với hạt nhân.,A,1,90,"Nhiệt hạch cần nhiệt độ rất cao để thắng lực đẩy tĩnh điện giữa hai hạt nhân, và chính là nguồn năng lượng của Mặt Trời. Quá trình ngược lại là phân hạch."
DM-HSA-01-VL,Đề mẫu HSA365 số 01 — Vật lý,143,Khoa học,43,Lượng tử & hạt nhân,3,Trắc nghiệm,Phản ứng phân hạch được ứng dụng chủ yếu trong:,A. Nhà máy điện hạt nhân | B. Đèn huỳnh quang | C. Pin mặt trời | D. Máy biến áp,A,1,90,Nhà máy điện hạt nhân dùng phản ứng phân hạch dây chuyền có điều khiển của urani hoặc plutoni để sinh nhiệt và phát điện.
DM-HSA-01-VL,Đề mẫu HSA365 số 01 — Vật lý,144,Khoa học,44,Dao động & sóng,3,Trắc nghiệm,Một vật dao động điều hòa với phương trình x = 5cos(4πt) cm (t tính bằng giây). Chu kì dao động bằng:,"A. 0,5 s | B. 2 s | C. 4 s | D. 0,25 s",A,1,90,"Đối chiếu với dạng chuẩn x = Acos(ωt + φ) thì ω = 4π rad/s, nên chu kì T = 2π/ω = 2π/(4π) = 0,5 s và tần số f = 1/T = 2 Hz."
DM-HSA-01-VL,Đề mẫu HSA365 số 01 — Vật lý,145,Khoa học,45,Điện & từ,3,Trắc nghiệm,Hai điện trở R₁ = 6 Ω và R₂ = 3 Ω mắc song song. Điện trở tương đương bằng:,"A. 2 Ω | B. 9 Ω | C. 4,5 Ω | D. 18 Ω",A,1,90,1/R = 1/6 + 1/3 = 1/2 ⟹ R = 2 Ω. Lưu ý điện trở tương đương khi song song luôn nhỏ hơn điện trở nhỏ nhất.
DM-HSA-01-VL,Đề mẫu HSA365 số 01 — Vật lý,146,Khoa học,46,Cơ học,4,Trắc nghiệm,"Vật trượt không ma sát từ đỉnh mặt phẳng nghiêng cao 5 m, ban đầu đứng yên. Lấy g = 10 m/s². Vận tốc ở chân dốc là:","A. 10 m/s | B. 5 m/s | C. 50 m/s | D. 7,07 m/s",A,1,120,Bảo toàn cơ năng: mgh = ½mv² ⟹ v = √(2gh) = √(2 × 10 × 5) = 10 m/s. Kết quả không phụ thuộc khối lượng và cũng không phụ thuộc góc nghiêng khi không có ma sát.
DM-HSA-01-VL,Đề mẫu HSA365 số 01 — Vật lý,147,Khoa học,47,Dao động & sóng,4,Trắc nghiệm,Con lắc lò xo có độ cứng 40 N/m dao động với biên độ 5 cm. Cơ năng của con lắc bằng:,"A. 0,05 J | B. 0,5 J | C. 5 J | D. 1 J",A,1,120,"W = ½kA² với A phải đổi ra mét: A = 0,05 m. Vậy W = ½ × 40 × 0,05² = ½ × 40 × 0,0025 = 0,05 J."
DM-HSA-01-VL,Đề mẫu HSA365 số 01 — Vật lý,148,Khoa học,48,Điện & từ,4,Trắc nghiệm,"Máy biến áp lí tưởng có cuộn sơ cấp 1100 vòng nối vào nguồn 220 V, cuộn thứ cấp 100 vòng. Điện áp ở hai đầu cuộn thứ cấp bằng:","A. 20 V | B. 2420 V | C. 2,2 V | D. 110 V",A,1,120,"Với máy biến áp lí tưởng, U₁/U₂ = N₁/N₂ ⟹ U₂ = U₁ × N₂/N₁ = 220 × 100/1100 = 20 V. Số vòng thứ cấp ít hơn nên đây là máy hạ áp."
DM-HSA-01-VL,Đề mẫu HSA365 số 01 — Vật lý,149,Khoa học,49,Lượng tử & hạt nhân,4,Trắc nghiệm,"Trong phản ứng ²³⁵₉₂U + ¹₀n → ¹³⁹₅₄Xe + ⁹⁵₃₈Sr + k·¹₀n, giá trị của k là:",A. 2 | B. 1 | C. 3 | D. 0,A,1,120,"Bảo toàn số khối: 235 + 1 = 139 + 95 + k ⟹ 236 = 234 + k ⟹ k = 2. Kiểm lại bảo toàn điện tích: 92 + 0 = 54 + 38 + 0, thỏa mãn."
DM-HSA-01-VL,Đề mẫu HSA365 số 01 — Vật lý,150,Khoa học,50,Lượng tử & hạt nhân,4,Trắc nghiệm,Độ hụt khối của một hạt nhân là:,A. Hiệu giữa tổng khối lượng các nuclôn riêng lẻ và khối lượng hạt nhân. | B. Tổng khối lượng các nuclôn tạo thành hạt nhân. | C. Khối lượng hạt nhân trừ khối lượng các electron. | D. Khối lượng bị mất khi hạt nhân phóng xạ.,A,1,120,"Khối lượng hạt nhân luôn nhỏ hơn tổng khối lượng các nuclôn riêng lẻ. Phần chênh lệch đó chuyển thành năng lượng liên kết theo hệ thức E = Δm·c², và đây chính là nguồn năng lượng hạt nhân."
DM-HSA-02-HH,Đề mẫu HSA365 số 02 — Hóa học,1,Toán,1,"Hàm số, phương trình & bất phương trình",2,Trắc nghiệm,Parabol y = x² − 4x + 3 cắt trục hoành tại các điểm có hoành độ bằng bao nhiêu?,A. 1 và 3 | B. −1 và −3 | C. 0 và 4 | D. 2 và 3,A,1,60,Giải x² − 4x + 3 = 0 ⟹ (x − 1)(x − 3) = 0 ⟹ x = 1 hoặc x = 3.
DM-HSA-02-HH,Đề mẫu HSA365 số 02 — Hóa học,2,Toán,2,Số học & tỉ lệ phần trăm,2,Trắc nghiệm,Hai số có tỉ số 3 : 5 và tổng bằng 96. Số lớn bằng:,A. 60 | B. 36 | C. 58 | D. 64,A,1,60,"Tổng số phần là 3 + 5 = 8 phần, mỗi phần bằng 96 : 8 = 12. Số lớn chiếm 5 phần nên bằng 5 × 12 = 60."
DM-HSA-02-HH,Đề mẫu HSA365 số 02 — Hóa học,3,Toán,3,"Đạo hàm, tích phân & khảo sát hàm số",2,Điền đáp án,Cho f(x) = x³. Giá trị f'(2) bằng bao nhiêu?,,12,1,60,"f'(x) = 3x², nên f'(2) = 3 × 4 = 12. Lưu ý phải đạo hàm trước rồi mới thay số, không thay số trước."
DM-HSA-02-HH,Đề mẫu HSA365 số 02 — Hóa học,4,Toán,4,"Đạo hàm, tích phân & khảo sát hàm số",2,Trắc nghiệm,Họ nguyên hàm của hàm số f(x) = 2x + 1 là:,A. x² + x + C | B. 2x² + x + C | C. x² + C | D. 2 + C,A,1,60,"Nguyên hàm của 2x là x², của 1 là x. Đừng quên hằng số C — thiếu C là lỗi trừ điểm phổ biến ở dạng này."
DM-HSA-02-HH,Đề mẫu HSA365 số 02 — Hóa học,5,Toán,5,Tổ hợp & xác suất,2,Trắc nghiệm,Có bao nhiêu cách chọn 3 người từ một nhóm 10 người để lập một tổ công tác (không phân biệt vai trò)?,A. 120 | B. 720 | C. 30 | D. 1000,A,1,60,"Không phân biệt vai trò nên dùng tổ hợp: C(10, 3) = 10!/(3!·7!) = 120."
DM-HSA-02-HH,Đề mẫu HSA365 số 02 — Hóa học,6,Toán,6,Tổ hợp & xác suất,2,Trắc nghiệm,Gieo đồng thời hai con xúc xắc cân đối. Xác suất để tổng số chấm bằng 7 là:,A. 1/6 | B. 1/12 | C. 7/36 | D. 1/9,A,1,60,"Có 36 kết quả đồng khả năng. Các cặp cho tổng 7 là (1,6), (2,5), (3,4), (4,3), (5,2), (6,1) — 6 kết quả. Xác suất = 6/36 = 1/6."
DM-HSA-02-HH,Đề mẫu HSA365 số 02 — Hóa học,7,Toán,7,Hình học tọa độ,2,Trắc nghiệm,Đường tròn x² + y² − 2x + 4y − 20 = 0 có bán kính bằng:,A. 5 | B. 20 | C. √20 | D. 4,A,1,60,"Với dạng x² + y² − 2ax − 2by + c = 0 thì tâm I(a; b), R = √(a² + b² − c). Ở đây a = 1, b = −2, c = −20 ⟹ R = √(1 + 4 + 20) = 5."
DM-HSA-02-HH,Đề mẫu HSA365 số 02 — Hóa học,8,Toán,8,Hình học tọa độ,2,Trắc nghiệm,"Cho A(1; 2) và B(4; 6). Độ dài vectơ AB bằng:",A. 5 | B. 7 | C. 25 | D. √7,A,1,60,"Vectơ AB = (4 − 1; 6 − 2) = (3; 4), độ dài bằng √(3² + 4²) = 5. Độ dài vectơ AB chính là khoảng cách giữa hai điểm."
DM-HSA-02-HH,Đề mẫu HSA365 số 02 — Hóa học,9,Toán,9,Mũ & logarit,2,Điền đáp án,Nghiệm của phương trình log₂x = 5 là x bằng bao nhiêu?,,32,1,60,"Theo định nghĩa logarit, log₂x = 5 nghĩa là x = 2⁵ = 32. Nghiệm thỏa điều kiện x > 0."
DM-HSA-02-HH,Đề mẫu HSA365 số 02 — Hóa học,10,Toán,10,Mũ & logarit,2,Điền đáp án,Nghiệm của phương trình 3^x = 81 là x bằng bao nhiêu?,,4,1,60,"Đưa về cùng cơ số: 81 = 3⁴, mà hàm mũ đơn điệu nên x = 4."
DM-HSA-02-HH,Đề mẫu HSA365 số 02 — Hóa học,11,Toán,11,Mũ & logarit,2,Trắc nghiệm,Rút gọn biểu thức log₂6 − log₂3 được kết quả:,A. 1 | B. 2 | C. log₂3 | D. 3,A,1,60,Hiệu hai logarit cùng cơ số bằng logarit của thương: log₂(6/3) = log₂2 = 1.
DM-HSA-02-HH,Đề mẫu HSA365 số 02 — Hóa học,12,Toán,12,Hình học phẳng & không gian,2,Trắc nghiệm,Tam giác vuông có hai cạnh góc vuông bằng 6 cm và 8 cm. Đường cao ứng với cạnh huyền bằng:,"A. 4,8 cm | B. 5 cm | C. 4 cm | D. 7 cm",A,1,60,"Cạnh huyền = √(6² + 8²) = 10 cm. Diện tích tính hai cách: (6 × 8)/2 = (10 × h)/2 ⟹ h = 48/10 = 4,8 cm."
DM-HSA-02-HH,Đề mẫu HSA365 số 02 — Hóa học,13,Toán,13,Hình học phẳng & không gian,2,Trắc nghiệm,"Hình hộp chữ nhật có ba kích thước 3 cm, 4 cm và 5 cm. Thể tích của nó bằng:",A. 60 cm³ | B. 47 cm³ | C. 94 cm³ | D. 12 cm³,A,1,60,Thể tích hình hộp chữ nhật là tích ba kích thước: 3 × 4 × 5 = 60 cm³.
DM-HSA-02-HH,Đề mẫu HSA365 số 02 — Hóa học,14,Toán,14,Hình học phẳng & không gian,2,Trắc nghiệm,Diện tích của tam giác đều cạnh 6 cm bằng:,A. 9√3 cm² | B. 18√3 cm² | C. 36√3 cm² | D. 6√3 cm²,A,1,60,Tam giác đều cạnh a có diện tích a²√3/4 = 36√3/4 = 9√3 cm².
DM-HSA-02-HH,Đề mẫu HSA365 số 02 — Hóa học,15,Toán,15,"Dãy số, cấp số cộng & cấp số nhân",2,Điền đáp án,Cấp số cộng có u₁ = 1 và công sai d = 4. Tổng của 10 số hạng đầu tiên bằng bao nhiêu?,,190,1,60,"Sₙ = n/2 × [2u₁ + (n − 1)d] = 10/2 × [2 + 9 × 4] = 5 × 38 = 190. Có thể kiểm bằng cách khác: u₁₀ = 1 + 9 × 4 = 37, S = 10 × (1 + 37)/2 = 190."
DM-HSA-02-HH,Đề mẫu HSA365 số 02 — Hóa học,16,Toán,16,Thống kê & xử lý số liệu,2,Trắc nghiệm,"Bốn tổ của một lớp có số học sinh lần lượt là 8; 10; 12; 10. Số học sinh trung bình của mỗi tổ là:",A. 10 | B. 9 | C. 11 | D. 40,A,1,60,"Tổng số học sinh là 8 + 10 + 12 + 10 = 40, chia cho 4 tổ được 10 học sinh mỗi tổ."
DM-HSA-02-HH,Đề mẫu HSA365 số 02 — Hóa học,17,Toán,17,Thống kê & xử lý số liệu,2,Trắc nghiệm,"Khoảng biến thiên của mẫu số liệu 12; 5; 20; 8 bằng:","A. 15 | B. 11,25 | C. 8 | D. 20",A,1,60,Khoảng biến thiên bằng giá trị lớn nhất trừ giá trị nhỏ nhất: 20 − 5 = 15.
DM-HSA-02-HH,Đề mẫu HSA365 số 02 — Hóa học,18,Toán,18,Thống kê & xử lý số liệu,2,Trắc nghiệm,"Doanh thu bốn quý của một doanh nghiệp lần lượt là 120; 150; 180; 210 (tỉ đồng). Doanh thu quý IV tăng bao nhiêu phần trăm so với quý I?","A. 75% | B. 42,9% | C. 90% | D. 175%",A,1,60,"Mức tăng tương đối = (210 − 120)/120 = 90/120 = 0,75 = 75%."
DM-HSA-02-HH,Đề mẫu HSA365 số 02 — Hóa học,19,Toán,19,Thống kê & xử lý số liệu,2,Trắc nghiệm,"Trung vị của mẫu số liệu 3; 5; 8; 10 là:","A. 6,5 | B. 5 | C. 8 | D. 6",A,1,60,"Mẫu đã sắp xếp và có 4 giá trị (chẵn), nên trung vị là trung bình cộng hai giá trị ở giữa: (5 + 8)/2 = 6,5."
DM-HSA-02-HH,Đề mẫu HSA365 số 02 — Hóa học,20,Toán,20,Thống kê & xử lý số liệu,2,Điền đáp án,"Tổng doanh thu của một vùng là 500 tỉ đồng, trong đó ngành A đạt 125 tỉ đồng. Tỉ trọng của ngành A là bao nhiêu phần trăm?",,25,1,60,Tỉ trọng = 125/500 × 100% = 25%.
DM-HSA-02-HH,Đề mẫu HSA365 số 02 — Hóa học,21,Toán,21,"Hàm số, phương trình & bất phương trình",3,Trắc nghiệm,Tập xác định của hàm số y = √(x − 2)/(x − 5) là:,"A. [2; 5) ∪ (5; +∞) | B. (2; +∞) | C. [2; +∞) | D. ℝ \ {5}",A,1,90,Cần đồng thời x − 2 ≥ 0 để căn xác định và x − 5 ≠ 0 để mẫu khác 0. Kết hợp được x ≥ 2 và x ≠ 5.
DM-HSA-02-HH,Đề mẫu HSA365 số 02 — Hóa học,22,Toán,22,"Hàm số, phương trình & bất phương trình",3,Trắc nghiệm,Tập nghiệm của bất phương trình (x − 1)(x + 3) < 0 là:,"A. (−3; 1) | B. (−∞; −3) ∪ (1; +∞) | C. (1; 3) | D. (−1; 3)",A,1,90,"Tam thức có hai nghiệm −3 và 1, hệ số a = 1 > 0 nên biểu thức mang dấu âm ở khoảng giữa hai nghiệm. Quy tắc chung: trong trái, ngoài cùng dấu với a."
DM-HSA-02-HH,Đề mẫu HSA365 số 02 — Hóa học,23,Toán,23,"Hàm số, phương trình & bất phương trình",3,Trắc nghiệm,Đồ thị hàm số y = (2x + 1)/(x − 1) có tiệm cận ngang là đường thẳng:,A. y = 2 | B. x = 1 | C. y = 1 | D. y = −1,A,1,90,"Với hàm phân thức bậc nhất trên bậc nhất, tiệm cận ngang là y = a/c với a, c là hệ số của x ở tử và mẫu: y = 2/1 = 2."
DM-HSA-02-HH,Đề mẫu HSA365 số 02 — Hóa học,24,Toán,24,"Hàm số, phương trình & bất phương trình",3,Trắc nghiệm,Hàm số y = (m − 2)x + 3 đồng biến trên ℝ khi và chỉ khi:,A. m > 2 | B. m < 2 | C. m ≥ 2 | D. m ≠ 2,A,1,90,"Hàm bậc nhất đồng biến khi hệ số góc dương: m − 2 > 0 ⟺ m > 2. Dấu bằng bị loại vì khi m = 2 hàm trở thành hằng số, không đồng biến."
DM-HSA-02-HH,Đề mẫu HSA365 số 02 — Hóa học,25,Toán,25,"Hàm số, phương trình & bất phương trình",3,Điền đáp án,Tìm giá trị nguyên nhỏ nhất của m để phương trình x² − 2(m + 1)x + m² + 3 = 0 có hai nghiệm phân biệt.,,2,1,90,Δ' = (m + 1)² − (m² + 3) = 2m − 2. Hai nghiệm phân biệt khi Δ' > 0 ⟺ m > 1. Giá trị nguyên nhỏ nhất là m = 2.
DM-HSA-02-HH,Đề mẫu HSA365 số 02 — Hóa học,26,Toán,26,"Hàm số, phương trình & bất phương trình",3,Trắc nghiệm,"Cho hai số thực x, y thỏa mãn x + y = 7 và xy = 12. Giá trị của x² + y² bằng:",A. 25 | B. 37 | C. 49 | D. 13,A,1,90,x² + y² = (x + y)² − 2xy = 49 − 24 = 25.
DM-HSA-02-HH,Đề mẫu HSA365 số 02 — Hóa học,27,Toán,27,"Hàm số, phương trình & bất phương trình",3,Trắc nghiệm,Tọa độ đỉnh của parabol y = x² − 2x − 3 là:,"A. (1; −4) | B. (−1; 0) | C. (1; −3) | D. (2; −3)",A,1,90,"Hoành độ đỉnh x = −b/(2a) = 2/2 = 1. Thay vào hàm số: y = 1 − 2 − 3 = −4. Vậy đỉnh là (1; −4)."
DM-HSA-02-HH,Đề mẫu HSA365 số 02 — Hóa học,28,Toán,28,Số học & tỉ lệ phần trăm,3,Điền đáp án,Số học sinh giỏi chiếm 20% sĩ số một lớp. Nếu có thêm 3 học sinh đạt loại giỏi (sĩ số không đổi) thì tỉ lệ này là 25%. Sĩ số của lớp là bao nhiêu?,,60,1,90,"Gọi sĩ số là n. Số học sinh giỏi ban đầu là 0,2n, sau đó là 0,2n + 3 và bằng 0,25n. Suy ra 0,05n = 3 ⟹ n = 60."
DM-HSA-02-HH,Đề mẫu HSA365 số 02 — Hóa học,29,Toán,29,Số học & tỉ lệ phần trăm,3,Điền đáp án,"Người thợ A làm xong một công việc trong 6 giờ, người thợ B làm xong công việc đó trong 12 giờ. Nếu cùng làm thì sau bao nhiêu giờ họ hoàn thành công việc?",,4,1,90,Năng suất cộng được: 1/6 + 1/12 = 3/12 = 1/4 công việc mỗi giờ. Vậy cần 4 giờ.
DM-HSA-02-HH,Đề mẫu HSA365 số 02 — Hóa học,30,Toán,30,Số học & tỉ lệ phần trăm,3,Trắc nghiệm,Có 200 g dung dịch chứa 15% muối. Cần thêm bao nhiêu gam muối nguyên chất để thu được dung dịch 20%?,"A. 12,5 g | B. 10 g | C. 12 g | D. 15 g",A,1,90,"Lượng muối ban đầu: 200 × 15% = 30 g. Thêm x gam muối thì cả tử và mẫu đều tăng: (30 + x)/(200 + x) = 0,2 ⟹ 30 + x = 40 + 0,2x ⟹ 0,8x = 10 ⟹ x = 12,5 g."
DM-HSA-02-HH,Đề mẫu HSA365 số 02 — Hóa học,31,Toán,31,Số học & tỉ lệ phần trăm,3,Trắc nghiệm,Ba người chia một khoản tiền theo tỉ lệ 2 : 3 : 5. Người nhận nhiều nhất hơn người nhận ít nhất 30 triệu đồng. Tổng khoản tiền là:,A. 100 triệu đồng | B. 90 triệu đồng | C. 120 triệu đồng | D. 150 triệu đồng,A,1,90,"Chênh lệch giữa người nhiều nhất và ít nhất là 5 − 2 = 3 phần, ứng với 30 triệu nên mỗi phần bằng 10 triệu. Tổng có 2 + 3 + 5 = 10 phần, bằng 100 triệu đồng."
DM-HSA-02-HH,Đề mẫu HSA365 số 02 — Hóa học,32,Toán,32,"Đạo hàm, tích phân & khảo sát hàm số",3,Trắc nghiệm,Đồ thị hàm số y = (x + 1)/(x − 2) có tiệm cận đứng là đường thẳng:,A. x = 2 | B. y = 2 | C. x = −1 | D. y = 1,A,1,90,Tiệm cận đứng ứng với giá trị làm mẫu số bằng 0 mà tử số khác 0: x − 2 = 0 ⟹ x = 2. Tiệm cận ngang của hàm này là y = 1.
DM-HSA-02-HH,Đề mẫu HSA365 số 02 — Hóa học,33,Toán,33,"Đạo hàm, tích phân & khảo sát hàm số",3,Trắc nghiệm,Hàm số y = x⁴ − 2x² có bao nhiêu điểm cực trị?,A. 3 | B. 1 | C. 2 | D. 0,A,1,90,"y' = 4x³ − 4x = 4x(x² − 1) có ba nghiệm phân biệt x = −1, 0, 1, và đạo hàm đổi dấu qua cả ba nghiệm nên hàm có 3 điểm cực trị."
DM-HSA-02-HH,Đề mẫu HSA365 số 02 — Hóa học,34,Toán,34,"Đạo hàm, tích phân & khảo sát hàm số",3,Điền đáp án,"Diện tích hình phẳng giới hạn bởi đồ thị y = x², trục hoành và hai đường thẳng x = 0, x = 3 bằng bao nhiêu?",,9,1,90,S = ∫₀³ x² dx = [x³/3]₀³ = 27/3 = 9. Trên đoạn này hàm không âm nên không cần lấy giá trị tuyệt đối.
DM-HSA-02-HH,Đề mẫu HSA365 số 02 — Hóa học,35,Toán,35,"Đạo hàm, tích phân & khảo sát hàm số",3,Trắc nghiệm,Tính tích phân ∫₀¹ (3x² + 2x) dx.,A. 2 | B. 3 | C. 1 | D. 5/2,A,1,90,Nguyên hàm là x³ + x². Thay cận: (1 + 1) − (0 + 0) = 2.
DM-HSA-02-HH,Đề mẫu HSA365 số 02 — Hóa học,36,Toán,36,"Đạo hàm, tích phân & khảo sát hàm số",3,Điền đáp án,"Giá trị lớn nhất của hàm số f(x) = −x² + 4x + 1 trên đoạn [0; 3] bằng bao nhiêu?",,5,1,90,"f'(x) = −2x + 4 = 0 ⟹ x = 2 ∈ [0; 3]. So sánh f(0) = 1, f(2) = 5, f(3) = 4 ⟹ giá trị lớn nhất là 5."
DM-HSA-02-HH,Đề mẫu HSA365 số 02 — Hóa học,37,Toán,37,Tổ hợp & xác suất,3,Trắc nghiệm,"Từ các chữ số 0, 1, 2, 3, 4, 5 lập được bao nhiêu số tự nhiên có ba chữ số đôi một khác nhau?",A. 100 | B. 120 | C. 125 | D. 90,A,1,90,"Chữ số hàng trăm không được là 0 nên có 5 lựa chọn. Hàng chục còn 5 lựa chọn (được dùng 0, trừ chữ số đã chọn), hàng đơn vị còn 4. Tổng cộng 5 × 5 × 4 = 100 số."
DM-HSA-02-HH,Đề mẫu HSA365 số 02 — Hóa học,38,Toán,38,Tổ hợp & xác suất,3,Điền đáp án,Một đa giác lồi có 8 cạnh. Số đường chéo của đa giác đó là bao nhiêu?,,20,1,90,"Số đoạn thẳng nối hai đỉnh bất kỳ là C(8, 2) = 28, trong đó có 8 đoạn là cạnh. Vậy số đường chéo là 28 − 8 = 20. Công thức chung: n(n − 3)/2 = 8 × 5/2 = 20."
DM-HSA-02-HH,Đề mẫu HSA365 số 02 — Hóa học,39,Toán,39,Tổ hợp & xác suất,3,Điền đáp án,"Từ 5 nam và 4 nữ, có bao nhiêu cách chọn một nhóm gồm 2 nam và 1 nữ?",,40,1,90,"Chọn 2 nam từ 5: C(5, 2) = 10 cách. Chọn 1 nữ từ 4: 4 cách. Hai bước độc lập nên nhân lại: 10 × 4 = 40 cách."
DM-HSA-02-HH,Đề mẫu HSA365 số 02 — Hóa học,40,Toán,40,Hình học tọa độ,3,Trắc nghiệm,"Trọng tâm của tam giác có ba đỉnh O(0; 0), A(3; 0), B(0; 3) là điểm:","A. (1; 1) | B. (1,5; 1,5) | C. (3; 3) | D. (0; 0)",A,1,90,"Tọa độ trọng tâm là trung bình cộng tọa độ ba đỉnh: ((0+3+0)/3; (0+0+3)/3) = (1; 1)."
DM-HSA-02-HH,Đề mẫu HSA365 số 02 — Hóa học,41,Toán,41,Hình học tọa độ,3,Điền đáp án,"Trong không gian Oxyz, mặt cầu (x − 1)² + (y + 2)² + (z − 3)² = 16 có bán kính bằng bao nhiêu?",,4,1,90,"Vế phải là R² = 16 nên bán kính R = 4, và tâm mặt cầu là I(1; −2; 3)."
DM-HSA-02-HH,Đề mẫu HSA365 số 02 — Hóa học,42,Toán,42,Mũ & logarit,3,Trắc nghiệm,Nghiệm của phương trình log₂(x − 1) + log₂(x + 1) = 3 là:,A. x = 3 | B. x = ±3 | C. x = 2 | D. x = 9,A,1,90,"Điều kiện x > 1. Cộng hai logarit cùng cơ số: log₂[(x − 1)(x + 1)] = 3 ⟹ x² − 1 = 8 ⟹ x² = 9 ⟹ x = ±3. Loại x = −3 vì không thỏa điều kiện, còn x = 3."
DM-HSA-02-HH,Đề mẫu HSA365 số 02 — Hóa học,43,Toán,43,Hình học phẳng & không gian,3,Trắc nghiệm,Mặt cầu có bán kính 3 cm. Diện tích mặt cầu bằng:,A. 36π cm² | B. 12π cm² | C. 9π cm² | D. 27π cm²,A,1,90,Diện tích mặt cầu S = 4πR² = 4π × 9 = 36π cm².
DM-HSA-02-HH,Đề mẫu HSA365 số 02 — Hóa học,44,Toán,44,Hình học phẳng & không gian,3,Trắc nghiệm,Hình chóp tứ giác đều S.ABCD có cạnh đáy bằng a và cạnh bên bằng a√3. Thể tích khối chóp bằng:,A. a³√10 / 6 | B. a³√3 / 3 | C. a³√2 / 6 | D. a³√10 / 3,A,1,90,Nửa đường chéo đáy = a√2/2. Chiều cao h = √(3a² − a²/2) = √(5a²/2) = a√10/2. Thể tích V = (1/3) × a² × a√10/2 = a³√10/6.
DM-HSA-02-HH,Đề mẫu HSA365 số 02 — Hóa học,45,Toán,45,Hình học phẳng & không gian,3,Điền đáp án,Hình vuông có đường chéo dài 8 cm. Diện tích hình vuông bằng bao nhiêu cm²?,,32,1,90,"Với hình vuông, diện tích bằng nửa bình phương đường chéo: S = d²/2 = 64/2 = 32 cm². Cách khác: cạnh a = 8/√2 = 4√2, nên S = a² = 32."
DM-HSA-02-HH,Đề mẫu HSA365 số 02 — Hóa học,46,Toán,46,Hình học phẳng & không gian,3,Trắc nghiệm,Hình nón có bán kính đáy 3 cm và đường sinh 5 cm. Thể tích khối nón bằng:,A. 12π cm³ | B. 15π cm³ | C. 36π cm³ | D. 20π cm³,A,1,90,Chiều cao tìm từ tam giác vuông: h = √(5² − 3²) = 4. Thể tích khối nón V = (1/3)πr²h = (1/3)π × 9 × 4 = 12π cm³.
DM-HSA-02-HH,Đề mẫu HSA365 số 02 — Hóa học,47,Toán,47,"Dãy số, cấp số cộng & cấp số nhân",3,Điền đáp án,Cấp số nhân (uₙ) có u₁ = 3 và công bội q = 2. Tổng 8 số hạng đầu tiên bằng bao nhiêu?,,765,1,90,Sₙ = u₁(qⁿ − 1)/(q − 1) = 3 × (2⁸ − 1)/1 = 3 × 255 = 765.
DM-HSA-02-HH,Đề mẫu HSA365 số 02 — Hóa học,48,Toán,48,"Dãy số, cấp số cộng & cấp số nhân",3,Trắc nghiệm,Tổng 1 + 2 + 3 + … + 100 bằng:,A. 5050 | B. 5000 | C. 10100 | D. 4950,A,1,90,"Đây là tổng cấp số cộng với u₁ = 1, u₁₀₀ = 100: S = 100 × (1 + 100)/2 = 50 × 101 = 5050."
DM-HSA-02-HH,Đề mẫu HSA365 số 02 — Hóa học,49,Toán,49,Thống kê & xử lý số liệu,3,Trắc nghiệm,"Để thể hiện sự chuyển dịch cơ cấu kinh tế của một vùng qua 5 năm liên tiếp, dạng biểu đồ thích hợp nhất là:",A. Biểu đồ miền | B. Biểu đồ tròn | C. Biểu đồ đường | D. Biểu đồ cột ghép,A,1,90,"Từ khóa ""cơ cấu"" kết hợp với từ 4 năm trở lên dẫn đến biểu đồ miền. Nếu chỉ 1 năm thì dùng biểu đồ tròn, từ 2 đến 3 năm thì dùng nhiều hình tròn."
DM-HSA-02-HH,Đề mẫu HSA365 số 02 — Hóa học,50,Toán,50,Thống kê & xử lý số liệu,3,Trắc nghiệm,"Sản lượng năm 2020 là 200 nghìn tấn, năm 2024 là 260 nghìn tấn. Sản lượng đã tăng bao nhiêu phần trăm?","A. 30% | B. 23,1% | C. 130% | D. 60%",A,1,90,Mức tăng tương đối = (260 − 200)/200 × 100% = 60/200 × 100% = 30%.
DM-HSA-02-HH,Đề mẫu HSA365 số 02 — Hóa học,51,Văn,1,Ngữ pháp & lỗi sai trong câu,2,Trắc nghiệm,Câu nào dưới đây mắc lỗi thiếu chủ ngữ?,"A. Qua tác phẩm ""Chí Phèo"" đã cho thấy số phận bi thảm của người nông dân. | B. Tác phẩm ""Chí Phèo"" đã cho thấy số phận bi thảm của người nông dân. | C. Nam Cao đã cho thấy số phận bi thảm của người nông dân qua ""Chí Phèo"". | D. Số phận bi thảm của người nông dân hiện lên rõ nét trong ""Chí Phèo"".",A,1,60,"Cụm ""Qua tác phẩm Chí Phèo"" là trạng ngữ, nên câu A chỉ còn vị ngữ mà không có chủ ngữ. Sửa bằng cách bỏ ""Qua"" hoặc thêm chủ ngữ: ""Qua tác phẩm Chí Phèo, Nam Cao đã cho thấy...""."
DM-HSA-02-HH,Đề mẫu HSA365 số 02 — Hóa học,52,Văn,2,Ngữ pháp & lỗi sai trong câu,2,Trắc nghiệm,Câu nào dưới đây mắc lỗi dùng sai quan hệ từ?,A. Tuy trời mưa to nhưng vì đường ngập nên chúng tôi phải ở nhà. | B. Tuy trời mưa to nhưng chúng tôi vẫn đi học. | C. Vì trời mưa to nên chúng tôi phải ở nhà. | D. Nếu trời mưa to thì chúng tôi sẽ ở nhà.,A,1,60,"Câu A chồng hai cặp quan hệ từ trái nghĩa nhau: ""tuy… nhưng"" chỉ sự tương phản, còn ""vì… nên"" chỉ nguyên nhân — kết quả. Dùng đồng thời làm lô-gíc câu mâu thuẫn."
DM-HSA-02-HH,Đề mẫu HSA365 số 02 — Hóa học,53,Văn,3,Ngữ pháp & lỗi sai trong câu,2,Trắc nghiệm,"Câu ""Bạn Nam, học sinh giỏi nhất lớp, vừa đạt giải nhất thành phố."" có bộ phận in nghiêng ""học sinh giỏi nhất lớp"" là:",A. Thành phần phụ chú | B. Trạng ngữ | C. Chủ ngữ thứ hai | D. Vị ngữ,A,1,60,"Bộ phận nằm giữa hai dấu phẩy, bổ sung thông tin giải thích cho ""bạn Nam"" và có thể lược bỏ mà câu vẫn trọn nghĩa. Đó là thành phần phụ chú."
DM-HSA-02-HH,Đề mẫu HSA365 số 02 — Hóa học,54,Văn,4,"Tác giả, tác phẩm & giai đoạn văn học",2,Trắc nghiệm,"""Tuyên ngôn Độc lập"" của Hồ Chí Minh mở đầu bằng cách trích dẫn văn bản nào?",A. Tuyên ngôn Độc lập của Mĩ và Tuyên ngôn Nhân quyền và Dân quyền của Pháp. | B. Bình Ngô đại cáo của Nguyễn Trãi. | C. Hiến chương Liên hợp quốc. | D. Nam quốc sơn hà của Lý Thường Kiệt.,A,1,60,"Mở đầu bằng chính tuyên ngôn của hai nước ấy là một đòn lập luận sắc bén: lấy lí lẽ của đối phương làm căn cứ cho mình, khiến họ không thể phủ nhận."
DM-HSA-02-HH,Đề mẫu HSA365 số 02 — Hóa học,55,Văn,5,"Tác giả, tác phẩm & giai đoạn văn học",2,Trắc nghiệm,"Bài thơ ""Tây Tiến"" của Quang Dũng viết về đối tượng nào?",A. Người lính trong đoàn quân Tây Tiến thời kháng chiến chống Pháp. | B. Người nông dân vùng Tây Bắc trong cải cách ruộng đất. | C. Những người lính lái xe trên tuyến đường Trường Sơn. | D. Đoàn dân công hỏa tuyến trong chiến dịch Điện Biên Phủ.,A,1,60,"""Tây Tiến"" (1948) viết về đoàn quân Tây Tiến trong kháng chiến chống Pháp, nơi Quang Dũng từng là đại đội trưởng."
DM-HSA-02-HH,Đề mẫu HSA365 số 02 — Hóa học,56,Văn,6,"Tác giả, tác phẩm & giai đoạn văn học",2,Trắc nghiệm,"Bài thơ ""Việt Bắc"" của Tố Hữu được viết theo thể thơ nào?",A. Lục bát | B. Tự do | C. Thất ngôn bát cú | D. Song thất lục bát,A,1,60,"""Việt Bắc"" viết bằng thể lục bát, sử dụng lối đối đáp ""mình — ta"" quen thuộc của ca dao để nói chuyện chính trị — đây chính là nét đặc sắc của bài thơ."
DM-HSA-02-HH,Đề mẫu HSA365 số 02 — Hóa học,57,Văn,7,Đọc hiểu văn bản,2,Trắc nghiệm,Ý chính của đoạn trích là gì?,A. Khối lượng chữ ta đọc mỗi ngày tăng lên nhưng chiều sâu của việc đọc lại giảm đi. | B. Màn hình điện tử là nguyên nhân khiến con người không còn đọc sách. | C. Sách giấy có giá trị cao hơn hẳn so với mọi loại văn bản trên mạng. | D. Người trẻ ngày nay lười đọc hơn các thế hệ trước.,A,1,60,"Đoạn mở đầu nêu nghịch lý ""đọc nhiều hơn nhưng hời hợt hơn"", các đoạn sau triển khai chính nghịch lý đó. Đây là ý bao trùm cả ba đoạn."
DM-HSA-02-HH,Đề mẫu HSA365 số 02 — Hóa học,58,Văn,8,Đọc hiểu văn bản,2,Trắc nghiệm,"Nhan đề ""Bức tường xanh của vùng cửa sông"" chỉ đối tượng nào?",A. Rừng ngập mặn | B. Hệ thống đê bê tông | C. Các đầm nuôi tôm | D. Lớp bùn đáy giàu các-bon,A,1,60,"""Bức tường"" là hình ảnh ẩn dụ cho chức năng chắn sóng, ""xanh"" chỉ cây cối — cả cụm chỉ rừng ngập mặn, đối tượng xuyên suốt văn bản."
DM-HSA-02-HH,Đề mẫu HSA365 số 02 — Hóa học,59,Văn,9,Đọc hiểu văn bản,2,Trắc nghiệm,Ý chính của đoạn trích là gì?,"A. Đô thị hóa là tất yếu, nhưng cần ghi lại những gì bị xóa đi để giữ ký ức chung. | B. Cần dừng việc mở rộng đô thị để bảo tồn cảnh quan cũ. | C. Thành phố hiện đại hơn hẳn thành phố cũ về mọi mặt. | D. Người già thường hoài niệm và khó chấp nhận cái mới.",A,1,60,"Tác giả thừa nhận ""không ai phản đối được logic ấy"" của đô thị hóa, nhưng đoạn cuối chốt lại vấn đề là ""mỗi lần xóa đi một thứ, chúng ta có kịp ghi lại nó ở đâu đó hay không"". Đó là ý bao trùm cả bài."
DM-HSA-02-HH,Đề mẫu HSA365 số 02 — Hóa học,60,Văn,10,Biện pháp tu từ & phong cách,2,Trắc nghiệm,"Câu ""Mặt trời của bắp thì nằm trên đồi / Mặt trời của mẹ, em nằm trên lưng"" (Nguyễn Khoa Điềm) sử dụng biện pháp tu từ nào ở hình ảnh ""mặt trời của mẹ""?",A. Ẩn dụ | B. Hoán dụ | C. Nói quá | D. Nhân hóa,A,1,60,"Đứa con được gọi là ""mặt trời của mẹ"" dựa trên nét tương đồng về vai trò: nguồn sống, nguồn ấm áp. Gọi tên sự vật này bằng tên sự vật khác có nét tương đồng chính là ẩn dụ."
DM-HSA-02-HH,Đề mẫu HSA365 số 02 — Hóa học,61,Văn,11,Biện pháp tu từ & phong cách,2,Trắc nghiệm,"Câu ""Ông trời nổi giận, sấm chớp đùng đùng."" sử dụng biện pháp nào?",A. Nhân hóa | B. Ẩn dụ | C. Nói quá | D. Điệp ngữ,A,1,60,"Gán trạng thái cảm xúc của con người (""nổi giận"") cho hiện tượng tự nhiên chính là nhân hóa. Cách này làm thiên nhiên trở nên sống động và gần gũi."
DM-HSA-02-HH,Đề mẫu HSA365 số 02 — Hóa học,62,Văn,12,Biện pháp tu từ & phong cách,2,Trắc nghiệm,"Câu ""Bàn tay ta làm nên tất cả / Có sức người sỏi đá cũng thành cơm"" dùng biện pháp gì ở cụm ""sỏi đá cũng thành cơm""?",A. Nói quá | B. Nói giảm nói tránh | C. Chơi chữ | D. Liệt kê,A,1,60,"Sỏi đá không thể thành cơm; đây là cách phóng đại có chủ ý để nhấn mạnh sức mạnh của lao động. Nói quá luôn nhằm gây ấn tượng chứ không nhằm nói dối."
DM-HSA-02-HH,Đề mẫu HSA365 số 02 — Hóa học,63,Văn,13,Từ vựng & nghĩa của từ,2,Trắc nghiệm,Từ nào dưới đây KHÔNG cùng nhóm nghĩa với các từ còn lại?,A. Bàng hoàng | B. Sững sờ | C. Ngỡ ngàng | D. Hân hoan,D,1,60,"""Bàng hoàng"", ""sững sờ"", ""ngỡ ngàng"" đều chỉ trạng thái choáng váng, bất ngờ. ""Hân hoan"" chỉ niềm vui, thuộc trường nghĩa khác."
DM-HSA-02-HH,Đề mẫu HSA365 số 02 — Hóa học,64,Văn,14,Từ vựng & nghĩa của từ,2,Trắc nghiệm,Từ nào KHÔNG cùng trường nghĩa với các từ còn lại?,A. Rực rỡ | B. Chan chứa | C. Lộng lẫy | D. Huy hoàng,B,1,60,"""Rực rỡ"", ""lộng lẫy"", ""huy hoàng"" đều chỉ vẻ đẹp sáng chói, tráng lệ. ""Chan chứa"" chỉ trạng thái đầy tràn của tình cảm, thuộc trường nghĩa khác."
DM-HSA-02-HH,Đề mẫu HSA365 số 02 — Hóa học,65,Văn,15,Từ vựng & nghĩa của từ,2,Trắc nghiệm,"Trong các từ sau, từ nào là từ ghép chính phụ?",A. Xe đạp | B. Quần áo | C. Nhà cửa | D. Ăn uống,A,1,60,"""Xe đạp"" có tiếng chính ""xe"" và tiếng phụ ""đạp"" làm rõ loại xe. Ba từ còn lại là ghép đẳng lập, hai tiếng ngang hàng nhau về nghĩa."
DM-HSA-02-HH,Đề mẫu HSA365 số 02 — Hóa học,66,Văn,16,Từ vựng & nghĩa của từ,2,Trắc nghiệm,"Trong các từ sau, từ nào là từ láy?",A. Lấp lánh | B. Bàn ghế | C. Sách vở | D. Quần áo,A,1,60,"""Lấp lánh"" có quan hệ láy âm giữa hai tiếng và một tiếng không có nghĩa độc lập. Ba từ còn lại là từ ghép đẳng lập, mỗi tiếng đều có nghĩa riêng."
DM-HSA-02-HH,Đề mẫu HSA365 số 02 — Hóa học,67,Văn,17,Ngữ pháp & lỗi sai trong câu,3,Trắc nghiệm,Câu nào sau đây là câu bị động?,A. Ngôi trường được xây dựng từ năm 1990. | B. Người ta xây ngôi trường này từ năm 1990. | C. Ngôi trường rất khang trang. | D. Ngôi trường ấy nằm ở cuối phố.,A,1,90,"Câu bị động trong tiếng Việt thường dùng ""được"" hoặc ""bị"" và chủ ngữ là đối tượng chịu tác động. Ở đây ""ngôi trường"" chịu tác động của hành động xây dựng."
DM-HSA-02-HH,Đề mẫu HSA365 số 02 — Hóa học,68,Văn,18,Ngữ pháp & lỗi sai trong câu,3,Trắc nghiệm,"Câu ""Với lòng nhiệt tình và trách nhiệm cao, công việc đã được hoàn thành đúng hạn."" mắc lỗi gì?","A. Sai lô-gíc quan hệ giữa trạng ngữ và chủ ngữ. | B. Thiếu vị ngữ. | C. Dùng sai quan hệ từ ""với"". | D. Lặp từ không cần thiết.",A,1,90,"Trạng ngữ ""Với lòng nhiệt tình và trách nhiệm cao"" phải bổ nghĩa cho một chủ thể là người, nhưng chủ ngữ của câu lại là ""công việc"". Sửa: ""Với lòng nhiệt tình và trách nhiệm cao, cả nhóm đã hoàn thành công việc đúng hạn."""
DM-HSA-02-HH,Đề mẫu HSA365 số 02 — Hóa học,69,Văn,19,Ngữ pháp & lỗi sai trong câu,3,Trắc nghiệm,"Trong câu ""Chiếc áo mà mẹ tặng tôi hôm sinh nhật đã cũ"", bộ phận ""mà mẹ tặng tôi hôm sinh nhật"" giữ vai trò gì?","A. Định ngữ, bổ nghĩa cho danh từ ""chiếc áo"". | B. Vị ngữ của câu. | C. Trạng ngữ chỉ thời gian. | D. Bổ ngữ cho động từ ""cũ"".",A,1,90,"Vị ngữ của câu là ""đã cũ"". Mệnh đề bắt đầu bằng ""mà"" đứng sau danh từ và làm rõ danh từ đó — đây là định ngữ (mệnh đề quan hệ)."
DM-HSA-02-HH,Đề mẫu HSA365 số 02 — Hóa học,70,Văn,20,Ngữ pháp & lỗi sai trong câu,3,Trắc nghiệm,Câu nào sau đây mắc lỗi thiếu vị ngữ?,A. Những cuốn sách mà thầy giáo tặng tôi hồi lớp mười. | B. Những cuốn sách thầy tặng đã theo tôi suốt nhiều năm. | C. Thầy giáo tặng tôi những cuốn sách quý. | D. Tôi vẫn giữ những cuốn sách thầy tặng.,A,1,90,"Câu A chỉ có một cụm danh từ được mở rộng bằng mệnh đề quan hệ, chưa nêu hoạt động hay trạng thái nào của chủ thể. Sửa bằng cách thêm vị ngữ: ""…hồi lớp mười vẫn còn nguyên trên giá."""
DM-HSA-02-HH,Đề mẫu HSA365 số 02 — Hóa học,71,Văn,21,Ngữ pháp & lỗi sai trong câu,3,Trắc nghiệm,"Câu ""Với sự nỗ lực không ngừng, thành tích của em đã được cải thiện."" mắc lỗi gì?",A. Trạng ngữ chỉ thái độ không bổ nghĩa được cho chủ ngữ là sự vật. | B. Thiếu chủ ngữ. | C. Dùng sai dấu câu. | D. Lặp từ không cần thiết.,A,1,90,"Trạng ngữ ""Với sự nỗ lực không ngừng"" đòi hỏi chủ thể là người, nhưng chủ ngữ của câu lại là ""thành tích"". Sửa: ""Với sự nỗ lực không ngừng, em đã cải thiện được thành tích của mình."""
DM-HSA-02-HH,Đề mẫu HSA365 số 02 — Hóa học,72,Văn,22,"Tác giả, tác phẩm & giai đoạn văn học",3,Trắc nghiệm,"Câu thơ ""Sóng bắt đầu từ gió / Gió bắt đầu từ đâu?"" trích từ bài thơ nào?","A. ""Sóng"" của Xuân Quỳnh | B. ""Đây thôn Vĩ Dạ"" của Hàn Mặc Tử | C. ""Tràng giang"" của Huy Cận | D. ""Vội vàng"" của Xuân Diệu",A,1,90,"Đây là những câu trong bài ""Sóng"" của Xuân Quỳnh, thể hiện khát vọng truy tìm cội nguồn của tình yêu — một câu hỏi cuối cùng không có lời đáp, và chính điều đó làm nên vẻ đẹp của đoạn thơ."
DM-HSA-02-HH,Đề mẫu HSA365 số 02 — Hóa học,73,Văn,23,"Tác giả, tác phẩm & giai đoạn văn học",3,Trắc nghiệm,Tác phẩm nào sau đây KHÔNG thuộc văn học trung đại Việt Nam?,"A. ""Chí Phèo"" | B. ""Truyện Kiều"" | C. ""Bình Ngô đại cáo"" | D. ""Hoàng Lê nhất thống chí""",A,1,90,"""Chí Phèo"" của Nam Cao thuộc văn học hiện đại, giai đoạn 1930 — 1945. Ba tác phẩm còn lại đều thuộc văn học trung đại."
DM-HSA-02-HH,Đề mẫu HSA365 số 02 — Hóa học,74,Văn,24,"Tác giả, tác phẩm & giai đoạn văn học",3,Trắc nghiệm,"Nhân vật trung tâm của ""Truyện Kiều"" là Thúy Kiều, tiêu biểu cho:",A. Bi kịch của người phụ nữ tài sắc trong xã hội phong kiến. | B. Người anh hùng cứu nước. | C. Người nông dân bị bần cùng hóa. | D. Trí thức tiểu tư sản trước Cách mạng.,A,1,90,"Nguyễn Du xây dựng Thúy Kiều như hiện thân của mệnh đề ""tài mệnh tương đố"": càng tài sắc càng long đong, qua đó tố cáo xã hội chà đạp con người."
DM-HSA-02-HH,Đề mẫu HSA365 số 02 — Hóa học,75,Văn,25,"Tác giả, tác phẩm & giai đoạn văn học",3,Trắc nghiệm,"""Truyện Kiều"" của Nguyễn Du được viết bằng thể thơ nào?",A. Lục bát | B. Song thất lục bát | C. Thất ngôn bát cú | D. Tự do,A,1,90,"""Truyện Kiều"" gồm 3254 câu thơ lục bát — thể thơ dân tộc với cặp câu 6 chữ và 8 chữ nối tiếp nhau."
DM-HSA-02-HH,Đề mẫu HSA365 số 02 — Hóa học,76,Văn,26,"Tác giả, tác phẩm & giai đoạn văn học",3,Trắc nghiệm,Nhận định nào đúng về phong cách nghệ thuật của Nguyễn Tuân?,"A. Tài hoa, uyên bác; quan sát và miêu tả sự vật ở phương diện thẩm mĩ, con người ở phương diện tài hoa nghệ sĩ. | B. Giản dị, mộc mạc, gần với lời ăn tiếng nói hằng ngày của người nông dân. | C. Trữ tình chính trị, giàu tính sử thi và cảm hứng lãng mạn cách mạng. | D. Trào phúng sắc sảo, chuyên đả kích xã hội thành thị nửa thực dân nửa phong kiến.",A,1,90,"Nguyễn Tuân nổi tiếng với chất tài hoa, uyên bác và cái nhìn thẩm mĩ, thể hiện rõ trong ""Chữ người tử tù"" và ""Người lái đò Sông Đà""."
DM-HSA-02-HH,Đề mẫu HSA365 số 02 — Hóa học,77,Văn,27,"Tác giả, tác phẩm & giai đoạn văn học",3,Trắc nghiệm,"Tác phẩm ""Vợ nhặt"" của Kim Lân đặt trong bối cảnh lịch sử nào?",A. Nạn đói năm 1945 | B. Cải cách ruộng đất | C. Kháng chiến chống Mĩ | D. Thời kỳ Đổi mới,A,1,90,"Truyện lấy bối cảnh nạn đói khủng khiếp năm Ất Dậu 1945. Chính bối cảnh ấy làm nổi bật chủ đề: ngay bên bờ vực cái chết, con người vẫn khao khát mái ấm và hướng về sự sống."
DM-HSA-02-HH,Đề mẫu HSA365 số 02 — Hóa học,78,Văn,28,Suy luận ngôn ngữ & liên kết ý,3,Trắc nghiệm,"Sắp xếp các câu sau thành một đoạn văn mạch lạc: (1) Vì vậy, thói quen ghi chép tay vẫn có chỗ đứng riêng. (2) Nhiều người cho rằng ghi chép bằng máy tính nhanh hơn nên hiệu quả hơn. (3) Tuy nhiên, các nghiên cứu cho thấy người ghi tay buộc phải tóm lược nên nhớ ý lâu hơn. Thứ tự đúng là:",A. (2) — (3) — (1) | B. (1) — (2) — (3) | C. (3) — (2) — (1) | D. (2) — (1) — (3),A,1,90,"Câu (2) nêu quan niệm phổ biến, câu (3) mở đầu bằng ""Tuy nhiên"" nên phải đứng sau để phản bác, câu (1) bắt đầu bằng ""Vì vậy"" nên là kết luận. Các từ nối chính là manh mối quyết định thứ tự."
DM-HSA-02-HH,Đề mẫu HSA365 số 02 — Hóa học,79,Văn,29,Suy luận ngôn ngữ & liên kết ý,3,Trắc nghiệm,Câu chủ đề của một đoạn văn diễn dịch thường nằm ở đâu?,A. Đầu đoạn | B. Cuối đoạn | C. Giữa đoạn | D. Không có câu chủ đề,A,1,90,"Đoạn diễn dịch đi từ khái quát tới cụ thể nên câu chủ đề đứng đầu, các câu sau triển khai. Ngược lại, đoạn quy nạp đặt câu chủ đề ở cuối."
DM-HSA-02-HH,Đề mẫu HSA365 số 02 — Hóa học,80,Văn,30,Suy luận ngôn ngữ & liên kết ý,3,Trắc nghiệm,"Đoạn văn ""Thứ nhất… Thứ hai… Thứ ba…"" sử dụng cách triển khai nào?","A. Song hành, các ý ngang hàng nhau | B. Móc xích | C. Diễn dịch | D. Quy nạp",A,1,90,"Các ý được đánh số và trình bày độc lập, ngang hàng, không ý nào dẫn tới ý nào. Đó là kiểu triển khai song hành."
DM-HSA-02-HH,Đề mẫu HSA365 số 02 — Hóa học,81,Văn,31,Suy luận ngôn ngữ & liên kết ý,3,Trắc nghiệm,"Sắp xếp thành đoạn mạch lạc: (1) Chẳng hạn, một giờ tập trung thật sự hơn ba giờ vừa học vừa xem điện thoại. (2) Chất lượng thời gian quan trọng hơn số giờ ngồi bàn. (3) Vì vậy, hãy đo bằng việc đã làm được, đừng đo bằng đồng hồ.",A. (2) — (1) — (3) | B. (1) — (2) — (3) | C. (3) — (2) — (1) | D. (2) — (3) — (1),A,1,90,"Câu (2) nêu luận điểm, câu (1) mở đầu bằng ""Chẳng hạn"" nên phải đứng sau để làm dẫn chứng, câu (3) mở đầu bằng ""Vì vậy"" nên là kết luận. Từ nối quyết định thứ tự, không phải nội dung."
DM-HSA-02-HH,Đề mẫu HSA365 số 02 — Hóa học,82,Văn,32,Suy luận ngôn ngữ & liên kết ý,3,Trắc nghiệm,"Cho tiền đề: ""Tất cả học sinh lớp 12A đều tham gia câu lạc bộ Toán. Bạn Hà tham gia câu lạc bộ Toán."" Kết luận nào chắc chắn đúng?",A. Không thể kết luận Hà có phải học sinh lớp 12A hay không. | B. Hà là học sinh lớp 12A. | C. Hà không phải học sinh lớp 12A. | D. Câu lạc bộ Toán chỉ gồm học sinh lớp 12A.,A,1,90,"Từ ""mọi A đều là B"" không suy ra được ""mọi B đều là A"". Câu lạc bộ có thể có thành viên từ lớp khác, nên không kết luận được gì về lớp của Hà. Đây là lỗi dùng mệnh đề đảo."
DM-HSA-02-HH,Đề mẫu HSA365 số 02 — Hóa học,83,Văn,33,Suy luận ngôn ngữ & liên kết ý,3,Trắc nghiệm,"Trong đoạn ""Đọc sách giúp mở rộng vốn từ. Vốn từ rộng giúp diễn đạt chính xác. Diễn đạt chính xác giúp thuyết phục người nghe."", quan hệ giữa các câu là:","A. Móc xích, ý sau nối tiếp ý trước | B. Song hành, các ý ngang hàng | C. Tương phản | D. Tổng — phân — hợp",A,1,90,"Phần cuối của câu trước trở thành phần đầu của câu sau (""vốn từ"", ""diễn đạt chính xác""), tạo thành chuỗi móc xích dẫn tới kết luận."
DM-HSA-02-HH,Đề mẫu HSA365 số 02 — Hóa học,84,Văn,34,Đọc hiểu văn bản,3,Trắc nghiệm,"Theo tác giả, ""đọc chậm"" được hiểu là:","A. Chấp nhận dừng lại, đọc lại và suy ngẫm về những câu văn đáng suy ngẫm. | B. Đọc mỗi ngày một số trang cố định và không đọc quá nhiều. | C. Chỉ đọc sách giấy và tránh xa mọi văn bản trên màn hình. | D. Đọc to thành tiếng để nhớ lâu hơn.",A,1,90,"Tác giả định nghĩa trực tiếp: ""Đọc chậm là chấp nhận rằng có những câu văn đòi hỏi ta dừng lại, đọc đi đọc lại, thậm chí gấp sách để nghĩ."""
DM-HSA-02-HH,Đề mẫu HSA365 số 02 — Hóa học,85,Văn,35,Đọc hiểu văn bản,3,Trắc nghiệm,"Cụm từ ""kẻ tiêu thụ thông tin"" trong đoạn 2 mang sắc thái gì?","A. Phê phán nhẹ, chỉ thái độ thụ động khi tiếp nhận văn bản. | B. Trung tính, chỉ đơn thuần mô tả người đọc hiện đại. | C. Ngợi ca khả năng xử lý lượng thông tin lớn của con người. | D. Hài hước, nhằm gây cười cho người đọc.",A,1,90,"Cụm từ này được đặt trong thế đối lập với ""người đối thoại với tác giả"". Phép đối lập cho thấy ""tiêu thụ"" bị đánh giá thấp hơn, mang sắc thái phê phán sự thụ động."
DM-HSA-02-HH,Đề mẫu HSA365 số 02 — Hóa học,86,Văn,36,Đọc hiểu văn bản,3,Trắc nghiệm,Phương thức biểu đạt chính của đoạn trích là:,A. Nghị luận | B. Tự sự | C. Miêu tả | D. Thuyết minh,A,1,90,"Văn bản nêu luận điểm (""đọc nhiều nhưng hời hợt""), giải thích khái niệm và đưa lí lẽ để thuyết phục người đọc — đặc trưng của văn nghị luận."
DM-HSA-02-HH,Đề mẫu HSA365 số 02 — Hóa học,87,Văn,37,Đọc hiểu văn bản,3,Trắc nghiệm,"Theo văn bản, vì sao rừng ngập mặn được coi là ""vườn ươm của biển""?","A. Vì tôm, cua, cá con trú ẩn trong các lạch nước nông giữa rễ cây để tránh kẻ săn mồi. | B. Vì người dân trồng cây giống ở đó rồi mang ra biển. | C. Vì đây là nơi có nhiều loài thực vật quý hiếm nhất. | D. Vì rừng ngập mặn tạo ra lượng ô-xy lớn cho nước biển.",A,1,90,Đoạn 3 nêu trực tiếp vai trò trú ẩn và sinh trưởng của thủy sản non giữa hệ rễ.
DM-HSA-02-HH,Đề mẫu HSA365 số 02 — Hóa học,88,Văn,38,Đọc hiểu văn bản,3,Trắc nghiệm,Lập luận ở đoạn 2 thuyết phục người đọc chủ yếu bằng cách nào?,A. So sánh chi phí giữ rừng với chi phí xây và sửa đê cho cùng một mức bảo vệ. | B. Kể lại một trận bão cụ thể mà tác giả từng chứng kiến. | C. Trích dẫn phát biểu của một nhà khoa học có uy tín. | D. Miêu tả vẻ đẹp của rừng đước vào lúc thủy triều lên.,A,1,90,"Đoạn 2 đưa ra một phép so sánh kinh tế trực tiếp giữa hai giải pháp bảo vệ bờ biển — đây là lí lẽ mang tính thực dụng, dễ thuyết phục nhất trong đoạn."
DM-HSA-02-HH,Đề mẫu HSA365 số 02 — Hóa học,89,Văn,39,Đọc hiểu văn bản,3,Trắc nghiệm,"Theo tác giả, ""ký ức chung"" tồn tại chủ yếu ở đâu?",A. Trong cách gọi tên và những chỉ dẫn quen thuộc của người dân địa phương. | B. Trong các bảo tàng và tài liệu lưu trữ của thành phố. | C. Trên những tấm biển tên phố mới. | D. Trong các công trình kiến trúc cổ được xếp hạng.,A,1,90,"Tác giả nói thẳng ""Ký ức chung không nằm trong bảo tàng"", rồi dẫn hai ví dụ đều thuộc về lời ăn tiếng nói hằng ngày: cách bà cụ gọi tên phố theo lối cũ và chỉ dẫn ""chỗ có cây gạo ngày xưa""."
DM-HSA-02-HH,Đề mẫu HSA365 số 02 — Hóa học,90,Văn,40,Đọc hiểu văn bản,3,Trắc nghiệm,"Câu ""Có người nói tiếc nuối là thứ xa xỉ của kẻ đã no đủ. Cũng có phần đúng."" thể hiện thao tác lập luận nào?",A. Thừa nhận một phần ý kiến trái chiều trước khi phản bác. | B. Bác bỏ hoàn toàn ý kiến của người khác. | C. Chứng minh bằng số liệu thống kê. | D. So sánh hai hiện tượng tương phản.,A,1,90,"Tác giả nêu ý kiến ngược lại, thừa nhận nó ""cũng có phần đúng"", rồi dùng liên từ ""Nhưng"" để đưa ra lập luận của mình. Đây là kỹ thuật nhượng bộ — thừa nhận một phần để lập luận sau đó thuyết phục hơn."
DM-HSA-02-HH,Đề mẫu HSA365 số 02 — Hóa học,91,Văn,41,Đọc hiểu văn bản,3,Trắc nghiệm,Tác giả phân biệt hai chuyện nào thường bị gộp làm một?,A. Sự thay đổi của ngôn ngữ và sự nghèo đi của người dùng. | B. Chữ Hán và chữ Quốc ngữ. | C. Tiếng nói và chữ viết. | D. Ngôn ngữ mạng và ngôn ngữ văn học.,A,1,90,"Đoạn 2 nêu rành mạch: ""Chuyện thứ nhất là sự thay đổi của ngôn ngữ… Chuyện thứ hai là sự nghèo đi của người dùng."" Toàn bộ lập luận sau đó dựa trên việc tách hai chuyện này ra."
DM-HSA-02-HH,Đề mẫu HSA365 số 02 — Hóa học,92,Văn,42,Đọc hiểu văn bản,3,Trắc nghiệm,Vì sao tác giả nhắc tới việc các nhà nho từng chê chữ Quốc ngữ?,A. Để cho thấy nỗi lo ngôn ngữ đang hỏng đã lặp lại nhiều lần trong lịch sử. | B. Để chứng minh chữ Hán sâu sắc hơn chữ Quốc ngữ. | C. Để phê phán thái độ bảo thủ của các nhà nho. | D. Để giải thích nguồn gốc của chữ Quốc ngữ.,A,1,90,"Câu mở đầu nêu quy luật ""Mỗi khi một lối viết mới xuất hiện, người ta lại lo tiếng Việt đang hỏng"", rồi dẫn ví dụ lịch sử để cho thấy nỗi lo hiện nay không mới. Đây là cách đặt hiện tượng vào một chuỗi lặp lại để giảm bớt tính bi kịch của nó."
DM-HSA-02-HH,Đề mẫu HSA365 số 02 — Hóa học,93,Văn,43,Đọc hiểu văn bản,3,Trắc nghiệm,Giải pháp mà tác giả đề xuất ở cuối bài là gì?,A. Bảo đảm người trẻ còn được đọc những văn bản đủ dài và đủ khó để buộc phải nghĩ. | B. Cấm sử dụng tiếng lóng trên mạng xã hội. | C. Khôi phục việc dạy chữ Hán trong nhà trường. | D. Chuẩn hóa lại chính tả tiếng Việt.,A,1,90,"Câu kết nêu trực tiếp giải pháp, đồng thời loại bỏ giải pháp cấm đoán: ""việc cần làm không phải là cấm một lối viết""."
DM-HSA-02-HH,Đề mẫu HSA365 số 02 — Hóa học,94,Văn,44,Biện pháp tu từ & phong cách,3,Trắc nghiệm,"Câu ""Ngày ngày mặt trời đi qua trên lăng / Thấy một mặt trời trong lăng rất đỏ"" — hình ảnh ""mặt trời trong lăng"" là:",A. Ẩn dụ chỉ Bác Hồ | B. Hoán dụ chỉ đất nước | C. So sánh giữa hai mặt trời | D. Nhân hóa mặt trời,A,1,90,"Bác Hồ được gọi bằng hình ảnh ""mặt trời"" dựa trên nét tương đồng: nguồn sáng, nguồn sống, sự vĩ đại và ấm áp. Đó là ẩn dụ. Mặt trời ở câu trên là mặt trời thật, tạo thế đối sánh."
DM-HSA-02-HH,Đề mẫu HSA365 số 02 — Hóa học,95,Văn,45,Biện pháp tu từ & phong cách,3,Trắc nghiệm,"Trong câu ""Một cây làm chẳng nên non / Ba cây chụm lại nên hòn núi cao"", ""một cây"" và ""ba cây"" là biện pháp gì?",A. Hoán dụ | B. Ẩn dụ | C. Điệp ngữ | D. So sánh,A,1,90,"""Một cây"", ""ba cây"" lấy cái cụ thể để chỉ cái trừu tượng: cá nhân đơn lẻ và tập thể đoàn kết. Quan hệ ở đây là quan hệ tương cận (số ít — số nhiều, cụ thể — trừu tượng) nên là hoán dụ."
DM-HSA-02-HH,Đề mẫu HSA365 số 02 — Hóa học,96,Văn,46,Biện pháp tu từ & phong cách,3,Trắc nghiệm,Văn bản khoa học có đặc trưng phong cách nào?,"A. Tính trừu tượng, tính lí trí và tính khách quan. | B. Tính hình tượng và tính truyền cảm. | C. Tính cụ thể và tính cá thể hóa. | D. Tính công khai về quan điểm chính trị.",A,1,90,"Phong cách khoa học đòi hỏi khái niệm chính xác, lập luận chặt chẽ và loại bỏ cảm xúc cá nhân. Tính hình tượng và truyền cảm là đặc trưng của phong cách nghệ thuật."
DM-HSA-02-HH,Đề mẫu HSA365 số 02 — Hóa học,97,Văn,47,Từ vựng & nghĩa của từ,3,Trắc nghiệm,Cặp từ nào sau đây là từ đồng âm?,A. Đường (đi) — đường (ăn) | B. Chân (người) — chân (bàn) | C. Ngọt (đường) — ngọt (lời nói) | D. Mũi (người) — mũi (thuyền),A,1,90,"Từ đồng âm là những từ phát âm giống nhau nhưng nghĩa hoàn toàn không liên quan. ""Đường đi"" và ""đường ăn"" thuộc loại này. Ba cặp còn lại là hiện tượng nhiều nghĩa: các nghĩa vẫn có liên hệ với nhau."
DM-HSA-02-HH,Đề mẫu HSA365 số 02 — Hóa học,98,Văn,48,Từ vựng & nghĩa của từ,3,Trắc nghiệm,"Từ Hán Việt ""khả quan"" có nghĩa là:","A. Có thể xem là tốt, đáng để hi vọng. | B. Có thể quan sát được bằng mắt thường. | C. Đáng để suy xét kĩ lưỡng. | D. Có tính khách quan, không thiên vị.",A,1,90,"""Khả"" là có thể, ""quan"" là xem/nhìn; nghĩa gốc là ""đáng xem"", đã chuyển thành ""có triển vọng tốt"" trong tiếng Việt hiện đại (kết quả khả quan)."
DM-HSA-02-HH,Đề mẫu HSA365 số 02 — Hóa học,99,Văn,49,Từ vựng & nghĩa của từ,3,Trắc nghiệm,"Từ ""chân"" trong câu nào được dùng theo nghĩa chuyển?",A. Chân núi có một dòng suối nhỏ. | B. Em bị đau chân nên nghỉ học. | C. Bạn ấy chạy nhanh nhờ đôi chân khỏe. | D. Chân của cậu bé bị trầy xước.,A,1,90,"""Chân núi"" dùng nghĩa chuyển theo phương thức ẩn dụ: phần dưới cùng của núi, tương ứng vị trí của chân trên cơ thể. Ba câu còn lại đều dùng nghĩa gốc chỉ bộ phận cơ thể."
DM-HSA-02-HH,Đề mẫu HSA365 số 02 — Hóa học,100,Văn,50,Đọc hiểu văn bản,4,Trắc nghiệm,"Câu ""một thứ biến mất mà không ai ký giấy cho phép"" hàm ý điều gì?","A. Ký ức chung mất đi âm thầm, không qua một quyết định nào nên không ai chịu trách nhiệm. | B. Việc phá bỏ công trình cũ được thực hiện trái phép. | C. Chính quyền cố tình giấu các quyết định quy hoạch. | D. Người dân không được tham gia góp ý quy hoạch.",A,1,120,"Hình ảnh ""ký giấy cho phép"" gợi tới thủ tục hành chính cho mọi thay đổi hữu hình. Ký ức thì không có thủ tục nào, nên nó biến mất mà không ai phải quyết định và cũng không ai phải chịu trách nhiệm."
DM-HSA-02-HH,Đề mẫu HSA365 số 02 — Hóa học,101,Khoa học,1,Hóa đại cương,1,Trắc nghiệm,Nguyên tử của nguyên tố có số hiệu nguyên tử Z = 17 chứa bao nhiêu proton?,A. 17 | B. 18 | C. 35 | D. 7,A,1,45,"Số hiệu nguyên tử Z chính là số proton trong hạt nhân, ở đây Z = 17 (nguyên tố clo)."
DM-HSA-02-HH,Đề mẫu HSA365 số 02 — Hóa học,102,Khoa học,2,Hóa đại cương,1,Trắc nghiệm,Số Avogadro có giá trị xấp xỉ:,"A. 6,022 × 10²³ | B. 6,022 × 10²² | C. 3,011 × 10²³ | D. 1,602 × 10⁻¹⁹",A,1,45,"Một mol chứa khoảng 6,022 × 10²³ hạt. Giá trị 1,602 × 10⁻¹⁹ là điện tích nguyên tố, không liên quan tới số mol."
DM-HSA-02-HH,Đề mẫu HSA365 số 02 — Hóa học,103,Khoa học,3,Hóa vô cơ,1,Trắc nghiệm,Khí nào chiếm tỉ lệ thể tích lớn nhất trong không khí?,A. N₂ | B. O₂ | C. CO₂ | D. Ar,A,1,45,"Không khí gồm khoảng 78% nitơ, 21% oxi, còn lại là agon, cacbonic và các khí khác."
DM-HSA-02-HH,Đề mẫu HSA365 số 02 — Hóa học,104,Khoa học,4,Hóa hữu cơ,1,Trắc nghiệm,Chất nào sau đây là hợp chất hữu cơ?,A. CH₄ | B. CO₂ | C. CaCO₃ | D. NaHCO₃,A,1,45,"Hợp chất hữu cơ là hợp chất của cacbon, trừ một số ngoại lệ như CO, CO₂, muối cacbonat và xianua. Metan CH₄ là hợp chất hữu cơ đơn giản nhất."
DM-HSA-02-HH,Đề mẫu HSA365 số 02 — Hóa học,105,Khoa học,5,Hóa đại cương,1,Trắc nghiệm,Nguyên tử được cấu tạo từ những loại hạt nào?,"A. Proton, nơtron và electron | B. Chỉ proton và electron | C. Chỉ nơtron và electron | D. Proton và nơtron",A,1,45,"Hạt nhân gồm proton mang điện dương và nơtron không mang điện; lớp vỏ gồm các electron mang điện âm. Số proton bằng số electron nên nguyên tử trung hòa về điện."
DM-HSA-02-HH,Đề mẫu HSA365 số 02 — Hóa học,106,Khoa học,6,Hóa hữu cơ,1,Trắc nghiệm,Công thức phân tử của etanol (ancol etylic) là:,A. C₂H₆O | B. CH₄O | C. C₂H₄O₂ | D. C₃H₈O,A,1,45,Etanol C₂H₅OH có công thức phân tử C₂H₆O.
DM-HSA-02-HH,Đề mẫu HSA365 số 02 — Hóa học,107,Khoa học,7,Hóa đại cương,2,Trắc nghiệm,Nguyên tử trung hòa về điện vì:,A. Số proton bằng số electron. | B. Số proton bằng số nơtron. | C. Nơtron trung hòa về điện. | D. Electron có khối lượng rất nhỏ.,A,1,60,"Proton mang điện dương, electron mang điện âm với độ lớn bằng nhau. Khi số proton bằng số electron thì tổng điện tích bằng 0."
DM-HSA-02-HH,Đề mẫu HSA365 số 02 — Hóa học,108,Khoa học,8,Hóa đại cương,2,Trắc nghiệm,Liên kết ion được hình thành giữa:,A. Kim loại điển hình và phi kim điển hình. | B. Hai nguyên tử phi kim giống nhau. | C. Hai nguyên tử kim loại. | D. Các phân tử khí hiếm.,A,1,60,"Kim loại nhường electron thành ion dương, phi kim nhận electron thành ion âm, hai ion trái dấu hút nhau tạo liên kết ion. Hai phi kim giống nhau thì tạo liên kết cộng hóa trị không cực."
DM-HSA-02-HH,Đề mẫu HSA365 số 02 — Hóa học,109,Khoa học,9,Hóa đại cương,2,Trắc nghiệm,"Khối lượng của 0,5 mol NaOH (M = 40 g/mol) là:","A. 20 g | B. 80 g | C. 40 g | D. 0,0125 g",A,1,60,"Khối lượng bằng số mol nhân khối lượng mol: m = n × M = 0,5 × 40 = 20 g. Đây là công thức nền của mọi bài toán tính theo phương trình hóa học."
DM-HSA-02-HH,Đề mẫu HSA365 số 02 — Hóa học,110,Khoa học,10,Hóa vô cơ,2,Trắc nghiệm,Chất nào sau đây làm quỳ tím hóa đỏ?,A. HCl | B. NaOH | C. NaCl | D. KOH,A,1,60,"Axit làm quỳ tím hóa đỏ, bazơ làm quỳ hóa xanh, còn muối trung hòa như NaCl không làm đổi màu quỳ."
DM-HSA-02-HH,Đề mẫu HSA365 số 02 — Hóa học,111,Khoa học,11,Hóa vô cơ,2,Trắc nghiệm,Kim loại nào sau đây phản ứng mạnh với nước ở nhiệt độ thường?,A. Na | B. Fe | C. Cu | D. Ag,A,1,60,"Các kim loại kiềm như Na phản ứng mạnh với nước tạo dung dịch bazơ và khí hiđro. Sắt chỉ phản ứng với hơi nước ở nhiệt độ cao, còn đồng và bạc không phản ứng."
DM-HSA-02-HH,Đề mẫu HSA365 số 02 — Hóa học,112,Khoa học,12,Hóa vô cơ,2,Trắc nghiệm,Oxit nào sau đây là oxit bazơ?,A. CaO | B. CO₂ | C. SO₂ | D. P₂O₅,A,1,60,"CaO là oxit của kim loại và tác dụng với axit tạo muối và nước nên là oxit bazơ. Ba oxit còn lại đều là oxit của phi kim, thuộc loại oxit axit."
DM-HSA-02-HH,Đề mẫu HSA365 số 02 — Hóa học,113,Khoa học,13,Hóa vô cơ,2,Trắc nghiệm,Muối nào sau đây không tan trong nước?,A. BaSO₄ | B. NaCl | C. KNO₃ | D. Na₂SO₄,A,1,60,"BaSO₄ là muối sunfat không tan, thường được dùng để nhận biết ion sunfat. Mọi muối của natri, kali và mọi muối nitrat đều tan."
DM-HSA-02-HH,Đề mẫu HSA365 số 02 — Hóa học,114,Khoa học,14,Hóa hữu cơ,2,Trắc nghiệm,Công thức tổng quát của dãy đồng đẳng ankan là:,A. CₙH₂ₙ₊₂ | B. CₙH₂ₙ | C. CₙH₂ₙ₋₂ | D. CₙH₂ₙ₋₆,A,1,60,"Ankan là hiđrocacbon no mạch hở, công thức CₙH₂ₙ₊₂ với n ≥ 1. Anken là CₙH₂ₙ, ankin là CₙH₂ₙ₋₂, còn CₙH₂ₙ₋₆ là dãy đồng đẳng benzen."
DM-HSA-02-HH,Đề mẫu HSA365 số 02 — Hóa học,115,Khoa học,15,Hóa hữu cơ,2,Trắc nghiệm,Chất nào sau đây làm mất màu dung dịch brom?,A. C₂H₄ | B. C₂H₆ | C. CH₄ | D. C₃H₈,A,1,60,"Etilen có liên kết đôi C=C nên tham gia phản ứng cộng với brom, làm mất màu dung dịch. Các ankan no không có phản ứng này, nên đây là cách nhận biết anken."
DM-HSA-02-HH,Đề mẫu HSA365 số 02 — Hóa học,116,Khoa học,16,Hóa vô cơ,2,Trắc nghiệm,Kim loại nào sau đây tác dụng được với dung dịch HCl loãng giải phóng khí H₂?,A. Zn | B. Cu | C. Ag | D. Au,A,1,60,"Chỉ kim loại đứng trước hiđro trong dãy hoạt động hóa học mới đẩy được H₂ ra khỏi axit loãng. Cu, Ag, Au đều đứng sau H."
DM-HSA-02-HH,Đề mẫu HSA365 số 02 — Hóa học,117,Khoa học,17,Hóa hữu cơ,2,Trắc nghiệm,Polime nào sau đây được điều chế bằng phản ứng trùng hợp?,"A. Polietilen | B. Nilon-6,6 | C. Tơ lapsan | D. Protein",A,1,60,"Polietilen được tạo từ etilen bằng phản ứng trùng hợp, monome có liên kết đôi và không tách ra phân tử nhỏ nào. Nilon-6,6 và tơ lapsan điều chế bằng trùng ngưng, có tách nước."
DM-HSA-02-HH,Đề mẫu HSA365 số 02 — Hóa học,118,Khoa học,18,Hóa vô cơ,2,Trắc nghiệm,Kim loại nào sau đây KHÔNG tan trong dung dịch HCl loãng?,A. Cu | B. Zn | C. Fe | D. Mg,A,1,60,Đồng đứng sau hiđro trong dãy hoạt động hóa học nên không đẩy được H₂ ra khỏi axit loãng. Ba kim loại còn lại đều đứng trước H nên đều tan và giải phóng khí hiđro.
DM-HSA-02-HH,Đề mẫu HSA365 số 02 — Hóa học,119,Khoa học,19,Hóa đại cương,2,Trắc nghiệm,Dung dịch nào sau đây làm quỳ tím hóa xanh?,A. NaOH | B. HCl | C. NaCl | D. H₂SO₄,A,1,60,"NaOH là bazơ mạnh nên làm quỳ tím hóa xanh. HCl và H₂SO₄ là axit làm quỳ hóa đỏ; NaCl là muối trung tính không đổi màu quỳ."
DM-HSA-02-HH,Đề mẫu HSA365 số 02 — Hóa học,120,Khoa học,20,Hóa vô cơ,2,Trắc nghiệm,Khí nào sau đây là thành phần chính gây ra hiệu ứng nhà kính?,A. CO₂ | B. O₂ | C. N₂ | D. H₂,A,1,60,"Cacbon đioxit hấp thụ mạnh bức xạ hồng ngoại phát ra từ mặt đất, giữ nhiệt lại trong khí quyển. Nitơ và oxi tuy chiếm phần lớn không khí nhưng gần như không hấp thụ bức xạ này."
DM-HSA-02-HH,Đề mẫu HSA365 số 02 — Hóa học,121,Khoa học,21,Hóa hữu cơ,2,Trắc nghiệm,Chất nào sau đây làm mất màu dung dịch nước brom?,A. Etilen (C₂H₄) | B. Metan (CH₄) | C. Etan (C₂H₆) | D. Propan (C₃H₈),A,1,60,"Etilen có liên kết đôi C=C nên tham gia phản ứng cộng với brom, làm dung dịch mất màu. Ba chất còn lại đều là ankan no, chỉ phản ứng thế và không làm mất màu nước brom."
DM-HSA-02-HH,Đề mẫu HSA365 số 02 — Hóa học,122,Khoa học,22,Hóa vô cơ,2,Trắc nghiệm,Khí nào sau đây là nguyên nhân chính gây mưa axit?,A. SO₂ | B. CO₂ | C. N₂ | D. O₂,A,1,60,"SO₂ (cùng với NOₓ) bị oxi hóa trong khí quyển tạo H₂SO₄ gây mưa axit. CO₂ chỉ làm nước mưa hơi axit tự nhiên (pH ≈ 5,6) và chủ yếu gây hiệu ứng nhà kính."
DM-HSA-02-HH,Đề mẫu HSA365 số 02 — Hóa học,123,Khoa học,23,Hóa hữu cơ,2,Trắc nghiệm,Phản ứng đặc trưng của anken là:,A. phản ứng cộng | B. phản ứng thế | C. phản ứng tách | D. phản ứng trùng ngưng,A,1,60,"Anken có liên kết đôi C=C kém bền, dễ mở ra để cộng thêm nguyên tử/nhóm nguyên tử. Phản ứng thế mới là đặc trưng của ankan."
DM-HSA-02-HH,Đề mẫu HSA365 số 02 — Hóa học,124,Khoa học,24,Hóa đại cương,3,Trắc nghiệm,Dung dịch có pH = 12 là dung dịch:,A. Bazơ | B. Axit | C. Trung tính | D. Không xác định,A,1,90,"pH < 7 là axit, pH = 7 là trung tính, pH > 7 là bazơ. pH = 12 lớn hơn 7 khá nhiều nên đây là dung dịch bazơ mạnh."
DM-HSA-02-HH,Đề mẫu HSA365 số 02 — Hóa học,125,Khoa học,25,Hóa đại cương,3,Trắc nghiệm,"Trong phản ứng oxi hóa — khử, chất khử là chất:",A. Nhường electron và bị oxi hóa | B. Nhận electron và bị khử | C. Không thay đổi số oxi hóa | D. Luôn là kim loại,A,1,90,"Chất khử nhường electron nên chính nó bị oxi hóa; chất oxi hóa nhận electron nên chính nó bị khử. Cặp thuật ngữ này rất dễ nhầm vì tên gọi ngược với quá trình xảy ra với chính nó."
DM-HSA-02-HH,Đề mẫu HSA365 số 02 — Hóa học,126,Khoa học,26,Hóa đại cương,3,Trắc nghiệm,Nguyên tố có cấu hình electron 1s²2s²2p⁶3s¹ thuộc nhóm nào trong bảng tuần hoàn?,A. Nhóm IA | B. Nhóm IIA | C. Nhóm VIIA | D. Nhóm VIIIA,A,1,90,"Lớp ngoài cùng có 1 electron ở phân lớp s nên nguyên tố thuộc nhóm IA — đây là natri (Z = 11), một kim loại kiềm."
DM-HSA-02-HH,Đề mẫu HSA365 số 02 — Hóa học,127,Khoa học,27,Hóa đại cương,3,Trắc nghiệm,"Khi tăng nhiệt độ, tốc độ phản ứng hóa học thường:","A. Tăng, vì các hạt va chạm nhiều hơn và mạnh hơn. | B. Giảm, vì các chất bị phân hủy. | C. Không đổi, vì tốc độ chỉ phụ thuộc nồng độ. | D. Tăng rồi giảm về 0.",A,1,90,"Nhiệt độ cao làm các hạt chuyển động nhanh hơn nên tần số va chạm tăng và tỉ lệ va chạm đủ năng lượng cũng tăng, do đó tốc độ phản ứng tăng."
DM-HSA-02-HH,Đề mẫu HSA365 số 02 — Hóa học,128,Khoa học,28,Hóa đại cương,3,Trắc nghiệm,Chất nào sau đây là chất điện li mạnh?,A. NaCl | B. CH₃COOH | C. C₂H₅OH | D. H₂O,A,1,90,"NaCl phân li hoàn toàn thành Na⁺ và Cl⁻ trong nước nên là chất điện li mạnh. Axit axetic là chất điện li yếu, còn etanol không điện li."
DM-HSA-02-HH,Đề mẫu HSA365 số 02 — Hóa học,129,Khoa học,29,Hóa vô cơ,3,Trắc nghiệm,Chất nào sau đây được dùng để làm mềm nước cứng tạm thời?,A. Đun sôi nước | B. Thêm muối ăn | C. Thêm axit clohiđric | D. Lọc qua cát,A,1,90,"Nước cứng tạm thời chứa muối hiđrocacbonat của canxi và magie; khi đun sôi, các muối này phân hủy tạo kết tủa cacbonat nên độ cứng giảm. Nước cứng vĩnh cửu thì phải dùng hóa chất."
DM-HSA-02-HH,Đề mẫu HSA365 số 02 — Hóa học,130,Khoa học,30,Hóa vô cơ,3,Trắc nghiệm,Phản ứng nào sau đây là phản ứng trao đổi?,A. NaOH + HCl → NaCl + H₂O | B. Fe + 2HCl → FeCl₂ + H₂ | C. 2H₂ + O₂ → 2H₂O | D. CaCO₃ → CaO + CO₂,A,1,90,"Phản ứng trao đổi là phản ứng hai hợp chất đổi thành phần cho nhau và không có nguyên tố nào thay đổi số oxi hóa. Ba phản ứng còn lại lần lượt là thế, hóa hợp và phân hủy."
DM-HSA-02-HH,Đề mẫu HSA365 số 02 — Hóa học,131,Khoa học,31,Hóa vô cơ,3,Trắc nghiệm,Để nhận biết khí CO₂ người ta dùng:,A. Nước vôi trong | B. Quỳ tím khô | C. Dung dịch NaCl | D. Dung dịch KNO₃,A,1,90,CO₂ làm nước vôi trong bị vẩn đục do tạo kết tủa CaCO₃. Nếu tiếp tục sục dư CO₂ thì kết tủa tan trở lại tạo Ca(HCO₃)₂ — chi tiết này hay được đề khai thác.
DM-HSA-02-HH,Đề mẫu HSA365 số 02 — Hóa học,132,Khoa học,32,Hóa vô cơ,3,Trắc nghiệm,Kim loại nào sau đây được điều chế bằng phương pháp điện phân nóng chảy?,A. Al | B. Cu | C. Fe | D. Ag,A,1,90,"Nhôm hoạt động mạnh nên không thể khử bằng chất khử thông thường, phải điện phân nóng chảy Al₂O₃. Đồng, sắt, bạc có thể điều chế bằng phương pháp nhiệt luyện hoặc thủy luyện."
DM-HSA-02-HH,Đề mẫu HSA365 số 02 — Hóa học,133,Khoa học,33,Hóa vô cơ,3,Trắc nghiệm,Hiện tượng ăn mòn điện hóa xảy ra khi:,A. Hai kim loại khác nhau tiếp xúc và cùng nhúng trong dung dịch chất điện li. | B. Một kim loại tinh khiết đặt trong không khí khô. | C. Kim loại tiếp xúc với chất không dẫn điện. | D. Kim loại được phủ kín bằng sơn cách điện.,A,1,90,"Ăn mòn điện hóa cần đủ ba điều kiện: hai điện cực khác bản chất, tiếp xúc điện với nhau, và cùng tiếp xúc dung dịch chất điện li. Thiếu một điều kiện thì chỉ còn ăn mòn hóa học."
DM-HSA-02-HH,Đề mẫu HSA365 số 02 — Hóa học,134,Khoa học,34,Hóa hữu cơ,3,Trắc nghiệm,Ancol etylic tác dụng với natri sinh ra khí nào?,A. H₂ | B. O₂ | C. CO₂ | D. CH₄,A,1,90,2C₂H₅OH + 2Na → 2C₂H₅ONa + H₂↑. Nhóm –OH của ancol có nguyên tử hiđro linh động nên bị natri đẩy ra dưới dạng khí hiđro.
DM-HSA-02-HH,Đề mẫu HSA365 số 02 — Hóa học,135,Khoa học,35,Hóa hữu cơ,3,Trắc nghiệm,Chất nào sau đây làm quỳ tím hóa đỏ?,A. CH₃COOH | B. C₂H₅OH | C. CH₃CHO | D. C₆H₁₂O₆,A,1,90,"Axit axetic có nhóm –COOH nên mang tính axit yếu, làm quỳ tím hóa đỏ. Ancol, anđehit và glucozơ đều không làm đổi màu quỳ tím."
DM-HSA-02-HH,Đề mẫu HSA365 số 02 — Hóa học,136,Khoa học,36,Hóa hữu cơ,3,Trắc nghiệm,Phản ứng este hóa xảy ra giữa:,A. Axit cacboxylic và ancol | B. Hai ancol | C. Axit và bazơ | D. Anđehit và ancol,A,1,90,"Axit + ancol ⇌ este + nước, có xúc tác H₂SO₄ đặc và đun nóng. Phản ứng thuận nghịch nên hiệu suất không bao giờ đạt 100%."
DM-HSA-02-HH,Đề mẫu HSA365 số 02 — Hóa học,137,Khoa học,37,Hóa hữu cơ,3,Trắc nghiệm,Chất nào sau đây thuộc loại polisaccarit?,A. Tinh bột | B. Glucozơ | C. Fructozơ | D. Saccarozơ,A,1,90,"Tinh bột và xenlulozơ là polisaccarit. Glucozơ và fructozơ là monosaccarit, còn saccarozơ là đisaccarit."
DM-HSA-02-HH,Đề mẫu HSA365 số 02 — Hóa học,138,Khoa học,38,Hóa hữu cơ,3,Trắc nghiệm,Amino axit có tính chất lưỡng tính vì trong phân tử có:,A. Đồng thời nhóm –NH₂ và nhóm –COOH. | B. Chỉ có nhóm –COOH. | C. Chỉ có nhóm –NH₂. | D. Liên kết đôi C=C.,A,1,90,"Nhóm –COOH mang tính axit còn nhóm –NH₂ mang tính bazơ, nên amino axit vừa phản ứng được với axit vừa phản ứng được với bazơ."
DM-HSA-02-HH,Đề mẫu HSA365 số 02 — Hóa học,139,Khoa học,39,Hóa đại cương,3,Trắc nghiệm,Trộn 100 ml dung dịch HCl 1M với 100 ml dung dịch NaOH 1M. Dung dịch thu được có môi trường:,A. Trung tính | B. Axit | C. Bazơ | D. Không xác định được,A,1,90,"Số mol HCl = 0,1 mol, số mol NaOH = 0,1 mol; phản ứng theo tỉ lệ 1:1 nên cả hai vừa hết, dung dịch chỉ còn NaCl là muối trung tính."
DM-HSA-02-HH,Đề mẫu HSA365 số 02 — Hóa học,140,Khoa học,40,Hóa vô cơ,3,Trắc nghiệm,"Cho dung dịch NaOH dư vào dung dịch CuSO₄, hiện tượng quan sát được là:",A. Xuất hiện kết tủa xanh lam | B. Xuất hiện kết tủa nâu đỏ | C. Có khí không màu thoát ra | D. Không có hiện tượng gì,A,1,90,"Phản ứng trao đổi tạo Cu(OH)₂ là kết tủa màu xanh lam đặc trưng. Kết tủa nâu đỏ là Fe(OH)₃, thuộc muối sắt(III) chứ không phải muối đồng."
DM-HSA-02-HH,Đề mẫu HSA365 số 02 — Hóa học,141,Khoa học,41,Hóa vô cơ,3,Trắc nghiệm,Cần bao nhiêu ml dung dịch HCl 2 M để trung hòa vừa đủ 100 ml dung dịch NaOH 1 M?,A. 50 ml | B. 200 ml | C. 100 ml | D. 25 ml,A,1,90,"n(NaOH) = 0,1 × 1 = 0,1 mol. Phản ứng NaOH + HCl → NaCl + H₂O theo tỉ lệ 1 : 1 nên n(HCl) = 0,1 mol ⟹ V = 0,1/2 = 0,05 L = 50 ml."
DM-HSA-02-HH,Đề mẫu HSA365 số 02 — Hóa học,142,Khoa học,42,Hóa hữu cơ,3,Trắc nghiệm,Thuốc thử nào phân biệt được ancol etylic và axit axetic chỉ trong một lần thử?,A. Dung dịch NaHCO₃ | B. Kim loại Na | C. Dung dịch AgNO₃ trong NH₃ | D. Nước brom,A,1,90,"Chỉ axit axetic phản ứng với NaHCO₃ và giải phóng khí CO₂; ancol etylic không có tính axit đủ mạnh nên không có hiện tượng. Natri thì cả hai đều sủi bọt nên không phân biệt được."
DM-HSA-02-HH,Đề mẫu HSA365 số 02 — Hóa học,143,Khoa học,43,Hóa đại cương,3,Trắc nghiệm,"Trong phản ứng Fe + CuSO₄ → FeSO₄ + Cu, vai trò của sắt là:",A. Chất khử | B. Chất oxi hóa | C. Vừa khử vừa oxi hóa | D. Không thay đổi số oxi hóa,A,1,90,"Số oxi hóa của sắt tăng từ 0 lên +2, tức sắt nhường electron nên là chất khử. Ion đồng nhận electron nên nó mới là chất oxi hóa."
DM-HSA-02-HH,Đề mẫu HSA365 số 02 — Hóa học,144,Khoa học,44,Hóa vô cơ,3,Trắc nghiệm,"Cho dung dịch BaCl₂ vào dung dịch Na₂SO₄, hiện tượng là:",A. Xuất hiện kết tủa trắng không tan trong axit | B. Xuất hiện kết tủa trắng tan trong axit | C. Có khí không màu thoát ra | D. Không có hiện tượng,A,1,90,"Phản ứng tạo BaSO₄ là kết tủa trắng, đặc trưng ở chỗ không tan trong axit mạnh — nhờ vậy nó được dùng để nhận biết ion sunfat."
DM-HSA-02-HH,Đề mẫu HSA365 số 02 — Hóa học,145,Khoa học,45,Hóa hữu cơ,3,Trắc nghiệm,Chất béo là trieste của glixerol với:,A. Axit béo | B. Ancol đơn chức | C. Axit vô cơ | D. Anđehit,A,1,90,"Chất béo được tạo từ một phân tử glixerol (ba nhóm −OH) và ba phân tử axit béo, nên khi thủy phân trong kiềm luôn cho glixerol và muối của axit béo theo tỉ lệ 1 : 3."
DM-HSA-02-HH,Đề mẫu HSA365 số 02 — Hóa học,146,Khoa học,46,Hóa hữu cơ,3,Trắc nghiệm,Phản ứng nào sau đây được gọi là phản ứng xà phòng hóa?,A. Thủy phân chất béo trong dung dịch kiềm | B. Thủy phân tinh bột trong môi trường axit | C. Lên men glucozơ thành ancol etylic | D. Cộng hiđro vào chất béo lỏng,A,1,90,"Xà phòng hóa là phản ứng thủy phân este (cụ thể là chất béo) trong môi trường kiềm, cho muối của axit béo — chính là xà phòng — và glixerol."
DM-HSA-02-HH,Đề mẫu HSA365 số 02 — Hóa học,147,Khoa học,47,Hóa hữu cơ,4,Trắc nghiệm,"Cho 0,1 mol glucozơ tham gia phản ứng tráng bạc hoàn toàn. Khối lượng Ag thu được (Ag = 108) là:","A. 21,6 g | B. 10,8 g | C. 43,2 g | D. 32,4 g",A,1,120,"Glucozơ có nhóm –CHO nên mỗi mol cho 2 mol Ag ⟹ n(Ag) = 0,2 mol ⟹ m = 0,2 × 108 = 21,6 g."
DM-HSA-02-HH,Đề mẫu HSA365 số 02 — Hóa học,148,Khoa học,48,Hóa đại cương,4,Trắc nghiệm,Cho phản ứng thuận nghịch N₂ + 3H₂ ⇌ 2NH₃ (tỏa nhiệt). Để tăng hiệu suất tạo NH₃ nên:,A. Tăng áp suất và giảm nhiệt độ. | B. Giảm áp suất và tăng nhiệt độ. | C. Tăng cả áp suất và nhiệt độ. | D. Giảm cả áp suất và nhiệt độ.,A,1,120,"Theo nguyên lí chuyển dịch cân bằng: phản ứng thuận giảm số mol khí (4 → 2) nên tăng áp suất đẩy cân bằng theo chiều thuận; phản ứng thuận tỏa nhiệt nên giảm nhiệt độ cũng đẩy cân bằng theo chiều thuận."
DM-HSA-02-HH,Đề mẫu HSA365 số 02 — Hóa học,149,Khoa học,49,Hóa vô cơ,4,Trắc nghiệm,Sục từ từ khí CO₂ đến dư vào dung dịch Ca(OH)₂. Hiện tượng quan sát được là:,A. Xuất hiện kết tủa trắng rồi kết tủa tan dần. | B. Chỉ xuất hiện kết tủa trắng và không tan. | C. Không có hiện tượng gì. | D. Dung dịch chuyển sang màu xanh.,A,1,120,"Ban đầu CO₂ + Ca(OH)₂ → CaCO₃↓ + H₂O tạo kết tủa trắng. Khi CO₂ dư: CaCO₃ + CO₂ + H₂O → Ca(HCO₃)₂ tan, nên kết tủa tan trở lại."
DM-HSA-02-HH,Đề mẫu HSA365 số 02 — Hóa học,150,Khoa học,50,Hóa hữu cơ,4,Trắc nghiệm,Xà phòng hóa hoàn toàn chất béo bằng dung dịch NaOH thu được:,A. Muối của axit béo và glixerol. | B. Axit béo và glixerol. | C. Ancol etylic và muối. | D. Glucozơ và muối.,A,1,120,"Chất béo là trieste của glixerol với axit béo. Thủy phân trong môi trường kiềm tạo muối của axit béo (chính là xà phòng) và glixerol; phản ứng này không thuận nghịch."
DM-HSA-03-LS,Đề mẫu HSA365 số 03 — Lịch sử,1,Toán,1,"Hàm số, phương trình & bất phương trình",2,Trắc nghiệm,Parabol y = x² − 4x + 3 cắt trục hoành tại các điểm có hoành độ bằng bao nhiêu?,A. 1 và 3 | B. −1 và −3 | C. 0 và 4 | D. 2 và 3,A,1,60,Giải x² − 4x + 3 = 0 ⟹ (x − 1)(x − 3) = 0 ⟹ x = 1 hoặc x = 3.
DM-HSA-03-LS,Đề mẫu HSA365 số 03 — Lịch sử,2,Toán,2,"Hàm số, phương trình & bất phương trình",2,Điền đáp án,Hệ phương trình x + y = 10 và x − y = 4 có nghiệm với x bằng bao nhiêu?,,7,1,60,"Cộng vế theo vế hai phương trình: 2x = 14 ⟹ x = 7, từ đó y = 3. Phương pháp cộng đại số nhanh hơn thế khi hai phương trình đối xứng như thế này."
DM-HSA-03-LS,Đề mẫu HSA365 số 03 — Lịch sử,3,Toán,3,Số học & tỉ lệ phần trăm,2,Trắc nghiệm,"Một sản phẩm niêm yết 2.400.000 đồng. Cửa hàng giảm 15%, sau đó giảm tiếp 10% trên giá đã giảm. Giá cuối cùng là bao nhiêu?",A. 1.836.000 đồng | B. 1.800.000 đồng | C. 1.860.000 đồng | D. 1.920.000 đồng,A,1,60,"Hai lần giảm liên tiếp là phép nhân chứ không phải phép cộng: 2.400.000 × 0,85 × 0,90 = 2.400.000 × 0,765 = 1.836.000 đồng."
DM-HSA-03-LS,Đề mẫu HSA365 số 03 — Lịch sử,4,Toán,4,Số học & tỉ lệ phần trăm,2,Điền đáp án,"Một chiếc áo bán được 450.000 đồng, lãi 25% so với giá vốn. Giá vốn là bao nhiêu nghìn đồng?",,360,1,60,"Gọi giá vốn là x. Lãi 25% so với giá vốn nghĩa là giá bán bằng 125% giá vốn: 1,25x = 450.000 ⟹ x = 360.000 đồng."
DM-HSA-03-LS,Đề mẫu HSA365 số 03 — Lịch sử,5,Toán,5,Số học & tỉ lệ phần trăm,2,Trắc nghiệm,Hai số có tỉ số 3 : 5 và tổng bằng 96. Số lớn bằng:,A. 60 | B. 36 | C. 58 | D. 64,A,1,60,"Tổng số phần là 3 + 5 = 8 phần, mỗi phần bằng 96 : 8 = 12. Số lớn chiếm 5 phần nên bằng 5 × 12 = 60."
DM-HSA-03-LS,Đề mẫu HSA365 số 03 — Lịch sử,6,Toán,6,"Đạo hàm, tích phân & khảo sát hàm số",2,Trắc nghiệm,Hàm số y = x³ − 3x + 2 đạt cực đại tại điểm có giá trị cực đại bằng:,A. 4 | B. 0 | C. 2 | D. −2,A,1,60,"y' = 3x² − 3 = 0 ⟹ x = ±1. Qua x = −1 đạo hàm đổi dấu từ dương sang âm nên đó là điểm cực đại; y(−1) = −1 + 3 + 2 = 4."
DM-HSA-03-LS,Đề mẫu HSA365 số 03 — Lịch sử,7,Toán,7,"Đạo hàm, tích phân & khảo sát hàm số",2,Điền đáp án,Cho f(x) = x³. Giá trị f'(2) bằng bao nhiêu?,,12,1,60,"f'(x) = 3x², nên f'(2) = 3 × 4 = 12. Lưu ý phải đạo hàm trước rồi mới thay số, không thay số trước."
DM-HSA-03-LS,Đề mẫu HSA365 số 03 — Lịch sử,8,Toán,8,Tổ hợp & xác suất,2,Trắc nghiệm,Có bao nhiêu cách chọn 3 người từ một nhóm 10 người để lập một tổ công tác (không phân biệt vai trò)?,A. 120 | B. 720 | C. 30 | D. 1000,A,1,60,"Không phân biệt vai trò nên dùng tổ hợp: C(10, 3) = 10!/(3!·7!) = 120."
DM-HSA-03-LS,Đề mẫu HSA365 số 03 — Lịch sử,9,Toán,9,Tổ hợp & xác suất,2,Trắc nghiệm,Gieo đồng thời hai con xúc xắc cân đối. Xác suất để tổng số chấm bằng 7 là:,A. 1/6 | B. 1/12 | C. 7/36 | D. 1/9,A,1,60,"Có 36 kết quả đồng khả năng. Các cặp cho tổng 7 là (1,6), (2,5), (3,4), (4,3), (5,2), (6,1) — 6 kết quả. Xác suất = 6/36 = 1/6."
DM-HSA-03-LS,Đề mẫu HSA365 số 03 — Lịch sử,10,Toán,10,Tổ hợp & xác suất,2,Trắc nghiệm,Tung một đồng xu ba lần. Số kết quả có thể xảy ra là:,A. 8 | B. 6 | C. 3 | D. 9,A,1,60,"Mỗi lần tung có 2 kết quả, ba lần độc lập nên theo quy tắc nhân có 2³ = 8 kết quả."
DM-HSA-03-LS,Đề mẫu HSA365 số 03 — Lịch sử,11,Toán,11,Tổ hợp & xác suất,2,Trắc nghiệm,Rút ngẫu nhiên một lá từ bộ bài 52 lá. Xác suất rút được quân át là:,A. 1/13 | B. 1/52 | C. 4/13 | D. 1/4,A,1,60,"Bộ bài có 4 quân át trong 52 lá, nên xác suất là 4/52 = 1/13."
DM-HSA-03-LS,Đề mẫu HSA365 số 03 — Lịch sử,12,Toán,12,Hình học tọa độ,2,Trắc nghiệm,Đường tròn x² + y² − 2x + 4y − 20 = 0 có bán kính bằng:,A. 5 | B. 20 | C. √20 | D. 4,A,1,60,"Với dạng x² + y² − 2ax − 2by + c = 0 thì tâm I(a; b), R = √(a² + b² − c). Ở đây a = 1, b = −2, c = −20 ⟹ R = √(1 + 4 + 20) = 5."
DM-HSA-03-LS,Đề mẫu HSA365 số 03 — Lịch sử,13,Toán,13,Hình học tọa độ,2,Điền đáp án,Đường tròn có phương trình (x − 2)² + (y + 1)² = 9. Bán kính của đường tròn bằng bao nhiêu?,,3,1,60,"Ở dạng chính tắc (x − a)² + (y − b)² = R², vế phải là BÌNH PHƯƠNG bán kính. Từ R² = 9 suy ra R = 3."
DM-HSA-03-LS,Đề mẫu HSA365 số 03 — Lịch sử,14,Toán,14,Hình học tọa độ,2,Trắc nghiệm,"Cho A(1; 2) và B(4; 6). Độ dài vectơ AB bằng:",A. 5 | B. 7 | C. 25 | D. √7,A,1,60,"Vectơ AB = (4 − 1; 6 − 2) = (3; 4), độ dài bằng √(3² + 4²) = 5. Độ dài vectơ AB chính là khoảng cách giữa hai điểm."
DM-HSA-03-LS,Đề mẫu HSA365 số 03 — Lịch sử,15,Toán,15,Mũ & logarit,2,Trắc nghiệm,"Với a > 0 và a ≠ 1, giá trị của log_a(a³) bằng:",A. 3 | B. a³ | C. 3a | D. 1/3,A,1,60,"Logarit và lũy thừa cùng cơ số triệt tiêu nhau: log_a(a^n) = n, nên kết quả là 3."
DM-HSA-03-LS,Đề mẫu HSA365 số 03 — Lịch sử,16,Toán,16,Mũ & logarit,2,Trắc nghiệm,Rút gọn biểu thức log₂6 − log₂3 được kết quả:,A. 1 | B. 2 | C. log₂3 | D. 3,A,1,60,Hiệu hai logarit cùng cơ số bằng logarit của thương: log₂(6/3) = log₂2 = 1.
DM-HSA-03-LS,Đề mẫu HSA365 số 03 — Lịch sử,17,Toán,17,Hình học phẳng & không gian,2,Trắc nghiệm,Tam giác vuông có hai cạnh góc vuông bằng 6 cm và 8 cm. Đường cao ứng với cạnh huyền bằng:,"A. 4,8 cm | B. 5 cm | C. 4 cm | D. 7 cm",A,1,60,"Cạnh huyền = √(6² + 8²) = 10 cm. Diện tích tính hai cách: (6 × 8)/2 = (10 × h)/2 ⟹ h = 48/10 = 4,8 cm."
DM-HSA-03-LS,Đề mẫu HSA365 số 03 — Lịch sử,18,Toán,18,Hình học phẳng & không gian,2,Điền đáp án,"Hình tròn có bán kính 7 cm. Lấy π ≈ 22/7, chu vi hình tròn bằng bao nhiêu cm?",,44,1,60,Chu vi hình tròn C = 2πr = 2 × 22/7 × 7 = 44 cm. Chọn bán kính là bội của 7 giúp phép tính gọn hẳn.
DM-HSA-03-LS,Đề mẫu HSA365 số 03 — Lịch sử,19,Toán,19,Hình học phẳng & không gian,2,Trắc nghiệm,"Hình hộp chữ nhật có ba kích thước 3 cm, 4 cm và 5 cm. Thể tích của nó bằng:",A. 60 cm³ | B. 47 cm³ | C. 94 cm³ | D. 12 cm³,A,1,60,Thể tích hình hộp chữ nhật là tích ba kích thước: 3 × 4 × 5 = 60 cm³.
DM-HSA-03-LS,Đề mẫu HSA365 số 03 — Lịch sử,20,Toán,20,Hình học phẳng & không gian,2,Trắc nghiệm,Diện tích của tam giác đều cạnh 6 cm bằng:,A. 9√3 cm² | B. 18√3 cm² | C. 36√3 cm² | D. 6√3 cm²,A,1,60,Tam giác đều cạnh a có diện tích a²√3/4 = 36√3/4 = 9√3 cm².
DM-HSA-03-LS,Đề mẫu HSA365 số 03 — Lịch sử,21,Toán,21,"Dãy số, cấp số cộng & cấp số nhân",2,Trắc nghiệm,"Cấp số cộng (uₙ) có u₁ = 5, công sai d = 3. Số hạng u₂₀ bằng:",A. 62 | B. 65 | C. 59 | D. 60,A,1,60,uₙ = u₁ + (n − 1)d ⟹ u₂₀ = 5 + 19 × 3 = 62.
DM-HSA-03-LS,Đề mẫu HSA365 số 03 — Lịch sử,22,Toán,22,"Dãy số, cấp số cộng & cấp số nhân",2,Điền đáp án,Cấp số cộng có u₁ = 1 và công sai d = 4. Tổng của 10 số hạng đầu tiên bằng bao nhiêu?,,190,1,60,"Sₙ = n/2 × [2u₁ + (n − 1)d] = 10/2 × [2 + 9 × 4] = 5 × 38 = 190. Có thể kiểm bằng cách khác: u₁₀ = 1 + 9 × 4 = 37, S = 10 × (1 + 37)/2 = 190."
DM-HSA-03-LS,Đề mẫu HSA365 số 03 — Lịch sử,23,Toán,23,Thống kê & xử lý số liệu,2,Trắc nghiệm,"Bốn tổ của một lớp có số học sinh lần lượt là 8; 10; 12; 10. Số học sinh trung bình của mỗi tổ là:",A. 10 | B. 9 | C. 11 | D. 40,A,1,60,"Tổng số học sinh là 8 + 10 + 12 + 10 = 40, chia cho 4 tổ được 10 học sinh mỗi tổ."
DM-HSA-03-LS,Đề mẫu HSA365 số 03 — Lịch sử,24,Toán,24,Thống kê & xử lý số liệu,2,Trắc nghiệm,"Khoảng biến thiên của mẫu số liệu 12; 5; 20; 8 bằng:","A. 15 | B. 11,25 | C. 8 | D. 20",A,1,60,Khoảng biến thiên bằng giá trị lớn nhất trừ giá trị nhỏ nhất: 20 − 5 = 15.
DM-HSA-03-LS,Đề mẫu HSA365 số 03 — Lịch sử,25,Toán,25,Thống kê & xử lý số liệu,2,Trắc nghiệm,"Doanh thu bốn quý của một doanh nghiệp lần lượt là 120; 150; 180; 210 (tỉ đồng). Doanh thu quý IV tăng bao nhiêu phần trăm so với quý I?","A. 75% | B. 42,9% | C. 90% | D. 175%",A,1,60,"Mức tăng tương đối = (210 − 120)/120 = 90/120 = 0,75 = 75%."
DM-HSA-03-LS,Đề mẫu HSA365 số 03 — Lịch sử,26,Toán,26,Thống kê & xử lý số liệu,2,Trắc nghiệm,"Trung vị của mẫu số liệu 3; 5; 8; 10 là:","A. 6,5 | B. 5 | C. 8 | D. 6",A,1,60,"Mẫu đã sắp xếp và có 4 giá trị (chẵn), nên trung vị là trung bình cộng hai giá trị ở giữa: (5 + 8)/2 = 6,5."
DM-HSA-03-LS,Đề mẫu HSA365 số 03 — Lịch sử,27,Toán,27,"Hàm số, phương trình & bất phương trình",3,Trắc nghiệm,Tập xác định của hàm số y = √(x − 2)/(x − 5) là:,"A. [2; 5) ∪ (5; +∞) | B. (2; +∞) | C. [2; +∞) | D. ℝ \ {5}",A,1,90,Cần đồng thời x − 2 ≥ 0 để căn xác định và x − 5 ≠ 0 để mẫu khác 0. Kết hợp được x ≥ 2 và x ≠ 5.
DM-HSA-03-LS,Đề mẫu HSA365 số 03 — Lịch sử,28,Toán,28,"Hàm số, phương trình & bất phương trình",3,Trắc nghiệm,Hàm số y = (m − 2)x + 3 đồng biến trên ℝ khi và chỉ khi:,A. m > 2 | B. m < 2 | C. m ≥ 2 | D. m ≠ 2,A,1,90,"Hàm bậc nhất đồng biến khi hệ số góc dương: m − 2 > 0 ⟺ m > 2. Dấu bằng bị loại vì khi m = 2 hàm trở thành hằng số, không đồng biến."
DM-HSA-03-LS,Đề mẫu HSA365 số 03 — Lịch sử,29,Toán,29,"Hàm số, phương trình & bất phương trình",3,Điền đáp án,Tìm giá trị nguyên nhỏ nhất của m để phương trình x² − 2(m + 1)x + m² + 3 = 0 có hai nghiệm phân biệt.,,2,1,90,Δ' = (m + 1)² − (m² + 3) = 2m − 2. Hai nghiệm phân biệt khi Δ' > 0 ⟺ m > 1. Giá trị nguyên nhỏ nhất là m = 2.
DM-HSA-03-LS,Đề mẫu HSA365 số 03 — Lịch sử,30,Toán,30,"Hàm số, phương trình & bất phương trình",3,Trắc nghiệm,"Cho hai số thực x, y thỏa mãn x + y = 7 và xy = 12. Giá trị của x² + y² bằng:",A. 25 | B. 37 | C. 49 | D. 13,A,1,90,x² + y² = (x + y)² − 2xy = 49 − 24 = 25.
DM-HSA-03-LS,Đề mẫu HSA365 số 03 — Lịch sử,31,Toán,31,"Hàm số, phương trình & bất phương trình",3,Trắc nghiệm,Tọa độ đỉnh của parabol y = x² − 2x − 3 là:,"A. (1; −4) | B. (−1; 0) | C. (1; −3) | D. (2; −3)",A,1,90,"Hoành độ đỉnh x = −b/(2a) = 2/2 = 1. Thay vào hàm số: y = 1 − 2 − 3 = −4. Vậy đỉnh là (1; −4)."
DM-HSA-03-LS,Đề mẫu HSA365 số 03 — Lịch sử,32,Toán,32,"Hàm số, phương trình & bất phương trình",3,Điền đáp án,"Gọi x₁, x₂ là hai nghiệm của phương trình x² − 5x + 6 = 0. Giá trị của x₁³ + x₂³ bằng bao nhiêu?",,35,1,90,"Theo Viète: x₁ + x₂ = 5, x₁x₂ = 6. Dùng hằng đẳng thức x₁³ + x₂³ = (x₁ + x₂)³ − 3x₁x₂(x₁ + x₂) = 125 − 3 × 6 × 5 = 35. Có thể kiểm lại bằng hai nghiệm 2 và 3: 8 + 27 = 35."
DM-HSA-03-LS,Đề mẫu HSA365 số 03 — Lịch sử,33,Toán,33,Số học & tỉ lệ phần trăm,3,Điền đáp án,Số học sinh giỏi chiếm 20% sĩ số một lớp. Nếu có thêm 3 học sinh đạt loại giỏi (sĩ số không đổi) thì tỉ lệ này là 25%. Sĩ số của lớp là bao nhiêu?,,60,1,90,"Gọi sĩ số là n. Số học sinh giỏi ban đầu là 0,2n, sau đó là 0,2n + 3 và bằng 0,25n. Suy ra 0,05n = 3 ⟹ n = 60."
DM-HSA-03-LS,Đề mẫu HSA365 số 03 — Lịch sử,34,Toán,34,Số học & tỉ lệ phần trăm,3,Trắc nghiệm,Một ô tô đi từ A đến B với vận tốc 60 km/h rồi quay về A với vận tốc 40 km/h. Vận tốc trung bình của cả hành trình là:,A. 48 km/h | B. 50 km/h | C. 52 km/h | D. 45 km/h,A,1,90,"Vận tốc trung bình bằng tổng quãng đường chia tổng thời gian, không phải trung bình cộng hai vận tốc. Gọi quãng đường AB là s: thời gian = s/60 + s/40 = s/24, nên vận tốc trung bình = 2s : (s/24) = 48 km/h."
DM-HSA-03-LS,Đề mẫu HSA365 số 03 — Lịch sử,35,Toán,35,"Đạo hàm, tích phân & khảo sát hàm số",3,Trắc nghiệm,Đồ thị hàm số y = (x + 1)/(x − 2) có tiệm cận đứng là đường thẳng:,A. x = 2 | B. y = 2 | C. x = −1 | D. y = 1,A,1,90,Tiệm cận đứng ứng với giá trị làm mẫu số bằng 0 mà tử số khác 0: x − 2 = 0 ⟹ x = 2. Tiệm cận ngang của hàm này là y = 1.
DM-HSA-03-LS,Đề mẫu HSA365 số 03 — Lịch sử,36,Toán,36,"Đạo hàm, tích phân & khảo sát hàm số",3,Điền đáp án,"Diện tích hình phẳng giới hạn bởi đồ thị y = x², trục hoành và hai đường thẳng x = 0, x = 3 bằng bao nhiêu?",,9,1,90,S = ∫₀³ x² dx = [x³/3]₀³ = 27/3 = 9. Trên đoạn này hàm không âm nên không cần lấy giá trị tuyệt đối.
DM-HSA-03-LS,Đề mẫu HSA365 số 03 — Lịch sử,37,Toán,37,"Đạo hàm, tích phân & khảo sát hàm số",3,Trắc nghiệm,Tính tích phân ∫₀¹ (3x² + 2x) dx.,A. 2 | B. 3 | C. 1 | D. 5/2,A,1,90,Nguyên hàm là x³ + x². Thay cận: (1 + 1) − (0 + 0) = 2.
DM-HSA-03-LS,Đề mẫu HSA365 số 03 — Lịch sử,38,Toán,38,"Đạo hàm, tích phân & khảo sát hàm số",3,Điền đáp án,"Giá trị lớn nhất của hàm số f(x) = −x² + 4x + 1 trên đoạn [0; 3] bằng bao nhiêu?",,5,1,90,"f'(x) = −2x + 4 = 0 ⟹ x = 2 ∈ [0; 3]. So sánh f(0) = 1, f(2) = 5, f(3) = 4 ⟹ giá trị lớn nhất là 5."
DM-HSA-03-LS,Đề mẫu HSA365 số 03 — Lịch sử,39,Toán,39,"Đạo hàm, tích phân & khảo sát hàm số",3,Trắc nghiệm,Hàm số y = x³ − 3x² + 2 đồng biến trên khoảng nào sau đây?,"A. (2; +∞) | B. (0; 2) | C. (−1; 1) | D. (0; +∞)",A,1,90,"y' = 3x² − 6x = 3x(x − 2), triệt tiêu tại x = 0 và x = 2. Hàm đồng biến khi y' > 0, tức trên (−∞; 0) và (2; +∞); nghịch biến trên (0; 2)."
DM-HSA-03-LS,Đề mẫu HSA365 số 03 — Lịch sử,40,Toán,40,Tổ hợp & xác suất,3,Trắc nghiệm,"Từ các chữ số 0, 1, 2, 3, 4, 5 lập được bao nhiêu số tự nhiên có ba chữ số đôi một khác nhau?",A. 100 | B. 120 | C. 125 | D. 90,A,1,90,"Chữ số hàng trăm không được là 0 nên có 5 lựa chọn. Hàng chục còn 5 lựa chọn (được dùng 0, trừ chữ số đã chọn), hàng đơn vị còn 4. Tổng cộng 5 × 5 × 4 = 100 số."
DM-HSA-03-LS,Đề mẫu HSA365 số 03 — Lịch sử,41,Toán,41,Hình học tọa độ,3,Điền đáp án,"Trong không gian Oxyz cho điểm A(1; 2; 3). Khoảng cách từ A đến mặt phẳng Oxy bằng bao nhiêu?",,3,1,90,"Mặt phẳng Oxy có phương trình z = 0, nên khoảng cách từ một điểm tới nó chính là trị tuyệt đối của cao độ: |z| = 3."
DM-HSA-03-LS,Đề mẫu HSA365 số 03 — Lịch sử,42,Toán,42,Mũ & logarit,3,Trắc nghiệm,Đạo hàm của hàm số y = e^(2x) là:,A. 2e^(2x) | B. e^(2x) | C. 2xe^(2x−1) | D. e^(2x)/2,A,1,90,"Áp dụng quy tắc đạo hàm hàm hợp: (e^u)' = u'·e^u với u = 2x, u' = 2, nên y' = 2e^(2x)."
DM-HSA-03-LS,Đề mẫu HSA365 số 03 — Lịch sử,43,Toán,43,Mũ & logarit,3,Trắc nghiệm,Nghiệm của phương trình log₂(x − 1) + log₂(x + 1) = 3 là:,A. x = 3 | B. x = ±3 | C. x = 2 | D. x = 9,A,1,90,"Điều kiện x > 1. Cộng hai logarit cùng cơ số: log₂[(x − 1)(x + 1)] = 3 ⟹ x² − 1 = 8 ⟹ x² = 9 ⟹ x = ±3. Loại x = −3 vì không thỏa điều kiện, còn x = 3."
DM-HSA-03-LS,Đề mẫu HSA365 số 03 — Lịch sử,44,Toán,44,Hình học phẳng & không gian,3,Trắc nghiệm,Hình chóp tứ giác đều S.ABCD có cạnh đáy bằng a và cạnh bên bằng a√3. Thể tích khối chóp bằng:,A. a³√10 / 6 | B. a³√3 / 3 | C. a³√2 / 6 | D. a³√10 / 3,A,1,90,Nửa đường chéo đáy = a√2/2. Chiều cao h = √(3a² − a²/2) = √(5a²/2) = a√10/2. Thể tích V = (1/3) × a² × a√10/2 = a³√10/6.
DM-HSA-03-LS,Đề mẫu HSA365 số 03 — Lịch sử,45,Toán,45,Hình học phẳng & không gian,3,Điền đáp án,Một hình trụ có bán kính đáy 3 cm và chiều cao 5 cm. Diện tích xung quanh của hình trụ bằng kπ (cm²). Giá trị của k là bao nhiêu?,,30,1,90,S_xq = 2πrh = 2π × 3 × 5 = 30π. Vậy k = 30.
DM-HSA-03-LS,Đề mẫu HSA365 số 03 — Lịch sử,46,Toán,46,Hình học phẳng & không gian,3,Điền đáp án,Hình vuông có đường chéo dài 8 cm. Diện tích hình vuông bằng bao nhiêu cm²?,,32,1,90,"Với hình vuông, diện tích bằng nửa bình phương đường chéo: S = d²/2 = 64/2 = 32 cm². Cách khác: cạnh a = 8/√2 = 4√2, nên S = a² = 32."
DM-HSA-03-LS,Đề mẫu HSA365 số 03 — Lịch sử,47,Toán,47,"Dãy số, cấp số cộng & cấp số nhân",3,Điền đáp án,Cấp số nhân (uₙ) có u₁ = 3 và công bội q = 2. Tổng 8 số hạng đầu tiên bằng bao nhiêu?,,765,1,90,Sₙ = u₁(qⁿ − 1)/(q − 1) = 3 × (2⁸ − 1)/1 = 3 × 255 = 765.
DM-HSA-03-LS,Đề mẫu HSA365 số 03 — Lịch sử,48,Toán,48,Thống kê & xử lý số liệu,3,Trắc nghiệm,"Để thể hiện sự chuyển dịch cơ cấu kinh tế của một vùng qua 5 năm liên tiếp, dạng biểu đồ thích hợp nhất là:",A. Biểu đồ miền | B. Biểu đồ tròn | C. Biểu đồ đường | D. Biểu đồ cột ghép,A,1,90,"Từ khóa ""cơ cấu"" kết hợp với từ 4 năm trở lên dẫn đến biểu đồ miền. Nếu chỉ 1 năm thì dùng biểu đồ tròn, từ 2 đến 3 năm thì dùng nhiều hình tròn."
DM-HSA-03-LS,Đề mẫu HSA365 số 03 — Lịch sử,49,Toán,49,Thống kê & xử lý số liệu,3,Trắc nghiệm,"Sản lượng năm 2020 là 200 nghìn tấn, năm 2024 là 260 nghìn tấn. Sản lượng đã tăng bao nhiêu phần trăm?","A. 30% | B. 23,1% | C. 130% | D. 60%",A,1,90,Mức tăng tương đối = (260 − 200)/200 × 100% = 60/200 × 100% = 30%.
DM-HSA-03-LS,Đề mẫu HSA365 số 03 — Lịch sử,50,Toán,50,Thống kê & xử lý số liệu,4,Trắc nghiệm,Một mẫu số liệu có trung bình 10 và độ lệch chuẩn 3. Nếu cộng thêm 5 vào mỗi giá trị thì mẫu mới có:,A. Trung bình 15 và độ lệch chuẩn 3 | B. Trung bình 15 và độ lệch chuẩn 8 | C. Trung bình 10 và độ lệch chuẩn 8 | D. Trung bình 15 và độ lệch chuẩn 15,A,1,120,"Cộng cùng một hằng số vào mọi giá trị làm dịch chuyển toàn bộ mẫu nên trung bình tăng đúng 5, nhưng khoảng cách giữa các giá trị không đổi nên độ lệch chuẩn giữ nguyên bằng 3."
DM-HSA-03-LS,Đề mẫu HSA365 số 03 — Lịch sử,51,Văn,1,Ngữ pháp & lỗi sai trong câu,2,Trắc nghiệm,Câu nào dưới đây mắc lỗi thiếu chủ ngữ?,"A. Qua tác phẩm ""Chí Phèo"" đã cho thấy số phận bi thảm của người nông dân. | B. Tác phẩm ""Chí Phèo"" đã cho thấy số phận bi thảm của người nông dân. | C. Nam Cao đã cho thấy số phận bi thảm của người nông dân qua ""Chí Phèo"". | D. Số phận bi thảm của người nông dân hiện lên rõ nét trong ""Chí Phèo"".",A,1,60,"Cụm ""Qua tác phẩm Chí Phèo"" là trạng ngữ, nên câu A chỉ còn vị ngữ mà không có chủ ngữ. Sửa bằng cách bỏ ""Qua"" hoặc thêm chủ ngữ: ""Qua tác phẩm Chí Phèo, Nam Cao đã cho thấy...""."
DM-HSA-03-LS,Đề mẫu HSA365 số 03 — Lịch sử,52,Văn,2,Ngữ pháp & lỗi sai trong câu,2,Trắc nghiệm,Câu nào dưới đây mắc lỗi dùng sai quan hệ từ?,A. Tuy trời mưa to nhưng vì đường ngập nên chúng tôi phải ở nhà. | B. Tuy trời mưa to nhưng chúng tôi vẫn đi học. | C. Vì trời mưa to nên chúng tôi phải ở nhà. | D. Nếu trời mưa to thì chúng tôi sẽ ở nhà.,A,1,60,"Câu A chồng hai cặp quan hệ từ trái nghĩa nhau: ""tuy… nhưng"" chỉ sự tương phản, còn ""vì… nên"" chỉ nguyên nhân — kết quả. Dùng đồng thời làm lô-gíc câu mâu thuẫn."
DM-HSA-03-LS,Đề mẫu HSA365 số 03 — Lịch sử,53,Văn,3,Ngữ pháp & lỗi sai trong câu,2,Trắc nghiệm,Câu ghép nào sau đây có quan hệ nguyên nhân — kết quả?,"A. Vì chuẩn bị kỹ nên bạn ấy trình bày rất tự tin. | B. Bạn ấy vừa hát hay vừa vẽ đẹp. | C. Trời càng về khuya, sương càng dày. | D. Nếu chăm chỉ, em sẽ tiến bộ.",A,1,60,"Cặp quan hệ từ ""vì… nên"" biểu thị quan hệ nguyên nhân — kết quả. Câu B là quan hệ đồng thời, câu C là tăng tiến, câu D là điều kiện — giả thiết."
DM-HSA-03-LS,Đề mẫu HSA365 số 03 — Lịch sử,54,Văn,4,"Tác giả, tác phẩm & giai đoạn văn học",2,Trắc nghiệm,"""Tuyên ngôn Độc lập"" của Hồ Chí Minh mở đầu bằng cách trích dẫn văn bản nào?",A. Tuyên ngôn Độc lập của Mĩ và Tuyên ngôn Nhân quyền và Dân quyền của Pháp. | B. Bình Ngô đại cáo của Nguyễn Trãi. | C. Hiến chương Liên hợp quốc. | D. Nam quốc sơn hà của Lý Thường Kiệt.,A,1,60,"Mở đầu bằng chính tuyên ngôn của hai nước ấy là một đòn lập luận sắc bén: lấy lí lẽ của đối phương làm căn cứ cho mình, khiến họ không thể phủ nhận."
DM-HSA-03-LS,Đề mẫu HSA365 số 03 — Lịch sử,55,Văn,5,"Tác giả, tác phẩm & giai đoạn văn học",2,Trắc nghiệm,"Bài thơ ""Tây Tiến"" của Quang Dũng viết về đối tượng nào?",A. Người lính trong đoàn quân Tây Tiến thời kháng chiến chống Pháp. | B. Người nông dân vùng Tây Bắc trong cải cách ruộng đất. | C. Những người lính lái xe trên tuyến đường Trường Sơn. | D. Đoàn dân công hỏa tuyến trong chiến dịch Điện Biên Phủ.,A,1,60,"""Tây Tiến"" (1948) viết về đoàn quân Tây Tiến trong kháng chiến chống Pháp, nơi Quang Dũng từng là đại đội trưởng."
DM-HSA-03-LS,Đề mẫu HSA365 số 03 — Lịch sử,56,Văn,6,"Tác giả, tác phẩm & giai đoạn văn học",2,Trắc nghiệm,"Bài thơ ""Việt Bắc"" của Tố Hữu được viết theo thể thơ nào?",A. Lục bát | B. Tự do | C. Thất ngôn bát cú | D. Song thất lục bát,A,1,60,"""Việt Bắc"" viết bằng thể lục bát, sử dụng lối đối đáp ""mình — ta"" quen thuộc của ca dao để nói chuyện chính trị — đây chính là nét đặc sắc của bài thơ."
DM-HSA-03-LS,Đề mẫu HSA365 số 03 — Lịch sử,57,Văn,7,"Tác giả, tác phẩm & giai đoạn văn học",2,Trắc nghiệm,"Tùy bút ""Người lái đò Sông Đà"" của Nguyễn Tuân ca ngợi điều gì ở nhân vật ông lái đò?",A. Chất tài hoa nghệ sĩ trong lao động bình thường. | B. Tinh thần chiến đấu chống giặc ngoại xâm. | C. Lòng hiếu thảo với cha mẹ. | D. Sự giàu có nhờ nghề sông nước.,A,1,60,"Nguyễn Tuân nhìn con người ở phương diện tài hoa nghệ sĩ. Ông lái đò vượt thác được miêu tả như một nghệ sĩ điêu luyện, biến công việc mưu sinh thành một cuộc trình diễn tài nghệ."
DM-HSA-03-LS,Đề mẫu HSA365 số 03 — Lịch sử,58,Văn,8,Đọc hiểu văn bản,2,Trắc nghiệm,Ý chính của đoạn trích là gì?,A. Khối lượng chữ ta đọc mỗi ngày tăng lên nhưng chiều sâu của việc đọc lại giảm đi. | B. Màn hình điện tử là nguyên nhân khiến con người không còn đọc sách. | C. Sách giấy có giá trị cao hơn hẳn so với mọi loại văn bản trên mạng. | D. Người trẻ ngày nay lười đọc hơn các thế hệ trước.,A,1,60,"Đoạn mở đầu nêu nghịch lý ""đọc nhiều hơn nhưng hời hợt hơn"", các đoạn sau triển khai chính nghịch lý đó. Đây là ý bao trùm cả ba đoạn."
DM-HSA-03-LS,Đề mẫu HSA365 số 03 — Lịch sử,59,Văn,9,Đọc hiểu văn bản,2,Trắc nghiệm,"Nhan đề ""Bức tường xanh của vùng cửa sông"" chỉ đối tượng nào?",A. Rừng ngập mặn | B. Hệ thống đê bê tông | C. Các đầm nuôi tôm | D. Lớp bùn đáy giàu các-bon,A,1,60,"""Bức tường"" là hình ảnh ẩn dụ cho chức năng chắn sóng, ""xanh"" chỉ cây cối — cả cụm chỉ rừng ngập mặn, đối tượng xuyên suốt văn bản."
DM-HSA-03-LS,Đề mẫu HSA365 số 03 — Lịch sử,60,Văn,10,Đọc hiểu văn bản,2,Trắc nghiệm,Ý chính của đoạn trích là gì?,"A. Đô thị hóa là tất yếu, nhưng cần ghi lại những gì bị xóa đi để giữ ký ức chung. | B. Cần dừng việc mở rộng đô thị để bảo tồn cảnh quan cũ. | C. Thành phố hiện đại hơn hẳn thành phố cũ về mọi mặt. | D. Người già thường hoài niệm và khó chấp nhận cái mới.",A,1,60,"Tác giả thừa nhận ""không ai phản đối được logic ấy"" của đô thị hóa, nhưng đoạn cuối chốt lại vấn đề là ""mỗi lần xóa đi một thứ, chúng ta có kịp ghi lại nó ở đâu đó hay không"". Đó là ý bao trùm cả bài."
DM-HSA-03-LS,Đề mẫu HSA365 số 03 — Lịch sử,61,Văn,11,Biện pháp tu từ & phong cách,2,Trắc nghiệm,"Câu ""Mặt trời của bắp thì nằm trên đồi / Mặt trời của mẹ, em nằm trên lưng"" (Nguyễn Khoa Điềm) sử dụng biện pháp tu từ nào ở hình ảnh ""mặt trời của mẹ""?",A. Ẩn dụ | B. Hoán dụ | C. Nói quá | D. Nhân hóa,A,1,60,"Đứa con được gọi là ""mặt trời của mẹ"" dựa trên nét tương đồng về vai trò: nguồn sống, nguồn ấm áp. Gọi tên sự vật này bằng tên sự vật khác có nét tương đồng chính là ẩn dụ."
DM-HSA-03-LS,Đề mẫu HSA365 số 03 — Lịch sử,62,Văn,12,Biện pháp tu từ & phong cách,2,Trắc nghiệm,"Câu ""Ông trời nổi giận, sấm chớp đùng đùng."" sử dụng biện pháp nào?",A. Nhân hóa | B. Ẩn dụ | C. Nói quá | D. Điệp ngữ,A,1,60,"Gán trạng thái cảm xúc của con người (""nổi giận"") cho hiện tượng tự nhiên chính là nhân hóa. Cách này làm thiên nhiên trở nên sống động và gần gũi."
DM-HSA-03-LS,Đề mẫu HSA365 số 03 — Lịch sử,63,Văn,13,Biện pháp tu từ & phong cách,2,Trắc nghiệm,"Câu ""Bàn tay ta làm nên tất cả / Có sức người sỏi đá cũng thành cơm"" dùng biện pháp gì ở cụm ""sỏi đá cũng thành cơm""?",A. Nói quá | B. Nói giảm nói tránh | C. Chơi chữ | D. Liệt kê,A,1,60,"Sỏi đá không thể thành cơm; đây là cách phóng đại có chủ ý để nhấn mạnh sức mạnh của lao động. Nói quá luôn nhằm gây ấn tượng chứ không nhằm nói dối."
DM-HSA-03-LS,Đề mẫu HSA365 số 03 — Lịch sử,64,Văn,14,Từ vựng & nghĩa của từ,2,Trắc nghiệm,Từ nào KHÔNG cùng trường nghĩa với các từ còn lại?,A. Rực rỡ | B. Chan chứa | C. Lộng lẫy | D. Huy hoàng,B,1,60,"""Rực rỡ"", ""lộng lẫy"", ""huy hoàng"" đều chỉ vẻ đẹp sáng chói, tráng lệ. ""Chan chứa"" chỉ trạng thái đầy tràn của tình cảm, thuộc trường nghĩa khác."
DM-HSA-03-LS,Đề mẫu HSA365 số 03 — Lịch sử,65,Văn,15,Từ vựng & nghĩa của từ,2,Trắc nghiệm,"Trong các từ sau, từ nào là từ láy?",A. Lấp lánh | B. Bàn ghế | C. Sách vở | D. Quần áo,A,1,60,"""Lấp lánh"" có quan hệ láy âm giữa hai tiếng và một tiếng không có nghĩa độc lập. Ba từ còn lại là từ ghép đẳng lập, mỗi tiếng đều có nghĩa riêng."
DM-HSA-03-LS,Đề mẫu HSA365 số 03 — Lịch sử,66,Văn,16,Ngữ pháp & lỗi sai trong câu,3,Trắc nghiệm,"Từ nào trong câu ""Cô ấy hát rất hay."" là bổ ngữ chỉ mức độ?",A. rất | B. hát | C. hay | D. cô ấy,A,1,90,"""Rất"" đứng trước tính từ ""hay"" để nêu mức độ, nên là bổ ngữ chỉ mức độ. ""Hát… hay"" là cụm vị ngữ, ""cô ấy"" là chủ ngữ."
DM-HSA-03-LS,Đề mẫu HSA365 số 03 — Lịch sử,67,Văn,17,Ngữ pháp & lỗi sai trong câu,3,Trắc nghiệm,Câu nào dưới đây dùng dấu câu chưa đúng?,"A. Anh ấy hỏi tôi có đi cùng không? | B. Anh ấy hỏi tôi có đi cùng không. | C. Anh ấy hỏi: ""Cậu có đi cùng không?"" | D. Cậu có đi cùng không?",A,1,90,"Đây là câu tường thuật lại một câu hỏi, không phải câu hỏi trực tiếp, nên phải kết thúc bằng dấu chấm. Dấu chấm hỏi chỉ dùng khi hỏi trực tiếp hoặc khi trích nguyên lời trong ngoặc kép."
DM-HSA-03-LS,Đề mẫu HSA365 số 03 — Lịch sử,68,Văn,18,Ngữ pháp & lỗi sai trong câu,3,Trắc nghiệm,"Câu ""Với lòng nhiệt tình và trách nhiệm cao, công việc đã được hoàn thành đúng hạn."" mắc lỗi gì?","A. Sai lô-gíc quan hệ giữa trạng ngữ và chủ ngữ. | B. Thiếu vị ngữ. | C. Dùng sai quan hệ từ ""với"". | D. Lặp từ không cần thiết.",A,1,90,"Trạng ngữ ""Với lòng nhiệt tình và trách nhiệm cao"" phải bổ nghĩa cho một chủ thể là người, nhưng chủ ngữ của câu lại là ""công việc"". Sửa: ""Với lòng nhiệt tình và trách nhiệm cao, cả nhóm đã hoàn thành công việc đúng hạn."""
DM-HSA-03-LS,Đề mẫu HSA365 số 03 — Lịch sử,69,Văn,19,Ngữ pháp & lỗi sai trong câu,3,Trắc nghiệm,Câu nào sau đây mắc lỗi thiếu vị ngữ?,A. Những cuốn sách mà thầy giáo tặng tôi hồi lớp mười. | B. Những cuốn sách thầy tặng đã theo tôi suốt nhiều năm. | C. Thầy giáo tặng tôi những cuốn sách quý. | D. Tôi vẫn giữ những cuốn sách thầy tặng.,A,1,90,"Câu A chỉ có một cụm danh từ được mở rộng bằng mệnh đề quan hệ, chưa nêu hoạt động hay trạng thái nào của chủ thể. Sửa bằng cách thêm vị ngữ: ""…hồi lớp mười vẫn còn nguyên trên giá."""
DM-HSA-03-LS,Đề mẫu HSA365 số 03 — Lịch sử,70,Văn,20,Ngữ pháp & lỗi sai trong câu,3,Trắc nghiệm,"Câu ""Với sự nỗ lực không ngừng, thành tích của em đã được cải thiện."" mắc lỗi gì?",A. Trạng ngữ chỉ thái độ không bổ nghĩa được cho chủ ngữ là sự vật. | B. Thiếu chủ ngữ. | C. Dùng sai dấu câu. | D. Lặp từ không cần thiết.,A,1,90,"Trạng ngữ ""Với sự nỗ lực không ngừng"" đòi hỏi chủ thể là người, nhưng chủ ngữ của câu lại là ""thành tích"". Sửa: ""Với sự nỗ lực không ngừng, em đã cải thiện được thành tích của mình."""
DM-HSA-03-LS,Đề mẫu HSA365 số 03 — Lịch sử,71,Văn,21,"Tác giả, tác phẩm & giai đoạn văn học",3,Trắc nghiệm,"Câu thơ ""Sóng bắt đầu từ gió / Gió bắt đầu từ đâu?"" trích từ bài thơ nào?","A. ""Sóng"" của Xuân Quỳnh | B. ""Đây thôn Vĩ Dạ"" của Hàn Mặc Tử | C. ""Tràng giang"" của Huy Cận | D. ""Vội vàng"" của Xuân Diệu",A,1,90,"Đây là những câu trong bài ""Sóng"" của Xuân Quỳnh, thể hiện khát vọng truy tìm cội nguồn của tình yêu — một câu hỏi cuối cùng không có lời đáp, và chính điều đó làm nên vẻ đẹp của đoạn thơ."
DM-HSA-03-LS,Đề mẫu HSA365 số 03 — Lịch sử,72,Văn,22,"Tác giả, tác phẩm & giai đoạn văn học",3,Trắc nghiệm,Đặc điểm nào là của văn học Việt Nam giai đoạn 1945 — 1975?,A. Khuynh hướng sử thi và cảm hứng lãng mạn. | B. Chủ nghĩa hiện thực phê phán là dòng chủ đạo. | C. Đề tài đô thị và thân phận cá nhân chiếm ưu thế. | D. Chịu ảnh hưởng mạnh của văn học hậu hiện đại.,A,1,90,"Văn học giai đoạn 1945 — 1975 phục vụ hai cuộc kháng chiến, nên hướng về vận mệnh cộng đồng (khuynh hướng sử thi) và tin tưởng vào tương lai (cảm hứng lãng mạn)."
DM-HSA-03-LS,Đề mẫu HSA365 số 03 — Lịch sử,73,Văn,23,"Tác giả, tác phẩm & giai đoạn văn học",3,Trắc nghiệm,"""Truyện Kiều"" của Nguyễn Du được viết bằng thể thơ nào?",A. Lục bát | B. Song thất lục bát | C. Thất ngôn bát cú | D. Tự do,A,1,90,"""Truyện Kiều"" gồm 3254 câu thơ lục bát — thể thơ dân tộc với cặp câu 6 chữ và 8 chữ nối tiếp nhau."
DM-HSA-03-LS,Đề mẫu HSA365 số 03 — Lịch sử,74,Văn,24,"Tác giả, tác phẩm & giai đoạn văn học",3,Trắc nghiệm,Nhận định nào đúng về phong cách nghệ thuật của Nguyễn Tuân?,"A. Tài hoa, uyên bác; quan sát và miêu tả sự vật ở phương diện thẩm mĩ, con người ở phương diện tài hoa nghệ sĩ. | B. Giản dị, mộc mạc, gần với lời ăn tiếng nói hằng ngày của người nông dân. | C. Trữ tình chính trị, giàu tính sử thi và cảm hứng lãng mạn cách mạng. | D. Trào phúng sắc sảo, chuyên đả kích xã hội thành thị nửa thực dân nửa phong kiến.",A,1,90,"Nguyễn Tuân nổi tiếng với chất tài hoa, uyên bác và cái nhìn thẩm mĩ, thể hiện rõ trong ""Chữ người tử tù"" và ""Người lái đò Sông Đà""."
DM-HSA-03-LS,Đề mẫu HSA365 số 03 — Lịch sử,75,Văn,25,"Tác giả, tác phẩm & giai đoạn văn học",3,Trắc nghiệm,"Nhân vật Mị trong ""Vợ chồng A Phủ"" của Tô Hoài sống ở đâu?","A. Hồng Ngài, vùng núi Tây Bắc | B. Một làng quê Bắc Bộ | C. Vùng ven đô Hà Nội | D. Miền Tây Nam Bộ",A,1,90,"Truyện lấy bối cảnh Hồng Ngài, vùng cao Tây Bắc, nơi Mị bị bắt về làm con dâu gạt nợ cho nhà thống lí Pá Tra. Bối cảnh miền núi là yếu tố quan trọng để hiểu tục ""cúng trình ma"" trói buộc Mị."
DM-HSA-03-LS,Đề mẫu HSA365 số 03 — Lịch sử,76,Văn,26,Suy luận ngôn ngữ & liên kết ý,3,Trắc nghiệm,"Sắp xếp các câu sau thành một đoạn văn mạch lạc: (1) Vì vậy, thói quen ghi chép tay vẫn có chỗ đứng riêng. (2) Nhiều người cho rằng ghi chép bằng máy tính nhanh hơn nên hiệu quả hơn. (3) Tuy nhiên, các nghiên cứu cho thấy người ghi tay buộc phải tóm lược nên nhớ ý lâu hơn. Thứ tự đúng là:",A. (2) — (3) — (1) | B. (1) — (2) — (3) | C. (3) — (2) — (1) | D. (2) — (1) — (3),A,1,90,"Câu (2) nêu quan niệm phổ biến, câu (3) mở đầu bằng ""Tuy nhiên"" nên phải đứng sau để phản bác, câu (1) bắt đầu bằng ""Vì vậy"" nên là kết luận. Các từ nối chính là manh mối quyết định thứ tự."
DM-HSA-03-LS,Đề mẫu HSA365 số 03 — Lịch sử,77,Văn,27,Suy luận ngôn ngữ & liên kết ý,3,Trắc nghiệm,Phép thế trong liên kết câu là:,A. Dùng đại từ hoặc từ đồng nghĩa thay cho từ đã xuất hiện trước đó. | B. Lặp lại nguyên vẹn từ ngữ ở câu trước. | C. Dùng từ nối để chỉ quan hệ giữa hai câu. | D. Lược bỏ thành phần đã biết.,A,1,90,"Phép thế thay từ ngữ đã nêu bằng đại từ (""nó"", ""họ"") hoặc từ đồng nghĩa, giúp câu không lặp mà vẫn liên kết. Lặp nguyên vẹn là phép lặp, còn lược bỏ là phép tỉnh lược."
DM-HSA-03-LS,Đề mẫu HSA365 số 03 — Lịch sử,78,Văn,28,Suy luận ngôn ngữ & liên kết ý,3,Trắc nghiệm,"Đoạn văn ""Thứ nhất… Thứ hai… Thứ ba…"" sử dụng cách triển khai nào?","A. Song hành, các ý ngang hàng nhau | B. Móc xích | C. Diễn dịch | D. Quy nạp",A,1,90,"Các ý được đánh số và trình bày độc lập, ngang hàng, không ý nào dẫn tới ý nào. Đó là kiểu triển khai song hành."
DM-HSA-03-LS,Đề mẫu HSA365 số 03 — Lịch sử,79,Văn,29,Suy luận ngôn ngữ & liên kết ý,3,Trắc nghiệm,"Sắp xếp thành đoạn mạch lạc: (1) Chẳng hạn, một giờ tập trung thật sự hơn ba giờ vừa học vừa xem điện thoại. (2) Chất lượng thời gian quan trọng hơn số giờ ngồi bàn. (3) Vì vậy, hãy đo bằng việc đã làm được, đừng đo bằng đồng hồ.",A. (2) — (1) — (3) | B. (1) — (2) — (3) | C. (3) — (2) — (1) | D. (2) — (3) — (1),A,1,90,"Câu (2) nêu luận điểm, câu (1) mở đầu bằng ""Chẳng hạn"" nên phải đứng sau để làm dẫn chứng, câu (3) mở đầu bằng ""Vì vậy"" nên là kết luận. Từ nối quyết định thứ tự, không phải nội dung."
DM-HSA-03-LS,Đề mẫu HSA365 số 03 — Lịch sử,80,Văn,30,Suy luận ngôn ngữ & liên kết ý,3,Trắc nghiệm,"Câu nào sau đây KHÔNG liên kết được với câu ""Trời đổ mưa rất to.""?","A. Vì vậy, bầu trời trong xanh không một gợn mây. | B. Vì vậy, trận đấu phải hoãn lại. | C. Tuy nhiên, chúng tôi vẫn quyết định lên đường. | D. Ngoài ra, gió cũng thổi mạnh hơn.",A,1,90,Trời mưa to không thể dẫn tới bầu trời trong xanh không gợn mây — hai vế mâu thuẫn nhau về nội dung dù từ nối đúng hình thức. Liên kết cần đúng cả về từ nối lẫn lô-gíc.
DM-HSA-03-LS,Đề mẫu HSA365 số 03 — Lịch sử,81,Văn,31,Suy luận ngôn ngữ & liên kết ý,3,Trắc nghiệm,"Trong đoạn ""Đọc sách giúp mở rộng vốn từ. Vốn từ rộng giúp diễn đạt chính xác. Diễn đạt chính xác giúp thuyết phục người nghe."", quan hệ giữa các câu là:","A. Móc xích, ý sau nối tiếp ý trước | B. Song hành, các ý ngang hàng | C. Tương phản | D. Tổng — phân — hợp",A,1,90,"Phần cuối của câu trước trở thành phần đầu của câu sau (""vốn từ"", ""diễn đạt chính xác""), tạo thành chuỗi móc xích dẫn tới kết luận."
DM-HSA-03-LS,Đề mẫu HSA365 số 03 — Lịch sử,82,Văn,32,Đọc hiểu văn bản,3,Trắc nghiệm,"Theo tác giả, ""đọc chậm"" được hiểu là:","A. Chấp nhận dừng lại, đọc lại và suy ngẫm về những câu văn đáng suy ngẫm. | B. Đọc mỗi ngày một số trang cố định và không đọc quá nhiều. | C. Chỉ đọc sách giấy và tránh xa mọi văn bản trên màn hình. | D. Đọc to thành tiếng để nhớ lâu hơn.",A,1,90,"Tác giả định nghĩa trực tiếp: ""Đọc chậm là chấp nhận rằng có những câu văn đòi hỏi ta dừng lại, đọc đi đọc lại, thậm chí gấp sách để nghĩ."""
DM-HSA-03-LS,Đề mẫu HSA365 số 03 — Lịch sử,83,Văn,33,Đọc hiểu văn bản,3,Trắc nghiệm,"Cụm từ ""kẻ tiêu thụ thông tin"" trong đoạn 2 mang sắc thái gì?","A. Phê phán nhẹ, chỉ thái độ thụ động khi tiếp nhận văn bản. | B. Trung tính, chỉ đơn thuần mô tả người đọc hiện đại. | C. Ngợi ca khả năng xử lý lượng thông tin lớn của con người. | D. Hài hước, nhằm gây cười cho người đọc.",A,1,90,"Cụm từ này được đặt trong thế đối lập với ""người đối thoại với tác giả"". Phép đối lập cho thấy ""tiêu thụ"" bị đánh giá thấp hơn, mang sắc thái phê phán sự thụ động."
DM-HSA-03-LS,Đề mẫu HSA365 số 03 — Lịch sử,84,Văn,34,Đọc hiểu văn bản,3,Trắc nghiệm,Phương thức biểu đạt chính của đoạn trích là:,A. Nghị luận | B. Tự sự | C. Miêu tả | D. Thuyết minh,A,1,90,"Văn bản nêu luận điểm (""đọc nhiều nhưng hời hợt""), giải thích khái niệm và đưa lí lẽ để thuyết phục người đọc — đặc trưng của văn nghị luận."
DM-HSA-03-LS,Đề mẫu HSA365 số 03 — Lịch sử,85,Văn,35,Đọc hiểu văn bản,3,Trắc nghiệm,"Theo văn bản, vì sao rừng ngập mặn được coi là ""vườn ươm của biển""?","A. Vì tôm, cua, cá con trú ẩn trong các lạch nước nông giữa rễ cây để tránh kẻ săn mồi. | B. Vì người dân trồng cây giống ở đó rồi mang ra biển. | C. Vì đây là nơi có nhiều loài thực vật quý hiếm nhất. | D. Vì rừng ngập mặn tạo ra lượng ô-xy lớn cho nước biển.",A,1,90,Đoạn 3 nêu trực tiếp vai trò trú ẩn và sinh trưởng của thủy sản non giữa hệ rễ.
DM-HSA-03-LS,Đề mẫu HSA365 số 03 — Lịch sử,86,Văn,36,Đọc hiểu văn bản,3,Trắc nghiệm,Lập luận ở đoạn 2 thuyết phục người đọc chủ yếu bằng cách nào?,A. So sánh chi phí giữ rừng với chi phí xây và sửa đê cho cùng một mức bảo vệ. | B. Kể lại một trận bão cụ thể mà tác giả từng chứng kiến. | C. Trích dẫn phát biểu của một nhà khoa học có uy tín. | D. Miêu tả vẻ đẹp của rừng đước vào lúc thủy triều lên.,A,1,90,"Đoạn 2 đưa ra một phép so sánh kinh tế trực tiếp giữa hai giải pháp bảo vệ bờ biển — đây là lí lẽ mang tính thực dụng, dễ thuyết phục nhất trong đoạn."
DM-HSA-03-LS,Đề mẫu HSA365 số 03 — Lịch sử,87,Văn,37,Đọc hiểu văn bản,3,Trắc nghiệm,"Theo tác giả, ""ký ức chung"" tồn tại chủ yếu ở đâu?",A. Trong cách gọi tên và những chỉ dẫn quen thuộc của người dân địa phương. | B. Trong các bảo tàng và tài liệu lưu trữ của thành phố. | C. Trên những tấm biển tên phố mới. | D. Trong các công trình kiến trúc cổ được xếp hạng.,A,1,90,"Tác giả nói thẳng ""Ký ức chung không nằm trong bảo tàng"", rồi dẫn hai ví dụ đều thuộc về lời ăn tiếng nói hằng ngày: cách bà cụ gọi tên phố theo lối cũ và chỉ dẫn ""chỗ có cây gạo ngày xưa""."
DM-HSA-03-LS,Đề mẫu HSA365 số 03 — Lịch sử,88,Văn,38,Đọc hiểu văn bản,3,Trắc nghiệm,"Câu ""Có người nói tiếc nuối là thứ xa xỉ của kẻ đã no đủ. Cũng có phần đúng."" thể hiện thao tác lập luận nào?",A. Thừa nhận một phần ý kiến trái chiều trước khi phản bác. | B. Bác bỏ hoàn toàn ý kiến của người khác. | C. Chứng minh bằng số liệu thống kê. | D. So sánh hai hiện tượng tương phản.,A,1,90,"Tác giả nêu ý kiến ngược lại, thừa nhận nó ""cũng có phần đúng"", rồi dùng liên từ ""Nhưng"" để đưa ra lập luận của mình. Đây là kỹ thuật nhượng bộ — thừa nhận một phần để lập luận sau đó thuyết phục hơn."
DM-HSA-03-LS,Đề mẫu HSA365 số 03 — Lịch sử,89,Văn,39,Đọc hiểu văn bản,3,Trắc nghiệm,Tác giả phân biệt hai chuyện nào thường bị gộp làm một?,A. Sự thay đổi của ngôn ngữ và sự nghèo đi của người dùng. | B. Chữ Hán và chữ Quốc ngữ. | C. Tiếng nói và chữ viết. | D. Ngôn ngữ mạng và ngôn ngữ văn học.,A,1,90,"Đoạn 2 nêu rành mạch: ""Chuyện thứ nhất là sự thay đổi của ngôn ngữ… Chuyện thứ hai là sự nghèo đi của người dùng."" Toàn bộ lập luận sau đó dựa trên việc tách hai chuyện này ra."
DM-HSA-03-LS,Đề mẫu HSA365 số 03 — Lịch sử,90,Văn,40,Đọc hiểu văn bản,3,Trắc nghiệm,Vì sao tác giả nhắc tới việc các nhà nho từng chê chữ Quốc ngữ?,A. Để cho thấy nỗi lo ngôn ngữ đang hỏng đã lặp lại nhiều lần trong lịch sử. | B. Để chứng minh chữ Hán sâu sắc hơn chữ Quốc ngữ. | C. Để phê phán thái độ bảo thủ của các nhà nho. | D. Để giải thích nguồn gốc của chữ Quốc ngữ.,A,1,90,"Câu mở đầu nêu quy luật ""Mỗi khi một lối viết mới xuất hiện, người ta lại lo tiếng Việt đang hỏng"", rồi dẫn ví dụ lịch sử để cho thấy nỗi lo hiện nay không mới. Đây là cách đặt hiện tượng vào một chuỗi lặp lại để giảm bớt tính bi kịch của nó."
DM-HSA-03-LS,Đề mẫu HSA365 số 03 — Lịch sử,91,Văn,41,Đọc hiểu văn bản,3,Trắc nghiệm,Giải pháp mà tác giả đề xuất ở cuối bài là gì?,A. Bảo đảm người trẻ còn được đọc những văn bản đủ dài và đủ khó để buộc phải nghĩ. | B. Cấm sử dụng tiếng lóng trên mạng xã hội. | C. Khôi phục việc dạy chữ Hán trong nhà trường. | D. Chuẩn hóa lại chính tả tiếng Việt.,A,1,90,"Câu kết nêu trực tiếp giải pháp, đồng thời loại bỏ giải pháp cấm đoán: ""việc cần làm không phải là cấm một lối viết""."
DM-HSA-03-LS,Đề mẫu HSA365 số 03 — Lịch sử,92,Văn,42,Biện pháp tu từ & phong cách,3,Trắc nghiệm,"Trong câu ""Một cây làm chẳng nên non / Ba cây chụm lại nên hòn núi cao"", ""một cây"" và ""ba cây"" là biện pháp gì?",A. Hoán dụ | B. Ẩn dụ | C. Điệp ngữ | D. So sánh,A,1,90,"""Một cây"", ""ba cây"" lấy cái cụ thể để chỉ cái trừu tượng: cá nhân đơn lẻ và tập thể đoàn kết. Quan hệ ở đây là quan hệ tương cận (số ít — số nhiều, cụ thể — trừu tượng) nên là hoán dụ."
DM-HSA-03-LS,Đề mẫu HSA365 số 03 — Lịch sử,93,Văn,43,Biện pháp tu từ & phong cách,3,Trắc nghiệm,"Trong câu ""Áo chàm đưa buổi phân li"", cụm ""áo chàm"" là biện pháp gì?",A. Hoán dụ | B. Ẩn dụ | C. So sánh | D. Nhân hóa,A,1,90,"""Áo chàm"" là trang phục đặc trưng của người dân Việt Bắc, được dùng để chỉ chính con người nơi đó. Quan hệ giữa vật dụng và người dùng là quan hệ gần gũi, nên đây là hoán dụ."
DM-HSA-03-LS,Đề mẫu HSA365 số 03 — Lịch sử,94,Văn,44,Biện pháp tu từ & phong cách,3,Trắc nghiệm,Văn bản khoa học có đặc trưng phong cách nào?,"A. Tính trừu tượng, tính lí trí và tính khách quan. | B. Tính hình tượng và tính truyền cảm. | C. Tính cụ thể và tính cá thể hóa. | D. Tính công khai về quan điểm chính trị.",A,1,90,"Phong cách khoa học đòi hỏi khái niệm chính xác, lập luận chặt chẽ và loại bỏ cảm xúc cá nhân. Tính hình tượng và truyền cảm là đặc trưng của phong cách nghệ thuật."
DM-HSA-03-LS,Đề mẫu HSA365 số 03 — Lịch sử,95,Văn,45,Từ vựng & nghĩa của từ,3,Trắc nghiệm,"Chọn từ thích hợp: ""Nhà trường đã ______ nhiều biện pháp để nâng cao chất lượng dạy học.""",A. triển khai | B. triển vọng | C. phát huy | D. phát động,A,1,90,"""Triển khai biện pháp"" là kết hợp chuẩn, nghĩa là đưa vào thực hiện. ""Phát huy"" đi với ưu điểm, truyền thống; ""phát động"" đi với phong trào; ""triển vọng"" là danh từ nên không đứng ở vị trí động từ này."
DM-HSA-03-LS,Đề mẫu HSA365 số 03 — Lịch sử,96,Văn,46,Từ vựng & nghĩa của từ,3,Trắc nghiệm,Cặp từ nào sau đây là từ đồng âm?,A. Đường (đi) — đường (ăn) | B. Chân (người) — chân (bàn) | C. Ngọt (đường) — ngọt (lời nói) | D. Mũi (người) — mũi (thuyền),A,1,90,"Từ đồng âm là những từ phát âm giống nhau nhưng nghĩa hoàn toàn không liên quan. ""Đường đi"" và ""đường ăn"" thuộc loại này. Ba cặp còn lại là hiện tượng nhiều nghĩa: các nghĩa vẫn có liên hệ với nhau."
DM-HSA-03-LS,Đề mẫu HSA365 số 03 — Lịch sử,97,Văn,47,Từ vựng & nghĩa của từ,3,Trắc nghiệm,"Từ Hán Việt ""khả quan"" có nghĩa là:","A. Có thể xem là tốt, đáng để hi vọng. | B. Có thể quan sát được bằng mắt thường. | C. Đáng để suy xét kĩ lưỡng. | D. Có tính khách quan, không thiên vị.",A,1,90,"""Khả"" là có thể, ""quan"" là xem/nhìn; nghĩa gốc là ""đáng xem"", đã chuyển thành ""có triển vọng tốt"" trong tiếng Việt hiện đại (kết quả khả quan)."
DM-HSA-03-LS,Đề mẫu HSA365 số 03 — Lịch sử,98,Văn,48,Từ vựng & nghĩa của từ,3,Trắc nghiệm,"Chọn từ thích hợp điền vào chỗ trống: ""Những đóng góp thầm lặng của ông đã ______ cho sự phát triển của cả ngành.""",A. góp phần | B. góp mặt | C. góp vốn | D. góp ý,A,1,90,"""Góp phần"" đi với một quá trình, một kết quả trừu tượng (""góp phần cho/vào sự phát triển""). ""Góp mặt"" đi với sự kiện, ""góp vốn"" với kinh doanh, ""góp ý"" với ý kiến."
DM-HSA-03-LS,Đề mẫu HSA365 số 03 — Lịch sử,99,Văn,49,Từ vựng & nghĩa của từ,3,Trắc nghiệm,"Chọn từ thích hợp: ""Kết quả nghiên cứu này ______ cho giả thuyết đã nêu ở phần đầu.""",A. củng cố | B. củng có | C. cũng cố | D. củng cổ,A,1,90,"Từ đúng chính tả là ""củng cố"", nghĩa là làm cho vững chắc thêm. Ba phương án còn lại đều là biến thể sai chính tả không tồn tại trong tiếng Việt."
DM-HSA-03-LS,Đề mẫu HSA365 số 03 — Lịch sử,100,Văn,50,Đọc hiểu văn bản,4,Trắc nghiệm,"Câu ""một thứ biến mất mà không ai ký giấy cho phép"" hàm ý điều gì?","A. Ký ức chung mất đi âm thầm, không qua một quyết định nào nên không ai chịu trách nhiệm. | B. Việc phá bỏ công trình cũ được thực hiện trái phép. | C. Chính quyền cố tình giấu các quyết định quy hoạch. | D. Người dân không được tham gia góp ý quy hoạch.",A,1,120,"Hình ảnh ""ký giấy cho phép"" gợi tới thủ tục hành chính cho mọi thay đổi hữu hình. Ký ức thì không có thủ tục nào, nên nó biến mất mà không ai phải quyết định và cũng không ai phải chịu trách nhiệm."
DM-HSA-03-LS,Đề mẫu HSA365 số 03 — Lịch sử,101,Khoa học,1,Lịch sử Việt Nam,1,Trắc nghiệm,Đảng Cộng sản Việt Nam ra đời vào thời gian nào?,A. Đầu năm 1930 | B. Năm 1925 | C. Năm 1941 | D. Năm 1945,A,1,45,"Hội nghị hợp nhất ba tổ chức cộng sản do Nguyễn Ái Quốc chủ trì diễn ra đầu năm 1930; ngày 3/2/1930 được lấy làm ngày thành lập Đảng."
DM-HSA-03-LS,Đề mẫu HSA365 số 03 — Lịch sử,102,Khoa học,2,Lịch sử Việt Nam,1,Trắc nghiệm,Bản Tuyên ngôn Độc lập khai sinh nước Việt Nam Dân chủ Cộng hòa được đọc vào ngày nào?,A. 2/9/1945 | B. 19/8/1945 | C. 6/1/1946 | D. 30/4/1975,A,1,45,"Ngày 2/9/1945 tại Quảng trường Ba Đình, Chủ tịch Hồ Chí Minh đọc Tuyên ngôn Độc lập. Ngày 19/8/1945 là ngày khởi nghĩa giành chính quyền ở Hà Nội."
DM-HSA-03-LS,Đề mẫu HSA365 số 03 — Lịch sử,103,Khoa học,3,Lịch sử thế giới,1,Trắc nghiệm,Tổ chức Liên hợp quốc được thành lập vào năm nào?,A. 1945 | B. 1919 | C. 1955 | D. 1991,A,1,45,Hiến chương Liên hợp quốc được thông qua tại Hội nghị San Francisco và có hiệu lực từ 24/10/1945.
DM-HSA-03-LS,Đề mẫu HSA365 số 03 — Lịch sử,104,Khoa học,4,Lịch sử Việt Nam,1,Trắc nghiệm,Chiến thắng Bạch Đằng năm 938 do Ngô Quyền chỉ huy đã đánh tan đạo quân xâm lược nào?,A. Quân Nam Hán | B. Quân Tống | C. Quân Nguyên | D. Quân Minh,A,1,45,"Năm 938 Ngô Quyền dùng trận địa cọc ngầm trên sông Bạch Đằng tiêu diệt đạo thủy quân Nam Hán do Lưu Hoằng Tháo chỉ huy, chấm dứt hơn một nghìn năm Bắc thuộc."
DM-HSA-03-LS,Đề mẫu HSA365 số 03 — Lịch sử,105,Khoa học,5,Lịch sử Việt Nam,2,Trắc nghiệm,"Năm 1010, vua Lý Công Uẩn dời đô từ Hoa Lư về Đại La và đổi tên thành:",A. Thăng Long | B. Đông Đô | C. Đông Quan | D. Phú Xuân,A,1,60,Chiếu dời đô năm 1010 chuyển kinh đô từ vùng núi Hoa Lư ra Đại La — nơi có đồng bằng rộng và giao thông đường sông thuận lợi — và đặt tên là Thăng Long.
DM-HSA-03-LS,Đề mẫu HSA365 số 03 — Lịch sử,106,Khoa học,6,Lịch sử Việt Nam,2,Trắc nghiệm,Nhà Trần đã ba lần đánh bại cuộc xâm lược của quân Mông — Nguyên trong thế kỷ nào?,A. Thế kỷ XIII | B. Thế kỷ XI | C. Thế kỷ XV | D. Thế kỷ XVIII,A,1,60,"Ba cuộc kháng chiến diễn ra vào các năm 1258, 1285 và 1287 — 1288, đều thuộc thế kỷ XIII, gắn với vai trò của Trần Thủ Độ và Trần Quốc Tuấn."
DM-HSA-03-LS,Đề mẫu HSA365 số 03 — Lịch sử,107,Khoa học,7,Lịch sử Việt Nam,2,Trắc nghiệm,Bản Tuyên ngôn Độc lập khai sinh nước Việt Nam Dân chủ Cộng hòa được đọc vào ngày tháng năm nào?,A. 2 — 9 — 1945 | B. 19 — 8 — 1945 | C. 6 — 1 — 1946 | D. 2 — 9 — 1946,A,1,60,"Ngày 19 — 8 — 1945 là ngày giành chính quyền ở Hà Nội; ngày 2 — 9 — 1945, tại Quảng trường Ba Đình, Chủ tịch Hồ Chí Minh đọc Tuyên ngôn Độc lập."
DM-HSA-03-LS,Đề mẫu HSA365 số 03 — Lịch sử,108,Khoa học,8,Lịch sử thế giới,2,Trắc nghiệm,Phát minh nào được coi là bước ngoặt đưa cách mạng công nghiệp Anh vượt khỏi giới hạn của sức nước và sức gió?,A. Máy hơi nước của Giêm Oát | B. Máy kéo sợi Gien-ni | C. Máy dệt của Ét-mơn Các-rai | D. Lò luyện thép Bét-xme,A,1,60,"Máy hơi nước cho phép đặt nhà máy ở bất cứ đâu thay vì phải bám theo dòng chảy, nhờ đó công nghiệp và giao thông đường sắt, đường thủy phát triển bùng nổ."
DM-HSA-03-LS,Đề mẫu HSA365 số 03 — Lịch sử,109,Khoa học,9,Lịch sử thế giới,2,Trắc nghiệm,Cách mạng tháng Mười Nga năm 1917 đã lập ra nhà nước:,A. Nhà nước xã hội chủ nghĩa đầu tiên trên thế giới | B. Nhà nước cộng hòa tư sản đầu tiên ở châu Âu | C. Nhà nước quân chủ lập hiến | D. Nhà nước liên bang theo mô hình Hoa Kỳ,A,1,60,"Thắng lợi tháng Mười — 1917 lật đổ Chính phủ lâm thời tư sản và thiết lập chính quyền Xô viết, nhà nước xã hội chủ nghĩa đầu tiên trong lịch sử."
DM-HSA-03-LS,Đề mẫu HSA365 số 03 — Lịch sử,110,Khoa học,10,Lịch sử thế giới,2,Trắc nghiệm,Chiến tranh thế giới thứ hai bùng nổ khi phát xít Đức tấn công quốc gia nào vào ngày 1 — 9 — 1939?,A. Ba Lan | B. Pháp | C. Liên Xô | D. Tiệp Khắc,A,1,60,"Đức tấn công Ba Lan ngày 1 — 9 — 1939, khiến Anh và Pháp tuyên chiến với Đức. Cuộc tấn công Liên Xô diễn ra muộn hơn, tháng 6 — 1941."
DM-HSA-03-LS,Đề mẫu HSA365 số 03 — Lịch sử,111,Khoa học,11,Lịch sử thế giới,2,Trắc nghiệm,Tổ chức Liên hợp quốc được thành lập năm 1945 với mục tiêu hàng đầu là:,A. Duy trì hòa bình và an ninh thế giới | B. Thúc đẩy tự do hóa thương mại toàn cầu | C. Thành lập một quân đội chung của các nước lớn | D. Xóa bỏ hoàn toàn chủ nghĩa tư bản,A,1,60,"Hiến chương Liên hợp quốc đặt mục tiêu số một là duy trì hòa bình và an ninh quốc tế, giải quyết tranh chấp bằng biện pháp hòa bình trên nguyên tắc tôn trọng chủ quyền các quốc gia."
DM-HSA-03-LS,Đề mẫu HSA365 số 03 — Lịch sử,112,Khoa học,12,Lịch sử thế giới,2,Trắc nghiệm,Hiệp hội các quốc gia Đông Nam Á (ASEAN) được thành lập năm 1967 tại thành phố nào?,A. Băng Cốc | B. Gia-các-ta | C. Xin-ga-po | D. Ma-ni-la,A,1,60,"Tuyên bố Băng Cốc ngày 8 — 8 — 1967 với năm nước sáng lập là In-đô-nê-xi-a, Ma-lai-xi-a, Phi-líp-pin, Xin-ga-po và Thái Lan. Gia-các-ta về sau là nơi đặt Ban Thư ký ASEAN."
DM-HSA-03-LS,Đề mẫu HSA365 số 03 — Lịch sử,113,Khoa học,13,Lịch sử Việt Nam,2,Trắc nghiệm,Thắng lợi của chiến dịch Điện Biên Phủ (1954) trực tiếp dẫn đến sự kiện nào?,A. Việc kí kết Hiệp định Genève về Đông Dương. | B. Việc kí kết Hiệp định Paris về Việt Nam. | C. Sự sụp đổ hoàn toàn của chính quyền Sài Gòn. | D. Việc Việt Nam gia nhập Liên hợp quốc.,A,1,60,"Chiến thắng Điện Biên Phủ (7/5/1954) đã đập tan ý chí xâm lược của thực dân Pháp, buộc Pháp kí Hiệp định Genève (21/7/1954)."
DM-HSA-03-LS,Đề mẫu HSA365 số 03 — Lịch sử,114,Khoa học,14,Lịch sử Việt Nam,2,Trắc nghiệm,Hai Bà Trưng phất cờ khởi nghĩa vào năm 40 nhằm chống lại ách đô hộ của triều đại nào?,A. Nhà Đông Hán | B. Nhà Đường | C. Nhà Tống | D. Nhà Minh,A,1,60,"Khởi nghĩa Hai Bà Trưng nổ ra năm 40 chống ách đô hộ của nhà Đông Hán, mở đầu truyền thống đấu tranh giành độc lập trong thời kỳ Bắc thuộc."
DM-HSA-03-LS,Đề mẫu HSA365 số 03 — Lịch sử,115,Khoa học,15,Lịch sử Việt Nam,2,Trắc nghiệm,Chiến dịch Biên giới thu — đông năm 1950 mang lại kết quả quan trọng nào?,A. Khai thông đường liên lạc với các nước xã hội chủ nghĩa | B. Kết thúc hoàn toàn cuộc kháng chiến chống Pháp | C. Buộc Pháp phải ký Hiệp định Giơ-ne-vơ | D. Giải phóng hoàn toàn miền Nam,A,1,60,"Chiến dịch Biên giới phá thế bao vây, khai thông biên giới Việt — Trung, nối liền căn cứ địa Việt Bắc với bên ngoài và giành thế chủ động trên chiến trường chính Bắc Bộ."
DM-HSA-03-LS,Đề mẫu HSA365 số 03 — Lịch sử,116,Khoa học,16,Lịch sử Việt Nam,2,Trắc nghiệm,Đường lối Đổi mới ở Việt Nam được chính thức đề ra tại đại hội nào của Đảng?,A. Đại hội VI (12/1986) | B. Đại hội V (1982) | C. Đại hội VII (1991) | D. Đại hội IV (1976),A,1,60,"Đại hội đại biểu toàn quốc lần thứ VI (tháng 12/1986) đề ra đường lối Đổi mới toàn diện, trọng tâm là đổi mới kinh tế."
DM-HSA-03-LS,Đề mẫu HSA365 số 03 — Lịch sử,117,Khoa học,17,Lịch sử thế giới,2,Trắc nghiệm,"Tổ chức nào sau đây là liên minh quân sự do Mỹ đứng đầu, thành lập năm 1949?",A. NATO | B. ASEAN | C. EU | D. Liên hợp quốc,A,1,60,"Tổ chức Hiệp ước Bắc Đại Tây Dương (NATO) thành lập năm 1949 là liên minh quân sự của Mỹ và các nước Tây Âu, đối trọng với khối Vác-sa-va sau này."
DM-HSA-03-LS,Đề mẫu HSA365 số 03 — Lịch sử,118,Khoa học,18,Lịch sử Việt Nam,2,Trắc nghiệm,Cuộc Tổng tiến công và nổi dậy mùa Xuân 1975 kết thúc bằng chiến dịch nào?,A. Chiến dịch Hồ Chí Minh | B. Chiến dịch Tây Nguyên | C. Chiến dịch Huế — Đà Nẵng | D. Chiến dịch Đường 9 — Nam Lào,A,1,60,"Ba chiến dịch lớn nối tiếp nhau là Tây Nguyên, Huế — Đà Nẵng và cuối cùng là Chiến dịch Hồ Chí Minh, kết thúc ngày 30/4/1975."
DM-HSA-03-LS,Đề mẫu HSA365 số 03 — Lịch sử,119,Khoa học,19,Lịch sử Việt Nam,2,Trắc nghiệm,Nhà nước đầu tiên trong lịch sử Việt Nam là:,A. Văn Lang | B. Âu Lạc | C. Vạn Xuân | D. Đại Cồ Việt,A,1,60,"Nhà nước Văn Lang của các vua Hùng là nhà nước đầu tiên. Âu Lạc do An Dương Vương lập ra kế tiếp Văn Lang; Vạn Xuân và Đại Cồ Việt ra đời muộn hơn rất nhiều."
DM-HSA-03-LS,Đề mẫu HSA365 số 03 — Lịch sử,120,Khoa học,20,Lịch sử thế giới,2,Trắc nghiệm,Cuộc cách mạng công nghiệp lần thứ nhất khởi đầu ở quốc gia nào?,A. Anh | B. Pháp | C. Đức | D. Hoa Kỳ,A,1,60,"Nước Anh giữa thế kỷ XVIII hội đủ vốn, nhân công tự do, thuộc địa làm thị trường và nguồn than sắt dồi dào — nên trở thành nơi khởi đầu cách mạng công nghiệp."
DM-HSA-03-LS,Đề mẫu HSA365 số 03 — Lịch sử,121,Khoa học,21,Lịch sử thế giới,2,Trắc nghiệm,Sự kiện nào đánh dấu trật tự thế giới hai cực Ianta hoàn toàn tan rã?,A. Liên Xô tan rã (1991). | B. Bức tường Berlin sụp đổ (1989). | C. Chiến tranh vùng Vịnh (1991). | D. Hội nghị Ianta (1945).,A,1,60,"Sự sụp đổ của Liên Xô cuối năm 1991 làm biến mất một trong hai cực, chấm dứt hoàn toàn trật tự hai cực. Sự kiện năm 1989 chỉ là bước ngoặt trên đường đi tới đó."
DM-HSA-03-LS,Đề mẫu HSA365 số 03 — Lịch sử,122,Khoa học,22,Lịch sử thế giới,2,Trắc nghiệm,Việt Nam chính thức gia nhập ASEAN vào năm nào?,A. 1995 | B. 1967 | C. 1986 | D. 2007,A,1,60,"ASEAN thành lập ngày 8/8/1967 tại Bangkok với 5 nước sáng lập; Việt Nam trở thành thành viên thứ bảy vào tháng 7/1995."
DM-HSA-03-LS,Đề mẫu HSA365 số 03 — Lịch sử,123,Khoa học,23,Lịch sử Việt Nam,3,Trắc nghiệm,Khởi nghĩa Lam Sơn (1418 — 1427) kết thúc thắng lợi bằng chiến thắng quyết định nào?,A. Chi Lăng — Xương Giang | B. Tốt Động — Chúc Động | C. Ngọc Hồi — Đống Đa | D. Rạch Gầm — Xoài Mút,A,1,90,"Cuối năm 1427, nghĩa quân Lam Sơn tiêu diệt viện binh Minh ở Chi Lăng — Xương Giang, khiến Vương Thông ở Đông Quan phải xin hòa. Tốt Động — Chúc Động (1426) là thắng lợi trước đó, chưa phải trận quyết định."
DM-HSA-03-LS,Đề mẫu HSA365 số 03 — Lịch sử,124,Khoa học,24,Lịch sử Việt Nam,3,Trắc nghiệm,Đảng Cộng sản Việt Nam ra đời đầu năm 1930 là kết quả trực tiếp của sự kiện nào?,A. Hội nghị hợp nhất ba tổ chức cộng sản do Nguyễn Ái Quốc chủ trì | B. Phong trào Xô viết Nghệ — Tĩnh | C. Cuộc khởi nghĩa Yên Bái | D. Đại hội lần thứ nhất của Hội Việt Nam Cách mạng Thanh niên,A,1,90,"Đầu năm 1930, Nguyễn Ái Quốc chủ trì hội nghị hợp nhất Đông Dương Cộng sản đảng, An Nam Cộng sản đảng và Đông Dương Cộng sản liên đoàn thành một đảng duy nhất."
DM-HSA-03-LS,Đề mẫu HSA365 số 03 — Lịch sử,125,Khoa học,25,Lịch sử Việt Nam,3,Trắc nghiệm,Ý nghĩa quốc tế nổi bật nhất của chiến thắng Điện Biên Phủ năm 1954 là gì?,"A. Cổ vũ mạnh mẽ phong trào giải phóng dân tộc ở châu Á, châu Phi và Mỹ Latinh | B. Buộc Mỹ phải rút toàn bộ quân viễn chinh khỏi Việt Nam | C. Hoàn thành thống nhất đất nước về mặt nhà nước | D. Đưa Việt Nam gia nhập Liên hợp quốc",A,1,90,"Điện Biên Phủ là lần đầu một dân tộc thuộc địa đánh bại quân đội của một cường quốc thực dân bằng chiến dịch quy mô lớn, trở thành nguồn cổ vũ cho phong trào giải phóng dân tộc toàn thế giới."
DM-HSA-03-LS,Đề mẫu HSA365 số 03 — Lịch sử,126,Khoa học,26,Lịch sử Việt Nam,3,Trắc nghiệm,"Hiệp định Paris năm 1973 về chấm dứt chiến tranh, lập lại hòa bình ở Việt Nam có nội dung cốt lõi nào?","A. Hoa Kỳ cam kết tôn trọng độc lập, chủ quyền, thống nhất và toàn vẹn lãnh thổ của Việt Nam, rút hết quân về nước | B. Chia Việt Nam thành hai miền lấy vĩ tuyến 17 làm ranh giới lâu dài | C. Tổ chức tổng tuyển cử thống nhất đất nước trong vòng hai năm | D. Giải giáp toàn bộ quân đội hai miền dưới sự giám sát của Liên hợp quốc",A,1,90,"Điều khoản then chốt của Hiệp định Paris là Hoa Kỳ công nhận các quyền dân tộc cơ bản của Việt Nam và rút hết quân, tạo điều kiện so sánh lực lượng có lợi cho cách mạng miền Nam."
DM-HSA-03-LS,Đề mẫu HSA365 số 03 — Lịch sử,127,Khoa học,27,Lịch sử Việt Nam,3,Trắc nghiệm,Đường lối Đổi mới được đề ra tại Đại hội đại biểu toàn quốc lần thứ VI của Đảng (năm 1986) xác định trọng tâm trước hết là đổi mới:,A. Kinh tế | B. Chính trị | C. Văn hóa | D. Đối ngoại,A,1,90,Đại hội VI xác định đổi mới toàn diện nhưng phải bắt đầu và trọng tâm là đổi mới kinh tế: chuyển từ cơ chế tập trung quan liêu bao cấp sang cơ chế thị trường có sự quản lý của Nhà nước.
DM-HSA-03-LS,Đề mẫu HSA365 số 03 — Lịch sử,128,Khoa học,28,Lịch sử thế giới,3,Trắc nghiệm,Nguyên nhân sâu xa dẫn tới Chiến tranh thế giới thứ nhất (1914 — 1918) là:,A. Mâu thuẫn giữa các nước đế quốc về thị trường và thuộc địa | B. Vụ ám sát thái tử Áo — Hung ở Xa-ra-e-vô | C. Cuộc khủng hoảng kinh tế thế giới | D. Sự ra đời của Liên hợp quốc,A,1,90,"Sự phát triển không đều giữa các đế quốc khiến các nước ""trẻ"" đòi chia lại thuộc địa, hình thành hai khối đối đầu. Vụ ám sát ở Xa-ra-e-vô chỉ là duyên cớ trực tiếp."
DM-HSA-03-LS,Đề mẫu HSA365 số 03 — Lịch sử,129,Khoa học,29,Lịch sử thế giới,3,Trắc nghiệm,Chính sách mới (New Deal) của Tổng thống Ru-dơ-ven nhằm đưa nước Mỹ thoát khỏi khủng hoảng 1929 — 1933 có đặc điểm nổi bật nào?,A. Nhà nước can thiệp trực tiếp và tích cực vào đời sống kinh tế | B. Quốc hữu hóa toàn bộ các ngành công nghiệp then chốt | C. Thiết lập chế độ độc tài phát xít để cứu nền kinh tế | D. Từ bỏ hoàn toàn vai trò của thị trường tự do,A,1,90,"New Deal giữ nguyên nền kinh tế tư bản nhưng để Nhà nước tăng chi tiêu công, tạo việc làm và điều tiết tài chính — ngân hàng, khác hẳn con đường phát xít hóa mà Đức, Ý, Nhật chọn."
DM-HSA-03-LS,Đề mẫu HSA365 số 03 — Lịch sử,130,Khoa học,30,Lịch sử thế giới,3,Trắc nghiệm,Sự kiện nào thường được xem là mốc khởi đầu của Chiến tranh lạnh?,A. Học thuyết Tru-man được công bố năm 1947 | B. Hội nghị I-an-ta năm 1945 | C. Bức tường Béc-lin được dựng lên năm 1961 | D. Khủng hoảng tên lửa Cu-ba năm 1962,A,1,90,"Thông điệp của Tru-man trước Quốc hội Mỹ năm 1947 công khai chủ trương ""ngăn chặn"" ảnh hưởng của Liên Xô, đánh dấu sự đối đầu chính thức giữa hai khối."
DM-HSA-03-LS,Đề mẫu HSA365 số 03 — Lịch sử,131,Khoa học,31,Lịch sử thế giới,3,Trắc nghiệm,Đặc điểm cơ bản của cuộc cách mạng khoa học — công nghệ nửa sau thế kỷ XX là gì?,A. Khoa học trở thành lực lượng sản xuất trực tiếp | B. Máy móc chỉ thay thế lao động chân tay đơn giản | C. Các phát minh chủ yếu đến từ kinh nghiệm sản xuất | D. Thời gian từ phát minh tới ứng dụng ngày càng kéo dài,A,1,90,"Khác với cách mạng công nghiệp trước đó, mọi phát minh kỹ thuật giai đoạn này đều bắt nguồn từ nghiên cứu khoa học, và khoảng cách từ phát minh tới ứng dụng ngày càng rút ngắn."
DM-HSA-03-LS,Đề mẫu HSA365 số 03 — Lịch sử,132,Khoa học,32,Lịch sử thế giới,3,Trắc nghiệm,Xu thế toàn cầu hóa từ đầu thập niên 80 của thế kỷ XX đặt ra thách thức lớn nhất nào cho các nước đang phát triển?,A. Nguy cơ tụt hậu và đánh mất bản sắc nếu không đủ năng lực cạnh tranh | B. Không còn khả năng tiếp cận vốn và công nghệ nước ngoài | C. Bị buộc phải từ bỏ chủ quyền quốc gia | D. Mất quyền tham gia các tổ chức quốc tế,A,1,90,"Toàn cầu hóa vừa mở ra cơ hội về vốn, công nghệ và thị trường, vừa làm cạnh tranh gay gắt hơn; nước nào không nâng được nội lực sẽ tụt hậu và chịu sức ép về văn hóa, xã hội."
DM-HSA-03-LS,Đề mẫu HSA365 số 03 — Lịch sử,133,Khoa học,33,Lịch sử Việt Nam,3,Trắc nghiệm,Bộ luật thành văn đầu tiên của nhà nước phong kiến Việt Nam là:,A. Hình thư thời Lý | B. Quốc triều hình luật thời Lê | C. Hoàng Việt luật lệ thời Nguyễn | D. Hình luật thời Trần,A,1,90,"Hình thư ban hành dưới thời Lý (1042) là bộ luật thành văn đầu tiên, đánh dấu bước tiến trong tổ chức nhà nước. Quốc triều hình luật (luật Hồng Đức) ra đời muộn hơn nhiều, thời Lê sơ."
DM-HSA-03-LS,Đề mẫu HSA365 số 03 — Lịch sử,134,Khoa học,34,Lịch sử Việt Nam,3,Trắc nghiệm,Phong trào Xô viết Nghệ — Tĩnh (1930 — 1931) có ý nghĩa nổi bật nào?,A. Lần đầu tiên chính quyền của nhân dân được thành lập ở một số vùng nông thôn | B. Buộc thực dân Pháp phải trao trả độc lập | C. Thành lập được quân đội chính quy đầu tiên | D. Đưa Việt Nam thoát khỏi ách thống trị của phát xít Nhật,A,1,90,"Ở Nghệ An và Hà Tĩnh, chính quyền địch tan rã ở nhiều nơi, các Xô viết được lập ra và thực hiện quyền làm chủ của nhân dân — đây là hình thức chính quyền cách mạng đầu tiên ở nước ta."
DM-HSA-03-LS,Đề mẫu HSA365 số 03 — Lịch sử,135,Khoa học,35,Lịch sử Việt Nam,3,Trắc nghiệm,Mặt trận Việt Minh được thành lập năm 1941 với mục tiêu trực tiếp là:,A. Tập hợp mọi lực lượng yêu nước để giành độc lập dân tộc | B. Tiến hành cải cách ruộng đất trên toàn quốc | C. Xây dựng nền kinh tế công nghiệp hiện đại | D. Đàm phán với Pháp để mở rộng quyền tự trị,A,1,90,Hội nghị Trung ương lần thứ tám (1941) đặt nhiệm vụ giải phóng dân tộc lên hàng đầu và lập Mặt trận Việt Minh để đoàn kết mọi giai tầng cho mục tiêu ấy.
DM-HSA-03-LS,Đề mẫu HSA365 số 03 — Lịch sử,136,Khoa học,36,Lịch sử Việt Nam,3,Trắc nghiệm,"Phong trào ""Đồng khởi"" (1959 — 1960) ở miền Nam đánh dấu bước chuyển nào?",A. Từ thế giữ gìn lực lượng sang thế tiến công | B. Từ đấu tranh vũ trang sang đấu tranh chính trị đơn thuần | C. Từ chiến tranh du kích sang chiến tranh chính quy quy mô lớn | D. Từ đấu tranh trong nước sang đấu tranh ngoại giao,A,1,90,"Đồng khởi phá vỡ từng mảng bộ máy chính quyền địch ở nông thôn, chuyển cách mạng miền Nam từ thế giữ gìn lực lượng sang thế tiến công, và dẫn tới sự ra đời của Mặt trận Dân tộc giải phóng miền Nam."
DM-HSA-03-LS,Đề mẫu HSA365 số 03 — Lịch sử,137,Khoa học,37,Lịch sử Việt Nam,3,Trắc nghiệm,Chiến dịch Hồ Chí Minh (tháng 4 — 1975) là chiến dịch quyết chiến chiến lược nhằm:,"A. Giải phóng Sài Gòn — Gia Định, kết thúc cuộc kháng chiến chống Mỹ | B. Giải phóng Tây Nguyên mở đầu tổng tiến công | C. Giải phóng Huế và Đà Nẵng | D. Buộc Mỹ ký Hiệp định Paris",A,1,90,"Sau chiến dịch Tây Nguyên và chiến dịch Huế — Đà Nẵng, chiến dịch Hồ Chí Minh là đòn quyết định giải phóng Sài Gòn — Gia Định, kết thúc thắng lợi cuộc kháng chiến chống Mỹ cứu nước."
DM-HSA-03-LS,Đề mẫu HSA365 số 03 — Lịch sử,138,Khoa học,38,Lịch sử Việt Nam,3,Trắc nghiệm,Kỳ họp thứ nhất Quốc hội khóa VI (năm 1976) có ý nghĩa quan trọng nào?,A. Hoàn thành thống nhất đất nước về mặt nhà nước | B. Mở đầu công cuộc Đổi mới toàn diện | C. Chấm dứt chiến tranh trên toàn lãnh thổ | D. Đưa Việt Nam gia nhập ASEAN,A,1,90,"Kỳ họp quyết định đặt tên nước là Cộng hòa xã hội chủ nghĩa Việt Nam, bầu các cơ quan lãnh đạo cao nhất, hoàn thành việc thống nhất đất nước về mặt nhà nước sau khi đã thống nhất về lãnh thổ năm 1975."
DM-HSA-03-LS,Đề mẫu HSA365 số 03 — Lịch sử,139,Khoa học,39,Lịch sử thế giới,3,Trắc nghiệm,Chính sách kinh tế mới (NEP) của nước Nga Xô viết năm 1921 có nội dung then chốt nào?,A. Thay chế độ trưng thu lương thực thừa bằng thuế lương thực | B. Quốc hữu hóa toàn bộ ruộng đất của nông dân | C. Xóa bỏ hoàn toàn quan hệ hàng hóa — tiền tệ | D. Đóng cửa với thương nhân nước ngoài,A,1,90,"NEP thay trưng thu bằng thuế lương thực, cho phép tự do buôn bán và khôi phục quan hệ hàng hóa — tiền tệ, nhờ đó kinh tế Nga phục hồi nhanh sau nội chiến."
DM-HSA-03-LS,Đề mẫu HSA365 số 03 — Lịch sử,140,Khoa học,40,Lịch sử thế giới,3,Trắc nghiệm,Nguyên nhân sâu xa dẫn tới cuộc khủng hoảng kinh tế thế giới 1929 — 1933 là:,"A. Sản xuất ồ ạt, cung vượt quá xa sức mua của thị trường | B. Chiến tranh thế giới thứ hai bùng nổ | C. Các nước đồng loạt tăng thuế nhập khẩu | D. Sự sụp đổ của hệ thống thuộc địa",A,1,90,"Sản xuất phát triển ồ ạt trong thập niên 20 mà sức mua của quần chúng không tăng tương ứng, dẫn tới khủng hoảng thừa — bắt đầu từ Mỹ rồi lan ra toàn thế giới tư bản."
DM-HSA-03-LS,Đề mẫu HSA365 số 03 — Lịch sử,141,Khoa học,41,Lịch sử thế giới,3,Trắc nghiệm,"Nhân tố hàng đầu giúp kinh tế Nhật Bản phát triển ""thần kỳ"" giai đoạn 1952 — 1973 là:",A. Nguồn nhân lực có chất lượng cao và ý thức kỷ luật tốt | B. Nguồn tài nguyên khoáng sản dồi dào trong nước | C. Lãnh thổ rộng lớn và đất đai màu mỡ | D. Không phải chi cho quốc phòng nhờ trung lập tuyệt đối,A,1,90,"Nhật Bản nghèo tài nguyên và hẹp đất, nên nhân tố quyết định là con người: lực lượng lao động được đào tạo tốt, cần cù, kỷ luật, cộng với vai trò điều tiết hiệu quả của nhà nước."
DM-HSA-03-LS,Đề mẫu HSA365 số 03 — Lịch sử,142,Khoa học,42,Lịch sử thế giới,3,Trắc nghiệm,"Sự kiện nào đánh dấu bước ngoặt của phong trào giải phóng dân tộc ở châu Phi, khiến năm 1960 được gọi là ""Năm châu Phi""?",A. Mười bảy quốc gia châu Phi giành được độc lập trong cùng một năm | B. Chế độ phân biệt chủng tộc ở Nam Phi bị xóa bỏ | C. Liên minh châu Phi được thành lập | D. Ai Cập giành được quyền kiểm soát kênh đào Xuy-ê,A,1,90,"Năm 1960 có 17 nước châu Phi tuyên bố độc lập, làm sụp đổ hàng loạt hệ thống thuộc địa cũ — vì vậy năm này đi vào lịch sử với tên gọi ""Năm châu Phi""."
DM-HSA-03-LS,Đề mẫu HSA365 số 03 — Lịch sử,143,Khoa học,43,Lịch sử thế giới,3,Trắc nghiệm,Đặc điểm nổi bật của quan hệ quốc tế sau khi Chiến tranh lạnh kết thúc là:,"A. Xu thế hòa hoãn và hợp tác, lấy phát triển kinh tế làm trọng tâm | B. Đối đầu quân sự giữa hai khối ngày càng gay gắt | C. Các nước lớn từ bỏ hoàn toàn việc chạy đua vũ trang | D. Thế giới trở lại trật tự một cực ổn định lâu dài",A,1,90,"Sau năm 1991, các quốc gia điều chỉnh chiến lược, lấy phát triển kinh tế làm trọng điểm và mở rộng hợp tác; tuy nhiên xung đột khu vực, sắc tộc, tôn giáo vẫn diễn ra ở nhiều nơi."
DM-HSA-03-LS,Đề mẫu HSA365 số 03 — Lịch sử,144,Khoa học,44,Lịch sử thế giới,3,Trắc nghiệm,Hạn chế lớn nhất của cuộc cách mạng khoa học — công nghệ hiện đại là:,A. Tạo ra vũ khí hủy diệt và gây ô nhiễm môi trường nghiêm trọng | B. Làm giảm năng suất lao động xã hội | C. Khiến khoa học tách rời khỏi sản xuất | D. Làm chậm quá trình toàn cầu hóa,A,1,90,"Cùng với những thành tựu to lớn, cách mạng khoa học — công nghệ cũng tạo ra vũ khí hủy diệt hàng loạt, ô nhiễm môi trường, tai nạn lao động và các bệnh dịch mới."
DM-HSA-03-LS,Đề mẫu HSA365 số 03 — Lịch sử,145,Khoa học,45,Lịch sử thế giới,3,Trắc nghiệm,Bài học quan trọng nhất mà Việt Nam có thể rút ra từ sự sụp đổ của Liên Xô và Đông Âu là:,"A. Phải đổi mới kịp thời, đúng hướng và giữ vững vai trò lãnh đạo | B. Phải đóng cửa nền kinh tế để tránh ảnh hưởng bên ngoài | C. Phải từ bỏ hoàn toàn mô hình kinh tế kế hoạch ngay lập tức | D. Phải dựa hoàn toàn vào viện trợ của các nước lớn",A,1,90,"Nguyên nhân sụp đổ là mô hình xây dựng chủ nghĩa xã hội có nhiều khiếm khuyết mà cải tổ lại chậm trễ và sai lầm. Bài học rút ra là phải đổi mới kịp thời, đúng hướng, đồng thời giữ vững ổn định chính trị."
DM-HSA-03-LS,Đề mẫu HSA365 số 03 — Lịch sử,146,Khoa học,46,Lịch sử Việt Nam,3,Trắc nghiệm,Cuộc kháng chiến chống Tống lần thứ hai (1075 — 1077) gắn liền với tên tuổi của ai?,A. Lý Thường Kiệt | B. Trần Hưng Đạo | C. Lê Lợi | D. Nguyễn Huệ,A,1,90,"Lý Thường Kiệt chủ trương ""tiên phát chế nhân"", chủ động đánh sang đất Tống rồi lập phòng tuyến sông Như Nguyệt, nơi vang lên bài thơ được coi là bản tuyên ngôn độc lập đầu tiên."
DM-HSA-03-LS,Đề mẫu HSA365 số 03 — Lịch sử,147,Khoa học,47,Lịch sử Việt Nam,3,Trắc nghiệm,Hiệp định Sơ bộ ngày 6 — 3 — 1946 được ký kết nhằm mục đích chủ yếu nào?,A. Đẩy nhanh quân Trung Hoa Dân quốc ra khỏi miền Bắc và có thêm thời gian chuẩn bị | B. Chấm dứt hoàn toàn sự có mặt của Pháp ở Việt Nam | C. Công nhận Việt Nam là quốc gia hoàn toàn độc lập | D. Thống nhất hai miền Nam — Bắc,A,1,90,"Ta chấp nhận hòa với Pháp để loại bớt một kẻ thù, đẩy 20 vạn quân Trung Hoa Dân quốc về nước và tranh thủ thời gian củng cố lực lượng cho cuộc kháng chiến lâu dài."
DM-HSA-03-LS,Đề mẫu HSA365 số 03 — Lịch sử,148,Khoa học,48,Lịch sử thế giới,3,Trắc nghiệm,Hội nghị I-an-ta (tháng 2 — 1945) đã đưa ra quyết định quan trọng nào?,A. Phân chia phạm vi ảnh hưởng giữa các cường quốc và thỏa thuận thành lập Liên hợp quốc | B. Chính thức tuyên bố bắt đầu Chiến tranh lạnh | C. Thành lập khối quân sự NATO | D. Kết thúc chế độ thực dân trên toàn thế giới,A,1,90,"Ba cường quốc thống nhất tiêu diệt tận gốc chủ nghĩa phát xít, thành lập Liên hợp quốc và phân chia phạm vi ảnh hưởng — những quyết định này định hình trật tự hai cực về sau."
DM-HSA-03-LS,Đề mẫu HSA365 số 03 — Lịch sử,149,Khoa học,49,Lịch sử thế giới,3,Trắc nghiệm,Đặc điểm chung của các nước Đông Nam Á sau khi giành được độc lập là:,A. Tập trung phát triển kinh tế và từng bước liên kết khu vực | B. Đồng loạt lựa chọn con đường xã hội chủ nghĩa | C. Duy trì quan hệ lệ thuộc vào chính quốc cũ | D. Từ chối tham gia mọi tổ chức quốc tế,A,1,90,"Sau độc lập, các nước Đông Nam Á đều đặt phát triển kinh tế lên hàng đầu và dần liên kết với nhau, mà ASEAN năm 1967 là biểu hiện rõ nhất của xu hướng ấy."
DM-HSA-03-LS,Đề mẫu HSA365 số 03 — Lịch sử,150,Khoa học,50,Lịch sử thế giới,3,Trắc nghiệm,Nguyên nhân sâu xa dẫn tới sự sụp đổ của chế độ xã hội chủ nghĩa ở Liên Xô và Đông Âu là:,A. Mô hình xây dựng chủ nghĩa xã hội có nhiều khiếm khuyết mà không được sửa chữa kịp thời | B. Sự can thiệp quân sự trực tiếp từ bên ngoài | C. Thiếu tài nguyên thiên nhiên để phát triển công nghiệp | D. Dân số giảm sút nghiêm trọng sau chiến tranh,A,1,90,"Mô hình tập trung quan liêu bao cấp ngày càng bộc lộ khiếm khuyết nhưng cải tổ lại chậm trễ và mắc sai lầm; các nhân tố bên ngoài chỉ là tác động thúc đẩy."
DM-HSA-04-DL,Đề mẫu HSA365 số 04 — Địa lý,1,Toán,1,"Hàm số, phương trình & bất phương trình",2,Trắc nghiệm,Parabol y = x² − 4x + 3 cắt trục hoành tại các điểm có hoành độ bằng bao nhiêu?,A. 1 và 3 | B. −1 và −3 | C. 0 và 4 | D. 2 và 3,A,1,60,Giải x² − 4x + 3 = 0 ⟹ (x − 1)(x − 3) = 0 ⟹ x = 1 hoặc x = 3.
DM-HSA-04-DL,Đề mẫu HSA365 số 04 — Địa lý,2,Toán,2,"Hàm số, phương trình & bất phương trình",2,Điền đáp án,Hệ phương trình x + y = 10 và x − y = 4 có nghiệm với x bằng bao nhiêu?,,7,1,60,"Cộng vế theo vế hai phương trình: 2x = 14 ⟹ x = 7, từ đó y = 3. Phương pháp cộng đại số nhanh hơn thế khi hai phương trình đối xứng như thế này."
DM-HSA-04-DL,Đề mẫu HSA365 số 04 — Địa lý,3,Toán,3,"Hàm số, phương trình & bất phương trình",2,Trắc nghiệm,Đồ thị hàm số y = 2x − 3 đi qua điểm nào sau đây?,"A. (0; −3) | B. (0; 3) | C. (3; 0) | D. (−3; 0)",A,1,60,"Thay x = 0 vào hàm số được y = −3, nên đồ thị cắt trục tung tại (0; −3). Với hàm y = ax + b, hệ số b luôn là tung độ giao điểm với trục tung."
DM-HSA-04-DL,Đề mẫu HSA365 số 04 — Địa lý,4,Toán,4,Số học & tỉ lệ phần trăm,2,Điền đáp án,"Một chiếc áo bán được 450.000 đồng, lãi 25% so với giá vốn. Giá vốn là bao nhiêu nghìn đồng?",,360,1,60,"Gọi giá vốn là x. Lãi 25% so với giá vốn nghĩa là giá bán bằng 125% giá vốn: 1,25x = 450.000 ⟹ x = 360.000 đồng."
DM-HSA-04-DL,Đề mẫu HSA365 số 04 — Địa lý,5,Toán,5,Số học & tỉ lệ phần trăm,2,Điền đáp án,"Một mặt hàng giảm giá 20%, sau đó tăng giá 20% trên giá mới. So với giá ban đầu, giá cuối cùng giảm bao nhiêu phần trăm?",,4,1,60,"Hệ số cuối cùng là 0,8 × 1,2 = 0,96, tức bằng 96% giá ban đầu, nên giảm 4%. Giảm rồi tăng cùng một tỉ lệ phần trăm không bao giờ quay lại giá cũ."
DM-HSA-04-DL,Đề mẫu HSA365 số 04 — Địa lý,6,Toán,6,"Đạo hàm, tích phân & khảo sát hàm số",2,Trắc nghiệm,Hàm số y = x³ − 3x + 2 đạt cực đại tại điểm có giá trị cực đại bằng:,A. 4 | B. 0 | C. 2 | D. −2,A,1,60,"y' = 3x² − 3 = 0 ⟹ x = ±1. Qua x = −1 đạo hàm đổi dấu từ dương sang âm nên đó là điểm cực đại; y(−1) = −1 + 3 + 2 = 4."
DM-HSA-04-DL,Đề mẫu HSA365 số 04 — Địa lý,7,Toán,7,"Đạo hàm, tích phân & khảo sát hàm số",2,Trắc nghiệm,Đạo hàm của hàm số y = sin x là:,A. cos x | B. −cos x | C. −sin x | D. tan x,A,1,60,"(sin x)' = cos x và (cos x)' = −sin x. Dấu trừ chỉ xuất hiện khi đạo hàm cosin, đây là chỗ hay nhầm nhất."
DM-HSA-04-DL,Đề mẫu HSA365 số 04 — Địa lý,8,Toán,8,"Đạo hàm, tích phân & khảo sát hàm số",2,Điền đáp án,Tính tích phân ∫₁² 2x dx. Kết quả bằng bao nhiêu?,,3,1,60,Nguyên hàm của 2x là x². Thay cận: 2² − 1² = 4 − 1 = 3.
DM-HSA-04-DL,Đề mẫu HSA365 số 04 — Địa lý,9,Toán,9,Tổ hợp & xác suất,2,Trắc nghiệm,Có bao nhiêu cách chọn 3 người từ một nhóm 10 người để lập một tổ công tác (không phân biệt vai trò)?,A. 120 | B. 720 | C. 30 | D. 1000,A,1,60,"Không phân biệt vai trò nên dùng tổ hợp: C(10, 3) = 10!/(3!·7!) = 120."
DM-HSA-04-DL,Đề mẫu HSA365 số 04 — Địa lý,10,Toán,10,Tổ hợp & xác suất,2,Trắc nghiệm,Gieo đồng thời hai con xúc xắc cân đối. Xác suất để tổng số chấm bằng 7 là:,A. 1/6 | B. 1/12 | C. 7/36 | D. 1/9,A,1,60,"Có 36 kết quả đồng khả năng. Các cặp cho tổng 7 là (1,6), (2,5), (3,4), (4,3), (5,2), (6,1) — 6 kết quả. Xác suất = 6/36 = 1/6."
DM-HSA-04-DL,Đề mẫu HSA365 số 04 — Địa lý,11,Toán,11,Tổ hợp & xác suất,2,Trắc nghiệm,Tung một đồng xu ba lần. Số kết quả có thể xảy ra là:,A. 8 | B. 6 | C. 3 | D. 9,A,1,60,"Mỗi lần tung có 2 kết quả, ba lần độc lập nên theo quy tắc nhân có 2³ = 8 kết quả."
DM-HSA-04-DL,Đề mẫu HSA365 số 04 — Địa lý,12,Toán,12,Tổ hợp & xác suất,2,Trắc nghiệm,Rút ngẫu nhiên một lá từ bộ bài 52 lá. Xác suất rút được quân át là:,A. 1/13 | B. 1/52 | C. 4/13 | D. 1/4,A,1,60,"Bộ bài có 4 quân át trong 52 lá, nên xác suất là 4/52 = 1/13."
DM-HSA-04-DL,Đề mẫu HSA365 số 04 — Địa lý,13,Toán,13,Hình học tọa độ,2,Trắc nghiệm,"Trong mặt phẳng Oxy, khoảng cách từ điểm M(1; 2) đến đường thẳng 3x − 4y + 5 = 0 bằng:","A. 0 | B. 1 | C. 2 | D. 2,4",A,1,60,d = |3(1) − 4(2) + 5| / √(3² + 4²) = |3 − 8 + 5| / 5 = 0. Khoảng cách bằng 0 nghĩa là M nằm ngay trên đường thẳng.
DM-HSA-04-DL,Đề mẫu HSA365 số 04 — Địa lý,14,Toán,14,Hình học tọa độ,2,Điền đáp án,"Khoảng cách giữa hai điểm A(1; 2) và B(4; 6) bằng bao nhiêu?",,5,1,60,AB = √((4−1)² + (6−2)²) = √(9 + 16) = √25 = 5. Đây là bộ ba Pythagoras 3–4–5 quen thuộc.
DM-HSA-04-DL,Đề mẫu HSA365 số 04 — Địa lý,15,Toán,15,Mũ & logarit,2,Điền đáp án,Nghiệm của phương trình 2^(x+1) = 32 là x = ?,,4,1,60,Đưa hai vế về cùng cơ số 2: 32 = 2⁵. Hàm mũ là hàm đơn điệu nên hai lũy thừa cùng cơ số bằng nhau khi và chỉ khi số mũ bằng nhau: x + 1 = 5 ⟹ x = 4.
DM-HSA-04-DL,Đề mẫu HSA365 số 04 — Địa lý,16,Toán,16,Mũ & logarit,2,Trắc nghiệm,Rút gọn biểu thức log₂6 − log₂3 được kết quả:,A. 1 | B. 2 | C. log₂3 | D. 3,A,1,60,Hiệu hai logarit cùng cơ số bằng logarit của thương: log₂(6/3) = log₂2 = 1.
DM-HSA-04-DL,Đề mẫu HSA365 số 04 — Địa lý,17,Toán,17,Hình học phẳng & không gian,2,Trắc nghiệm,Tam giác vuông có hai cạnh góc vuông bằng 6 cm và 8 cm. Đường cao ứng với cạnh huyền bằng:,"A. 4,8 cm | B. 5 cm | C. 4 cm | D. 7 cm",A,1,60,"Cạnh huyền = √(6² + 8²) = 10 cm. Diện tích tính hai cách: (6 × 8)/2 = (10 × h)/2 ⟹ h = 48/10 = 4,8 cm."
DM-HSA-04-DL,Đề mẫu HSA365 số 04 — Địa lý,18,Toán,18,Hình học phẳng & không gian,2,Điền đáp án,"Hình tròn có bán kính 7 cm. Lấy π ≈ 22/7, chu vi hình tròn bằng bao nhiêu cm?",,44,1,60,Chu vi hình tròn C = 2πr = 2 × 22/7 × 7 = 44 cm. Chọn bán kính là bội của 7 giúp phép tính gọn hẳn.
DM-HSA-04-DL,Đề mẫu HSA365 số 04 — Địa lý,19,Toán,19,Hình học phẳng & không gian,2,Trắc nghiệm,"Hình hộp chữ nhật có ba kích thước 3 cm, 4 cm và 5 cm. Thể tích của nó bằng:",A. 60 cm³ | B. 47 cm³ | C. 94 cm³ | D. 12 cm³,A,1,60,Thể tích hình hộp chữ nhật là tích ba kích thước: 3 × 4 × 5 = 60 cm³.
DM-HSA-04-DL,Đề mẫu HSA365 số 04 — Địa lý,20,Toán,20,Hình học phẳng & không gian,2,Trắc nghiệm,Diện tích của tam giác đều cạnh 6 cm bằng:,A. 9√3 cm² | B. 18√3 cm² | C. 36√3 cm² | D. 6√3 cm²,A,1,60,Tam giác đều cạnh a có diện tích a²√3/4 = 36√3/4 = 9√3 cm².
DM-HSA-04-DL,Đề mẫu HSA365 số 04 — Địa lý,21,Toán,21,"Dãy số, cấp số cộng & cấp số nhân",2,Điền đáp án,Cấp số cộng có u₁ = 1 và công sai d = 4. Tổng của 10 số hạng đầu tiên bằng bao nhiêu?,,190,1,60,"Sₙ = n/2 × [2u₁ + (n − 1)d] = 10/2 × [2 + 9 × 4] = 5 × 38 = 190. Có thể kiểm bằng cách khác: u₁₀ = 1 + 9 × 4 = 37, S = 10 × (1 + 37)/2 = 190."
DM-HSA-04-DL,Đề mẫu HSA365 số 04 — Địa lý,22,Toán,22,"Dãy số, cấp số cộng & cấp số nhân",2,Điền đáp án,Cấp số nhân có u₁ = 1 và công bội q = 3. Số hạng u₅ bằng bao nhiêu?,,81,1,60,uₙ = u₁·qⁿ⁻¹ nên u₅ = 1 × 3⁴ = 81. Lưu ý số mũ là n − 1 chứ không phải n.
DM-HSA-04-DL,Đề mẫu HSA365 số 04 — Địa lý,23,Toán,23,Thống kê & xử lý số liệu,2,Trắc nghiệm,"Bốn tổ của một lớp có số học sinh lần lượt là 8; 10; 12; 10. Số học sinh trung bình của mỗi tổ là:",A. 10 | B. 9 | C. 11 | D. 40,A,1,60,"Tổng số học sinh là 8 + 10 + 12 + 10 = 40, chia cho 4 tổ được 10 học sinh mỗi tổ."
DM-HSA-04-DL,Đề mẫu HSA365 số 04 — Địa lý,24,Toán,24,Thống kê & xử lý số liệu,2,Trắc nghiệm,"Khoảng biến thiên của mẫu số liệu 12; 5; 20; 8 bằng:","A. 15 | B. 11,25 | C. 8 | D. 20",A,1,60,Khoảng biến thiên bằng giá trị lớn nhất trừ giá trị nhỏ nhất: 20 − 5 = 15.
DM-HSA-04-DL,Đề mẫu HSA365 số 04 — Địa lý,25,Toán,25,Thống kê & xử lý số liệu,2,Trắc nghiệm,"Doanh thu bốn quý của một doanh nghiệp lần lượt là 120; 150; 180; 210 (tỉ đồng). Doanh thu quý IV tăng bao nhiêu phần trăm so với quý I?","A. 75% | B. 42,9% | C. 90% | D. 175%",A,1,60,"Mức tăng tương đối = (210 − 120)/120 = 90/120 = 0,75 = 75%."
DM-HSA-04-DL,Đề mẫu HSA365 số 04 — Địa lý,26,Toán,26,Thống kê & xử lý số liệu,2,Trắc nghiệm,"Trung vị của mẫu số liệu 3; 5; 8; 10 là:","A. 6,5 | B. 5 | C. 8 | D. 6",A,1,60,"Mẫu đã sắp xếp và có 4 giá trị (chẵn), nên trung vị là trung bình cộng hai giá trị ở giữa: (5 + 8)/2 = 6,5."
DM-HSA-04-DL,Đề mẫu HSA365 số 04 — Địa lý,27,Toán,27,"Hàm số, phương trình & bất phương trình",3,Trắc nghiệm,Tập nghiệm của bất phương trình (x − 1)(x + 3) < 0 là:,"A. (−3; 1) | B. (−∞; −3) ∪ (1; +∞) | C. (1; 3) | D. (−1; 3)",A,1,90,"Tam thức có hai nghiệm −3 và 1, hệ số a = 1 > 0 nên biểu thức mang dấu âm ở khoảng giữa hai nghiệm. Quy tắc chung: trong trái, ngoài cùng dấu với a."
DM-HSA-04-DL,Đề mẫu HSA365 số 04 — Địa lý,28,Toán,28,"Hàm số, phương trình & bất phương trình",3,Trắc nghiệm,Đồ thị hàm số y = (2x + 1)/(x − 1) có tiệm cận ngang là đường thẳng:,A. y = 2 | B. x = 1 | C. y = 1 | D. y = −1,A,1,90,"Với hàm phân thức bậc nhất trên bậc nhất, tiệm cận ngang là y = a/c với a, c là hệ số của x ở tử và mẫu: y = 2/1 = 2."
DM-HSA-04-DL,Đề mẫu HSA365 số 04 — Địa lý,29,Toán,29,"Hàm số, phương trình & bất phương trình",3,Trắc nghiệm,Hàm số y = (m − 2)x + 3 đồng biến trên ℝ khi và chỉ khi:,A. m > 2 | B. m < 2 | C. m ≥ 2 | D. m ≠ 2,A,1,90,"Hàm bậc nhất đồng biến khi hệ số góc dương: m − 2 > 0 ⟺ m > 2. Dấu bằng bị loại vì khi m = 2 hàm trở thành hằng số, không đồng biến."
DM-HSA-04-DL,Đề mẫu HSA365 số 04 — Địa lý,30,Toán,30,"Hàm số, phương trình & bất phương trình",3,Điền đáp án,Tìm giá trị nguyên nhỏ nhất của m để phương trình x² − 2(m + 1)x + m² + 3 = 0 có hai nghiệm phân biệt.,,2,1,90,Δ' = (m + 1)² − (m² + 3) = 2m − 2. Hai nghiệm phân biệt khi Δ' > 0 ⟺ m > 1. Giá trị nguyên nhỏ nhất là m = 2.
DM-HSA-04-DL,Đề mẫu HSA365 số 04 — Địa lý,31,Toán,31,"Hàm số, phương trình & bất phương trình",3,Trắc nghiệm,"Cho hai số thực x, y thỏa mãn x + y = 7 và xy = 12. Giá trị của x² + y² bằng:",A. 25 | B. 37 | C. 49 | D. 13,A,1,90,x² + y² = (x + y)² − 2xy = 49 − 24 = 25.
DM-HSA-04-DL,Đề mẫu HSA365 số 04 — Địa lý,32,Toán,32,Số học & tỉ lệ phần trăm,3,Trắc nghiệm,Trộn 3 kg gạo giá 40 nghìn đồng/kg với 2 kg gạo giá 65 nghìn đồng/kg. Giá trung bình của hỗn hợp là:,"A. 50 nghìn đồng/kg | B. 52,5 nghìn đồng/kg | C. 48 nghìn đồng/kg | D. 55 nghìn đồng/kg",A,1,90,"Tổng tiền = 3 × 40 + 2 × 65 = 120 + 130 = 250 nghìn đồng cho 5 kg, nên giá trung bình là 250 : 5 = 50 nghìn đồng/kg."
DM-HSA-04-DL,Đề mẫu HSA365 số 04 — Địa lý,33,Toán,33,Số học & tỉ lệ phần trăm,3,Điền đáp án,"Người thợ A làm xong một công việc trong 6 giờ, người thợ B làm xong công việc đó trong 12 giờ. Nếu cùng làm thì sau bao nhiêu giờ họ hoàn thành công việc?",,4,1,90,Năng suất cộng được: 1/6 + 1/12 = 3/12 = 1/4 công việc mỗi giờ. Vậy cần 4 giờ.
DM-HSA-04-DL,Đề mẫu HSA365 số 04 — Địa lý,34,Toán,34,Số học & tỉ lệ phần trăm,3,Trắc nghiệm,Có 200 g dung dịch chứa 15% muối. Cần thêm bao nhiêu gam muối nguyên chất để thu được dung dịch 20%?,"A. 12,5 g | B. 10 g | C. 12 g | D. 15 g",A,1,90,"Lượng muối ban đầu: 200 × 15% = 30 g. Thêm x gam muối thì cả tử và mẫu đều tăng: (30 + x)/(200 + x) = 0,2 ⟹ 30 + x = 40 + 0,2x ⟹ 0,8x = 10 ⟹ x = 12,5 g."
DM-HSA-04-DL,Đề mẫu HSA365 số 04 — Địa lý,35,Toán,35,"Đạo hàm, tích phân & khảo sát hàm số",3,Trắc nghiệm,Đồ thị hàm số y = (x + 1)/(x − 2) có tiệm cận đứng là đường thẳng:,A. x = 2 | B. y = 2 | C. x = −1 | D. y = 1,A,1,90,Tiệm cận đứng ứng với giá trị làm mẫu số bằng 0 mà tử số khác 0: x − 2 = 0 ⟹ x = 2. Tiệm cận ngang của hàm này là y = 1.
DM-HSA-04-DL,Đề mẫu HSA365 số 04 — Địa lý,36,Toán,36,"Đạo hàm, tích phân & khảo sát hàm số",3,Điền đáp án,"Diện tích hình phẳng giới hạn bởi đồ thị y = x², trục hoành và hai đường thẳng x = 0, x = 3 bằng bao nhiêu?",,9,1,90,S = ∫₀³ x² dx = [x³/3]₀³ = 27/3 = 9. Trên đoạn này hàm không âm nên không cần lấy giá trị tuyệt đối.
DM-HSA-04-DL,Đề mẫu HSA365 số 04 — Địa lý,37,Toán,37,"Đạo hàm, tích phân & khảo sát hàm số",3,Trắc nghiệm,Tính tích phân ∫₀¹ (3x² + 2x) dx.,A. 2 | B. 3 | C. 1 | D. 5/2,A,1,90,Nguyên hàm là x³ + x². Thay cận: (1 + 1) − (0 + 0) = 2.
DM-HSA-04-DL,Đề mẫu HSA365 số 04 — Địa lý,38,Toán,38,"Đạo hàm, tích phân & khảo sát hàm số",3,Điền đáp án,"Giá trị lớn nhất của hàm số f(x) = −x² + 4x + 1 trên đoạn [0; 3] bằng bao nhiêu?",,5,1,90,"f'(x) = −2x + 4 = 0 ⟹ x = 2 ∈ [0; 3]. So sánh f(0) = 1, f(2) = 5, f(3) = 4 ⟹ giá trị lớn nhất là 5."
DM-HSA-04-DL,Đề mẫu HSA365 số 04 — Địa lý,39,Toán,39,Tổ hợp & xác suất,3,Trắc nghiệm,Tung hai đồng xu cân đối. Xác suất có ít nhất một mặt ngửa là:,A. 3/4 | B. 1/2 | C. 1/4 | D. 2/3,A,1,90,"Dùng biến cố đối cho nhanh: xác suất không có mặt ngửa nào (cả hai đều sấp) là 1/4, nên xác suất cần tìm là 1 − 1/4 = 3/4. Bài toán ""ít nhất"" hầu như luôn dễ hơn khi tính phần bù."
DM-HSA-04-DL,Đề mẫu HSA365 số 04 — Địa lý,40,Toán,40,Hình học tọa độ,3,Trắc nghiệm,"Trong không gian Oxyz, mặt phẳng 2x − y + 2z − 6 = 0 có một vectơ pháp tuyến là:","A. (2; −1; 2) | B. (2; 1; 2) | C. (2; −1; −6) | D. (−6; 2; −1)",A,1,90,"Với mặt phẳng ax + by + cz + d = 0, vectơ pháp tuyến là (a; b; c). Hệ số tự do d không tham gia vào vectơ pháp tuyến."
DM-HSA-04-DL,Đề mẫu HSA365 số 04 — Địa lý,41,Toán,41,Hình học tọa độ,3,Trắc nghiệm,"Hai vectơ u(1; 2) và v(2; −1) có quan hệ:",A. Vuông góc với nhau | B. Cùng phương | C. Bằng nhau | D. Ngược hướng,A,1,90,Tích vô hướng u·v = 1×2 + 2×(−1) = 0. Tích vô hướng bằng 0 là điều kiện cần và đủ để hai vectơ khác không vuông góc.
DM-HSA-04-DL,Đề mẫu HSA365 số 04 — Địa lý,42,Toán,42,Mũ & logarit,3,Trắc nghiệm,Nghiệm của phương trình log₂(x − 1) + log₂(x + 1) = 3 là:,A. x = 3 | B. x = ±3 | C. x = 2 | D. x = 9,A,1,90,"Điều kiện x > 1. Cộng hai logarit cùng cơ số: log₂[(x − 1)(x + 1)] = 3 ⟹ x² − 1 = 8 ⟹ x² = 9 ⟹ x = ±3. Loại x = −3 vì không thỏa điều kiện, còn x = 3."
DM-HSA-04-DL,Đề mẫu HSA365 số 04 — Địa lý,43,Toán,43,Mũ & logarit,3,Trắc nghiệm,Tập nghiệm của bất phương trình 2^x > 8 là:,"A. (3; +∞) | B. (−∞; 3) | C. [3; +∞) | D. (0; 3)",A,1,90,"Viết 8 = 2³. Vì cơ số 2 > 1 nên hàm mũ đồng biến, bất phương trình giữ nguyên chiều: x > 3. Nếu cơ số nhỏ hơn 1 thì phải đổi chiều."
DM-HSA-04-DL,Đề mẫu HSA365 số 04 — Địa lý,44,Toán,44,Hình học phẳng & không gian,3,Trắc nghiệm,Mặt cầu có bán kính 3 cm. Diện tích mặt cầu bằng:,A. 36π cm² | B. 12π cm² | C. 9π cm² | D. 27π cm²,A,1,90,Diện tích mặt cầu S = 4πR² = 4π × 9 = 36π cm².
DM-HSA-04-DL,Đề mẫu HSA365 số 04 — Địa lý,45,Toán,45,Hình học phẳng & không gian,3,Điền đáp án,Khối lập phương có thể tích 64 cm³. Diện tích toàn phần của nó bằng bao nhiêu cm²?,,96,1,90,Cạnh của khối lập phương là ∛64 = 4 cm. Diện tích toàn phần bằng 6 mặt vuông: 6 × 4² = 96 cm².
DM-HSA-04-DL,Đề mẫu HSA365 số 04 — Địa lý,46,Toán,46,Hình học phẳng & không gian,3,Trắc nghiệm,Hai tam giác đồng dạng có tỉ số đồng dạng 2 : 3. Tỉ số diện tích của chúng là:,A. 4 : 9 | B. 2 : 3 | C. 8 : 27 | D. √2 : √3,A,1,90,Tỉ số diện tích của hai hình đồng dạng bằng bình phương tỉ số đồng dạng: (2/3)² = 4/9. Với thể tích thì lấy lũy thừa ba.
DM-HSA-04-DL,Đề mẫu HSA365 số 04 — Địa lý,47,Toán,47,"Dãy số, cấp số cộng & cấp số nhân",3,Điền đáp án,Cấp số nhân (uₙ) có u₁ = 3 và công bội q = 2. Tổng 8 số hạng đầu tiên bằng bao nhiêu?,,765,1,90,Sₙ = u₁(qⁿ − 1)/(q − 1) = 3 × (2⁸ − 1)/1 = 3 × 255 = 765.
DM-HSA-04-DL,Đề mẫu HSA365 số 04 — Địa lý,48,Toán,48,Thống kê & xử lý số liệu,3,Trắc nghiệm,"Để thể hiện sự chuyển dịch cơ cấu kinh tế của một vùng qua 5 năm liên tiếp, dạng biểu đồ thích hợp nhất là:",A. Biểu đồ miền | B. Biểu đồ tròn | C. Biểu đồ đường | D. Biểu đồ cột ghép,A,1,90,"Từ khóa ""cơ cấu"" kết hợp với từ 4 năm trở lên dẫn đến biểu đồ miền. Nếu chỉ 1 năm thì dùng biểu đồ tròn, từ 2 đến 3 năm thì dùng nhiều hình tròn."
DM-HSA-04-DL,Đề mẫu HSA365 số 04 — Địa lý,49,Toán,49,Thống kê & xử lý số liệu,3,Trắc nghiệm,"Sản lượng năm 2020 là 200 nghìn tấn, năm 2024 là 260 nghìn tấn. Sản lượng đã tăng bao nhiêu phần trăm?","A. 30% | B. 23,1% | C. 130% | D. 60%",A,1,90,Mức tăng tương đối = (260 − 200)/200 × 100% = 60/200 × 100% = 30%.
DM-HSA-04-DL,Đề mẫu HSA365 số 04 — Địa lý,50,Toán,50,Thống kê & xử lý số liệu,4,Trắc nghiệm,Một mẫu số liệu có trung bình 10 và độ lệch chuẩn 3. Nếu cộng thêm 5 vào mỗi giá trị thì mẫu mới có:,A. Trung bình 15 và độ lệch chuẩn 3 | B. Trung bình 15 và độ lệch chuẩn 8 | C. Trung bình 10 và độ lệch chuẩn 8 | D. Trung bình 15 và độ lệch chuẩn 15,A,1,120,"Cộng cùng một hằng số vào mọi giá trị làm dịch chuyển toàn bộ mẫu nên trung bình tăng đúng 5, nhưng khoảng cách giữa các giá trị không đổi nên độ lệch chuẩn giữ nguyên bằng 3."
DM-HSA-04-DL,Đề mẫu HSA365 số 04 — Địa lý,51,Văn,1,Ngữ pháp & lỗi sai trong câu,2,Trắc nghiệm,Câu nào dưới đây mắc lỗi thiếu chủ ngữ?,"A. Qua tác phẩm ""Chí Phèo"" đã cho thấy số phận bi thảm của người nông dân. | B. Tác phẩm ""Chí Phèo"" đã cho thấy số phận bi thảm của người nông dân. | C. Nam Cao đã cho thấy số phận bi thảm của người nông dân qua ""Chí Phèo"". | D. Số phận bi thảm của người nông dân hiện lên rõ nét trong ""Chí Phèo"".",A,1,60,"Cụm ""Qua tác phẩm Chí Phèo"" là trạng ngữ, nên câu A chỉ còn vị ngữ mà không có chủ ngữ. Sửa bằng cách bỏ ""Qua"" hoặc thêm chủ ngữ: ""Qua tác phẩm Chí Phèo, Nam Cao đã cho thấy...""."
DM-HSA-04-DL,Đề mẫu HSA365 số 04 — Địa lý,52,Văn,2,Ngữ pháp & lỗi sai trong câu,2,Trắc nghiệm,"Cụm từ ""một cuốn sách rất hay"" thuộc loại cụm từ nào?",A. Cụm danh từ | B. Cụm động từ | C. Cụm tính từ | D. Cụm chủ — vị,A,1,60,"Trung tâm của cụm là danh từ ""sách"", còn ""một"" là phần phụ trước và ""rất hay"" là phần phụ sau. Loại cụm từ luôn được xác định theo từ loại của thành phần trung tâm."
DM-HSA-04-DL,Đề mẫu HSA365 số 04 — Địa lý,53,Văn,3,Ngữ pháp & lỗi sai trong câu,2,Trắc nghiệm,"Câu ""Bạn Nam, học sinh giỏi nhất lớp, vừa đạt giải nhất thành phố."" có bộ phận in nghiêng ""học sinh giỏi nhất lớp"" là:",A. Thành phần phụ chú | B. Trạng ngữ | C. Chủ ngữ thứ hai | D. Vị ngữ,A,1,60,"Bộ phận nằm giữa hai dấu phẩy, bổ sung thông tin giải thích cho ""bạn Nam"" và có thể lược bỏ mà câu vẫn trọn nghĩa. Đó là thành phần phụ chú."
DM-HSA-04-DL,Đề mẫu HSA365 số 04 — Địa lý,54,Văn,4,Ngữ pháp & lỗi sai trong câu,2,Trắc nghiệm,Câu ghép nào sau đây có quan hệ nguyên nhân — kết quả?,"A. Vì chuẩn bị kỹ nên bạn ấy trình bày rất tự tin. | B. Bạn ấy vừa hát hay vừa vẽ đẹp. | C. Trời càng về khuya, sương càng dày. | D. Nếu chăm chỉ, em sẽ tiến bộ.",A,1,60,"Cặp quan hệ từ ""vì… nên"" biểu thị quan hệ nguyên nhân — kết quả. Câu B là quan hệ đồng thời, câu C là tăng tiến, câu D là điều kiện — giả thiết."
DM-HSA-04-DL,Đề mẫu HSA365 số 04 — Địa lý,55,Văn,5,"Tác giả, tác phẩm & giai đoạn văn học",2,Trắc nghiệm,"""Tuyên ngôn Độc lập"" của Hồ Chí Minh mở đầu bằng cách trích dẫn văn bản nào?",A. Tuyên ngôn Độc lập của Mĩ và Tuyên ngôn Nhân quyền và Dân quyền của Pháp. | B. Bình Ngô đại cáo của Nguyễn Trãi. | C. Hiến chương Liên hợp quốc. | D. Nam quốc sơn hà của Lý Thường Kiệt.,A,1,60,"Mở đầu bằng chính tuyên ngôn của hai nước ấy là một đòn lập luận sắc bén: lấy lí lẽ của đối phương làm căn cứ cho mình, khiến họ không thể phủ nhận."
DM-HSA-04-DL,Đề mẫu HSA365 số 04 — Địa lý,56,Văn,6,"Tác giả, tác phẩm & giai đoạn văn học",2,Trắc nghiệm,"Bài thơ ""Tây Tiến"" của Quang Dũng viết về đối tượng nào?",A. Người lính trong đoàn quân Tây Tiến thời kháng chiến chống Pháp. | B. Người nông dân vùng Tây Bắc trong cải cách ruộng đất. | C. Những người lính lái xe trên tuyến đường Trường Sơn. | D. Đoàn dân công hỏa tuyến trong chiến dịch Điện Biên Phủ.,A,1,60,"""Tây Tiến"" (1948) viết về đoàn quân Tây Tiến trong kháng chiến chống Pháp, nơi Quang Dũng từng là đại đội trưởng."
DM-HSA-04-DL,Đề mẫu HSA365 số 04 — Địa lý,57,Văn,7,"Tác giả, tác phẩm & giai đoạn văn học",2,Trắc nghiệm,"Bài thơ ""Việt Bắc"" của Tố Hữu được viết theo thể thơ nào?",A. Lục bát | B. Tự do | C. Thất ngôn bát cú | D. Song thất lục bát,A,1,60,"""Việt Bắc"" viết bằng thể lục bát, sử dụng lối đối đáp ""mình — ta"" quen thuộc của ca dao để nói chuyện chính trị — đây chính là nét đặc sắc của bài thơ."
DM-HSA-04-DL,Đề mẫu HSA365 số 04 — Địa lý,58,Văn,8,"Tác giả, tác phẩm & giai đoạn văn học",2,Trắc nghiệm,"Tùy bút ""Người lái đò Sông Đà"" của Nguyễn Tuân ca ngợi điều gì ở nhân vật ông lái đò?",A. Chất tài hoa nghệ sĩ trong lao động bình thường. | B. Tinh thần chiến đấu chống giặc ngoại xâm. | C. Lòng hiếu thảo với cha mẹ. | D. Sự giàu có nhờ nghề sông nước.,A,1,60,"Nguyễn Tuân nhìn con người ở phương diện tài hoa nghệ sĩ. Ông lái đò vượt thác được miêu tả như một nghệ sĩ điêu luyện, biến công việc mưu sinh thành một cuộc trình diễn tài nghệ."
DM-HSA-04-DL,Đề mẫu HSA365 số 04 — Địa lý,59,Văn,9,Đọc hiểu văn bản,2,Trắc nghiệm,Ý chính của đoạn trích là gì?,A. Khối lượng chữ ta đọc mỗi ngày tăng lên nhưng chiều sâu của việc đọc lại giảm đi. | B. Màn hình điện tử là nguyên nhân khiến con người không còn đọc sách. | C. Sách giấy có giá trị cao hơn hẳn so với mọi loại văn bản trên mạng. | D. Người trẻ ngày nay lười đọc hơn các thế hệ trước.,A,1,60,"Đoạn mở đầu nêu nghịch lý ""đọc nhiều hơn nhưng hời hợt hơn"", các đoạn sau triển khai chính nghịch lý đó. Đây là ý bao trùm cả ba đoạn."
DM-HSA-04-DL,Đề mẫu HSA365 số 04 — Địa lý,60,Văn,10,Đọc hiểu văn bản,2,Trắc nghiệm,"Nhan đề ""Bức tường xanh của vùng cửa sông"" chỉ đối tượng nào?",A. Rừng ngập mặn | B. Hệ thống đê bê tông | C. Các đầm nuôi tôm | D. Lớp bùn đáy giàu các-bon,A,1,60,"""Bức tường"" là hình ảnh ẩn dụ cho chức năng chắn sóng, ""xanh"" chỉ cây cối — cả cụm chỉ rừng ngập mặn, đối tượng xuyên suốt văn bản."
DM-HSA-04-DL,Đề mẫu HSA365 số 04 — Địa lý,61,Văn,11,Đọc hiểu văn bản,2,Trắc nghiệm,Ý chính của đoạn trích là gì?,"A. Đô thị hóa là tất yếu, nhưng cần ghi lại những gì bị xóa đi để giữ ký ức chung. | B. Cần dừng việc mở rộng đô thị để bảo tồn cảnh quan cũ. | C. Thành phố hiện đại hơn hẳn thành phố cũ về mọi mặt. | D. Người già thường hoài niệm và khó chấp nhận cái mới.",A,1,60,"Tác giả thừa nhận ""không ai phản đối được logic ấy"" của đô thị hóa, nhưng đoạn cuối chốt lại vấn đề là ""mỗi lần xóa đi một thứ, chúng ta có kịp ghi lại nó ở đâu đó hay không"". Đó là ý bao trùm cả bài."
DM-HSA-04-DL,Đề mẫu HSA365 số 04 — Địa lý,62,Văn,12,Biện pháp tu từ & phong cách,2,Trắc nghiệm,"Câu ""Mặt trời của bắp thì nằm trên đồi / Mặt trời của mẹ, em nằm trên lưng"" (Nguyễn Khoa Điềm) sử dụng biện pháp tu từ nào ở hình ảnh ""mặt trời của mẹ""?",A. Ẩn dụ | B. Hoán dụ | C. Nói quá | D. Nhân hóa,A,1,60,"Đứa con được gọi là ""mặt trời của mẹ"" dựa trên nét tương đồng về vai trò: nguồn sống, nguồn ấm áp. Gọi tên sự vật này bằng tên sự vật khác có nét tương đồng chính là ẩn dụ."
DM-HSA-04-DL,Đề mẫu HSA365 số 04 — Địa lý,63,Văn,13,Biện pháp tu từ & phong cách,2,Trắc nghiệm,"Câu ""Ông trời nổi giận, sấm chớp đùng đùng."" sử dụng biện pháp nào?",A. Nhân hóa | B. Ẩn dụ | C. Nói quá | D. Điệp ngữ,A,1,60,"Gán trạng thái cảm xúc của con người (""nổi giận"") cho hiện tượng tự nhiên chính là nhân hóa. Cách này làm thiên nhiên trở nên sống động và gần gũi."
DM-HSA-04-DL,Đề mẫu HSA365 số 04 — Địa lý,64,Văn,14,Biện pháp tu từ & phong cách,2,Trắc nghiệm,"Câu ""Bàn tay ta làm nên tất cả / Có sức người sỏi đá cũng thành cơm"" dùng biện pháp gì ở cụm ""sỏi đá cũng thành cơm""?",A. Nói quá | B. Nói giảm nói tránh | C. Chơi chữ | D. Liệt kê,A,1,60,"Sỏi đá không thể thành cơm; đây là cách phóng đại có chủ ý để nhấn mạnh sức mạnh của lao động. Nói quá luôn nhằm gây ấn tượng chứ không nhằm nói dối."
DM-HSA-04-DL,Đề mẫu HSA365 số 04 — Địa lý,65,Văn,15,Từ vựng & nghĩa của từ,2,Trắc nghiệm,Từ nào dưới đây KHÔNG cùng nhóm nghĩa với các từ còn lại?,A. Bàng hoàng | B. Sững sờ | C. Ngỡ ngàng | D. Hân hoan,D,1,60,"""Bàng hoàng"", ""sững sờ"", ""ngỡ ngàng"" đều chỉ trạng thái choáng váng, bất ngờ. ""Hân hoan"" chỉ niềm vui, thuộc trường nghĩa khác."
DM-HSA-04-DL,Đề mẫu HSA365 số 04 — Địa lý,66,Văn,16,Từ vựng & nghĩa của từ,2,Trắc nghiệm,"Trong các từ sau, từ nào là từ láy?",A. Lấp lánh | B. Bàn ghế | C. Sách vở | D. Quần áo,A,1,60,"""Lấp lánh"" có quan hệ láy âm giữa hai tiếng và một tiếng không có nghĩa độc lập. Ba từ còn lại là từ ghép đẳng lập, mỗi tiếng đều có nghĩa riêng."
DM-HSA-04-DL,Đề mẫu HSA365 số 04 — Địa lý,67,Văn,17,Ngữ pháp & lỗi sai trong câu,3,Trắc nghiệm,"Từ nào trong câu ""Cô ấy hát rất hay."" là bổ ngữ chỉ mức độ?",A. rất | B. hát | C. hay | D. cô ấy,A,1,90,"""Rất"" đứng trước tính từ ""hay"" để nêu mức độ, nên là bổ ngữ chỉ mức độ. ""Hát… hay"" là cụm vị ngữ, ""cô ấy"" là chủ ngữ."
DM-HSA-04-DL,Đề mẫu HSA365 số 04 — Địa lý,68,Văn,18,Ngữ pháp & lỗi sai trong câu,3,Trắc nghiệm,"Câu ""Với lòng nhiệt tình và trách nhiệm cao, công việc đã được hoàn thành đúng hạn."" mắc lỗi gì?","A. Sai lô-gíc quan hệ giữa trạng ngữ và chủ ngữ. | B. Thiếu vị ngữ. | C. Dùng sai quan hệ từ ""với"". | D. Lặp từ không cần thiết.",A,1,90,"Trạng ngữ ""Với lòng nhiệt tình và trách nhiệm cao"" phải bổ nghĩa cho một chủ thể là người, nhưng chủ ngữ của câu lại là ""công việc"". Sửa: ""Với lòng nhiệt tình và trách nhiệm cao, cả nhóm đã hoàn thành công việc đúng hạn."""
DM-HSA-04-DL,Đề mẫu HSA365 số 04 — Địa lý,69,Văn,19,Ngữ pháp & lỗi sai trong câu,3,Trắc nghiệm,"Trong câu ""Chiếc áo mà mẹ tặng tôi hôm sinh nhật đã cũ"", bộ phận ""mà mẹ tặng tôi hôm sinh nhật"" giữ vai trò gì?","A. Định ngữ, bổ nghĩa cho danh từ ""chiếc áo"". | B. Vị ngữ của câu. | C. Trạng ngữ chỉ thời gian. | D. Bổ ngữ cho động từ ""cũ"".",A,1,90,"Vị ngữ của câu là ""đã cũ"". Mệnh đề bắt đầu bằng ""mà"" đứng sau danh từ và làm rõ danh từ đó — đây là định ngữ (mệnh đề quan hệ)."
DM-HSA-04-DL,Đề mẫu HSA365 số 04 — Địa lý,70,Văn,20,Ngữ pháp & lỗi sai trong câu,3,Trắc nghiệm,"Câu ""Với sự nỗ lực không ngừng, thành tích của em đã được cải thiện."" mắc lỗi gì?",A. Trạng ngữ chỉ thái độ không bổ nghĩa được cho chủ ngữ là sự vật. | B. Thiếu chủ ngữ. | C. Dùng sai dấu câu. | D. Lặp từ không cần thiết.,A,1,90,"Trạng ngữ ""Với sự nỗ lực không ngừng"" đòi hỏi chủ thể là người, nhưng chủ ngữ của câu lại là ""thành tích"". Sửa: ""Với sự nỗ lực không ngừng, em đã cải thiện được thành tích của mình."""
DM-HSA-04-DL,Đề mẫu HSA365 số 04 — Địa lý,71,Văn,21,"Tác giả, tác phẩm & giai đoạn văn học",3,Trắc nghiệm,Đặc điểm nào là của văn học Việt Nam giai đoạn 1945 — 1975?,A. Khuynh hướng sử thi và cảm hứng lãng mạn. | B. Chủ nghĩa hiện thực phê phán là dòng chủ đạo. | C. Đề tài đô thị và thân phận cá nhân chiếm ưu thế. | D. Chịu ảnh hưởng mạnh của văn học hậu hiện đại.,A,1,90,"Văn học giai đoạn 1945 — 1975 phục vụ hai cuộc kháng chiến, nên hướng về vận mệnh cộng đồng (khuynh hướng sử thi) và tin tưởng vào tương lai (cảm hứng lãng mạn)."
DM-HSA-04-DL,Đề mẫu HSA365 số 04 — Địa lý,72,Văn,22,"Tác giả, tác phẩm & giai đoạn văn học",3,Trắc nghiệm,"""Truyện Kiều"" của Nguyễn Du được viết bằng thể thơ nào?",A. Lục bát | B. Song thất lục bát | C. Thất ngôn bát cú | D. Tự do,A,1,90,"""Truyện Kiều"" gồm 3254 câu thơ lục bát — thể thơ dân tộc với cặp câu 6 chữ và 8 chữ nối tiếp nhau."
DM-HSA-04-DL,Đề mẫu HSA365 số 04 — Địa lý,73,Văn,23,"Tác giả, tác phẩm & giai đoạn văn học",3,Trắc nghiệm,Nhận định nào đúng về phong cách nghệ thuật của Nguyễn Tuân?,"A. Tài hoa, uyên bác; quan sát và miêu tả sự vật ở phương diện thẩm mĩ, con người ở phương diện tài hoa nghệ sĩ. | B. Giản dị, mộc mạc, gần với lời ăn tiếng nói hằng ngày của người nông dân. | C. Trữ tình chính trị, giàu tính sử thi và cảm hứng lãng mạn cách mạng. | D. Trào phúng sắc sảo, chuyên đả kích xã hội thành thị nửa thực dân nửa phong kiến.",A,1,90,"Nguyễn Tuân nổi tiếng với chất tài hoa, uyên bác và cái nhìn thẩm mĩ, thể hiện rõ trong ""Chữ người tử tù"" và ""Người lái đò Sông Đà""."
DM-HSA-04-DL,Đề mẫu HSA365 số 04 — Địa lý,74,Văn,24,"Tác giả, tác phẩm & giai đoạn văn học",3,Trắc nghiệm,"Nhân vật Mị trong ""Vợ chồng A Phủ"" của Tô Hoài sống ở đâu?","A. Hồng Ngài, vùng núi Tây Bắc | B. Một làng quê Bắc Bộ | C. Vùng ven đô Hà Nội | D. Miền Tây Nam Bộ",A,1,90,"Truyện lấy bối cảnh Hồng Ngài, vùng cao Tây Bắc, nơi Mị bị bắt về làm con dâu gạt nợ cho nhà thống lí Pá Tra. Bối cảnh miền núi là yếu tố quan trọng để hiểu tục ""cúng trình ma"" trói buộc Mị."
DM-HSA-04-DL,Đề mẫu HSA365 số 04 — Địa lý,75,Văn,25,"Tác giả, tác phẩm & giai đoạn văn học",3,Trắc nghiệm,"Tác phẩm ""Vợ nhặt"" của Kim Lân đặt trong bối cảnh lịch sử nào?",A. Nạn đói năm 1945 | B. Cải cách ruộng đất | C. Kháng chiến chống Mĩ | D. Thời kỳ Đổi mới,A,1,90,"Truyện lấy bối cảnh nạn đói khủng khiếp năm Ất Dậu 1945. Chính bối cảnh ấy làm nổi bật chủ đề: ngay bên bờ vực cái chết, con người vẫn khao khát mái ấm và hướng về sự sống."
DM-HSA-04-DL,Đề mẫu HSA365 số 04 — Địa lý,76,Văn,26,Suy luận ngôn ngữ & liên kết ý,3,Trắc nghiệm,"Sắp xếp các câu sau thành một đoạn văn mạch lạc: (1) Vì vậy, thói quen ghi chép tay vẫn có chỗ đứng riêng. (2) Nhiều người cho rằng ghi chép bằng máy tính nhanh hơn nên hiệu quả hơn. (3) Tuy nhiên, các nghiên cứu cho thấy người ghi tay buộc phải tóm lược nên nhớ ý lâu hơn. Thứ tự đúng là:",A. (2) — (3) — (1) | B. (1) — (2) — (3) | C. (3) — (2) — (1) | D. (2) — (1) — (3),A,1,90,"Câu (2) nêu quan niệm phổ biến, câu (3) mở đầu bằng ""Tuy nhiên"" nên phải đứng sau để phản bác, câu (1) bắt đầu bằng ""Vì vậy"" nên là kết luận. Các từ nối chính là manh mối quyết định thứ tự."
DM-HSA-04-DL,Đề mẫu HSA365 số 04 — Địa lý,77,Văn,27,Suy luận ngôn ngữ & liên kết ý,3,Trắc nghiệm,"Sắp xếp thành đoạn mạch lạc: (1) Chẳng hạn, một giờ tập trung thật sự hơn ba giờ vừa học vừa xem điện thoại. (2) Chất lượng thời gian quan trọng hơn số giờ ngồi bàn. (3) Vì vậy, hãy đo bằng việc đã làm được, đừng đo bằng đồng hồ.",A. (2) — (1) — (3) | B. (1) — (2) — (3) | C. (3) — (2) — (1) | D. (2) — (3) — (1),A,1,90,"Câu (2) nêu luận điểm, câu (1) mở đầu bằng ""Chẳng hạn"" nên phải đứng sau để làm dẫn chứng, câu (3) mở đầu bằng ""Vì vậy"" nên là kết luận. Từ nối quyết định thứ tự, không phải nội dung."
DM-HSA-04-DL,Đề mẫu HSA365 số 04 — Địa lý,78,Văn,28,Suy luận ngôn ngữ & liên kết ý,3,Trắc nghiệm,"Cho tiền đề: ""Tất cả học sinh lớp 12A đều tham gia câu lạc bộ Toán. Bạn Hà tham gia câu lạc bộ Toán."" Kết luận nào chắc chắn đúng?",A. Không thể kết luận Hà có phải học sinh lớp 12A hay không. | B. Hà là học sinh lớp 12A. | C. Hà không phải học sinh lớp 12A. | D. Câu lạc bộ Toán chỉ gồm học sinh lớp 12A.,A,1,90,"Từ ""mọi A đều là B"" không suy ra được ""mọi B đều là A"". Câu lạc bộ có thể có thành viên từ lớp khác, nên không kết luận được gì về lớp của Hà. Đây là lỗi dùng mệnh đề đảo."
DM-HSA-04-DL,Đề mẫu HSA365 số 04 — Địa lý,79,Văn,29,Suy luận ngôn ngữ & liên kết ý,3,Trắc nghiệm,"Câu nào sau đây KHÔNG liên kết được với câu ""Trời đổ mưa rất to.""?","A. Vì vậy, bầu trời trong xanh không một gợn mây. | B. Vì vậy, trận đấu phải hoãn lại. | C. Tuy nhiên, chúng tôi vẫn quyết định lên đường. | D. Ngoài ra, gió cũng thổi mạnh hơn.",A,1,90,Trời mưa to không thể dẫn tới bầu trời trong xanh không gợn mây — hai vế mâu thuẫn nhau về nội dung dù từ nối đúng hình thức. Liên kết cần đúng cả về từ nối lẫn lô-gíc.
DM-HSA-04-DL,Đề mẫu HSA365 số 04 — Địa lý,80,Văn,30,Suy luận ngôn ngữ & liên kết ý,3,Trắc nghiệm,"Trong đoạn ""Đọc sách giúp mở rộng vốn từ. Vốn từ rộng giúp diễn đạt chính xác. Diễn đạt chính xác giúp thuyết phục người nghe."", quan hệ giữa các câu là:","A. Móc xích, ý sau nối tiếp ý trước | B. Song hành, các ý ngang hàng | C. Tương phản | D. Tổng — phân — hợp",A,1,90,"Phần cuối của câu trước trở thành phần đầu của câu sau (""vốn từ"", ""diễn đạt chính xác""), tạo thành chuỗi móc xích dẫn tới kết luận."
DM-HSA-04-DL,Đề mẫu HSA365 số 04 — Địa lý,81,Văn,31,Suy luận ngôn ngữ & liên kết ý,3,Trắc nghiệm,"Cho: ""Nếu trời mưa thì sân ướt. Sân không ướt."" Kết luận đúng là:",A. Trời không mưa. | B. Trời có mưa. | C. Không kết luận được gì. | D. Sân sẽ ướt sau đó.,A,1,90,"Đây là phép phản đảo: từ ""nếu P thì Q"" suy ra ""nếu không Q thì không P"". Không có Q (sân không ướt) nên chắc chắn không có P (trời không mưa)."
DM-HSA-04-DL,Đề mẫu HSA365 số 04 — Địa lý,82,Văn,32,Đọc hiểu văn bản,3,Trắc nghiệm,"Theo tác giả, ""đọc chậm"" được hiểu là:","A. Chấp nhận dừng lại, đọc lại và suy ngẫm về những câu văn đáng suy ngẫm. | B. Đọc mỗi ngày một số trang cố định và không đọc quá nhiều. | C. Chỉ đọc sách giấy và tránh xa mọi văn bản trên màn hình. | D. Đọc to thành tiếng để nhớ lâu hơn.",A,1,90,"Tác giả định nghĩa trực tiếp: ""Đọc chậm là chấp nhận rằng có những câu văn đòi hỏi ta dừng lại, đọc đi đọc lại, thậm chí gấp sách để nghĩ."""
DM-HSA-04-DL,Đề mẫu HSA365 số 04 — Địa lý,83,Văn,33,Đọc hiểu văn bản,3,Trắc nghiệm,"Cụm từ ""kẻ tiêu thụ thông tin"" trong đoạn 2 mang sắc thái gì?","A. Phê phán nhẹ, chỉ thái độ thụ động khi tiếp nhận văn bản. | B. Trung tính, chỉ đơn thuần mô tả người đọc hiện đại. | C. Ngợi ca khả năng xử lý lượng thông tin lớn của con người. | D. Hài hước, nhằm gây cười cho người đọc.",A,1,90,"Cụm từ này được đặt trong thế đối lập với ""người đối thoại với tác giả"". Phép đối lập cho thấy ""tiêu thụ"" bị đánh giá thấp hơn, mang sắc thái phê phán sự thụ động."
DM-HSA-04-DL,Đề mẫu HSA365 số 04 — Địa lý,84,Văn,34,Đọc hiểu văn bản,3,Trắc nghiệm,Phương thức biểu đạt chính của đoạn trích là:,A. Nghị luận | B. Tự sự | C. Miêu tả | D. Thuyết minh,A,1,90,"Văn bản nêu luận điểm (""đọc nhiều nhưng hời hợt""), giải thích khái niệm và đưa lí lẽ để thuyết phục người đọc — đặc trưng của văn nghị luận."
DM-HSA-04-DL,Đề mẫu HSA365 số 04 — Địa lý,85,Văn,35,Đọc hiểu văn bản,3,Trắc nghiệm,"Theo văn bản, vì sao rừng ngập mặn được coi là ""vườn ươm của biển""?","A. Vì tôm, cua, cá con trú ẩn trong các lạch nước nông giữa rễ cây để tránh kẻ săn mồi. | B. Vì người dân trồng cây giống ở đó rồi mang ra biển. | C. Vì đây là nơi có nhiều loài thực vật quý hiếm nhất. | D. Vì rừng ngập mặn tạo ra lượng ô-xy lớn cho nước biển.",A,1,90,Đoạn 3 nêu trực tiếp vai trò trú ẩn và sinh trưởng của thủy sản non giữa hệ rễ.
DM-HSA-04-DL,Đề mẫu HSA365 số 04 — Địa lý,86,Văn,36,Đọc hiểu văn bản,3,Trắc nghiệm,Lập luận ở đoạn 2 thuyết phục người đọc chủ yếu bằng cách nào?,A. So sánh chi phí giữ rừng với chi phí xây và sửa đê cho cùng một mức bảo vệ. | B. Kể lại một trận bão cụ thể mà tác giả từng chứng kiến. | C. Trích dẫn phát biểu của một nhà khoa học có uy tín. | D. Miêu tả vẻ đẹp của rừng đước vào lúc thủy triều lên.,A,1,90,"Đoạn 2 đưa ra một phép so sánh kinh tế trực tiếp giữa hai giải pháp bảo vệ bờ biển — đây là lí lẽ mang tính thực dụng, dễ thuyết phục nhất trong đoạn."
DM-HSA-04-DL,Đề mẫu HSA365 số 04 — Địa lý,87,Văn,37,Đọc hiểu văn bản,3,Trắc nghiệm,"Theo tác giả, ""ký ức chung"" tồn tại chủ yếu ở đâu?",A. Trong cách gọi tên và những chỉ dẫn quen thuộc của người dân địa phương. | B. Trong các bảo tàng và tài liệu lưu trữ của thành phố. | C. Trên những tấm biển tên phố mới. | D. Trong các công trình kiến trúc cổ được xếp hạng.,A,1,90,"Tác giả nói thẳng ""Ký ức chung không nằm trong bảo tàng"", rồi dẫn hai ví dụ đều thuộc về lời ăn tiếng nói hằng ngày: cách bà cụ gọi tên phố theo lối cũ và chỉ dẫn ""chỗ có cây gạo ngày xưa""."
DM-HSA-04-DL,Đề mẫu HSA365 số 04 — Địa lý,88,Văn,38,Đọc hiểu văn bản,3,Trắc nghiệm,"Câu ""Có người nói tiếc nuối là thứ xa xỉ của kẻ đã no đủ. Cũng có phần đúng."" thể hiện thao tác lập luận nào?",A. Thừa nhận một phần ý kiến trái chiều trước khi phản bác. | B. Bác bỏ hoàn toàn ý kiến của người khác. | C. Chứng minh bằng số liệu thống kê. | D. So sánh hai hiện tượng tương phản.,A,1,90,"Tác giả nêu ý kiến ngược lại, thừa nhận nó ""cũng có phần đúng"", rồi dùng liên từ ""Nhưng"" để đưa ra lập luận của mình. Đây là kỹ thuật nhượng bộ — thừa nhận một phần để lập luận sau đó thuyết phục hơn."
DM-HSA-04-DL,Đề mẫu HSA365 số 04 — Địa lý,89,Văn,39,Đọc hiểu văn bản,3,Trắc nghiệm,Tác giả phân biệt hai chuyện nào thường bị gộp làm một?,A. Sự thay đổi của ngôn ngữ và sự nghèo đi của người dùng. | B. Chữ Hán và chữ Quốc ngữ. | C. Tiếng nói và chữ viết. | D. Ngôn ngữ mạng và ngôn ngữ văn học.,A,1,90,"Đoạn 2 nêu rành mạch: ""Chuyện thứ nhất là sự thay đổi của ngôn ngữ… Chuyện thứ hai là sự nghèo đi của người dùng."" Toàn bộ lập luận sau đó dựa trên việc tách hai chuyện này ra."
DM-HSA-04-DL,Đề mẫu HSA365 số 04 — Địa lý,90,Văn,40,Đọc hiểu văn bản,3,Trắc nghiệm,Vì sao tác giả nhắc tới việc các nhà nho từng chê chữ Quốc ngữ?,A. Để cho thấy nỗi lo ngôn ngữ đang hỏng đã lặp lại nhiều lần trong lịch sử. | B. Để chứng minh chữ Hán sâu sắc hơn chữ Quốc ngữ. | C. Để phê phán thái độ bảo thủ của các nhà nho. | D. Để giải thích nguồn gốc của chữ Quốc ngữ.,A,1,90,"Câu mở đầu nêu quy luật ""Mỗi khi một lối viết mới xuất hiện, người ta lại lo tiếng Việt đang hỏng"", rồi dẫn ví dụ lịch sử để cho thấy nỗi lo hiện nay không mới. Đây là cách đặt hiện tượng vào một chuỗi lặp lại để giảm bớt tính bi kịch của nó."
DM-HSA-04-DL,Đề mẫu HSA365 số 04 — Địa lý,91,Văn,41,Đọc hiểu văn bản,3,Trắc nghiệm,Giải pháp mà tác giả đề xuất ở cuối bài là gì?,A. Bảo đảm người trẻ còn được đọc những văn bản đủ dài và đủ khó để buộc phải nghĩ. | B. Cấm sử dụng tiếng lóng trên mạng xã hội. | C. Khôi phục việc dạy chữ Hán trong nhà trường. | D. Chuẩn hóa lại chính tả tiếng Việt.,A,1,90,"Câu kết nêu trực tiếp giải pháp, đồng thời loại bỏ giải pháp cấm đoán: ""việc cần làm không phải là cấm một lối viết""."
DM-HSA-04-DL,Đề mẫu HSA365 số 04 — Địa lý,92,Văn,42,Biện pháp tu từ & phong cách,3,Trắc nghiệm,"Câu ""Ngày ngày mặt trời đi qua trên lăng / Thấy một mặt trời trong lăng rất đỏ"" — hình ảnh ""mặt trời trong lăng"" là:",A. Ẩn dụ chỉ Bác Hồ | B. Hoán dụ chỉ đất nước | C. So sánh giữa hai mặt trời | D. Nhân hóa mặt trời,A,1,90,"Bác Hồ được gọi bằng hình ảnh ""mặt trời"" dựa trên nét tương đồng: nguồn sáng, nguồn sống, sự vĩ đại và ấm áp. Đó là ẩn dụ. Mặt trời ở câu trên là mặt trời thật, tạo thế đối sánh."
DM-HSA-04-DL,Đề mẫu HSA365 số 04 — Địa lý,93,Văn,43,Biện pháp tu từ & phong cách,3,Trắc nghiệm,"Biện pháp liệt kê trong câu ""Nước Việt Nam có rừng vàng, biển bạc, đất phì nhiêu, người cần cù"" có tác dụng chủ yếu là:","A. Nhấn mạnh sự phong phú, giàu có nhiều mặt của đất nước. | B. Tạo nhịp điệu cho câu văn mà không thêm ý nghĩa. | C. So sánh Việt Nam với các nước khác. | D. Giảm nhẹ mức độ khẳng định.",A,1,90,Liệt kê hàng loạt yếu tố thuộc cùng một trường ý nghĩa làm nổi bật tính đa dạng và mức độ dồi dào của điều được nói tới.
DM-HSA-04-DL,Đề mẫu HSA365 số 04 — Địa lý,94,Văn,44,Biện pháp tu từ & phong cách,3,Trắc nghiệm,Văn bản khoa học có đặc trưng phong cách nào?,"A. Tính trừu tượng, tính lí trí và tính khách quan. | B. Tính hình tượng và tính truyền cảm. | C. Tính cụ thể và tính cá thể hóa. | D. Tính công khai về quan điểm chính trị.",A,1,90,"Phong cách khoa học đòi hỏi khái niệm chính xác, lập luận chặt chẽ và loại bỏ cảm xúc cá nhân. Tính hình tượng và truyền cảm là đặc trưng của phong cách nghệ thuật."
DM-HSA-04-DL,Đề mẫu HSA365 số 04 — Địa lý,95,Văn,45,Từ vựng & nghĩa của từ,3,Trắc nghiệm,"Chọn từ thích hợp: ""Nhà trường đã ______ nhiều biện pháp để nâng cao chất lượng dạy học.""",A. triển khai | B. triển vọng | C. phát huy | D. phát động,A,1,90,"""Triển khai biện pháp"" là kết hợp chuẩn, nghĩa là đưa vào thực hiện. ""Phát huy"" đi với ưu điểm, truyền thống; ""phát động"" đi với phong trào; ""triển vọng"" là danh từ nên không đứng ở vị trí động từ này."
DM-HSA-04-DL,Đề mẫu HSA365 số 04 — Địa lý,96,Văn,46,Từ vựng & nghĩa của từ,3,Trắc nghiệm,"Từ Hán Việt ""khả quan"" có nghĩa là:","A. Có thể xem là tốt, đáng để hi vọng. | B. Có thể quan sát được bằng mắt thường. | C. Đáng để suy xét kĩ lưỡng. | D. Có tính khách quan, không thiên vị.",A,1,90,"""Khả"" là có thể, ""quan"" là xem/nhìn; nghĩa gốc là ""đáng xem"", đã chuyển thành ""có triển vọng tốt"" trong tiếng Việt hiện đại (kết quả khả quan)."
DM-HSA-04-DL,Đề mẫu HSA365 số 04 — Địa lý,97,Văn,47,Từ vựng & nghĩa của từ,3,Trắc nghiệm,"Chọn từ thích hợp: ""Kết quả nghiên cứu này ______ cho giả thuyết đã nêu ở phần đầu.""",A. củng cố | B. củng có | C. cũng cố | D. củng cổ,A,1,90,"Từ đúng chính tả là ""củng cố"", nghĩa là làm cho vững chắc thêm. Ba phương án còn lại đều là biến thể sai chính tả không tồn tại trong tiếng Việt."
DM-HSA-04-DL,Đề mẫu HSA365 số 04 — Địa lý,98,Văn,48,Từ vựng & nghĩa của từ,3,Trắc nghiệm,"Từ ""chân"" trong câu nào được dùng theo nghĩa chuyển?",A. Chân núi có một dòng suối nhỏ. | B. Em bị đau chân nên nghỉ học. | C. Bạn ấy chạy nhanh nhờ đôi chân khỏe. | D. Chân của cậu bé bị trầy xước.,A,1,90,"""Chân núi"" dùng nghĩa chuyển theo phương thức ẩn dụ: phần dưới cùng của núi, tương ứng vị trí của chân trên cơ thể. Ba câu còn lại đều dùng nghĩa gốc chỉ bộ phận cơ thể."
DM-HSA-04-DL,Đề mẫu HSA365 số 04 — Địa lý,99,Văn,49,Từ vựng & nghĩa của từ,3,Trắc nghiệm,"Thành ngữ ""nước đổ lá khoai"" có nghĩa gần nhất với:",A. Khuyên bảo mà người nghe không tiếp thu. | B. Làm việc gì cũng gặp may mắn. | C. Của cải tiêu tán nhanh chóng. | D. Người và việc không hợp nhau.,A,1,90,"Nước đổ lên lá khoai thì trôi tuột hết, không đọng lại. Thành ngữ chỉ việc khuyên nhủ mà người nghe không hề thấm."
DM-HSA-04-DL,Đề mẫu HSA365 số 04 — Địa lý,100,Văn,50,Đọc hiểu văn bản,4,Trắc nghiệm,"Hình ảnh ""ngăn nó cũng vô ích như ngăn một dòng sông đổi dòng"" nhằm nhấn mạnh điều gì?","A. Sự thay đổi của ngôn ngữ là quy luật tự nhiên, không thể cưỡng lại. | B. Ngôn ngữ và dòng sông đều gắn với đời sống nông nghiệp. | C. Cần có biện pháp mạnh để giữ gìn sự trong sáng của tiếng Việt. | D. Người trẻ thay đổi cách nói quá nhanh.",A,1,120,"Phép so sánh đặt việc ngăn ngôn ngữ thay đổi ngang với việc ngăn một dòng sông — một việc bất khả trước quy luật tự nhiên. Câu này phục vụ kết luận ""Chuyện thứ nhất không đáng lo""."
DM-HSA-04-DL,Đề mẫu HSA365 số 04 — Địa lý,101,Khoa học,1,Địa lý tự nhiên,1,Trắc nghiệm,Khí hậu Việt Nam mang đặc điểm cơ bản nào?,A. Nhiệt đới ẩm gió mùa. | B. Ôn đới lục địa. | C. Cận nhiệt khô hạn. | D. Xích đạo ẩm quanh năm.,A,1,45,"Vị trí trong vùng nội chí tuyến, giáp Biển Đông và nằm trong khu vực hoạt động của gió mùa châu Á quy định tính chất nhiệt đới ẩm gió mùa."
DM-HSA-04-DL,Đề mẫu HSA365 số 04 — Địa lý,102,Khoa học,2,Địa lý kinh tế — xã hội,1,Trắc nghiệm,Vùng nào là vựa lúa lớn nhất Việt Nam?,A. Đồng bằng sông Cửu Long | B. Đồng bằng sông Hồng | C. Duyên hải Nam Trung Bộ | D. Tây Nguyên,A,1,45,Đồng bằng sông Cửu Long dẫn đầu cả nước về cả diện tích gieo trồng lẫn sản lượng lúa nhờ đất phù sa màu mỡ và nguồn nước dồi dào.
DM-HSA-04-DL,Đề mẫu HSA365 số 04 — Địa lý,103,Khoa học,3,Địa lý tự nhiên,1,Trắc nghiệm,Đồi núi chiếm khoảng bao nhiêu phần diện tích lãnh thổ phần đất liền nước ta?,A. 3/4 | B. 1/2 | C. 1/4 | D. 9/10,A,1,45,"Đồi núi chiếm khoảng 3/4 diện tích, trong đó chủ yếu là đồi núi thấp dưới 1000 m; đồng bằng chỉ chiếm khoảng 1/4."
DM-HSA-04-DL,Đề mẫu HSA365 số 04 — Địa lý,104,Khoa học,4,Địa lý tự nhiên,2,Trắc nghiệm,Hai hướng chính của địa hình núi nước ta là:,A. Tây bắc — đông nam và vòng cung | B. Bắc — nam và đông — tây | C. Đông bắc — tây nam và bắc — nam | D. Vòng cung và đông — tây,A,1,60,"Hướng tây bắc — đông nam thể hiện rõ ở vùng Tây Bắc và Trường Sơn Bắc; hướng vòng cung thấy ở vùng Đông Bắc và Trường Sơn Nam."
DM-HSA-04-DL,Đề mẫu HSA365 số 04 — Địa lý,105,Khoa học,5,Địa lý tự nhiên,2,Trắc nghiệm,Tính chất nào là đặc trưng cơ bản nhất của khí hậu Việt Nam?,A. Nhiệt đới ẩm gió mùa | B. Ôn đới lục địa | C. Cận nhiệt khô hạn | D. Xích đạo ẩm quanh năm,A,1,60,"Vị trí trong vùng nội chí tuyến, tiếp giáp Biển Đông và nằm trong khu vực hoạt động của gió mùa châu Á quy định tính chất nhiệt đới ẩm gió mùa của khí hậu nước ta."
DM-HSA-04-DL,Đề mẫu HSA365 số 04 — Địa lý,106,Khoa học,6,Địa lý tự nhiên,2,Trắc nghiệm,Loại đất chiếm diện tích lớn nhất ở vùng đồi núi thấp nước ta là:,A. Đất feralit | B. Đất phù sa | C. Đất phèn | D. Đất mặn,A,1,60,"Quá trình feralit là quá trình hình thành đất chủ yếu ở vùng nhiệt đới ẩm: mưa nhiều rửa trôi bazơ, tích lũy ôxít sắt và nhôm, tạo đất chua, màu đỏ vàng."
DM-HSA-04-DL,Đề mẫu HSA365 số 04 — Địa lý,107,Khoa học,7,Địa lý tự nhiên,2,Trắc nghiệm,Sông ngòi nước ta có đặc điểm nào sau đây?,"A. Dày đặc, nhiều nước, giàu phù sa và chế độ nước theo mùa | B. Thưa thớt, ít nước, ít phù sa | C. Chế độ nước điều hòa quanh năm | D. Chủ yếu chảy theo hướng đông — tây",A,1,60,"Mưa nhiều và địa hình dốc tạo mạng lưới sông dày đặc, lượng nước lớn, hàm lượng phù sa cao; mùa lũ trùng mùa mưa nên chế độ nước phân mùa rõ rệt."
DM-HSA-04-DL,Đề mẫu HSA365 số 04 — Địa lý,108,Khoa học,8,Địa lý tự nhiên,2,Trắc nghiệm,Nước ta nằm hoàn toàn trong vùng nội chí tuyến bán cầu Bắc nên có hệ quả nào sau đây?,A. Mọi nơi trong năm đều có hai lần Mặt Trời lên thiên đỉnh | B. Không nơi nào có Mặt Trời lên thiên đỉnh | C. Chỉ miền Nam có Mặt Trời lên thiên đỉnh | D. Ngày và đêm dài bằng nhau quanh năm,A,1,60,"Toàn bộ lãnh thổ nằm giữa xích đạo và chí tuyến Bắc nên mỗi năm Mặt Trời đều lên thiên đỉnh hai lần; càng gần chí tuyến thì hai lần ấy càng sát nhau."
DM-HSA-04-DL,Đề mẫu HSA365 số 04 — Địa lý,109,Khoa học,9,Địa lý tự nhiên,2,Trắc nghiệm,Gió mùa Đông Bắc gây ra mùa đông lạnh chủ yếu ở khu vực nào của nước ta?,"A. Miền Bắc, ranh giới ảnh hưởng giảm dần về phía nam. | B. Toàn bộ lãnh thổ với cường độ như nhau. | C. Chỉ riêng Tây Nguyên. | D. Chỉ riêng Nam Bộ.",A,1,60,"Khối khí lạnh từ phương bắc bị biến tính và suy yếu dần khi di chuyển xuống nam, đến dãy Bạch Mã thì hầu như bị chặn lại."
DM-HSA-04-DL,Đề mẫu HSA365 số 04 — Địa lý,110,Khoa học,10,Địa lý kinh tế — xã hội,2,Trắc nghiệm,"""Cơ cấu dân số vàng"" của nước ta được hiểu là:",A. Tỉ lệ người trong độ tuổi lao động chiếm ưu thế so với nhóm phụ thuộc | B. Tỉ lệ người trên 65 tuổi chiếm hơn một nửa dân số | C. Số dân thành thị vượt số dân nông thôn | D. Tỉ suất sinh và tỉ suất tử đều ở mức rất cao,A,1,60,"Cơ cấu dân số vàng xuất hiện khi nhóm 15 — 64 tuổi chiếm tỉ trọng lớn, số người phụ thuộc thấp; đây là cơ hội về nguồn lao động nhưng chỉ kéo dài trong một giai đoạn nhất định."
DM-HSA-04-DL,Đề mẫu HSA365 số 04 — Địa lý,111,Khoa học,11,Địa lý kinh tế — xã hội,2,Trắc nghiệm,Đặc điểm nổi bật của phân bố dân cư nước ta là:,"A. Không đều giữa đồng bằng với trung du — miền núi và giữa thành thị với nông thôn | B. Rất đồng đều trên toàn lãnh thổ | C. Tập trung chủ yếu ở vùng núi cao | D. Chủ yếu tập trung ở các đô thị lớn, nông thôn gần như không có dân",A,1,60,"Đồng bằng chiếm khoảng 1/4 diện tích nhưng tập trung khoảng 3/4 dân số; trung du và miền núi rộng nhưng thưa dân, gây sức ép việc làm ở nơi này và thiếu lao động ở nơi kia."
DM-HSA-04-DL,Đề mẫu HSA365 số 04 — Địa lý,112,Khoa học,12,Địa lý kinh tế — xã hội,2,Trắc nghiệm,Vùng chuyên canh cây cà phê lớn nhất nước ta là:,A. Tây Nguyên | B. Đông Nam Bộ | C. Trung du và miền núi Bắc Bộ | D. Bắc Trung Bộ,A,1,60,"Tây Nguyên có diện tích đất badan rộng lớn, khí hậu cận xích đạo phân hai mùa rõ rệt thuận lợi cho phơi sấy, nên chiếm phần lớn diện tích và sản lượng cà phê cả nước."
DM-HSA-04-DL,Đề mẫu HSA365 số 04 — Địa lý,113,Khoa học,13,Địa lý kinh tế — xã hội,2,Trắc nghiệm,Vùng trọng điểm sản xuất lương thực và thủy sản lớn nhất nước ta là:,A. Đồng bằng sông Cửu Long | B. Đồng bằng sông Hồng | C. Duyên hải Nam Trung Bộ | D. Tây Nguyên,A,1,60,"Đồng bằng sông Cửu Long dẫn đầu cả nước về diện tích, sản lượng lúa và sản lượng thủy sản nhờ đất phù sa rộng, nguồn nước dồi dào và mạng lưới sông ngòi, kênh rạch dày đặc."
DM-HSA-04-DL,Đề mẫu HSA365 số 04 — Địa lý,114,Khoa học,14,Địa lý kinh tế — xã hội,2,Trắc nghiệm,Ngành công nghiệp trọng điểm là ngành có đặc điểm nào?,"A. Có thế mạnh lâu dài, hiệu quả kinh tế cao và tác động mạnh tới các ngành khác | B. Chỉ cần vốn đầu tư nhỏ và sử dụng ít lao động | C. Có tỉ trọng nhỏ nhưng tốc độ tăng trưởng nhanh nhất | D. Chủ yếu phục vụ xuất khẩu, không tiêu thụ trong nước",A,1,60,"Ba tiêu chí của ngành công nghiệp trọng điểm là thế mạnh lâu dài, mang lại hiệu quả kinh tế — xã hội cao và có tác động lan tỏa thúc đẩy các ngành kinh tế khác phát triển."
DM-HSA-04-DL,Đề mẫu HSA365 số 04 — Địa lý,115,Khoa học,15,"Bảng số liệu, biểu đồ & Atlat",2,Trắc nghiệm,"Để thể hiện sự thay đổi cơ cấu giá trị sản xuất công nghiệp theo ba nhóm ngành trong giai đoạn 2010 — 2022 (5 mốc năm), dạng biểu đồ thích hợp nhất là:",A. Biểu đồ miền | B. Biểu đồ tròn | C. Biểu đồ cột ghép | D. Biểu đồ đường,A,1,60,"Từ khóa ""cơ cấu"" cộng với chuỗi thời gian nhiều hơn ba mốc năm luôn dẫn tới biểu đồ miền. Biểu đồ tròn chỉ dùng khi số mốc năm không quá ba."
DM-HSA-04-DL,Đề mẫu HSA365 số 04 — Địa lý,116,Khoa học,16,"Bảng số liệu, biểu đồ & Atlat",2,Trắc nghiệm,"Để thể hiện tốc độ tăng trưởng sản lượng lúa, ngô và khoai của nước ta qua nhiều năm, nên chọn dạng biểu đồ nào?",A. Biểu đồ đường | B. Biểu đồ tròn | C. Biểu đồ miền | D. Biểu đồ cột chồng,A,1,60,"Từ khóa ""tốc độ tăng trưởng"" đòi hỏi quy về chỉ số phần trăm với năm gốc bằng 100% rồi vẽ các đường; biểu đồ đường thể hiện rõ nhất nhịp tăng của từng đối tượng."
DM-HSA-04-DL,Đề mẫu HSA365 số 04 — Địa lý,117,Khoa học,17,"Bảng số liệu, biểu đồ & Atlat",2,Trắc nghiệm,"Để so sánh sản lượng thủy sản khai thác và nuôi trồng (nghìn tấn) cùng với tỉ lệ nuôi trồng trong tổng sản lượng (%) qua các năm, dạng biểu đồ thích hợp nhất là:",A. Biểu đồ kết hợp cột và đường | B. Biểu đồ tròn | C. Biểu đồ miền | D. Biểu đồ đường đơn,A,1,60,"Khi bảng số liệu có hai đơn vị khác nhau (nghìn tấn và %), ta dùng biểu đồ kết hợp: cột cho đại lượng tuyệt đối, đường cho đại lượng tương đối trên trục tung thứ hai."
DM-HSA-04-DL,Đề mẫu HSA365 số 04 — Địa lý,118,Khoa học,18,"Bảng số liệu, biểu đồ & Atlat",2,Trắc nghiệm,Một năm nước ta xuất khẩu 370 tỉ USD và nhập khẩu 360 tỉ USD. Cán cân xuất nhập khẩu năm đó:,A. Xuất siêu 10 tỉ USD | B. Nhập siêu 10 tỉ USD | C. Cân bằng | D. Xuất siêu 730 tỉ USD,A,1,60,"Cán cân xuất nhập khẩu bằng giá trị xuất khẩu trừ giá trị nhập khẩu: 370 − 360 = 10 tỉ USD, mang dấu dương nên là xuất siêu."
DM-HSA-04-DL,Đề mẫu HSA365 số 04 — Địa lý,119,Khoa học,19,"Bảng số liệu, biểu đồ & Atlat",2,Trắc nghiệm,"Khi khai thác Atlat Địa lí Việt Nam, việc đầu tiên cần làm để đọc đúng một bản đồ chuyên đề là:","A. Đọc bảng chú giải và xác định thang màu, kí hiệu | B. Đếm số tỉnh xuất hiện trên bản đồ | C. So sánh ngay với bản đồ hành chính | D. Ghi nhớ tên tất cả các sông",A,1,60,"Mọi thông tin của bản đồ chuyên đề đều được mã hóa trong chú giải; bỏ qua bước này thì việc đọc thang màu, kí hiệu điểm và kí hiệu đường đều dễ sai."
DM-HSA-04-DL,Đề mẫu HSA365 số 04 — Địa lý,120,Khoa học,20,Địa lý tự nhiên,2,Trắc nghiệm,"Dãy núi cao nhất Việt Nam, nơi có đỉnh Phan-xi-păng, là:",A. Hoàng Liên Sơn | B. Trường Sơn Bắc | C. Trường Sơn Nam | D. Bạch Mã,A,1,60,"Hoàng Liên Sơn thuộc vùng Tây Bắc là dãy núi cao và đồ sộ nhất nước ta, có đỉnh Phan-xi-păng cao 3143 m — nơi duy nhất xuất hiện đai ôn đới gió mùa trên núi."
DM-HSA-04-DL,Đề mẫu HSA365 số 04 — Địa lý,121,Khoa học,21,Địa lý kinh tế — xã hội,2,Trắc nghiệm,Ngành công nghiệp khai thác than của nước ta tập trung chủ yếu ở tỉnh nào?,A. Quảng Ninh | B. Thái Nguyên | C. Lào Cai | D. Hà Giang,A,1,60,"Bể than Quảng Ninh có trữ lượng lớn nhất cả nước, chất lượng than antraxit cao, lại nằm gần cảng biển nên rất thuận lợi cho khai thác và xuất khẩu."
DM-HSA-04-DL,Đề mẫu HSA365 số 04 — Địa lý,122,Khoa học,22,Địa lý kinh tế — xã hội,2,Trắc nghiệm,Cây công nghiệp lâu năm quan trọng nhất của Tây Nguyên là:,A. Cà phê | B. Cao su | C. Chè | D. Hồ tiêu,A,1,60,Đất badan rộng lớn cùng khí hậu cận xích đạo có mùa khô rõ rệt rất thuận lợi cho cà phê — cây chiếm tỉ trọng lớn nhất trong cơ cấu cây công nghiệp lâu năm của vùng.
DM-HSA-04-DL,Đề mẫu HSA365 số 04 — Địa lý,123,Khoa học,23,Địa lý tự nhiên,2,Trắc nghiệm,Loại gió nào hoạt động quanh năm ở nước ta do vị trí nằm trong vùng nội chí tuyến?,A. Tín phong bán cầu Bắc | B. Gió Tây ôn đới | C. Gió Đông cực | D. Gió đất — gió biển,A,1,60,"Nằm trong vùng nội chí tuyến nên nước ta chịu tác động của Tín phong bán cầu Bắc quanh năm; tuy nhiên vào các mùa gió mùa, Tín phong bị lấn át và chỉ mạnh lên vào thời kỳ chuyển tiếp."
DM-HSA-04-DL,Đề mẫu HSA365 số 04 — Địa lý,124,Khoa học,24,Địa lý kinh tế — xã hội,2,Trắc nghiệm,Vùng nào sau đây có mật độ dân số cao nhất nước ta?,A. Đồng bằng sông Hồng | B. Tây Nguyên | C. Trung du và miền núi Bắc Bộ | D. Bắc Trung Bộ,A,1,60,"Đồng bằng sông Hồng có lịch sử khai thác lâu đời, đất phù sa màu mỡ và nền nông nghiệp lúa nước thâm canh, nên mật độ dân số cao nhất cả nước."
DM-HSA-04-DL,Đề mẫu HSA365 số 04 — Địa lý,125,Khoa học,25,"Bảng số liệu, biểu đồ & Atlat",2,Trắc nghiệm,"Để thể hiện quy mô và cơ cấu giá trị xuất khẩu của nước ta trong hai năm 2015 và 2022, dạng biểu đồ thích hợp nhất là:",A. Hai biểu đồ tròn có bán kính khác nhau | B. Biểu đồ miền | C. Biểu đồ đường | D. Biểu đồ cột ghép,A,1,60,"Yêu cầu có cả ""quy mô"" và ""cơ cấu"" với đúng hai mốc năm, nên dùng hai hình tròn có bán kính khác nhau: bán kính thể hiện quy mô, các nan quạt thể hiện cơ cấu."
DM-HSA-04-DL,Đề mẫu HSA365 số 04 — Địa lý,126,Khoa học,26,"Bảng số liệu, biểu đồ & Atlat",2,Trắc nghiệm,"Trong biểu đồ tròn thể hiện cơ cấu, một thành phần chiếm 25% sẽ ứng với góc ở tâm bằng bao nhiêu độ?",A. 90° | B. 25° | C. 45° | D. 180°,A,1,60,"Cả hình tròn là 100% ứng với 360°, nên 1% ứng với 3,6° và 25% ứng với 25 × 3,6 = 90°. Đây cũng chính là một phần tư hình tròn."
DM-HSA-04-DL,Đề mẫu HSA365 số 04 — Địa lý,127,Khoa học,27,"Bảng số liệu, biểu đồ & Atlat",2,Trắc nghiệm,"Để thể hiện cơ cấu giá trị xuất khẩu theo nhóm hàng của một năm, dạng biểu đồ thích hợp nhất là:",A. Biểu đồ tròn | B. Biểu đồ đường | C. Biểu đồ cột ghép | D. Biểu đồ kết hợp cột và đường,A,1,60,"Từ khóa ""cơ cấu"" + một mốc thời gian ⟹ biểu đồ tròn. Nếu từ hai đến ba năm thì dùng nhiều hình tròn, từ bốn năm trở lên dùng biểu đồ miền."
DM-HSA-04-DL,Đề mẫu HSA365 số 04 — Địa lý,128,Khoa học,28,Địa lý tự nhiên,3,Trắc nghiệm,Gió mùa Đông Bắc gây ra kiểu thời tiết đặc trưng nào ở miền Bắc nước ta vào nửa sau mùa đông?,"A. Lạnh ẩm, có mưa phùn | B. Lạnh khô, trời quang mây | C. Nóng ẩm, mưa rào | D. Khô nóng, ít mây",A,1,90,"Nửa đầu mùa đông khối khí lạnh đi qua lục địa nên lạnh khô; nửa sau nó lệch ra biển, được tăng ẩm nên gây thời tiết lạnh ẩm, mưa phùn ở đồng bằng Bắc Bộ."
DM-HSA-04-DL,Đề mẫu HSA365 số 04 — Địa lý,129,Khoa học,29,Địa lý tự nhiên,3,Trắc nghiệm,Gió phơn Tây Nam (gió Lào) gây thời tiết khô nóng cho vùng nào rõ rệt nhất?,A. Bắc Trung Bộ và phần nam Tây Bắc | B. Đồng bằng sông Cửu Long | C. Tây Nguyên | D. Đông Bắc,A,1,90,"Khối khí từ vịnh Ben-gan vượt dãy Trường Sơn, trút mưa ở sườn tây rồi biến tính khô nóng khi tràn xuống sườn đông, ảnh hưởng mạnh nhất tới Bắc Trung Bộ."
DM-HSA-04-DL,Đề mẫu HSA365 số 04 — Địa lý,130,Khoa học,30,Địa lý tự nhiên,3,Trắc nghiệm,Biển Đông ảnh hưởng tới khí hậu nước ta chủ yếu theo hướng nào?,"A. Làm tăng độ ẩm, điều hòa nhiệt độ và mang lại lượng mưa lớn | B. Làm khí hậu khô hạn hơn | C. Làm biên độ nhiệt năm tăng mạnh | D. Hầu như không ảnh hưởng vì diện tích nhỏ",A,1,90,"Biển Đông là nguồn ẩm dồi dào: các khối khí đi qua biển được tăng ẩm, làm khí hậu nước ta mang tính hải dương, ẩm hơn và bớt khắc nghiệt so với các nước cùng vĩ độ ở Tây Á, Bắc Phi."
DM-HSA-04-DL,Đề mẫu HSA365 số 04 — Địa lý,131,Khoa học,31,Địa lý tự nhiên,3,Trắc nghiệm,Sự phân hóa thiên nhiên theo chiều Bắc — Nam ở nước ta chủ yếu do nhân tố nào quyết định?,A. Sự thay đổi của nền nhiệt theo vĩ độ kết hợp hoạt động của gió mùa Đông Bắc | B. Độ cao địa hình | C. Hướng của các dãy núi | D. Khoảng cách tới biển,A,1,90,"Lãnh thổ kéo dài trên nhiều vĩ độ và gió mùa Đông Bắc suy yếu dần về phía nam khiến miền Bắc có mùa đông lạnh, miền Nam nóng quanh năm với hai mùa mưa — khô."
DM-HSA-04-DL,Đề mẫu HSA365 số 04 — Địa lý,132,Khoa học,32,Địa lý tự nhiên,3,Trắc nghiệm,Đai cận nhiệt đới gió mùa trên núi ở miền Bắc bắt đầu từ độ cao khoảng bao nhiêu mét?,A. 600 — 700 m | B. 100 — 200 m | C. 1600 — 1700 m | D. 2600 m,A,1,90,"Ở miền Bắc, đai nhiệt đới gió mùa chân núi kết thúc ở khoảng 600 — 700 m; ở miền Nam ranh giới này lên tới 900 — 1000 m do nền nhiệt cao hơn."
DM-HSA-04-DL,Đề mẫu HSA365 số 04 — Địa lý,133,Khoa học,33,Địa lý tự nhiên,3,Trắc nghiệm,Vì sao đồng bằng sông Cửu Long chịu tác động của xâm nhập mặn mạnh hơn đồng bằng sông Hồng?,"A. Địa hình rất thấp, bằng phẳng, nhiều cửa sông và mạng lưới kênh rạch chằng chịt | B. Lượng mưa trung bình năm nhỏ hơn nhiều | C. Không có hệ thống sông lớn đổ ra biển | D. Nằm xa biển hơn nên dòng chảy yếu",A,1,90,"Phần lớn đồng bằng sông Cửu Long chỉ cao vài mét so với mực nước biển và thông với biển qua nhiều cửa sông, kênh rạch, nên khi dòng chảy thượng nguồn giảm thì thủy triều đưa mặn vào rất sâu."
DM-HSA-04-DL,Đề mẫu HSA365 số 04 — Địa lý,134,Khoa học,34,Địa lý kinh tế — xã hội,3,Trắc nghiệm,Xu hướng chuyển dịch cơ cấu ngành kinh tế nước ta trong thời kỳ Đổi mới là:,"A. Giảm tỉ trọng khu vực nông — lâm — thủy sản, tăng tỉ trọng công nghiệp — xây dựng và dịch vụ | B. Tăng tỉ trọng nông nghiệp, giảm tỉ trọng dịch vụ | C. Giữ nguyên tỉ trọng của cả ba khu vực | D. Giảm đồng thời tỉ trọng của cả ba khu vực",A,1,90,"Đây là hướng chuyển dịch phù hợp với công nghiệp hóa: khu vực I giảm tỉ trọng dù giá trị tuyệt đối vẫn tăng, còn khu vực II và III tăng nhanh hơn."
DM-HSA-04-DL,Đề mẫu HSA365 số 04 — Địa lý,135,Khoa học,35,Địa lý kinh tế — xã hội,3,Trắc nghiệm,Thế mạnh nổi bật nhất của Trung du và miền núi Bắc Bộ so với các vùng khác là:,A. Khoáng sản và thủy điện | B. Sản xuất lúa hàng hóa | C. Nuôi trồng thủy sản nước lợ | D. Trồng cây cao su quy mô lớn,A,1,90,"Đây là vùng giàu khoáng sản nhất cả nước (than, sắt, apatit, đồng, thiếc) và có tiềm năng thủy điện lớn nhờ sông dốc, nhiều thác ghềnh trên hệ thống sông Đà, sông Lô, sông Gâm."
DM-HSA-04-DL,Đề mẫu HSA365 số 04 — Địa lý,136,Khoa học,36,Địa lý kinh tế — xã hội,3,Trắc nghiệm,Nhân tố nào quyết định nhất giúp Đông Nam Bộ trở thành vùng có giá trị sản xuất công nghiệp lớn nhất cả nước?,"A. Vị trí thuận lợi, cơ sở hạ tầng tốt, lao động kỹ thuật đông và thu hút nhiều vốn đầu tư | B. Diện tích tự nhiên lớn nhất trong bảy vùng | C. Trữ lượng than đá lớn nhất cả nước | D. Khí hậu có mùa đông lạnh phù hợp bảo quản nguyên liệu",A,1,90,"Ưu thế của Đông Nam Bộ nằm ở nhóm nhân tố kinh tế — xã hội: hạt nhân là Thành phố Hồ Chí Minh, hạ tầng cảng — sân bay — khu công nghiệp đồng bộ, lao động có tay nghề và dòng vốn FDI lớn nhất."
DM-HSA-04-DL,Đề mẫu HSA365 số 04 — Địa lý,137,Khoa học,37,Địa lý tự nhiên,3,Trắc nghiệm,Đặc điểm nào sau đây KHÔNG đúng với địa hình Việt Nam?,A. Đồi núi chiếm khoảng 1/4 diện tích lãnh thổ. | B. Địa hình thấp dần từ tây bắc xuống đông nam. | C. Đồi núi thấp dưới 1000 m chiếm ưu thế. | D. Địa hình chịu tác động mạnh của con người.,A,1,90,"Đồi núi chiếm khoảng 3/4 diện tích lãnh thổ, đồng bằng chỉ khoảng 1/4. Ba phương án còn lại đều là đặc điểm đúng."
DM-HSA-04-DL,Đề mẫu HSA365 số 04 — Địa lý,138,Khoa học,38,Địa lý kinh tế — xã hội,3,Trắc nghiệm,Quá trình đô thị hóa ở nước ta có đặc điểm nào sau đây?,A. Diễn ra nhanh nhưng trình độ đô thị hóa còn thấp | B. Diễn ra chậm và tỉ lệ dân thành thị đã rất cao | C. Đã hoàn thành từ trước thời kỳ Đổi mới | D. Chỉ diễn ra ở khu vực miền núi,A,1,90,"Tỉ lệ dân thành thị tăng nhanh trong những thập niên gần đây, nhưng hạ tầng, việc làm và chất lượng sống đô thị chưa theo kịp, nên trình độ đô thị hóa vẫn thấp so với khu vực."
DM-HSA-04-DL,Đề mẫu HSA365 số 04 — Địa lý,139,Khoa học,39,Địa lý kinh tế — xã hội,3,Trắc nghiệm,Ý nghĩa lớn nhất của việc phát triển giao thông vận tải biển đối với nền kinh tế nước ta là:,A. Tạo điều kiện đẩy mạnh giao thương quốc tế và hội nhập kinh tế | B. Thay thế hoàn toàn vận tải đường bộ trong nước | C. Giảm nhu cầu sử dụng hàng không | D. Bảo đảm nguồn nước ngọt cho sản xuất,A,1,90,"Với đường bờ biển dài và nhiều vũng vịnh nước sâu, vận tải biển đảm nhận phần lớn khối lượng hàng hóa xuất nhập khẩu, là mắt xích trực tiếp của hội nhập kinh tế quốc tế."
DM-HSA-04-DL,Đề mẫu HSA365 số 04 — Địa lý,140,Khoa học,40,Địa lý kinh tế — xã hội,3,Trắc nghiệm,Khó khăn lớn nhất đối với phát triển kinh tế của vùng Duyên hải Nam Trung Bộ là:,"A. Đồng bằng nhỏ hẹp, khô hạn kéo dài và thiên tai bão lũ thường xuyên | B. Không giáp biển nên khó phát triển thủy sản | C. Không có cảng biển nước sâu | D. Thiếu hoàn toàn tài nguyên du lịch",A,1,90,"Dải đồng bằng ven biển bị núi ăn lan ra sát biển chia cắt, mùa khô kéo dài gây thiếu nước, lại chịu nhiều bão và lũ quét — đó là các hạn chế tự nhiên nổi bật của vùng."
DM-HSA-04-DL,Đề mẫu HSA365 số 04 — Địa lý,141,Khoa học,41,Địa lý kinh tế — xã hội,3,Trắc nghiệm,Vì sao việc phát triển cây công nghiệp lâu năm ở Tây Nguyên cần gắn chặt với giải quyết vấn đề thủy lợi?,"A. Vì mùa khô ở Tây Nguyên kéo dài và sâu sắc, gây thiếu nước tưới nghiêm trọng | B. Vì đất badan không giữ được chất dinh dưỡng | C. Vì vùng thường xuyên ngập lụt vào mùa khô | D. Vì địa hình quá thấp nên không thoát nước được",A,1,90,"Tây Nguyên có mùa khô kéo dài bốn đến năm tháng, mực nước ngầm hạ thấp; không chủ động được nước tưới thì năng suất cà phê, hồ tiêu sụt giảm mạnh dù đất đai rất tốt."
DM-HSA-04-DL,Đề mẫu HSA365 số 04 — Địa lý,142,Khoa học,42,"Bảng số liệu, biểu đồ & Atlat",3,Trắc nghiệm,"Khi nhận xét một bảng số liệu, thao tác nào sau đây là bắt buộc trước khi rút ra kết luận so sánh về cơ cấu?",A. Xử lý số liệu tuyệt đối thành số liệu tương đối (%) | B. Làm tròn mọi số liệu về hàng nghìn | C. Loại bỏ các năm có giá trị giảm | D. Đổi toàn bộ đơn vị sang USD,A,1,90,"Cơ cấu là quan hệ tỉ lệ giữa các bộ phận trong tổng thể, nên phải quy về phần trăm; so sánh trực tiếp số liệu tuyệt đối chỉ cho biết quy mô chứ không cho biết cơ cấu."
DM-HSA-04-DL,Đề mẫu HSA365 số 04 — Địa lý,143,Khoa học,43,"Bảng số liệu, biểu đồ & Atlat",3,Trắc nghiệm,Bảng số liệu cho thấy giá trị sản xuất nông nghiệp tăng liên tục nhưng tỉ trọng của nó trong GDP lại giảm. Cách hiểu đúng là:,"A. Nông nghiệp vẫn tăng về quy mô, nhưng tăng chậm hơn các khu vực khác | B. Nông nghiệp đang suy giảm về quy mô sản xuất | C. Số liệu trong bảng mâu thuẫn nên không thể kết luận | D. GDP của cả nước đang giảm",A,1,90,Tỉ trọng phụ thuộc tốc độ tăng tương đối giữa các khu vực. Một ngành có thể tăng giá trị tuyệt đối mà vẫn giảm tỉ trọng nếu các ngành khác tăng nhanh hơn — đây là dấu hiệu của công nghiệp hóa.
DM-HSA-04-DL,Đề mẫu HSA365 số 04 — Địa lý,144,Khoa học,44,Địa lý tự nhiên,3,Trắc nghiệm,Dãy Bạch Mã có vai trò địa lý tự nhiên quan trọng nào?,A. Là ranh giới khí hậu giữa miền Bắc và miền Nam | B. Là nơi bắt nguồn của hệ thống sông Cửu Long | C. Là dãy núi cao nhất Trường Sơn Nam | D. Là ranh giới giữa vùng núi và vùng đồng bằng châu thổ,A,1,90,"Bạch Mã chạy theo hướng tây — đông, chắn gió mùa Đông Bắc nên phía nam dãy này hầu như không còn mùa đông lạnh; đây là ranh giới tự nhiên giữa hai miền khí hậu."
DM-HSA-04-DL,Đề mẫu HSA365 số 04 — Địa lý,145,Khoa học,45,Địa lý kinh tế — xã hội,3,Trắc nghiệm,Ý nghĩa lớn nhất của việc hình thành các vùng chuyên canh cây công nghiệp ở nước ta là:,"A. Tạo khối lượng nông sản hàng hóa lớn, ổn định cho chế biến và xuất khẩu | B. Giúp giảm hoàn toàn diện tích trồng lúa | C. Xóa bỏ tình trạng du canh du cư ở miền núi | D. Làm cho mọi vùng đều có cơ cấu cây trồng giống nhau",A,1,90,"Chuyên canh cho phép sản xuất tập trung quy mô lớn, thuận lợi cho áp dụng kỹ thuật và cung cấp nguyên liệu ổn định cho công nghiệp chế biến cũng như cho xuất khẩu."
DM-HSA-04-DL,Đề mẫu HSA365 số 04 — Địa lý,146,Khoa học,46,Địa lý tự nhiên,3,Trắc nghiệm,Vì sao miền Nam nước ta có hai mùa mưa — khô rõ rệt còn miền Bắc thì không?,A. Vì miền Nam không chịu tác động của gió mùa Đông Bắc mà chỉ có gió mùa Tây Nam và Tín phong | B. Vì miền Nam có địa hình thấp hơn miền Bắc | C. Vì miền Nam nằm xa biển hơn | D. Vì miền Nam có diện tích rừng lớn hơn,A,1,90,"Gió mùa Đông Bắc suy yếu và hầu như không vượt qua dãy Bạch Mã, nên miền Nam chỉ còn hai mùa do gió mùa Tây Nam gây mưa và Tín phong gây khô, thay vì bốn mùa chuyển tiếp như miền Bắc."
DM-HSA-04-DL,Đề mẫu HSA365 số 04 — Địa lý,147,Khoa học,47,Địa lý kinh tế — xã hội,3,Trắc nghiệm,Điều kiện tự nhiên thuận lợi nhất cho Đồng bằng sông Cửu Long phát triển nuôi trồng thủy sản là:,"A. Diện tích mặt nước rộng, mạng lưới sông ngòi kênh rạch dày đặc | B. Địa hình đồi núi chia cắt tạo nhiều hồ chứa | C. Khí hậu có mùa đông lạnh thích hợp cá nước lạnh | D. Bờ biển ngắn nhưng nhiều vũng vịnh nước sâu",A,1,90,"Vùng có hệ thống sông ngòi, kênh rạch chằng chịt cùng vùng ven biển và rừng ngập mặn rộng lớn, tạo diện tích mặt nước nuôi trồng lớn nhất cả nước."
DM-HSA-04-DL,Đề mẫu HSA365 số 04 — Địa lý,148,Khoa học,48,"Bảng số liệu, biểu đồ & Atlat",3,Trắc nghiệm,"Cho bảng số liệu sản lượng lúa: 2015 đạt 45 triệu tấn, 2022 đạt 43 triệu tấn. Nhận xét nào sau đây đúng?","A. Sản lượng lúa giảm khoảng 4,4% trong giai đoạn 2015 — 2022 | B. Sản lượng lúa tăng khoảng 4,4% | C. Sản lượng lúa giảm khoảng 2% | D. Sản lượng lúa không thay đổi đáng kể",A,1,90,"Mức thay đổi tương đối = (43 − 45)/45 × 100 ≈ −4,4%. Chú ý mẫu số là năm gốc 2015; lấy chênh lệch 2 triệu tấn rồi báo là 2% là nhầm số tuyệt đối với số tương đối."
DM-HSA-04-DL,Đề mẫu HSA365 số 04 — Địa lý,149,Khoa học,49,"Bảng số liệu, biểu đồ & Atlat",3,Trắc nghiệm,"Khi đọc Atlat Địa lí Việt Nam để xác định một trung tâm công nghiệp có quy mô lớn, cần dựa vào yếu tố nào?",A. Kích thước của vòng tròn biểu thị trung tâm đó | B. Màu nền của tỉnh chứa trung tâm | C. Số lượng ký hiệu sông ngòi xung quanh | D. Vị trí của trung tâm so với đường bờ biển,A,1,90,"Trên bản đồ công nghiệp của Atlat, quy mô giá trị sản xuất được mã hóa bằng kích thước vòng tròn, còn các ký hiệu bên trong cho biết cơ cấu ngành. Chú giải nêu rõ thang kích thước này."
DM-HSA-04-DL,Đề mẫu HSA365 số 04 — Địa lý,150,Khoa học,50,"Bảng số liệu, biểu đồ & Atlat",3,Trắc nghiệm,"Để so sánh tốc độ tăng trưởng của nhiều đối tượng có đơn vị khác nhau trong giai đoạn 2010 — 2024, dạng biểu đồ thích hợp nhất là:","A. Biểu đồ đường (sau khi quy về số liệu tương đối, năm gốc = 100%). | B. Biểu đồ tròn. | C. Biểu đồ miền. | D. Biểu đồ cột chồng.",A,1,90,"Từ khóa ""tốc độ tăng trưởng"" qua nhiều năm ⟹ biểu đồ đường. Vì các đối tượng khác đơn vị nên phải xử lí số liệu về dạng chỉ số với năm đầu bằng 100%."
DM-HSA-05-TA,Đề mẫu HSA365 số 05 — Tiếng Anh,1,Toán,1,"Hàm số, phương trình & bất phương trình",2,Trắc nghiệm,Parabol y = x² − 4x + 3 cắt trục hoành tại các điểm có hoành độ bằng bao nhiêu?,A. 1 và 3 | B. −1 và −3 | C. 0 và 4 | D. 2 và 3,A,1,60,Giải x² − 4x + 3 = 0 ⟹ (x − 1)(x − 3) = 0 ⟹ x = 1 hoặc x = 3.
DM-HSA-05-TA,Đề mẫu HSA365 số 05 — Tiếng Anh,2,Toán,2,"Hàm số, phương trình & bất phương trình",2,Điền đáp án,Hệ phương trình x + y = 10 và x − y = 4 có nghiệm với x bằng bao nhiêu?,,7,1,60,"Cộng vế theo vế hai phương trình: 2x = 14 ⟹ x = 7, từ đó y = 3. Phương pháp cộng đại số nhanh hơn thế khi hai phương trình đối xứng như thế này."
DM-HSA-05-TA,Đề mẫu HSA365 số 05 — Tiếng Anh,3,Toán,3,"Hàm số, phương trình & bất phương trình",2,Trắc nghiệm,Đồ thị hàm số y = 2x − 3 đi qua điểm nào sau đây?,"A. (0; −3) | B. (0; 3) | C. (3; 0) | D. (−3; 0)",A,1,60,"Thay x = 0 vào hàm số được y = −3, nên đồ thị cắt trục tung tại (0; −3). Với hàm y = ax + b, hệ số b luôn là tung độ giao điểm với trục tung."
DM-HSA-05-TA,Đề mẫu HSA365 số 05 — Tiếng Anh,4,Toán,4,Số học & tỉ lệ phần trăm,2,Trắc nghiệm,"Một sản phẩm niêm yết 2.400.000 đồng. Cửa hàng giảm 15%, sau đó giảm tiếp 10% trên giá đã giảm. Giá cuối cùng là bao nhiêu?",A. 1.836.000 đồng | B. 1.800.000 đồng | C. 1.860.000 đồng | D. 1.920.000 đồng,A,1,60,"Hai lần giảm liên tiếp là phép nhân chứ không phải phép cộng: 2.400.000 × 0,85 × 0,90 = 2.400.000 × 0,765 = 1.836.000 đồng."
DM-HSA-05-TA,Đề mẫu HSA365 số 05 — Tiếng Anh,5,Toán,5,Số học & tỉ lệ phần trăm,2,Trắc nghiệm,"Gửi 100 triệu đồng với lãi suất kép 6%/năm. Sau 2 năm, số tiền cả gốc lẫn lãi là:","A. 112,36 triệu đồng | B. 112 triệu đồng | C. 106 triệu đồng | D. 136 triệu đồng",A,1,60,"Lãi kép nhân dồn: 100 × 1,06² = 100 × 1,1236 = 112,36 triệu đồng. Phần 0,36 triệu chính là lãi sinh ra từ lãi của năm thứ nhất."
DM-HSA-05-TA,Đề mẫu HSA365 số 05 — Tiếng Anh,6,Toán,6,Số học & tỉ lệ phần trăm,2,Điền đáp án,"Một mặt hàng giảm giá 20%, sau đó tăng giá 20% trên giá mới. So với giá ban đầu, giá cuối cùng giảm bao nhiêu phần trăm?",,4,1,60,"Hệ số cuối cùng là 0,8 × 1,2 = 0,96, tức bằng 96% giá ban đầu, nên giảm 4%. Giảm rồi tăng cùng một tỉ lệ phần trăm không bao giờ quay lại giá cũ."
DM-HSA-05-TA,Đề mẫu HSA365 số 05 — Tiếng Anh,7,Toán,7,"Đạo hàm, tích phân & khảo sát hàm số",2,Trắc nghiệm,Hàm số y = x³ − 3x + 2 đạt cực đại tại điểm có giá trị cực đại bằng:,A. 4 | B. 0 | C. 2 | D. −2,A,1,60,"y' = 3x² − 3 = 0 ⟹ x = ±1. Qua x = −1 đạo hàm đổi dấu từ dương sang âm nên đó là điểm cực đại; y(−1) = −1 + 3 + 2 = 4."
DM-HSA-05-TA,Đề mẫu HSA365 số 05 — Tiếng Anh,8,Toán,8,"Đạo hàm, tích phân & khảo sát hàm số",2,Trắc nghiệm,Họ nguyên hàm của hàm số f(x) = 2x + 1 là:,A. x² + x + C | B. 2x² + x + C | C. x² + C | D. 2 + C,A,1,60,"Nguyên hàm của 2x là x², của 1 là x. Đừng quên hằng số C — thiếu C là lỗi trừ điểm phổ biến ở dạng này."
DM-HSA-05-TA,Đề mẫu HSA365 số 05 — Tiếng Anh,9,Toán,9,Tổ hợp & xác suất,2,Trắc nghiệm,Có bao nhiêu cách chọn 3 người từ một nhóm 10 người để lập một tổ công tác (không phân biệt vai trò)?,A. 120 | B. 720 | C. 30 | D. 1000,A,1,60,"Không phân biệt vai trò nên dùng tổ hợp: C(10, 3) = 10!/(3!·7!) = 120."
DM-HSA-05-TA,Đề mẫu HSA365 số 05 — Tiếng Anh,10,Toán,10,Tổ hợp & xác suất,2,Trắc nghiệm,Gieo đồng thời hai con xúc xắc cân đối. Xác suất để tổng số chấm bằng 7 là:,A. 1/6 | B. 1/12 | C. 7/36 | D. 1/9,A,1,60,"Có 36 kết quả đồng khả năng. Các cặp cho tổng 7 là (1,6), (2,5), (3,4), (4,3), (5,2), (6,1) — 6 kết quả. Xác suất = 6/36 = 1/6."
DM-HSA-05-TA,Đề mẫu HSA365 số 05 — Tiếng Anh,11,Toán,11,Tổ hợp & xác suất,2,Điền đáp án,"Giá trị của tổ hợp chập 2 của 6 phần tử, C(6, 2), bằng bao nhiêu?",,15,1,60,"C(6, 2) = 6!/(2!·4!) = (6 × 5)/2 = 15. Mẹo nhanh: nhân hai số giảm dần từ 6 rồi chia cho 2!."
DM-HSA-05-TA,Đề mẫu HSA365 số 05 — Tiếng Anh,12,Toán,12,Hình học tọa độ,2,Trắc nghiệm,Đường tròn x² + y² − 2x + 4y − 20 = 0 có bán kính bằng:,A. 5 | B. 20 | C. √20 | D. 4,A,1,60,"Với dạng x² + y² − 2ax − 2by + c = 0 thì tâm I(a; b), R = √(a² + b² − c). Ở đây a = 1, b = −2, c = −20 ⟹ R = √(1 + 4 + 20) = 5."
DM-HSA-05-TA,Đề mẫu HSA365 số 05 — Tiếng Anh,13,Toán,13,Hình học tọa độ,2,Trắc nghiệm,Hai đường thẳng y = 2x + 1 và y = 2x − 3 có vị trí tương đối là:,A. Song song | B. Trùng nhau | C. Cắt nhau | D. Vuông góc,A,1,60,Hai đường thẳng có cùng hệ số góc (đều bằng 2) nhưng khác tung độ gốc (1 và −3) nên song song. Nếu cả hai hệ số đều bằng nhau thì mới trùng nhau.
DM-HSA-05-TA,Đề mẫu HSA365 số 05 — Tiếng Anh,14,Toán,14,Hình học tọa độ,2,Điền đáp án,Đường tròn có phương trình (x − 2)² + (y + 1)² = 9. Bán kính của đường tròn bằng bao nhiêu?,,3,1,60,"Ở dạng chính tắc (x − a)² + (y − b)² = R², vế phải là BÌNH PHƯƠNG bán kính. Từ R² = 9 suy ra R = 3."
DM-HSA-05-TA,Đề mẫu HSA365 số 05 — Tiếng Anh,15,Toán,15,Mũ & logarit,2,Điền đáp án,Nghiệm của phương trình 2^(x+1) = 32 là x = ?,,4,1,60,Đưa hai vế về cùng cơ số 2: 32 = 2⁵. Hàm mũ là hàm đơn điệu nên hai lũy thừa cùng cơ số bằng nhau khi và chỉ khi số mũ bằng nhau: x + 1 = 5 ⟹ x = 4.
DM-HSA-05-TA,Đề mẫu HSA365 số 05 — Tiếng Anh,16,Toán,16,Hình học phẳng & không gian,2,Trắc nghiệm,Tam giác vuông có hai cạnh góc vuông bằng 6 cm và 8 cm. Đường cao ứng với cạnh huyền bằng:,"A. 4,8 cm | B. 5 cm | C. 4 cm | D. 7 cm",A,1,60,"Cạnh huyền = √(6² + 8²) = 10 cm. Diện tích tính hai cách: (6 × 8)/2 = (10 × h)/2 ⟹ h = 48/10 = 4,8 cm."
DM-HSA-05-TA,Đề mẫu HSA365 số 05 — Tiếng Anh,17,Toán,17,Hình học phẳng & không gian,2,Trắc nghiệm,Tam giác vuông có cạnh huyền 13 cm và một cạnh góc vuông 5 cm. Cạnh góc vuông còn lại bằng:,A. 12 cm | B. 8 cm | C. 18 cm | D. √194 cm,A,1,60,"Theo định lý Pythagoras: cạnh còn lại = √(13² − 5²) = √(169 − 25) = √144 = 12 cm. Bộ ba 5–12–13 là bộ ba Pythagoras quen thuộc, nên nhớ sẵn."
DM-HSA-05-TA,Đề mẫu HSA365 số 05 — Tiếng Anh,18,Toán,18,Hình học phẳng & không gian,2,Điền đáp án,"Hình tròn có bán kính 7 cm. Lấy π ≈ 22/7, chu vi hình tròn bằng bao nhiêu cm?",,44,1,60,Chu vi hình tròn C = 2πr = 2 × 22/7 × 7 = 44 cm. Chọn bán kính là bội của 7 giúp phép tính gọn hẳn.
DM-HSA-05-TA,Đề mẫu HSA365 số 05 — Tiếng Anh,19,Toán,19,Hình học phẳng & không gian,2,Trắc nghiệm,"Hình hộp chữ nhật có ba kích thước 3 cm, 4 cm và 5 cm. Thể tích của nó bằng:",A. 60 cm³ | B. 47 cm³ | C. 94 cm³ | D. 12 cm³,A,1,60,Thể tích hình hộp chữ nhật là tích ba kích thước: 3 × 4 × 5 = 60 cm³.
DM-HSA-05-TA,Đề mẫu HSA365 số 05 — Tiếng Anh,20,Toán,20,Hình học phẳng & không gian,2,Trắc nghiệm,Diện tích của tam giác đều cạnh 6 cm bằng:,A. 9√3 cm² | B. 18√3 cm² | C. 36√3 cm² | D. 6√3 cm²,A,1,60,Tam giác đều cạnh a có diện tích a²√3/4 = 36√3/4 = 9√3 cm².
DM-HSA-05-TA,Đề mẫu HSA365 số 05 — Tiếng Anh,21,Toán,21,"Dãy số, cấp số cộng & cấp số nhân",2,Trắc nghiệm,"Cấp số cộng (uₙ) có u₁ = 5, công sai d = 3. Số hạng u₂₀ bằng:",A. 62 | B. 65 | C. 59 | D. 60,A,1,60,uₙ = u₁ + (n − 1)d ⟹ u₂₀ = 5 + 19 × 3 = 62.
DM-HSA-05-TA,Đề mẫu HSA365 số 05 — Tiếng Anh,22,Toán,22,"Dãy số, cấp số cộng & cấp số nhân",2,Điền đáp án,Dãy số có số hạng tổng quát uₙ = 2n + 1. Số hạng thứ 20 bằng bao nhiêu?,,41,1,60,Thay n = 20 vào công thức tổng quát: u₂₀ = 2 × 20 + 1 = 41.
DM-HSA-05-TA,Đề mẫu HSA365 số 05 — Tiếng Anh,23,Toán,23,Thống kê & xử lý số liệu,2,Trắc nghiệm,"Bốn tổ của một lớp có số học sinh lần lượt là 8; 10; 12; 10. Số học sinh trung bình của mỗi tổ là:",A. 10 | B. 9 | C. 11 | D. 40,A,1,60,"Tổng số học sinh là 8 + 10 + 12 + 10 = 40, chia cho 4 tổ được 10 học sinh mỗi tổ."
DM-HSA-05-TA,Đề mẫu HSA365 số 05 — Tiếng Anh,24,Toán,24,Thống kê & xử lý số liệu,2,Trắc nghiệm,"Khoảng biến thiên của mẫu số liệu 12; 5; 20; 8 bằng:","A. 15 | B. 11,25 | C. 8 | D. 20",A,1,60,Khoảng biến thiên bằng giá trị lớn nhất trừ giá trị nhỏ nhất: 20 − 5 = 15.
DM-HSA-05-TA,Đề mẫu HSA365 số 05 — Tiếng Anh,25,Toán,25,Thống kê & xử lý số liệu,2,Trắc nghiệm,"Doanh thu bốn quý của một doanh nghiệp lần lượt là 120; 150; 180; 210 (tỉ đồng). Doanh thu quý IV tăng bao nhiêu phần trăm so với quý I?","A. 75% | B. 42,9% | C. 90% | D. 175%",A,1,60,"Mức tăng tương đối = (210 − 120)/120 = 90/120 = 0,75 = 75%."
DM-HSA-05-TA,Đề mẫu HSA365 số 05 — Tiếng Anh,26,Toán,26,Thống kê & xử lý số liệu,2,Trắc nghiệm,"Trung vị của mẫu số liệu 3; 5; 8; 10 là:","A. 6,5 | B. 5 | C. 8 | D. 6",A,1,60,"Mẫu đã sắp xếp và có 4 giá trị (chẵn), nên trung vị là trung bình cộng hai giá trị ở giữa: (5 + 8)/2 = 6,5."
DM-HSA-05-TA,Đề mẫu HSA365 số 05 — Tiếng Anh,27,Toán,27,"Hàm số, phương trình & bất phương trình",3,Trắc nghiệm,Tập xác định của hàm số y = √(x − 2)/(x − 5) là:,"A. [2; 5) ∪ (5; +∞) | B. (2; +∞) | C. [2; +∞) | D. ℝ \ {5}",A,1,90,Cần đồng thời x − 2 ≥ 0 để căn xác định và x − 5 ≠ 0 để mẫu khác 0. Kết hợp được x ≥ 2 và x ≠ 5.
DM-HSA-05-TA,Đề mẫu HSA365 số 05 — Tiếng Anh,28,Toán,28,"Hàm số, phương trình & bất phương trình",3,Điền đáp án,Tìm giá trị nguyên nhỏ nhất của m để phương trình x² − 2(m + 1)x + m² + 3 = 0 có hai nghiệm phân biệt.,,2,1,90,Δ' = (m + 1)² − (m² + 3) = 2m − 2. Hai nghiệm phân biệt khi Δ' > 0 ⟺ m > 1. Giá trị nguyên nhỏ nhất là m = 2.
DM-HSA-05-TA,Đề mẫu HSA365 số 05 — Tiếng Anh,29,Toán,29,"Hàm số, phương trình & bất phương trình",3,Trắc nghiệm,"Cho hai số thực x, y thỏa mãn x + y = 7 và xy = 12. Giá trị của x² + y² bằng:",A. 25 | B. 37 | C. 49 | D. 13,A,1,90,x² + y² = (x + y)² − 2xy = 49 − 24 = 25.
DM-HSA-05-TA,Đề mẫu HSA365 số 05 — Tiếng Anh,30,Toán,30,"Hàm số, phương trình & bất phương trình",3,Trắc nghiệm,Tọa độ đỉnh của parabol y = x² − 2x − 3 là:,"A. (1; −4) | B. (−1; 0) | C. (1; −3) | D. (2; −3)",A,1,90,"Hoành độ đỉnh x = −b/(2a) = 2/2 = 1. Thay vào hàm số: y = 1 − 2 − 3 = −4. Vậy đỉnh là (1; −4)."
DM-HSA-05-TA,Đề mẫu HSA365 số 05 — Tiếng Anh,31,Toán,31,"Hàm số, phương trình & bất phương trình",3,Điền đáp án,"Gọi x₁, x₂ là hai nghiệm của phương trình x² − 5x + 6 = 0. Giá trị của x₁³ + x₂³ bằng bao nhiêu?",,35,1,90,"Theo Viète: x₁ + x₂ = 5, x₁x₂ = 6. Dùng hằng đẳng thức x₁³ + x₂³ = (x₁ + x₂)³ − 3x₁x₂(x₁ + x₂) = 125 − 3 × 6 × 5 = 35. Có thể kiểm lại bằng hai nghiệm 2 và 3: 8 + 27 = 35."
DM-HSA-05-TA,Đề mẫu HSA365 số 05 — Tiếng Anh,32,Toán,32,Số học & tỉ lệ phần trăm,3,Điền đáp án,"Người thợ A làm xong một công việc trong 6 giờ, người thợ B làm xong công việc đó trong 12 giờ. Nếu cùng làm thì sau bao nhiêu giờ họ hoàn thành công việc?",,4,1,90,Năng suất cộng được: 1/6 + 1/12 = 3/12 = 1/4 công việc mỗi giờ. Vậy cần 4 giờ.
DM-HSA-05-TA,Đề mẫu HSA365 số 05 — Tiếng Anh,33,Toán,33,Số học & tỉ lệ phần trăm,3,Trắc nghiệm,Một ô tô đi từ A đến B với vận tốc 60 km/h rồi quay về A với vận tốc 40 km/h. Vận tốc trung bình của cả hành trình là:,A. 48 km/h | B. 50 km/h | C. 52 km/h | D. 45 km/h,A,1,90,"Vận tốc trung bình bằng tổng quãng đường chia tổng thời gian, không phải trung bình cộng hai vận tốc. Gọi quãng đường AB là s: thời gian = s/60 + s/40 = s/24, nên vận tốc trung bình = 2s : (s/24) = 48 km/h."
DM-HSA-05-TA,Đề mẫu HSA365 số 05 — Tiếng Anh,34,Toán,34,"Đạo hàm, tích phân & khảo sát hàm số",3,Trắc nghiệm,Hàm số y = x⁴ − 2x² có bao nhiêu điểm cực trị?,A. 3 | B. 1 | C. 2 | D. 0,A,1,90,"y' = 4x³ − 4x = 4x(x² − 1) có ba nghiệm phân biệt x = −1, 0, 1, và đạo hàm đổi dấu qua cả ba nghiệm nên hàm có 3 điểm cực trị."
DM-HSA-05-TA,Đề mẫu HSA365 số 05 — Tiếng Anh,35,Toán,35,"Đạo hàm, tích phân & khảo sát hàm số",3,Điền đáp án,"Diện tích hình phẳng giới hạn bởi đồ thị y = x², trục hoành và hai đường thẳng x = 0, x = 3 bằng bao nhiêu?",,9,1,90,S = ∫₀³ x² dx = [x³/3]₀³ = 27/3 = 9. Trên đoạn này hàm không âm nên không cần lấy giá trị tuyệt đối.
DM-HSA-05-TA,Đề mẫu HSA365 số 05 — Tiếng Anh,36,Toán,36,"Đạo hàm, tích phân & khảo sát hàm số",3,Trắc nghiệm,Tính tích phân ∫₀¹ (3x² + 2x) dx.,A. 2 | B. 3 | C. 1 | D. 5/2,A,1,90,Nguyên hàm là x³ + x². Thay cận: (1 + 1) − (0 + 0) = 2.
DM-HSA-05-TA,Đề mẫu HSA365 số 05 — Tiếng Anh,37,Toán,37,"Đạo hàm, tích phân & khảo sát hàm số",3,Điền đáp án,"Giá trị lớn nhất của hàm số f(x) = −x² + 4x + 1 trên đoạn [0; 3] bằng bao nhiêu?",,5,1,90,"f'(x) = −2x + 4 = 0 ⟹ x = 2 ∈ [0; 3]. So sánh f(0) = 1, f(2) = 5, f(3) = 4 ⟹ giá trị lớn nhất là 5."
DM-HSA-05-TA,Đề mẫu HSA365 số 05 — Tiếng Anh,38,Toán,38,"Đạo hàm, tích phân & khảo sát hàm số",3,Trắc nghiệm,Hàm số y = x³ − 3x² + 2 đồng biến trên khoảng nào sau đây?,"A. (2; +∞) | B. (0; 2) | C. (−1; 1) | D. (0; +∞)",A,1,90,"y' = 3x² − 6x = 3x(x − 2), triệt tiêu tại x = 0 và x = 2. Hàm đồng biến khi y' > 0, tức trên (−∞; 0) và (2; +∞); nghịch biến trên (0; 2)."
DM-HSA-05-TA,Đề mẫu HSA365 số 05 — Tiếng Anh,39,Toán,39,Tổ hợp & xác suất,3,Trắc nghiệm,Tung hai đồng xu cân đối. Xác suất có ít nhất một mặt ngửa là:,A. 3/4 | B. 1/2 | C. 1/4 | D. 2/3,A,1,90,"Dùng biến cố đối cho nhanh: xác suất không có mặt ngửa nào (cả hai đều sấp) là 1/4, nên xác suất cần tìm là 1 − 1/4 = 3/4. Bài toán ""ít nhất"" hầu như luôn dễ hơn khi tính phần bù."
DM-HSA-05-TA,Đề mẫu HSA365 số 05 — Tiếng Anh,40,Toán,40,Tổ hợp & xác suất,3,Điền đáp án,"Từ các chữ số 1, 2, 3, 4, 5 lập được bao nhiêu số tự nhiên có ba chữ số đôi một khác nhau?",,60,1,90,Chọn có thứ tự 3 trong 5 chữ số: 5 × 4 × 3 = 60.
DM-HSA-05-TA,Đề mẫu HSA365 số 05 — Tiếng Anh,41,Toán,41,Hình học tọa độ,3,Điền đáp án,"Trong không gian Oxyz, mặt cầu (x − 1)² + (y + 2)² + (z − 3)² = 16 có bán kính bằng bao nhiêu?",,4,1,90,"Vế phải là R² = 16 nên bán kính R = 4, và tâm mặt cầu là I(1; −2; 3)."
DM-HSA-05-TA,Đề mẫu HSA365 số 05 — Tiếng Anh,42,Toán,42,Mũ & logarit,3,Trắc nghiệm,Đạo hàm của hàm số y = e^(2x) là:,A. 2e^(2x) | B. e^(2x) | C. 2xe^(2x−1) | D. e^(2x)/2,A,1,90,"Áp dụng quy tắc đạo hàm hàm hợp: (e^u)' = u'·e^u với u = 2x, u' = 2, nên y' = 2e^(2x)."
DM-HSA-05-TA,Đề mẫu HSA365 số 05 — Tiếng Anh,43,Toán,43,Mũ & logarit,3,Trắc nghiệm,Nghiệm của phương trình log₂(x − 1) + log₂(x + 1) = 3 là:,A. x = 3 | B. x = ±3 | C. x = 2 | D. x = 9,A,1,90,"Điều kiện x > 1. Cộng hai logarit cùng cơ số: log₂[(x − 1)(x + 1)] = 3 ⟹ x² − 1 = 8 ⟹ x² = 9 ⟹ x = ±3. Loại x = −3 vì không thỏa điều kiện, còn x = 3."
DM-HSA-05-TA,Đề mẫu HSA365 số 05 — Tiếng Anh,44,Toán,44,Mũ & logarit,3,Trắc nghiệm,Tập nghiệm của bất phương trình 2^x > 8 là:,"A. (3; +∞) | B. (−∞; 3) | C. [3; +∞) | D. (0; 3)",A,1,90,"Viết 8 = 2³. Vì cơ số 2 > 1 nên hàm mũ đồng biến, bất phương trình giữ nguyên chiều: x > 3. Nếu cơ số nhỏ hơn 1 thì phải đổi chiều."
DM-HSA-05-TA,Đề mẫu HSA365 số 05 — Tiếng Anh,45,Toán,45,Hình học phẳng & không gian,3,Trắc nghiệm,Hình chóp tứ giác đều S.ABCD có cạnh đáy bằng a và cạnh bên bằng a√3. Thể tích khối chóp bằng:,A. a³√10 / 6 | B. a³√3 / 3 | C. a³√2 / 6 | D. a³√10 / 3,A,1,90,Nửa đường chéo đáy = a√2/2. Chiều cao h = √(3a² − a²/2) = √(5a²/2) = a√10/2. Thể tích V = (1/3) × a² × a√10/2 = a³√10/6.
DM-HSA-05-TA,Đề mẫu HSA365 số 05 — Tiếng Anh,46,Toán,46,Hình học phẳng & không gian,3,Trắc nghiệm,Hình nón có bán kính đáy 3 cm và đường sinh 5 cm. Thể tích khối nón bằng:,A. 12π cm³ | B. 15π cm³ | C. 36π cm³ | D. 20π cm³,A,1,90,Chiều cao tìm từ tam giác vuông: h = √(5² − 3²) = 4. Thể tích khối nón V = (1/3)πr²h = (1/3)π × 9 × 4 = 12π cm³.
DM-HSA-05-TA,Đề mẫu HSA365 số 05 — Tiếng Anh,47,Toán,47,"Dãy số, cấp số cộng & cấp số nhân",3,Điền đáp án,Cấp số nhân (uₙ) có u₁ = 3 và công bội q = 2. Tổng 8 số hạng đầu tiên bằng bao nhiêu?,,765,1,90,Sₙ = u₁(qⁿ − 1)/(q − 1) = 3 × (2⁸ − 1)/1 = 3 × 255 = 765.
DM-HSA-05-TA,Đề mẫu HSA365 số 05 — Tiếng Anh,48,Toán,48,Thống kê & xử lý số liệu,3,Trắc nghiệm,"Để thể hiện sự chuyển dịch cơ cấu kinh tế của một vùng qua 5 năm liên tiếp, dạng biểu đồ thích hợp nhất là:",A. Biểu đồ miền | B. Biểu đồ tròn | C. Biểu đồ đường | D. Biểu đồ cột ghép,A,1,90,"Từ khóa ""cơ cấu"" kết hợp với từ 4 năm trở lên dẫn đến biểu đồ miền. Nếu chỉ 1 năm thì dùng biểu đồ tròn, từ 2 đến 3 năm thì dùng nhiều hình tròn."
DM-HSA-05-TA,Đề mẫu HSA365 số 05 — Tiếng Anh,49,Toán,49,Thống kê & xử lý số liệu,3,Trắc nghiệm,"Sản lượng năm 2020 là 200 nghìn tấn, năm 2024 là 260 nghìn tấn. Sản lượng đã tăng bao nhiêu phần trăm?","A. 30% | B. 23,1% | C. 130% | D. 60%",A,1,90,Mức tăng tương đối = (260 − 200)/200 × 100% = 60/200 × 100% = 30%.
DM-HSA-05-TA,Đề mẫu HSA365 số 05 — Tiếng Anh,50,Toán,50,Thống kê & xử lý số liệu,4,Trắc nghiệm,Một mẫu số liệu có trung bình 10 và độ lệch chuẩn 3. Nếu cộng thêm 5 vào mỗi giá trị thì mẫu mới có:,A. Trung bình 15 và độ lệch chuẩn 3 | B. Trung bình 15 và độ lệch chuẩn 8 | C. Trung bình 10 và độ lệch chuẩn 8 | D. Trung bình 15 và độ lệch chuẩn 15,A,1,120,"Cộng cùng một hằng số vào mọi giá trị làm dịch chuyển toàn bộ mẫu nên trung bình tăng đúng 5, nhưng khoảng cách giữa các giá trị không đổi nên độ lệch chuẩn giữ nguyên bằng 3."
DM-HSA-05-TA,Đề mẫu HSA365 số 05 — Tiếng Anh,51,Văn,1,Ngữ pháp & lỗi sai trong câu,2,Trắc nghiệm,Câu nào dưới đây mắc lỗi thiếu chủ ngữ?,"A. Qua tác phẩm ""Chí Phèo"" đã cho thấy số phận bi thảm của người nông dân. | B. Tác phẩm ""Chí Phèo"" đã cho thấy số phận bi thảm của người nông dân. | C. Nam Cao đã cho thấy số phận bi thảm của người nông dân qua ""Chí Phèo"". | D. Số phận bi thảm của người nông dân hiện lên rõ nét trong ""Chí Phèo"".",A,1,60,"Cụm ""Qua tác phẩm Chí Phèo"" là trạng ngữ, nên câu A chỉ còn vị ngữ mà không có chủ ngữ. Sửa bằng cách bỏ ""Qua"" hoặc thêm chủ ngữ: ""Qua tác phẩm Chí Phèo, Nam Cao đã cho thấy...""."
DM-HSA-05-TA,Đề mẫu HSA365 số 05 — Tiếng Anh,52,Văn,2,Ngữ pháp & lỗi sai trong câu,2,Trắc nghiệm,"Câu ""Bạn Nam, học sinh giỏi nhất lớp, vừa đạt giải nhất thành phố."" có bộ phận in nghiêng ""học sinh giỏi nhất lớp"" là:",A. Thành phần phụ chú | B. Trạng ngữ | C. Chủ ngữ thứ hai | D. Vị ngữ,A,1,60,"Bộ phận nằm giữa hai dấu phẩy, bổ sung thông tin giải thích cho ""bạn Nam"" và có thể lược bỏ mà câu vẫn trọn nghĩa. Đó là thành phần phụ chú."
DM-HSA-05-TA,Đề mẫu HSA365 số 05 — Tiếng Anh,53,Văn,3,Ngữ pháp & lỗi sai trong câu,2,Trắc nghiệm,Câu ghép nào sau đây có quan hệ nguyên nhân — kết quả?,"A. Vì chuẩn bị kỹ nên bạn ấy trình bày rất tự tin. | B. Bạn ấy vừa hát hay vừa vẽ đẹp. | C. Trời càng về khuya, sương càng dày. | D. Nếu chăm chỉ, em sẽ tiến bộ.",A,1,60,"Cặp quan hệ từ ""vì… nên"" biểu thị quan hệ nguyên nhân — kết quả. Câu B là quan hệ đồng thời, câu C là tăng tiến, câu D là điều kiện — giả thiết."
DM-HSA-05-TA,Đề mẫu HSA365 số 05 — Tiếng Anh,54,Văn,4,"Tác giả, tác phẩm & giai đoạn văn học",2,Trắc nghiệm,"""Tuyên ngôn Độc lập"" của Hồ Chí Minh mở đầu bằng cách trích dẫn văn bản nào?",A. Tuyên ngôn Độc lập của Mĩ và Tuyên ngôn Nhân quyền và Dân quyền của Pháp. | B. Bình Ngô đại cáo của Nguyễn Trãi. | C. Hiến chương Liên hợp quốc. | D. Nam quốc sơn hà của Lý Thường Kiệt.,A,1,60,"Mở đầu bằng chính tuyên ngôn của hai nước ấy là một đòn lập luận sắc bén: lấy lí lẽ của đối phương làm căn cứ cho mình, khiến họ không thể phủ nhận."
DM-HSA-05-TA,Đề mẫu HSA365 số 05 — Tiếng Anh,55,Văn,5,"Tác giả, tác phẩm & giai đoạn văn học",2,Trắc nghiệm,"Bài thơ ""Tây Tiến"" của Quang Dũng viết về đối tượng nào?",A. Người lính trong đoàn quân Tây Tiến thời kháng chiến chống Pháp. | B. Người nông dân vùng Tây Bắc trong cải cách ruộng đất. | C. Những người lính lái xe trên tuyến đường Trường Sơn. | D. Đoàn dân công hỏa tuyến trong chiến dịch Điện Biên Phủ.,A,1,60,"""Tây Tiến"" (1948) viết về đoàn quân Tây Tiến trong kháng chiến chống Pháp, nơi Quang Dũng từng là đại đội trưởng."
DM-HSA-05-TA,Đề mẫu HSA365 số 05 — Tiếng Anh,56,Văn,6,"Tác giả, tác phẩm & giai đoạn văn học",2,Trắc nghiệm,"Bài thơ ""Việt Bắc"" của Tố Hữu được viết theo thể thơ nào?",A. Lục bát | B. Tự do | C. Thất ngôn bát cú | D. Song thất lục bát,A,1,60,"""Việt Bắc"" viết bằng thể lục bát, sử dụng lối đối đáp ""mình — ta"" quen thuộc của ca dao để nói chuyện chính trị — đây chính là nét đặc sắc của bài thơ."
DM-HSA-05-TA,Đề mẫu HSA365 số 05 — Tiếng Anh,57,Văn,7,"Tác giả, tác phẩm & giai đoạn văn học",2,Trắc nghiệm,"Tùy bút ""Người lái đò Sông Đà"" của Nguyễn Tuân ca ngợi điều gì ở nhân vật ông lái đò?",A. Chất tài hoa nghệ sĩ trong lao động bình thường. | B. Tinh thần chiến đấu chống giặc ngoại xâm. | C. Lòng hiếu thảo với cha mẹ. | D. Sự giàu có nhờ nghề sông nước.,A,1,60,"Nguyễn Tuân nhìn con người ở phương diện tài hoa nghệ sĩ. Ông lái đò vượt thác được miêu tả như một nghệ sĩ điêu luyện, biến công việc mưu sinh thành một cuộc trình diễn tài nghệ."
DM-HSA-05-TA,Đề mẫu HSA365 số 05 — Tiếng Anh,58,Văn,8,Suy luận ngôn ngữ & liên kết ý,2,Trắc nghiệm,"Từ nối nào phù hợp: ""Bạn ấy đã ôn rất kỹ. ______, kết quả vẫn chưa như mong đợi.""",A. Tuy nhiên | B. Vì vậy | C. Ngoài ra | D. Chẳng hạn,A,1,60,"Hai vế mang ý trái ngược nhau (ôn kỹ nhưng kết quả không tốt) nên cần từ nối chỉ sự tương phản. ""Vì vậy"" chỉ kết quả thuận chiều, không phù hợp."
DM-HSA-05-TA,Đề mẫu HSA365 số 05 — Tiếng Anh,59,Văn,9,Đọc hiểu văn bản,2,Trắc nghiệm,Ý chính của đoạn trích là gì?,A. Khối lượng chữ ta đọc mỗi ngày tăng lên nhưng chiều sâu của việc đọc lại giảm đi. | B. Màn hình điện tử là nguyên nhân khiến con người không còn đọc sách. | C. Sách giấy có giá trị cao hơn hẳn so với mọi loại văn bản trên mạng. | D. Người trẻ ngày nay lười đọc hơn các thế hệ trước.,A,1,60,"Đoạn mở đầu nêu nghịch lý ""đọc nhiều hơn nhưng hời hợt hơn"", các đoạn sau triển khai chính nghịch lý đó. Đây là ý bao trùm cả ba đoạn."
DM-HSA-05-TA,Đề mẫu HSA365 số 05 — Tiếng Anh,60,Văn,10,Đọc hiểu văn bản,2,Trắc nghiệm,"Nhan đề ""Bức tường xanh của vùng cửa sông"" chỉ đối tượng nào?",A. Rừng ngập mặn | B. Hệ thống đê bê tông | C. Các đầm nuôi tôm | D. Lớp bùn đáy giàu các-bon,A,1,60,"""Bức tường"" là hình ảnh ẩn dụ cho chức năng chắn sóng, ""xanh"" chỉ cây cối — cả cụm chỉ rừng ngập mặn, đối tượng xuyên suốt văn bản."
DM-HSA-05-TA,Đề mẫu HSA365 số 05 — Tiếng Anh,61,Văn,11,Đọc hiểu văn bản,2,Trắc nghiệm,Ý chính của đoạn trích là gì?,"A. Đô thị hóa là tất yếu, nhưng cần ghi lại những gì bị xóa đi để giữ ký ức chung. | B. Cần dừng việc mở rộng đô thị để bảo tồn cảnh quan cũ. | C. Thành phố hiện đại hơn hẳn thành phố cũ về mọi mặt. | D. Người già thường hoài niệm và khó chấp nhận cái mới.",A,1,60,"Tác giả thừa nhận ""không ai phản đối được logic ấy"" của đô thị hóa, nhưng đoạn cuối chốt lại vấn đề là ""mỗi lần xóa đi một thứ, chúng ta có kịp ghi lại nó ở đâu đó hay không"". Đó là ý bao trùm cả bài."
DM-HSA-05-TA,Đề mẫu HSA365 số 05 — Tiếng Anh,62,Văn,12,Biện pháp tu từ & phong cách,2,Trắc nghiệm,"Câu ""Mặt trời của bắp thì nằm trên đồi / Mặt trời của mẹ, em nằm trên lưng"" (Nguyễn Khoa Điềm) sử dụng biện pháp tu từ nào ở hình ảnh ""mặt trời của mẹ""?",A. Ẩn dụ | B. Hoán dụ | C. Nói quá | D. Nhân hóa,A,1,60,"Đứa con được gọi là ""mặt trời của mẹ"" dựa trên nét tương đồng về vai trò: nguồn sống, nguồn ấm áp. Gọi tên sự vật này bằng tên sự vật khác có nét tương đồng chính là ẩn dụ."
DM-HSA-05-TA,Đề mẫu HSA365 số 05 — Tiếng Anh,63,Văn,13,Biện pháp tu từ & phong cách,2,Trắc nghiệm,"Câu ""Bàn tay vàng"", ""Cây bút trẻ"" sử dụng biện pháp tu từ nào?",A. Hoán dụ | B. Ẩn dụ | C. Nói quá | D. Nhân hóa,A,1,60,"Lấy bộ phận (""bàn tay"") hoặc công cụ (""cây bút"") để chỉ toàn thể con người — quan hệ gần gũi chứ không phải tương đồng — nên đây là hoán dụ."
DM-HSA-05-TA,Đề mẫu HSA365 số 05 — Tiếng Anh,64,Văn,14,Biện pháp tu từ & phong cách,2,Trắc nghiệm,"Câu ""Bàn tay ta làm nên tất cả / Có sức người sỏi đá cũng thành cơm"" dùng biện pháp gì ở cụm ""sỏi đá cũng thành cơm""?",A. Nói quá | B. Nói giảm nói tránh | C. Chơi chữ | D. Liệt kê,A,1,60,"Sỏi đá không thể thành cơm; đây là cách phóng đại có chủ ý để nhấn mạnh sức mạnh của lao động. Nói quá luôn nhằm gây ấn tượng chứ không nhằm nói dối."
DM-HSA-05-TA,Đề mẫu HSA365 số 05 — Tiếng Anh,65,Văn,15,Từ vựng & nghĩa của từ,2,Trắc nghiệm,Từ nào dưới đây KHÔNG cùng nhóm nghĩa với các từ còn lại?,A. Bàng hoàng | B. Sững sờ | C. Ngỡ ngàng | D. Hân hoan,D,1,60,"""Bàng hoàng"", ""sững sờ"", ""ngỡ ngàng"" đều chỉ trạng thái choáng váng, bất ngờ. ""Hân hoan"" chỉ niềm vui, thuộc trường nghĩa khác."
DM-HSA-05-TA,Đề mẫu HSA365 số 05 — Tiếng Anh,66,Văn,16,Từ vựng & nghĩa của từ,2,Trắc nghiệm,"Từ Hán Việt ""hữu nghị"" có nghĩa là:",A. Tình bạn thân thiết giữa các bên | B. Có nghi lễ trang trọng | C. Bàn bạc để đi tới thống nhất | D. Sự giúp đỡ về vật chất,A,1,60,"""Hữu"" là bạn, ""nghị"" ở đây mang nghĩa tình nghĩa; cả từ chỉ quan hệ bạn bè thân thiết, thường dùng cho quan hệ giữa các quốc gia hoặc tổ chức."
DM-HSA-05-TA,Đề mẫu HSA365 số 05 — Tiếng Anh,67,Văn,17,Ngữ pháp & lỗi sai trong câu,3,Trắc nghiệm,Câu nào dưới đây dùng dấu câu chưa đúng?,"A. Anh ấy hỏi tôi có đi cùng không? | B. Anh ấy hỏi tôi có đi cùng không. | C. Anh ấy hỏi: ""Cậu có đi cùng không?"" | D. Cậu có đi cùng không?",A,1,90,"Đây là câu tường thuật lại một câu hỏi, không phải câu hỏi trực tiếp, nên phải kết thúc bằng dấu chấm. Dấu chấm hỏi chỉ dùng khi hỏi trực tiếp hoặc khi trích nguyên lời trong ngoặc kép."
DM-HSA-05-TA,Đề mẫu HSA365 số 05 — Tiếng Anh,68,Văn,18,Ngữ pháp & lỗi sai trong câu,3,Trắc nghiệm,Câu nào sau đây là câu bị động?,A. Ngôi trường được xây dựng từ năm 1990. | B. Người ta xây ngôi trường này từ năm 1990. | C. Ngôi trường rất khang trang. | D. Ngôi trường ấy nằm ở cuối phố.,A,1,90,"Câu bị động trong tiếng Việt thường dùng ""được"" hoặc ""bị"" và chủ ngữ là đối tượng chịu tác động. Ở đây ""ngôi trường"" chịu tác động của hành động xây dựng."
DM-HSA-05-TA,Đề mẫu HSA365 số 05 — Tiếng Anh,69,Văn,19,Ngữ pháp & lỗi sai trong câu,3,Trắc nghiệm,"Câu ""Với lòng nhiệt tình và trách nhiệm cao, công việc đã được hoàn thành đúng hạn."" mắc lỗi gì?","A. Sai lô-gíc quan hệ giữa trạng ngữ và chủ ngữ. | B. Thiếu vị ngữ. | C. Dùng sai quan hệ từ ""với"". | D. Lặp từ không cần thiết.",A,1,90,"Trạng ngữ ""Với lòng nhiệt tình và trách nhiệm cao"" phải bổ nghĩa cho một chủ thể là người, nhưng chủ ngữ của câu lại là ""công việc"". Sửa: ""Với lòng nhiệt tình và trách nhiệm cao, cả nhóm đã hoàn thành công việc đúng hạn."""
DM-HSA-05-TA,Đề mẫu HSA365 số 05 — Tiếng Anh,70,Văn,20,Ngữ pháp & lỗi sai trong câu,3,Trắc nghiệm,"Trong câu ""Chiếc áo mà mẹ tặng tôi hôm sinh nhật đã cũ"", bộ phận ""mà mẹ tặng tôi hôm sinh nhật"" giữ vai trò gì?","A. Định ngữ, bổ nghĩa cho danh từ ""chiếc áo"". | B. Vị ngữ của câu. | C. Trạng ngữ chỉ thời gian. | D. Bổ ngữ cho động từ ""cũ"".",A,1,90,"Vị ngữ của câu là ""đã cũ"". Mệnh đề bắt đầu bằng ""mà"" đứng sau danh từ và làm rõ danh từ đó — đây là định ngữ (mệnh đề quan hệ)."
DM-HSA-05-TA,Đề mẫu HSA365 số 05 — Tiếng Anh,71,Văn,21,Ngữ pháp & lỗi sai trong câu,3,Trắc nghiệm,Câu nào sau đây mắc lỗi thiếu vị ngữ?,A. Những cuốn sách mà thầy giáo tặng tôi hồi lớp mười. | B. Những cuốn sách thầy tặng đã theo tôi suốt nhiều năm. | C. Thầy giáo tặng tôi những cuốn sách quý. | D. Tôi vẫn giữ những cuốn sách thầy tặng.,A,1,90,"Câu A chỉ có một cụm danh từ được mở rộng bằng mệnh đề quan hệ, chưa nêu hoạt động hay trạng thái nào của chủ thể. Sửa bằng cách thêm vị ngữ: ""…hồi lớp mười vẫn còn nguyên trên giá."""
DM-HSA-05-TA,Đề mẫu HSA365 số 05 — Tiếng Anh,72,Văn,22,"Tác giả, tác phẩm & giai đoạn văn học",3,Trắc nghiệm,"Câu thơ ""Sóng bắt đầu từ gió / Gió bắt đầu từ đâu?"" trích từ bài thơ nào?","A. ""Sóng"" của Xuân Quỳnh | B. ""Đây thôn Vĩ Dạ"" của Hàn Mặc Tử | C. ""Tràng giang"" của Huy Cận | D. ""Vội vàng"" của Xuân Diệu",A,1,90,"Đây là những câu trong bài ""Sóng"" của Xuân Quỳnh, thể hiện khát vọng truy tìm cội nguồn của tình yêu — một câu hỏi cuối cùng không có lời đáp, và chính điều đó làm nên vẻ đẹp của đoạn thơ."
DM-HSA-05-TA,Đề mẫu HSA365 số 05 — Tiếng Anh,73,Văn,23,"Tác giả, tác phẩm & giai đoạn văn học",3,Trắc nghiệm,Tác phẩm nào sau đây KHÔNG thuộc văn học trung đại Việt Nam?,"A. ""Chí Phèo"" | B. ""Truyện Kiều"" | C. ""Bình Ngô đại cáo"" | D. ""Hoàng Lê nhất thống chí""",A,1,90,"""Chí Phèo"" của Nam Cao thuộc văn học hiện đại, giai đoạn 1930 — 1945. Ba tác phẩm còn lại đều thuộc văn học trung đại."
DM-HSA-05-TA,Đề mẫu HSA365 số 05 — Tiếng Anh,74,Văn,24,"Tác giả, tác phẩm & giai đoạn văn học",3,Trắc nghiệm,"Nhân vật trung tâm của ""Truyện Kiều"" là Thúy Kiều, tiêu biểu cho:",A. Bi kịch của người phụ nữ tài sắc trong xã hội phong kiến. | B. Người anh hùng cứu nước. | C. Người nông dân bị bần cùng hóa. | D. Trí thức tiểu tư sản trước Cách mạng.,A,1,90,"Nguyễn Du xây dựng Thúy Kiều như hiện thân của mệnh đề ""tài mệnh tương đố"": càng tài sắc càng long đong, qua đó tố cáo xã hội chà đạp con người."
DM-HSA-05-TA,Đề mẫu HSA365 số 05 — Tiếng Anh,75,Văn,25,"Tác giả, tác phẩm & giai đoạn văn học",3,Trắc nghiệm,"""Truyện Kiều"" của Nguyễn Du được viết bằng thể thơ nào?",A. Lục bát | B. Song thất lục bát | C. Thất ngôn bát cú | D. Tự do,A,1,90,"""Truyện Kiều"" gồm 3254 câu thơ lục bát — thể thơ dân tộc với cặp câu 6 chữ và 8 chữ nối tiếp nhau."
DM-HSA-05-TA,Đề mẫu HSA365 số 05 — Tiếng Anh,76,Văn,26,"Tác giả, tác phẩm & giai đoạn văn học",3,Trắc nghiệm,Nhận định nào đúng về phong cách nghệ thuật của Nguyễn Tuân?,"A. Tài hoa, uyên bác; quan sát và miêu tả sự vật ở phương diện thẩm mĩ, con người ở phương diện tài hoa nghệ sĩ. | B. Giản dị, mộc mạc, gần với lời ăn tiếng nói hằng ngày của người nông dân. | C. Trữ tình chính trị, giàu tính sử thi và cảm hứng lãng mạn cách mạng. | D. Trào phúng sắc sảo, chuyên đả kích xã hội thành thị nửa thực dân nửa phong kiến.",A,1,90,"Nguyễn Tuân nổi tiếng với chất tài hoa, uyên bác và cái nhìn thẩm mĩ, thể hiện rõ trong ""Chữ người tử tù"" và ""Người lái đò Sông Đà""."
DM-HSA-05-TA,Đề mẫu HSA365 số 05 — Tiếng Anh,77,Văn,27,Suy luận ngôn ngữ & liên kết ý,3,Trắc nghiệm,"Sắp xếp các câu sau thành một đoạn văn mạch lạc: (1) Vì vậy, thói quen ghi chép tay vẫn có chỗ đứng riêng. (2) Nhiều người cho rằng ghi chép bằng máy tính nhanh hơn nên hiệu quả hơn. (3) Tuy nhiên, các nghiên cứu cho thấy người ghi tay buộc phải tóm lược nên nhớ ý lâu hơn. Thứ tự đúng là:",A. (2) — (3) — (1) | B. (1) — (2) — (3) | C. (3) — (2) — (1) | D. (2) — (1) — (3),A,1,90,"Câu (2) nêu quan niệm phổ biến, câu (3) mở đầu bằng ""Tuy nhiên"" nên phải đứng sau để phản bác, câu (1) bắt đầu bằng ""Vì vậy"" nên là kết luận. Các từ nối chính là manh mối quyết định thứ tự."
DM-HSA-05-TA,Đề mẫu HSA365 số 05 — Tiếng Anh,78,Văn,28,Suy luận ngôn ngữ & liên kết ý,3,Trắc nghiệm,"Sắp xếp thành đoạn mạch lạc: (1) Chẳng hạn, một giờ tập trung thật sự hơn ba giờ vừa học vừa xem điện thoại. (2) Chất lượng thời gian quan trọng hơn số giờ ngồi bàn. (3) Vì vậy, hãy đo bằng việc đã làm được, đừng đo bằng đồng hồ.",A. (2) — (1) — (3) | B. (1) — (2) — (3) | C. (3) — (2) — (1) | D. (2) — (3) — (1),A,1,90,"Câu (2) nêu luận điểm, câu (1) mở đầu bằng ""Chẳng hạn"" nên phải đứng sau để làm dẫn chứng, câu (3) mở đầu bằng ""Vì vậy"" nên là kết luận. Từ nối quyết định thứ tự, không phải nội dung."
DM-HSA-05-TA,Đề mẫu HSA365 số 05 — Tiếng Anh,79,Văn,29,Suy luận ngôn ngữ & liên kết ý,3,Trắc nghiệm,"Cho tiền đề: ""Tất cả học sinh lớp 12A đều tham gia câu lạc bộ Toán. Bạn Hà tham gia câu lạc bộ Toán."" Kết luận nào chắc chắn đúng?",A. Không thể kết luận Hà có phải học sinh lớp 12A hay không. | B. Hà là học sinh lớp 12A. | C. Hà không phải học sinh lớp 12A. | D. Câu lạc bộ Toán chỉ gồm học sinh lớp 12A.,A,1,90,"Từ ""mọi A đều là B"" không suy ra được ""mọi B đều là A"". Câu lạc bộ có thể có thành viên từ lớp khác, nên không kết luận được gì về lớp của Hà. Đây là lỗi dùng mệnh đề đảo."
DM-HSA-05-TA,Đề mẫu HSA365 số 05 — Tiếng Anh,80,Văn,30,Suy luận ngôn ngữ & liên kết ý,3,Trắc nghiệm,"Câu nào sau đây KHÔNG liên kết được với câu ""Trời đổ mưa rất to.""?","A. Vì vậy, bầu trời trong xanh không một gợn mây. | B. Vì vậy, trận đấu phải hoãn lại. | C. Tuy nhiên, chúng tôi vẫn quyết định lên đường. | D. Ngoài ra, gió cũng thổi mạnh hơn.",A,1,90,Trời mưa to không thể dẫn tới bầu trời trong xanh không gợn mây — hai vế mâu thuẫn nhau về nội dung dù từ nối đúng hình thức. Liên kết cần đúng cả về từ nối lẫn lô-gíc.
DM-HSA-05-TA,Đề mẫu HSA365 số 05 — Tiếng Anh,81,Văn,31,Suy luận ngôn ngữ & liên kết ý,3,Trắc nghiệm,"Cho: ""Nếu trời mưa thì sân ướt. Sân không ướt."" Kết luận đúng là:",A. Trời không mưa. | B. Trời có mưa. | C. Không kết luận được gì. | D. Sân sẽ ướt sau đó.,A,1,90,"Đây là phép phản đảo: từ ""nếu P thì Q"" suy ra ""nếu không Q thì không P"". Không có Q (sân không ướt) nên chắc chắn không có P (trời không mưa)."
DM-HSA-05-TA,Đề mẫu HSA365 số 05 — Tiếng Anh,82,Văn,32,Đọc hiểu văn bản,3,Trắc nghiệm,"Theo tác giả, ""đọc chậm"" được hiểu là:","A. Chấp nhận dừng lại, đọc lại và suy ngẫm về những câu văn đáng suy ngẫm. | B. Đọc mỗi ngày một số trang cố định và không đọc quá nhiều. | C. Chỉ đọc sách giấy và tránh xa mọi văn bản trên màn hình. | D. Đọc to thành tiếng để nhớ lâu hơn.",A,1,90,"Tác giả định nghĩa trực tiếp: ""Đọc chậm là chấp nhận rằng có những câu văn đòi hỏi ta dừng lại, đọc đi đọc lại, thậm chí gấp sách để nghĩ."""
DM-HSA-05-TA,Đề mẫu HSA365 số 05 — Tiếng Anh,83,Văn,33,Đọc hiểu văn bản,3,Trắc nghiệm,"Cụm từ ""kẻ tiêu thụ thông tin"" trong đoạn 2 mang sắc thái gì?","A. Phê phán nhẹ, chỉ thái độ thụ động khi tiếp nhận văn bản. | B. Trung tính, chỉ đơn thuần mô tả người đọc hiện đại. | C. Ngợi ca khả năng xử lý lượng thông tin lớn của con người. | D. Hài hước, nhằm gây cười cho người đọc.",A,1,90,"Cụm từ này được đặt trong thế đối lập với ""người đối thoại với tác giả"". Phép đối lập cho thấy ""tiêu thụ"" bị đánh giá thấp hơn, mang sắc thái phê phán sự thụ động."
DM-HSA-05-TA,Đề mẫu HSA365 số 05 — Tiếng Anh,84,Văn,34,Đọc hiểu văn bản,3,Trắc nghiệm,Phương thức biểu đạt chính của đoạn trích là:,A. Nghị luận | B. Tự sự | C. Miêu tả | D. Thuyết minh,A,1,90,"Văn bản nêu luận điểm (""đọc nhiều nhưng hời hợt""), giải thích khái niệm và đưa lí lẽ để thuyết phục người đọc — đặc trưng của văn nghị luận."
DM-HSA-05-TA,Đề mẫu HSA365 số 05 — Tiếng Anh,85,Văn,35,Đọc hiểu văn bản,3,Trắc nghiệm,"Theo văn bản, vì sao rừng ngập mặn được coi là ""vườn ươm của biển""?","A. Vì tôm, cua, cá con trú ẩn trong các lạch nước nông giữa rễ cây để tránh kẻ săn mồi. | B. Vì người dân trồng cây giống ở đó rồi mang ra biển. | C. Vì đây là nơi có nhiều loài thực vật quý hiếm nhất. | D. Vì rừng ngập mặn tạo ra lượng ô-xy lớn cho nước biển.",A,1,90,Đoạn 3 nêu trực tiếp vai trò trú ẩn và sinh trưởng của thủy sản non giữa hệ rễ.
DM-HSA-05-TA,Đề mẫu HSA365 số 05 — Tiếng Anh,86,Văn,36,Đọc hiểu văn bản,3,Trắc nghiệm,Lập luận ở đoạn 2 thuyết phục người đọc chủ yếu bằng cách nào?,A. So sánh chi phí giữ rừng với chi phí xây và sửa đê cho cùng một mức bảo vệ. | B. Kể lại một trận bão cụ thể mà tác giả từng chứng kiến. | C. Trích dẫn phát biểu của một nhà khoa học có uy tín. | D. Miêu tả vẻ đẹp của rừng đước vào lúc thủy triều lên.,A,1,90,"Đoạn 2 đưa ra một phép so sánh kinh tế trực tiếp giữa hai giải pháp bảo vệ bờ biển — đây là lí lẽ mang tính thực dụng, dễ thuyết phục nhất trong đoạn."
DM-HSA-05-TA,Đề mẫu HSA365 số 05 — Tiếng Anh,87,Văn,37,Đọc hiểu văn bản,3,Trắc nghiệm,"Theo tác giả, ""ký ức chung"" tồn tại chủ yếu ở đâu?",A. Trong cách gọi tên và những chỉ dẫn quen thuộc của người dân địa phương. | B. Trong các bảo tàng và tài liệu lưu trữ của thành phố. | C. Trên những tấm biển tên phố mới. | D. Trong các công trình kiến trúc cổ được xếp hạng.,A,1,90,"Tác giả nói thẳng ""Ký ức chung không nằm trong bảo tàng"", rồi dẫn hai ví dụ đều thuộc về lời ăn tiếng nói hằng ngày: cách bà cụ gọi tên phố theo lối cũ và chỉ dẫn ""chỗ có cây gạo ngày xưa""."
DM-HSA-05-TA,Đề mẫu HSA365 số 05 — Tiếng Anh,88,Văn,38,Đọc hiểu văn bản,3,Trắc nghiệm,"Câu ""Có người nói tiếc nuối là thứ xa xỉ của kẻ đã no đủ. Cũng có phần đúng."" thể hiện thao tác lập luận nào?",A. Thừa nhận một phần ý kiến trái chiều trước khi phản bác. | B. Bác bỏ hoàn toàn ý kiến của người khác. | C. Chứng minh bằng số liệu thống kê. | D. So sánh hai hiện tượng tương phản.,A,1,90,"Tác giả nêu ý kiến ngược lại, thừa nhận nó ""cũng có phần đúng"", rồi dùng liên từ ""Nhưng"" để đưa ra lập luận của mình. Đây là kỹ thuật nhượng bộ — thừa nhận một phần để lập luận sau đó thuyết phục hơn."
DM-HSA-05-TA,Đề mẫu HSA365 số 05 — Tiếng Anh,89,Văn,39,Đọc hiểu văn bản,3,Trắc nghiệm,Tác giả phân biệt hai chuyện nào thường bị gộp làm một?,A. Sự thay đổi của ngôn ngữ và sự nghèo đi của người dùng. | B. Chữ Hán và chữ Quốc ngữ. | C. Tiếng nói và chữ viết. | D. Ngôn ngữ mạng và ngôn ngữ văn học.,A,1,90,"Đoạn 2 nêu rành mạch: ""Chuyện thứ nhất là sự thay đổi của ngôn ngữ… Chuyện thứ hai là sự nghèo đi của người dùng."" Toàn bộ lập luận sau đó dựa trên việc tách hai chuyện này ra."
DM-HSA-05-TA,Đề mẫu HSA365 số 05 — Tiếng Anh,90,Văn,40,Đọc hiểu văn bản,3,Trắc nghiệm,Vì sao tác giả nhắc tới việc các nhà nho từng chê chữ Quốc ngữ?,A. Để cho thấy nỗi lo ngôn ngữ đang hỏng đã lặp lại nhiều lần trong lịch sử. | B. Để chứng minh chữ Hán sâu sắc hơn chữ Quốc ngữ. | C. Để phê phán thái độ bảo thủ của các nhà nho. | D. Để giải thích nguồn gốc của chữ Quốc ngữ.,A,1,90,"Câu mở đầu nêu quy luật ""Mỗi khi một lối viết mới xuất hiện, người ta lại lo tiếng Việt đang hỏng"", rồi dẫn ví dụ lịch sử để cho thấy nỗi lo hiện nay không mới. Đây là cách đặt hiện tượng vào một chuỗi lặp lại để giảm bớt tính bi kịch của nó."
DM-HSA-05-TA,Đề mẫu HSA365 số 05 — Tiếng Anh,91,Văn,41,Đọc hiểu văn bản,3,Trắc nghiệm,Giải pháp mà tác giả đề xuất ở cuối bài là gì?,A. Bảo đảm người trẻ còn được đọc những văn bản đủ dài và đủ khó để buộc phải nghĩ. | B. Cấm sử dụng tiếng lóng trên mạng xã hội. | C. Khôi phục việc dạy chữ Hán trong nhà trường. | D. Chuẩn hóa lại chính tả tiếng Việt.,A,1,90,"Câu kết nêu trực tiếp giải pháp, đồng thời loại bỏ giải pháp cấm đoán: ""việc cần làm không phải là cấm một lối viết""."
DM-HSA-05-TA,Đề mẫu HSA365 số 05 — Tiếng Anh,92,Văn,42,Biện pháp tu từ & phong cách,3,Trắc nghiệm,"Trong câu ""Một cây làm chẳng nên non / Ba cây chụm lại nên hòn núi cao"", ""một cây"" và ""ba cây"" là biện pháp gì?",A. Hoán dụ | B. Ẩn dụ | C. Điệp ngữ | D. So sánh,A,1,90,"""Một cây"", ""ba cây"" lấy cái cụ thể để chỉ cái trừu tượng: cá nhân đơn lẻ và tập thể đoàn kết. Quan hệ ở đây là quan hệ tương cận (số ít — số nhiều, cụ thể — trừu tượng) nên là hoán dụ."
DM-HSA-05-TA,Đề mẫu HSA365 số 05 — Tiếng Anh,93,Văn,43,Biện pháp tu từ & phong cách,3,Trắc nghiệm,"Trong câu ""Áo chàm đưa buổi phân li"", cụm ""áo chàm"" là biện pháp gì?",A. Hoán dụ | B. Ẩn dụ | C. So sánh | D. Nhân hóa,A,1,90,"""Áo chàm"" là trang phục đặc trưng của người dân Việt Bắc, được dùng để chỉ chính con người nơi đó. Quan hệ giữa vật dụng và người dùng là quan hệ gần gũi, nên đây là hoán dụ."
DM-HSA-05-TA,Đề mẫu HSA365 số 05 — Tiếng Anh,94,Văn,44,Biện pháp tu từ & phong cách,3,Trắc nghiệm,Văn bản khoa học có đặc trưng phong cách nào?,"A. Tính trừu tượng, tính lí trí và tính khách quan. | B. Tính hình tượng và tính truyền cảm. | C. Tính cụ thể và tính cá thể hóa. | D. Tính công khai về quan điểm chính trị.",A,1,90,"Phong cách khoa học đòi hỏi khái niệm chính xác, lập luận chặt chẽ và loại bỏ cảm xúc cá nhân. Tính hình tượng và truyền cảm là đặc trưng của phong cách nghệ thuật."
DM-HSA-05-TA,Đề mẫu HSA365 số 05 — Tiếng Anh,95,Văn,45,Từ vựng & nghĩa của từ,3,Trắc nghiệm,"Chọn từ thích hợp: ""Nhà trường đã ______ nhiều biện pháp để nâng cao chất lượng dạy học.""",A. triển khai | B. triển vọng | C. phát huy | D. phát động,A,1,90,"""Triển khai biện pháp"" là kết hợp chuẩn, nghĩa là đưa vào thực hiện. ""Phát huy"" đi với ưu điểm, truyền thống; ""phát động"" đi với phong trào; ""triển vọng"" là danh từ nên không đứng ở vị trí động từ này."
DM-HSA-05-TA,Đề mẫu HSA365 số 05 — Tiếng Anh,96,Văn,46,Từ vựng & nghĩa của từ,3,Trắc nghiệm,"Chọn cách dùng đúng: ""Bài viết đã ______ được vấn đề cốt lõi.""",A. nêu bật | B. nổi bật | C. bộc lộ | D. phát hiện,A,1,90,"""Nêu bật"" là động từ ngoại động, đi với tân ngữ ""vấn đề"". ""Nổi bật"" là tính từ, không nhận tân ngữ trực tiếp nên không dùng được ở vị trí này."
DM-HSA-05-TA,Đề mẫu HSA365 số 05 — Tiếng Anh,97,Văn,47,Từ vựng & nghĩa của từ,3,Trắc nghiệm,"Chọn từ thích hợp điền vào chỗ trống: ""Những đóng góp thầm lặng của ông đã ______ cho sự phát triển của cả ngành.""",A. góp phần | B. góp mặt | C. góp vốn | D. góp ý,A,1,90,"""Góp phần"" đi với một quá trình, một kết quả trừu tượng (""góp phần cho/vào sự phát triển""). ""Góp mặt"" đi với sự kiện, ""góp vốn"" với kinh doanh, ""góp ý"" với ý kiến."
DM-HSA-05-TA,Đề mẫu HSA365 số 05 — Tiếng Anh,98,Văn,48,Từ vựng & nghĩa của từ,3,Trắc nghiệm,"Từ ""chân"" trong câu nào được dùng theo nghĩa chuyển?",A. Chân núi có một dòng suối nhỏ. | B. Em bị đau chân nên nghỉ học. | C. Bạn ấy chạy nhanh nhờ đôi chân khỏe. | D. Chân của cậu bé bị trầy xước.,A,1,90,"""Chân núi"" dùng nghĩa chuyển theo phương thức ẩn dụ: phần dưới cùng của núi, tương ứng vị trí của chân trên cơ thể. Ba câu còn lại đều dùng nghĩa gốc chỉ bộ phận cơ thể."
DM-HSA-05-TA,Đề mẫu HSA365 số 05 — Tiếng Anh,99,Văn,49,Từ vựng & nghĩa của từ,3,Trắc nghiệm,"Thành ngữ ""nước đổ lá khoai"" có nghĩa gần nhất với:",A. Khuyên bảo mà người nghe không tiếp thu. | B. Làm việc gì cũng gặp may mắn. | C. Của cải tiêu tán nhanh chóng. | D. Người và việc không hợp nhau.,A,1,90,"Nước đổ lên lá khoai thì trôi tuột hết, không đọng lại. Thành ngữ chỉ việc khuyên nhủ mà người nghe không hề thấm."
DM-HSA-05-TA,Đề mẫu HSA365 số 05 — Tiếng Anh,100,Văn,50,Đọc hiểu văn bản,4,Trắc nghiệm,"Câu ""một thứ biến mất mà không ai ký giấy cho phép"" hàm ý điều gì?","A. Ký ức chung mất đi âm thầm, không qua một quyết định nào nên không ai chịu trách nhiệm. | B. Việc phá bỏ công trình cũ được thực hiện trái phép. | C. Chính quyền cố tình giấu các quyết định quy hoạch. | D. Người dân không được tham gia góp ý quy hoạch.",A,1,120,"Hình ảnh ""ký giấy cho phép"" gợi tới thủ tục hành chính cho mọi thay đổi hữu hình. Ký ức thì không có thủ tục nào, nên nó biến mất mà không ai phải quyết định và cũng không ai phải chịu trách nhiệm."
DM-HSA-05-TA,Đề mẫu HSA365 số 05 — Tiếng Anh,101,Khoa học,1,Grammar & Structure,2,Trắc nghiệm,"Choose the best option: ""By the time the results ______, most candidates had already left the hall.""",A. were announced | B. have been announced | C. are announced | D. had been announcing,A,1,60,"""had already left"" là quá khứ hoàn thành, mốc thời gian đi kèm phải ở quá khứ đơn. Chủ ngữ ""the results"" chịu tác động nên dùng bị động: were announced."
DM-HSA-05-TA,Đề mẫu HSA365 số 05 — Tiếng Anh,102,Khoa học,2,Grammar & Structure,2,Trắc nghiệm,"Choose the best option: ""The committee would rather the results ______ published until the review is complete.""",A. were not | B. are not | C. will not be | D. have not been,A,1,60,"Sau ""would rather + chủ ngữ khác"" ta dùng thì quá khứ giả định để nói về hiện tại hoặc tương lai, nên chọn ""were not""."
DM-HSA-05-TA,Đề mẫu HSA365 số 05 — Tiếng Anh,103,Khoa học,3,Grammar & Structure,2,Trắc nghiệm,"Choose the best option: ""She is used to ______ in front of large audiences.""",A. speaking | B. speak | C. be spoken | D. have spoken,A,1,60,"""be used to"" (đã quen với) là tính từ đi với giới từ ""to"", nên theo sau là danh động từ. Cần phân biệt với ""used to + V"" nghĩa là ""đã từng""."
DM-HSA-05-TA,Đề mẫu HSA365 số 05 — Tiếng Anh,104,Khoa học,4,Grammar & Structure,2,Trắc nghiệm,"Choose the best option: ""The manager, along with two assistants, ______ attending the conference.""",A. is | B. are | C. were | D. have been,A,1,60,"Các cụm ""along with"", ""as well as"", ""together with"" không làm chủ ngữ thành số nhiều. Chủ ngữ vẫn là ""The manager"" (số ít), nên động từ chia số ít."
DM-HSA-05-TA,Đề mẫu HSA365 số 05 — Tiếng Anh,105,Khoa học,5,Grammar & Structure,2,Trắc nghiệm,"Choose the best option: ""She insisted that the deadline ______ extended.""",A. be | B. was | C. is | D. would be,A,1,60,"Sau các động từ chỉ yêu cầu, đề nghị (insist, demand, suggest, recommend) dùng thể giả định: động từ nguyên mẫu không ""to"", không chia theo chủ ngữ."
DM-HSA-05-TA,Đề mẫu HSA365 số 05 — Tiếng Anh,106,Khoa học,6,Grammar & Structure,2,Trắc nghiệm,"Choose the best option: ""Neither the teachers nor the principal ______ willing to comment on the decision.""",A. was | B. were | C. have been | D. are,A,1,60,"Với ""neither ... nor"", động từ hòa hợp với chủ ngữ đứng gần nó nhất. Ở đây danh từ gần nhất là ""the principal"" (số ít) nên dùng ""was""."
DM-HSA-05-TA,Đề mẫu HSA365 số 05 — Tiếng Anh,107,Khoa học,7,Reading Comprehension,2,Trắc nghiệm,What is the main idea of the passage?,"A. Night trains are returning in Europe for environmental, financial and practical reasons. | B. Budget airlines have permanently replaced night trains in Europe. | C. European governments have banned most short-haul flights. | D. Night trains are cheaper than hotels in every European city.",A,1,60,"Đoạn 1 nêu sự đảo chiều của xu hướng, đoạn 2 nêu lý do môi trường và chính sách giá, đoạn 3 nêu lý do thực dụng. Đáp án A bao trùm cả ba."
DM-HSA-05-TA,Đề mẫu HSA365 số 05 — Tiếng Anh,108,Khoa học,8,Reading Comprehension,2,Trắc nghiệm,"Why does the writer say noise is ""the pollutant we take least seriously""?",A. Because air and water are monitored while sound is treated as a mere inconvenience | B. Because noise has been proven harmless to health | C. Because most cities have already solved their noise problems | D. Because residents complain about noise more than about air quality,A,1,60,"Câu mở đầu đối lập việc không khí được giám sát, nước được kiểm nghiệm với việc tiếng ồn chỉ bị xem như điều phiền toái nhất thời."
DM-HSA-05-TA,Đề mẫu HSA365 số 05 — Tiếng Anh,109,Khoa học,9,Reading Comprehension,2,Trắc nghiệm,What was the unintended effect of publishing surgeons’ survival rates?,A. Some skilled surgeons avoided operating on the most seriously ill patients | B. Patients stopped trusting published figures entirely | C. Hospitals hired more surgeons than they needed | D. The number of operations rose sharply across the country,A,1,60,"Đoạn một nêu rõ: ""some of the most skilled surgeons ... had quietly stopped accepting the sickest patients"", tức là họ tránh nhận ca nặng để giữ chỉ số đẹp."
DM-HSA-05-TA,Đề mẫu HSA365 số 05 — Tiếng Anh,110,Khoa học,10,Vocabulary & Collocation,2,Trắc nghiệm,"Choose the word closest in meaning to the underlined word: ""The committee decided to <u>postpone</u> the vote.""",A. delay | B. cancel | C. reject | D. repeat,A,1,60,"""postpone"" = dời sang thời điểm muộn hơn, đồng nghĩa gần nhất là ""delay""."
DM-HSA-05-TA,Đề mẫu HSA365 số 05 — Tiếng Anh,111,Khoa học,11,Vocabulary & Collocation,2,Trắc nghiệm,"Choose the best option: ""The two studies reached ______ conclusions, so further research is needed.""",A. conflicting | B. combining | C. consulting | D. convincing,A,1,60,"""conflicting conclusions"" nghĩa là các kết luận mâu thuẫn nhau, phù hợp với mệnh đề sau nói rằng cần nghiên cứu thêm."
DM-HSA-05-TA,Đề mẫu HSA365 số 05 — Tiếng Anh,112,Khoa học,12,Vocabulary & Collocation,2,Trắc nghiệm,"Choose the correct word form: ""The results were ______ inconsistent with the model.""",A. strikingly | B. striking | C. strike | D. strikes,A,1,60,"Vị trí trước tính từ ""inconsistent"" cần một trạng từ bổ nghĩa, nên dùng ""strikingly""."
DM-HSA-05-TA,Đề mẫu HSA365 số 05 — Tiếng Anh,113,Khoa học,13,Vocabulary & Collocation,2,Trắc nghiệm,"Choose the best option: ""The team took ______ of the delay to test an alternative design.""",A. advantage | B. benefit | C. profit | D. chance,A,1,60,"""take advantage of something"" là collocation cố định nghĩa là tận dụng cơ hội. Các danh từ khác không dùng được với ""take ... of"" theo nghĩa này."
DM-HSA-05-TA,Đề mẫu HSA365 số 05 — Tiếng Anh,114,Khoa học,14,Vocabulary & Collocation,2,Trắc nghiệm,"Choose the best option: ""The company had to ______ its plans when funding was cut.""",A. revise | B. revive | C. reverse | D. review,A,1,60,"""revise"" nghĩa là sửa đổi cho phù hợp với hoàn cảnh mới, hợp với việc kinh phí bị cắt. ""revive"" là hồi sinh, ""reverse"" là đảo ngược, ""review"" là xem xét lại mà không nhất thiết thay đổi."
DM-HSA-05-TA,Đề mẫu HSA365 số 05 — Tiếng Anh,115,Khoa học,15,Vocabulary & Collocation,2,Trắc nghiệm,"Choose the best option: ""Despite the setback, the team remained ______ about finishing on time.""",A. optimistic | B. optimism | C. optimise | D. optimally,A,1,60,"Sau động từ nối ""remained"" cần một tính từ mô tả chủ ngữ, nên chọn dạng tính từ ""optimistic""."
DM-HSA-05-TA,Đề mẫu HSA365 số 05 — Tiếng Anh,116,Khoa học,16,Vocabulary & Collocation,2,Trắc nghiệm,"Choose the best option: ""The new evidence casts serious ______ on the original findings.""",A. doubt | B. question | C. suspicion | D. worry,A,1,60,"""cast doubt on something"" là collocation cố định nghĩa là làm cho điều gì trở nên đáng ngờ. Các danh từ còn lại không kết hợp với động từ ""cast"" theo nghĩa này."
DM-HSA-05-TA,Đề mẫu HSA365 số 05 — Tiếng Anh,117,Khoa học,17,Grammar & Structure,3,Trắc nghiệm,"Identify the error: ""Despite (A) the weather was bad (B), the organisers decided (C) to go ahead with (D) the ceremony.""",A. (A) Despite | B. (B) the weather was bad | C. (C) the organisers decided | D. (D) to go ahead with,A,1,90,"""Despite"" là giới từ nên phải đi với danh từ hoặc danh động từ (""Despite the bad weather""). Muốn giữ mệnh đề ""the weather was bad"" thì phải dùng liên từ ""Although""."
DM-HSA-05-TA,Đề mẫu HSA365 số 05 — Tiếng Anh,118,Khoa học,18,Grammar & Structure,3,Trắc nghiệm,"Choose the best option: ""Rarely ______ a proposal rejected so quickly by the board.""",A. have we seen | B. we have seen | C. we saw | D. did we saw,A,1,90,"Trạng từ phủ định ""Rarely"" đứng đầu câu buộc phải đảo ngữ: trợ động từ lên trước chủ ngữ, cho ""have we seen""."
DM-HSA-05-TA,Đề mẫu HSA365 số 05 — Tiếng Anh,119,Khoa học,19,Grammar & Structure,3,Trắc nghiệm,"Choose the best option: ""The more carefully the data is collected, ______.""",A. the more reliable the conclusions will be | B. the conclusions will be more reliable | C. more reliable will the conclusions be | D. the most reliable the conclusions are,A,1,90,"Cấu trúc so sánh kép ""The + comparative ..., the + comparative ..."" đòi hỏi vế sau cũng bắt đầu bằng ""the"" cộng dạng so sánh hơn."
DM-HSA-05-TA,Đề mẫu HSA365 số 05 — Tiếng Anh,120,Khoa học,20,Grammar & Structure,3,Trắc nghiệm,"Choose the best option: ""He denied ______ the document, although his signature was on it.""",A. having seen | B. to see | C. to have seen | D. that seeing,A,1,90,"""deny"" luôn đi với danh động từ. Dạng hoàn thành ""having seen"" nhấn mạnh hành động xảy ra trước thời điểm phủ nhận."
DM-HSA-05-TA,Đề mẫu HSA365 số 05 — Tiếng Anh,121,Khoa học,21,Grammar & Structure,3,Trắc nghiệm,"Choose the best option: ""No sooner ______ the door than the phone rang.""",A. had he opened | B. he had opened | C. did he open | D. he opened,A,1,90,"Cấu trúc ""No sooner + quá khứ hoàn thành đảo ngữ + than + quá khứ đơn"" diễn tả hai hành động nối tiếp rất nhanh. ""No sooner"" đứng đầu câu bắt buộc đảo trợ động từ lên trước chủ ngữ."
DM-HSA-05-TA,Đề mẫu HSA365 số 05 — Tiếng Anh,122,Khoa học,22,Grammar & Structure,3,Trắc nghiệm,"Choose the best option: ""______ harder last term, she would be sitting the advanced exam now.""",A. Had she studied | B. If she studied | C. Should she study | D. Were she to study,A,1,90,"Đây là câu điều kiện hỗn hợp: giả định trái với quá khứ (""last term"") nhưng kết quả ở hiện tại (""now""). Mệnh đề if loại 3 đảo ngữ là ""Had she studied""."
DM-HSA-05-TA,Đề mẫu HSA365 số 05 — Tiếng Anh,123,Khoa học,23,Grammar & Structure,3,Trắc nghiệm,"Identify the error: ""The number of applicants (A) have risen (B) sharply since (C) the new policy took effect (D).""",A. (B) have risen | B. (A) The number of applicants | C. (C) since | D. (D) took effect,A,1,90,"""The number of + danh từ số nhiều"" luôn là chủ ngữ số ít, nên phải là ""has risen"". Ngược lại, ""A number of applicants"" mới đi với động từ số nhiều."
DM-HSA-05-TA,Đề mẫu HSA365 số 05 — Tiếng Anh,124,Khoa học,24,Grammar & Structure,3,Trắc nghiệm,"Choose the best option: ""The report, ______ conclusions were widely criticised, has now been withdrawn.""",A. whose | B. which | C. of which the | D. that,A,1,90,"""whose"" dùng cho cả người và vật để chỉ quan hệ sở hữu (""the conclusions of the report""). ""which"" không thể đứng trước danh từ trần, còn ""that"" không dùng trong mệnh đề quan hệ không xác định (có dấu phẩy)."
DM-HSA-05-TA,Đề mẫu HSA365 số 05 — Tiếng Anh,125,Khoa học,25,Grammar & Structure,3,Trắc nghiệm,"Choose the best option: ""It was not until she had read the second report ______ the inconsistency.""",A. that she noticed | B. when she noticed | C. that did she notice | D. she noticed,A,1,90,"Cấu trúc nhấn mạnh ""It was not until + mốc thời gian + that + mệnh đề"" giữ trật tự chủ ngữ — động từ bình thường sau ""that"". Đảo ngữ chỉ xảy ra khi ""Not until"" đứng đầu câu."
DM-HSA-05-TA,Đề mẫu HSA365 số 05 — Tiếng Anh,126,Khoa học,26,Grammar & Structure,3,Trắc nghiệm,"Choose the best option: ""______ in the 1960s, the bridge now carries three times the traffic it was designed for.""",A. Built | B. Building | C. Having built | D. It was built,A,1,90,"Mệnh đề rút gọn phải cùng chủ ngữ với mệnh đề chính (""the bridge""). Cây cầu chịu tác động nên dùng phân từ quá khứ ""Built"" mang nghĩa bị động."
DM-HSA-05-TA,Đề mẫu HSA365 số 05 — Tiếng Anh,127,Khoa học,27,Reading Comprehension,3,Trắc nghiệm,"According to the passage, institutions that measure nothing are:","A. Harder to hold to account, with failures found late | B. More honest than institutions that publish figures | C. Generally better managed but less transparent | D. Unable to function in a modern economy",A,1,90,"Câu trong đoạn ba nói rõ: các tổ chức không đo lường ""are not more honest; they are merely harder to hold to account, and their failures tend to be discovered late""."
DM-HSA-05-TA,Đề mẫu HSA365 số 05 — Tiếng Anh,128,Khoa học,28,Reading Comprehension,3,Trắc nghiệm,The final paragraph asks the reader to develop the habit of:,A. Asking what behaviour a measure rewards and who benefits from supplying it | B. Rejecting any statistic published by an institution | C. Collecting data independently before trusting an institution | D. Trusting figures that come from several countries at once,A,1,90,Đoạn cuối phân biệt rõ giữa hoài nghi chung chung về con số và thói quen cụ thể được đề nghị: hỏi xem thước đo thưởng cho hành vi nào và ai được lợi khi cung cấp nó.
DM-HSA-05-TA,Đề mẫu HSA365 số 05 — Tiếng Anh,129,Khoa học,29,Reading Comprehension,3,Trắc nghiệm,What does the passage say about residents who claim they no longer notice traffic noise?,A. Their bodies keep reacting to the noise even though they stop waking up | B. They are being deliberately dishonest about the problem | C. They have genuinely become immune to its health effects | D. They tend to move away within a few years,A,1,90,Đoạn hai nói sự thích nghi chỉ mang tính tâm lý chứ không phải sinh lý: các nghiên cứu giấc ngủ cho thấy cơ thể vẫn phản ứng với xe tải chạy qua.
DM-HSA-05-TA,Đề mẫu HSA365 số 05 — Tiếng Anh,130,Khoa học,30,Reading Comprehension,3,Trắc nghiệm,"According to the third paragraph, modern building materials worsen noise because they:",A. Reflect sound instead of absorbing it | B. Are too expensive to replace once installed | C. Trap heat and force windows to stay open | D. Require heavier traffic during construction,A,1,90,"Kính, bê tông và các bề mặt phẳng cứng phản xạ âm thanh thay vì hấp thụ, nên một con phố được xây lại đẹp hơn lại có thể ồn hơn."
DM-HSA-05-TA,Đề mẫu HSA365 số 05 — Tiếng Anh,131,Khoa học,31,Reading Comprehension,3,Trắc nghiệm,The writer concludes that what cities lack in dealing with noise is mainly:,A. The habit of treating quiet as something owed to residents | B. Scientific knowledge of how sound travels | C. The money needed for any effective remedy | D. Laws that ban traffic from residential streets,A,1,90,"Câu cuối nói các giải pháp đều ""unglamorous and well understood"", nên thứ còn thiếu không phải kiến thức mà là thói quen coi sự yên tĩnh là điều thành phố nợ cư dân."
DM-HSA-05-TA,Đề mẫu HSA365 số 05 — Tiếng Anh,132,Khoa học,32,Reading Comprehension,3,Trắc nghiệm,"According to the passage, what may ultimately determine whether the night-train revival lasts?",A. Whether rail operators in different countries can agree on selling a single cross-border ticket | B. Whether passengers continue to care about carbon emissions | C. Whether governments keep taxing short-haul flights | D. Whether new sleeper carriages can be built quickly enough,A,1,90,"Câu cuối bài nói rõ tương lai của tàu đêm phụ thuộc vào ""something far less romantic"": việc các nhà khai thác đường sắt ở các nước có thống nhất được cách bán một vé duy nhất xuyên biên giới hay không."
DM-HSA-05-TA,Đề mẫu HSA365 số 05 — Tiếng Anh,133,Khoa học,33,Reading Comprehension,3,Trắc nghiệm,"According to the passage, why has the price gap between flying and rail narrowed?",A. Short-haul flights are taxed while cross-border rail receives subsidies. | B. Airlines have raised their fares to fund new aircraft. | C. Rail operators have agreed on a single cross-border ticket. | D. Hotels near airports have become more expensive.,A,1,90,Câu cuối đoạn 2 nêu chính xác hai biện pháp chính sách này là nguyên nhân thu hẹp chênh lệch giá.
DM-HSA-05-TA,Đề mẫu HSA365 số 05 — Tiếng Anh,134,Khoa học,34,Reading Comprehension,3,Trắc nghiệm,Which practical advantage of night trains is mentioned?,A. Passengers save a hotel night and arrive in the city centre. | B. Night trains are always faster than planes. | C. Tickets can be changed at no cost. | D. Passengers can bring unlimited luggage.,A,1,90,"Đoạn 3 nêu đúng hai lợi ích này; các phương án còn lại không xuất hiện trong bài."
DM-HSA-05-TA,Đề mẫu HSA365 số 05 — Tiếng Anh,135,Khoa học,35,Reading Comprehension,3,Trắc nghiệm,The author's overall attitude towards the revival of night trains can best be described as:,A. cautiously positive | B. strongly enthusiastic | C. openly sceptical | D. completely neutral,A,1,90,"Tác giả ghi nhận các lý do tích cực nhưng kết bài bằng một điều kiện chưa được giải quyết (""Whether the revival lasts... may depend on...""), nên thái độ là tích cực nhưng dè dặt."
DM-HSA-05-TA,Đề mẫu HSA365 số 05 — Tiếng Anh,136,Khoa học,36,Reading Comprehension,3,Trắc nghiệm,Which best states the central idea of the passage?,"A. A single measure tied to consequences invites gaming, so several measures should be read together with context | B. Measurement of public services should be abandoned because it is always misleading | C. Surgeons and teachers are less honest than other professionals | D. Institutions perform better when no figures are published at all",A,1,90,"Đoạn ba bác bỏ việc bỏ hẳn đo lường và chốt lại kết luận hẹp hơn: một con số đơn lẻ gắn với chế tài sẽ bị lách, còn nhiều thước đo đọc cùng nhau thì khó bóp méo hơn."
DM-HSA-05-TA,Đề mẫu HSA365 số 05 — Tiếng Anh,137,Khoa học,37,Reading Comprehension,3,Trắc nghiệm,The examples of schools and call centres are used mainly to:,A. Show that the same pattern appears well beyond hospitals | B. Prove that education matters more than health care | C. Suggest that call centres should not be measured at all | D. Contrast two opposing views of measurement,A,1,90,"Hai ví dụ nằm ngay sau câu ""This pattern has a name"", đóng vai trò minh họa cho tính phổ biến của hiện tượng, không phải để so sánh giá trị các ngành."
DM-HSA-05-TA,Đề mẫu HSA365 số 05 — Tiếng Anh,138,Khoa học,38,Vocabulary & Collocation,3,Trắc nghiệm,"Choose the best option: ""Government spending on research has been cut ______ the bone.""",A. to | B. at | C. in | D. for,A,1,90,"Thành ngữ ""cut something to the bone"" nghĩa là cắt giảm tới mức tối đa; giới từ cố định trong thành ngữ này là ""to""."
DM-HSA-05-TA,Đề mẫu HSA365 số 05 — Tiếng Anh,139,Khoa học,39,Vocabulary & Collocation,3,Trắc nghiệm,"Choose the best option: ""The scheme was quietly ______ after two years of poor results.""",A. scrapped | B. scraped | C. scrambled | D. scratched,A,1,90,"""scrap a scheme"" nghĩa là hủy bỏ một kế hoạch. ""Scrape"" là cạo, ""scramble"" là trộn lộn xộn, ""scratch"" là gãi hoặc cào."
DM-HSA-05-TA,Đề mẫu HSA365 số 05 — Tiếng Anh,140,Khoa học,40,Vocabulary & Collocation,3,Trắc nghiệm,"Choose the best option: ""Her argument is persuasive, ______ it rests on a single case study.""",A. albeit | B. therefore | C. moreover | D. hence,A,1,90,"Vế sau nêu một hạn chế trái chiều với lời khen ở vế trước, nên cần từ nối nhượng bộ. ""Albeit"" nghĩa là ""mặc dù vậy""."
DM-HSA-05-TA,Đề mẫu HSA365 số 05 — Tiếng Anh,141,Khoa học,41,Vocabulary & Collocation,3,Trắc nghiệm,"Choose the word closest in meaning to ""ubiquitous"" in: ""Mobile phones are now ubiquitous in classrooms.""",A. found everywhere | B. strictly banned | C. rarely used | D. newly invented,A,1,90,"""ubiquitous"" nghĩa là có mặt ở khắp mọi nơi. Ngữ cảnh ""now … in classrooms"" củng cố nghĩa này: điện thoại đã trở nên phổ biến tới mức ở đâu cũng thấy."
DM-HSA-05-TA,Đề mẫu HSA365 số 05 — Tiếng Anh,142,Khoa học,42,Vocabulary & Collocation,3,Trắc nghiệm,"Choose the best option: ""The findings are broadly ______ with earlier research in the field.""",A. consistent | B. persistent | C. insistent | D. resistant,A,1,90,"""be consistent with"" = phù hợp, nhất quán với. Đây là collocation cố định trong văn phong học thuật."
DM-HSA-05-TA,Đề mẫu HSA365 số 05 — Tiếng Anh,143,Khoa học,43,Vocabulary & Collocation,3,Trắc nghiệm,"Choose the option OPPOSITE in meaning to the underlined word: ""Her explanation was remarkably <u>lucid</u>.""",A. confusing | B. brief | C. detailed | D. polite,A,1,90,"""lucid"" = sáng rõ, dễ hiểu. Trái nghĩa gần nhất là ""confusing""."
DM-HSA-05-TA,Đề mẫu HSA365 số 05 — Tiếng Anh,144,Khoa học,44,Vocabulary & Collocation,3,Trắc nghiệm,"Choose the best option: ""The scheme was abandoned ______ of cost.""",A. on grounds | B. in grounds | C. by grounds | D. for grounds,A,1,90,"""on (the) grounds of + danh từ"" = vì lý do gì đó. Đây là cụm giới từ cố định."
DM-HSA-05-TA,Đề mẫu HSA365 số 05 — Tiếng Anh,145,Khoa học,45,Vocabulary & Collocation,3,Trắc nghiệm,"Choose the word closest in meaning to ""meticulous"" in: ""She kept meticulous records of every experiment.""",A. extremely careful | B. unusually brief | C. openly public | D. rather careless,A,1,90,"""meticulous"" nghĩa là tỉ mỉ, chú ý tới từng chi tiết nhỏ, nên gần nghĩa nhất với ""extremely careful""; ""careless"" là từ trái nghĩa."
DM-HSA-05-TA,Đề mẫu HSA365 số 05 — Tiếng Anh,146,Khoa học,46,Vocabulary & Collocation,3,Trắc nghiệm,"Choose the word OPPOSITE in meaning to ""scarce"" in: ""Clean water was scarce in the region.""",A. abundant | B. limited | C. costly | D. distant,A,1,90,"""scarce"" nghĩa là khan hiếm, nên trái nghĩa là ""abundant"" (dồi dào). ""Limited"" là từ đồng nghĩa chứ không phải trái nghĩa."
DM-HSA-05-TA,Đề mẫu HSA365 số 05 — Tiếng Anh,147,Khoa học,47,Grammar & Structure,4,Trắc nghiệm,"Choose the best option: ""Not until the second week ______ that the data had been mislabelled.""",A. did the team realise | B. the team realised | C. the team did realise | D. realised the team,A,1,120,"Cụm phủ định ""Not until..."" đứng đầu câu buộc mệnh đề chính phải đảo ngữ với trợ động từ: did + chủ ngữ + động từ nguyên mẫu."
DM-HSA-05-TA,Đề mẫu HSA365 số 05 — Tiếng Anh,148,Khoa học,48,Reading Comprehension,4,Trắc nghiệm,"The word ""relic"" in the first paragraph is closest in meaning to:",A. something left over from the past and no longer useful | B. a valuable historical object kept in a museum | C. a religious symbol | D. an unexpected success,A,1,120,"Ngữ cảnh là các tuyến tàu đêm bị cắt bỏ vì máy bay giá rẻ rẻ hơn và nhanh hơn, nên ""relic"" mang nghĩa ""tàn dư lỗi thời"", không phải nghĩa ""cổ vật quý""."
DM-HSA-05-TA,Đề mẫu HSA365 số 05 — Tiếng Anh,149,Khoa học,49,Reading Comprehension,4,Trắc nghiệm,What does the author suggest in the final sentence?,A. The future of night trains depends more on administrative cooperation than on passenger demand. | B. Passengers will soon lose interest in night trains. | C. Rail operators have already solved the ticketing problem. | D. Romantic appeal is the strongest factor in the revival.,A,1,120,"Cụm ""may depend less on passenger enthusiasm than on something far less romantic"" đặt hai yếu tố lên bàn cân và nghiêng về yếu tố hành chính — việc bán vé chung xuyên biên giới."
DM-HSA-05-TA,Đề mẫu HSA365 số 05 — Tiếng Anh,150,Khoa học,50,Vocabulary & Collocation,4,Trắc nghiệm,"Choose the best option: ""The two accounts of the incident are difficult to ______ with each other.""",A. reconcile | B. compromise | C. negotiate | D. resolve,A,1,120,"""reconcile A with B"" = làm cho hai điều mâu thuẫn trở nên tương thích. ""resolve"" đi với vấn đề/tranh chấp chứ không đi với ""with each other"" theo nghĩa này."
