Chuyên đề,Câu hỏi lớn của chuyên đề,Mã dạng,Dạng bài,Đọc vị — dấu hiệu trên đề,Phương pháp,Bước giải (việc → mục đích),Mẹo xử lý,Sai lầm đặc trưng
Số học & tỉ lệ phần trăm,"Đại lượng này thay đổi so với cái gì, và thay đổi bao nhiêu phần của cái đó?",ari.chain,Thay đổi liên tiếp nhiều lần,"Đề có từ ""rồi lại"", ""sau đó"", ""tiếp tục"" giữa hai lần tăng/giảm | Lần thay đổi thứ hai được mô tả là tính trên giá trị đã đổi | Hỏi ""so với ban đầu"" chứ không hỏi từng bước","Không cộng phần trăm — nhân hệ số. Mỗi lần thay đổi a% là một phép nhân với (1 ± a/100); nhiều lần liên tiếp là tích các hệ số. Lý do: phần trăm lần sau tính trên một mẫu số khác lần đầu, mà chỉ hệ số nhân mới mang được thông tin ""mẫu số đã đổi"".","1. Đặt giá trị ban đầu bằng 100 (hoặc bằng 1). → Câu hỏi chỉ hỏi tỉ lệ, nên một con số tròn làm mọi phép tính nhẩm được. | 2. Viết mỗi lần thay đổi thành một hệ số: tăng a% → (1 + a/100), giảm a% → (1 − a/100). → Đưa mọi lần thay đổi về cùng một dạng thì mới nhân được với nhau. | 3. Nhân toàn bộ hệ số lại. → Tích của chúng chính là tỉ lệ cuối so với ban đầu. | 4. Trừ 1 rồi đổi ra phần trăm. → Đề hỏi mức thay đổi, không hỏi giá trị cuối.","Tăng a% rồi giảm a% luôn cho kết quả NHỎ HƠN ban đầu đúng a²/100 phần trăm. Tăng 20% rồi giảm 20% là mất 4%. Nhớ con số này thì loại được ngay phương án ""không đổi"" — phương án nhiễu phổ biến nhất của dạng này.",Cộng gộp hai lần thay đổi. Giảm 10% rồi giảm 20% không phải giảm 30% mà là giảm 28%.
Số học & tỉ lệ phần trăm,"Đại lượng này thay đổi so với cái gì, và thay đổi bao nhiêu phần của cái đó?",ari.rate,Năng suất — công việc chung,"Hai hoặc nhiều người/máy/vòi cùng làm một công việc | Đề cho thời gian làm riêng, hỏi thời gian làm chung (hoặc ngược lại) | Có từ ""cùng làm"", ""cùng chảy"", ""làm chung rồi một người nghỉ""","Quy về năng suất: coi cả công việc là 1, thì người làm xong trong t giờ có năng suất 1/t công việc mỗi giờ. Lý do phải quy về năng suất: thời gian KHÔNG cộng được (làm chung không phải cộng thời gian), nhưng năng suất thì cộng được — mỗi giờ mỗi người đóng góp phần của mình.","1. Đặt cả công việc bằng 1. → Bỏ được đơn vị, mọi năng suất thành phân số đơn giản. | 2. Viết năng suất từng người: 1/t₁, 1/t₂, … → Đây là đại lượng duy nhất cộng được trong bài toán này. | 3. Cộng năng suất của những người đang cùng làm. → Năng suất chung là tổng các năng suất riêng. | 4. Thời gian chung = 1 chia cho năng suất chung. → Nghịch đảo đưa từ ""phần việc mỗi giờ"" về ""số giờ"". | 5. Nếu có người nghỉ giữa chừng: tính phần việc đã xong trước khi nghỉ, phần còn lại chia cho năng suất mới. → Bài toán tách thành hai giai đoạn có năng suất khác nhau.",Hai người làm riêng hết a và b giờ thì làm chung hết ab/(a+b) giờ. Thuộc công thức này thì dạng cơ bản xong trong 20 giây. Kiểm tra nhanh: kết quả phải nhỏ hơn cả a lẫn b.,"Lấy trung bình cộng thời gian. Hai người làm 6 giờ và 3 giờ thì làm chung 2 giờ, không phải 4,5 giờ."
Số học & tỉ lệ phần trăm,"Đại lượng này thay đổi so với cái gì, và thay đổi bao nhiêu phần của cái đó?",ari.mix,Pha trộn — nồng độ,"Có dung dịch, hợp kim, hoặc trộn hai loại có giá/nồng độ khác nhau | Đề cho nồng độ trước và sau khi thêm chất | Xuất hiện cụm ""thêm vào"", ""pha thêm nước"", ""trộn lẫn""","Bám vào đại lượng KHÔNG ĐỔI. Thêm dung môi thì lượng chất tan không đổi; thêm chất tan thì lượng dung môi không đổi; trộn hai dung dịch thì tổng chất tan bằng tổng hai phần. Lý do: nồng độ là tỉ số, mà tỉ số thì không cộng được — chỉ khối lượng mới cộng được.","1. Xác định đại lượng nào giữ nguyên khi thêm/trộn. → Đó là chiếc neo để lập phương trình; chọn sai neo thì phương trình sai từ dòng đầu. | 2. Tính khối lượng chất tan ban đầu = nồng độ × khối lượng dung dịch. → Chuyển từ tỉ lệ sang khối lượng để cộng được. | 3. Viết phương trình cho trạng thái sau, nhớ cả tử và mẫu đều có thể thay đổi. → Thêm chất tan thì khối lượng dung dịch cũng tăng — quên điều này là lỗi số một của dạng này. | 4. Giải và đối chiếu: nồng độ mới phải nằm giữa hai nồng độ đầu (nếu trộn). → Một phép kiểm tra 3 giây loại được đáp án vô lý.","Quy tắc đường chéo: trộn nồng độ a% với b% ra c% thì tỉ lệ khối lượng hai phần là |b − c| : |c − a|. Dạng ""trộn để được nồng độ cho trước"" giải trong đầu bằng quy tắc này.",Thêm 20g chất tan vào 100g dung dịch mà vẫn lấy mẫu số 100. Mẫu số mới là 120.
"Hàm số, phương trình & bất phương trình","Phương trình này có nghiệm không, có bao nhiêu, và nghiệm ấy thỏa điều kiện gì?",alg.param,Tìm tham số để nghiệm thỏa điều kiện,"Có chữ m (hoặc a, k) nằm trong hệ số, không phải trong biến | Câu hỏi bắt đầu bằng ""Tìm m để…"" | Điều kiện nói về nghiệm: hai nghiệm phân biệt, hai nghiệm dương, nghiệm này gấp đôi nghiệm kia","Ba tầng điều kiện, luôn theo thứ tự: (1) tồn tại nghiệm — dấu của Δ; (2) quan hệ giữa các nghiệm — định lý Viète; (3) điều kiện riêng của đề. Lý do phải theo thứ tự: Viète chỉ có nghĩa khi nghiệm đã tồn tại. Bỏ tầng 1 là lỗi phổ biến nhất, và nó cho ra một tập m rộng hơn đáp án đúng.","1. Kiểm tra hệ số bậc hai có chứa m không. Nếu có, xét riêng trường hợp nó bằng 0. → Khi hệ số bậc hai bằng 0 thì phương trình thành bậc nhất — một trường hợp hoàn toàn khác mà đề hay giấu ở đây. | 2. Viết điều kiện Δ theo yêu cầu về số nghiệm. → Đây là cửa vào: không qua được thì mọi tính toán sau đều vô nghĩa. | 3. Dùng Viète đưa điều kiện của đề về tổng và tích nghiệm. → Tránh phải giải nghiệm tường minh — nghiệm chứa căn của m thì gần như không xử lý nổi. | 4. Giải hệ điều kiện, rồi GIAO với điều kiện Δ. → Bước giao là bước hay bị quên nhất; thiếu nó thì đáp án thừa nghiệm.","Hai nghiệm cùng dương ⟺ Δ ≥ 0 và S > 0 và P > 0. Hai nghiệm trái dấu ⟺ P < 0 (không cần xét Δ, vì P < 0 đã kéo theo Δ > 0). Nhớ mẹo thứ hai tiết kiệm được một dòng và tránh được lỗi.",Quên xét trường hợp hệ số bậc hai bằng 0 khi hệ số đó chứa m.
"Hàm số, phương trình & bất phương trình","Phương trình này có nghiệm không, có bao nhiêu, và nghiệm ấy thỏa điều kiện gì?",alg.sym,Biểu thức đối xứng của hai nghiệm,"Đề hỏi x₁² + x₂², 1/x₁ + 1/x₂, |x₁ − x₂|, x₁³ + x₂³ | Không hỏi từng nghiệm riêng lẻ | Phương trình có nghiệm xấu hoặc chứa tham số",Không giải phương trình. Mọi biểu thức đối xứng đều biểu diễn được qua S = x₁ + x₂ và P = x₁x₂ — hai đại lượng lấy thẳng từ hệ số bằng Viète. Lý do: giải ra nghiệm chứa căn rồi thay vào là con đường dài gấp năm và dễ sai dấu.,"1. Viết S = −b/a và P = c/a. → Lấy trực tiếp từ hệ số, không cần Δ. | 2. Biến đổi biểu thức cần tính về dạng chỉ chứa S và P. → Đây là toàn bộ kỹ thuật của dạng này; thuộc vài hằng đẳng thức là đủ. | 3. Thay số và tính. → Đến bước này chỉ còn số học. | 4. Nếu có căn hoặc mẫu: kiểm tra điều kiện tồn tại (Δ ≥ 0, P ≠ 0). → Biểu thức có thể tính ra số đẹp mà nghiệm lại không tồn tại.","Thuộc ba hằng đẳng thức là đủ cho 90% câu: x₁² + x₂² = S² − 2P; (x₁ − x₂)² = S² − 4P; x₁³ + x₂³ = S³ − 3PS.",Tính |x₁ − x₂| bằng cách lấy căn của S² − 4P mà quên rằng biểu thức này phải không âm — tức là quên điều kiện Δ ≥ 0.
"Hàm số, phương trình & bất phương trình","Phương trình này có nghiệm không, có bao nhiêu, và nghiệm ấy thỏa điều kiện gì?",alg.radical,Phương trình và bất phương trình vô tỉ,"Có dấu căn bậc chẵn mà biểu thức dưới căn chứa biến x | Câu hỏi về số nghiệm hoặc tập nghiệm của phương trình, bất phương trình","Đặt điều kiện trước, bình phương sau. Với bất phương trình, bắt buộc chia trường hợp theo dấu của vế không chứa căn — vì bình phương chỉ bảo toàn chiều bất đẳng thức khi cả hai vế cùng không âm.","1. Đặt điều kiện xác định: mọi biểu thức dưới căn bậc chẵn ≥ 0. → Tập xác định thu hẹp trước sẽ loại sẵn nghiệm ngoại lai. | 2. Cô lập căn về một vế. → Bình phương chỉ khử được căn khi nó đứng một mình. | 3. Với bất phương trình: xét dấu vế còn lại, chia hai trường hợp. → Vế phải âm thì bất phương trình hoặc luôn đúng hoặc luôn sai, không cần bình phương. | 4. Bình phương, giải, rồi THỬ LẠI nghiệm vào phương trình gốc. → Bình phương là phép biến đổi không tương đương — nó sinh nghiệm ngoại lai.","Với phương trình dạng √A = √B, chỉ cần A = B kèm một trong hai điều kiện A ≥ 0 (không cần cả hai — chúng tương đương khi A = B).",Bình phương ngay khi vế phải còn chứa dấu âm chưa xét. Đây là nguồn của gần như mọi nghiệm ngoại lai.
"Dãy số, cấp số cộng & cấp số nhân","Quy luật nối số hạng này với số hạng kia là gì, và nó dẫn tới đâu khi n lớn?",seq.identify,Nhận dạng cấp số cộng hay cấp số nhân,"Đề cho vài số hạng đầu và hỏi số hạng thứ n hoặc tổng | Có cụm ""mỗi năm tăng thêm… đơn vị"" (cộng) hoặc ""mỗi năm tăng… phần trăm"" (nhân) | Cho hệ thức truy hồi dạng uₙ₊₁ = uₙ + d hoặc uₙ₊₁ = q·uₙ","Lấy hiệu hai số hạng liên tiếp và lấy thương hai số hạng liên tiếp. Cái nào hằng số thì đó là loại cấp số. Lý do phải thử cả hai: bài toán thực tế thường mô tả bằng lời, và ""tăng thêm 5 triệu"" với ""tăng thêm 5%"" chỉ khác nhau một ký tự nhưng dẫn tới hai công thức hoàn toàn khác.","1. Tính u₂ − u₁ và u₃ − u₂. Nếu bằng nhau → cấp số cộng, d là hiệu đó. → Kiểm tra hai lần chứ không một lần: hai số bất kỳ luôn có một hiệu, ba số mới xác nhận được quy luật. | 2. Nếu hiệu không bằng nhau, tính u₂/u₁ và u₃/u₂. → Thương bằng nhau thì là cấp số nhân với công bội q. | 3. Viết công thức số hạng tổng quát: uₙ = u₁ + (n−1)d hoặc uₙ = u₁·qⁿ⁻¹. → Chỉ số n−1 là chỗ sai nhiều nhất — số hạng đầu ứng với 0 lần cộng/nhân, không phải 1 lần. | 4. Áp công thức tổng nếu đề hỏi tổng. → Cộng tay n số hạng vừa lâu vừa dễ sót.",Kiểm tra công thức vừa lập bằng cách thay n = 1: phải ra đúng u₁. Phép thử 3 giây này bắt được toàn bộ lỗi lệch chỉ số.,"Dùng uₙ = u₁ + n·d thay vì (n−1)·d. Lỗi lệch một số hạng, và đề luôn có sẵn phương án nhiễu cho đúng lỗi này."
"Dãy số, cấp số cộng & cấp số nhân","Quy luật nối số hạng này với số hạng kia là gì, và nó dẫn tới đâu khi n lớn?",seq.growth,Bài toán tăng trưởng thực tế,"Dân số, lãi kép, khấu hao, vi khuẩn sinh sôi | Có mốc ""sau bao nhiêu năm/kỳ"" | Tỉ lệ tăng cho bằng phần trăm","Mô hình cấp số nhân với công bội q = 1 + r. Nếu hỏi ""sau bao lâu thì đạt…"", lấy logarit hai vế — đây là công cụ duy nhất kéo n từ trên số mũ xuống.","1. Xác định giá trị ban đầu và tỉ lệ r mỗi kỳ. → Sai đơn vị kỳ (năm/quý/tháng) là lỗi nặng nhất và không thể sửa ở bước sau. | 2. Viết A = A₀(1 + r)ⁿ. → Mọi bài tăng trưởng đều là một biến thể của công thức này. | 3. Nếu tìm A: thay số. Nếu tìm n: lấy log hai vế, n = log(A/A₀)/log(1+r). → Logarit là phép toán duy nhất đưa số mũ xuống làm hệ số. | 4. Làm tròn n LÊN nếu câu hỏi là ""ít nhất bao nhiêu kỳ"". → Làm tròn xuống cho ra một mốc chưa đạt yêu cầu — đây là bẫy cố ý của dạng này.",Quy tắc 70: số kỳ để một đại lượng tăng gấp đôi ≈ 70/r (r tính theo phần trăm). Lãi 7%/năm thì gấp đôi sau khoảng 10 năm. Dùng để loại phương án trong 5 giây.,"Nhầm lãi đơn với lãi kép. Lãi đơn là cấp số cộng, lãi kép là cấp số nhân."
"Dãy số, cấp số cộng & cấp số nhân","Quy luật nối số hạng này với số hạng kia là gì, và nó dẫn tới đâu khi n lớn?",seq.limit,Giới hạn của dãy,"Có ký hiệu lim hoặc câu hỏi ""khi n tiến ra vô cùng"" | Biểu thức là phân thức của n, hoặc chứa qⁿ","Chia cả tử và mẫu cho lũy thừa bậc cao nhất. Với dãy chứa qⁿ, nhớ rằng qⁿ → 0 khi |q| < 1 — đây là chiếc chìa khóa duy nhất của nhóm này.","1. Tìm bậc cao nhất của n có mặt trong biểu thức. → Nó quyết định mọi thứ; các bậc thấp hơn đều tiến về 0 tương đối. | 2. Chia tử và mẫu cho nⁿ bậc đó. → Biến các số hạng bậc thấp thành 1/n, 1/n², … đều tiến về 0. | 3. Cho mọi 1/nᵏ về 0 rồi đọc kết quả. → Còn lại là tỉ số hai hệ số bậc cao nhất.","So bậc là xong: tử bậc cao hơn → giới hạn vô cùng; mẫu bậc cao hơn → giới hạn 0; bằng bậc → tỉ số hai hệ số đầu. Ba trường hợp này trả lời được hầu hết câu trắc nghiệm mà không cần biến đổi.","Với qⁿ, quên xét |q| > 1 (dãy phân kỳ) hay q = −1 (dãy không có giới hạn)."
Hình học phẳng & không gian,"Hình này có quan hệ gì với hình kia — bằng nhau, đồng dạng, hay chỉ chung một đại lượng?",geo.similar,Tam giác đồng dạng — tỉ số,"Có hai đường thẳng song song cắt hai cạnh của một tam giác | Đề cho tỉ số các đoạn thẳng và hỏi tỉ số đoạn khác | Xuất hiện đường trung bình, đường phân giác, hoặc điểm chia cạnh theo tỉ lệ","Tìm cặp tam giác đồng dạng rồi lập tỉ số các cạnh tương ứng. Nhớ: tỉ số diện tích bằng BÌNH PHƯƠNG tỉ số đồng dạng, tỉ số thể tích bằng LẬP PHƯƠNG. Đây là chỗ đề thi cài bẫy nhiều nhất.","1. Chỉ ra hai tam giác đồng dạng và nêu rõ trường hợp (g-g, c-g-c, c-c-c). → Viết sai thứ tự đỉnh là viết sai toàn bộ tỉ số ở bước sau. | 2. Viết tỉ số các cạnh TƯƠNG ỨNG theo đúng thứ tự đỉnh. → Thứ tự đỉnh quyết định cạnh nào ghép với cạnh nào. | 3. Nếu hỏi diện tích: bình phương tỉ số. Nếu hỏi thể tích: lập phương. → Diện tích là đại lượng hai chiều, thể tích ba chiều. | 4. Đối chiếu kết quả với hình vẽ xem có hợp lý về độ lớn không. → Một tỉ số lớn hơn 1 khi hình nhỏ hơn là dấu hiệu đã lật ngược phân số.","Tỉ số đồng dạng k thì diện tích gấp k², thể tích gấp k³. Đề rất hay cho k = 1/2 rồi hỏi diện tích: đáp án là 1/4 chứ không phải 1/2 — và 1/2 luôn có mặt trong bốn phương án.","Viết tỉ số theo thứ tự đỉnh sai, dẫn tới ghép nhầm cạnh dài với cạnh ngắn."
Hình học phẳng & không gian,"Hình này có quan hệ gì với hình kia — bằng nhau, đồng dạng, hay chỉ chung một đại lượng?",geo.solid,Thể tích và diện tích khối,"Đề nói về khối chóp, lăng trụ, nón, trụ, cầu | Hỏi thể tích, diện tích xung quanh, hoặc tỉ số thể tích","Xác định rõ đâu là đáy và đâu là chiều cao trước khi thay công thức. Với khối chóp, chiều cao là khoảng cách từ đỉnh tới MẶT PHẲNG đáy, không phải độ dài cạnh bên.","1. Vẽ lại hình và đánh dấu đáy, chiều cao. → Phần lớn lỗi của dạng này là lấy nhầm cạnh bên làm chiều cao. | 2. Tính diện tích đáy bằng công thức hình phẳng phù hợp. → Bài không gian luôn quy về một bài hình phẳng ở đáy. | 3. Tìm chiều cao, thường qua tam giác vuông chứa nó. → Chiều cao hiếm khi được cho trực tiếp; nó nằm trong một tam giác vuông cần Pytago. | 4. Thay vào công thức, chú ý hệ số 1/3 của khối chóp và khối nón. → Quên 1/3 là lỗi cho ra đáp án gấp ba — và phương án gấp ba luôn có sẵn.",Tỉ số thể tích hai khối chóp chung đỉnh và đáy nằm trên cùng một mặt phẳng bằng đúng tỉ số diện tích hai đáy. Dùng được để bỏ hẳn bước tính chiều cao.,Nhầm đường sinh của hình nón với chiều cao. Chúng liên hệ bởi l² = h² + r².
Hình học phẳng & không gian,"Hình này có quan hệ gì với hình kia — bằng nhau, đồng dạng, hay chỉ chung một đại lượng?",geo.circle,Đường tròn — góc và tiếp tuyến,"Có đường tròn, dây cung, tiếp tuyến, hoặc tứ giác nội tiếp | Đề hỏi số đo góc, hoặc hỏi chứng minh một tứ giác nội tiếp được","Quy mọi góc về cung bị chắn. Góc ở tâm bằng số đo cung; góc nội tiếp bằng nửa cung; góc tạo bởi tiếp tuyến và dây cũng bằng nửa cung. Một khi đã quy về cung thì mọi góc so sánh được với nhau.","1. Đánh dấu tất cả các cung bị chắn trên hình. → Cung là đơn vị chung để so mọi loại góc. | 2. Phân loại từng góc: ở tâm, nội tiếp, hay tạo bởi tiếp tuyến và dây. → Mỗi loại có hệ số riêng với cung. | 3. Dùng tổng các cung bằng 360° để lập phương trình. → Đây thường là phương trình duy nhất cần thiết. | 4. Nếu có tứ giác nội tiếp: dùng ngay tổng hai góc đối bằng 180°. → Rút ngắn được rất nhiều so với đi qua cung.","Thấy tứ giác nội tiếp là nghĩ ngay ""hai góc đối bù nhau"". Thấy tiếp tuyến là nghĩ ngay ""vuông góc với bán kính tại tiếp điểm"". Hai phản xạ này giải được phần lớn câu về đường tròn.",Áp dụng góc nội tiếp cho góc có đỉnh không nằm trên đường tròn.
Hình học tọa độ,Điều kiện hình học này viết thành phương trình đại số nào?,coo.line,Viết phương trình đường thẳng,"Đề cho một điểm và một điều kiện về phương (song song, vuông góc, hệ số góc) | Hoặc cho hai điểm mà đường thẳng đi qua | Câu hỏi bắt đầu bằng ""Viết phương trình đường thẳng…""","Mọi đường thẳng chỉ cần hai thứ: một điểm nó đi qua và một vectơ chỉ phương (hoặc pháp tuyến). Đọc đề để nhặt đúng hai thứ đó rồi thay vào dạng chuẩn. Lý do phải nghĩ theo cặp ""điểm + phương"": nó biến mọi biến thể của đề về cùng một quy trình.","1. Nhặt điểm đi qua từ đề. → Không có điểm thì có vô số đường cùng phương. | 2. Nhặt phương: song song thì lấy cùng vectơ chỉ phương; vuông góc thì đổi vai trò và đổi dấu một thành phần. → Từ (a; b) sang vectơ vuông góc là (−b; a) — một phép biến đổi máy móc, không cần suy nghĩ. | 3. Thay vào phương trình tổng quát a(x − x₀) + b(y − y₀) = 0. → Dạng này dùng được cho cả đường thẳng đứng, khác với dạng y = kx + m. | 4. Rút gọn và kiểm tra bằng cách thay lại tọa độ điểm đã cho. → Phép thử 5 giây bắt được mọi lỗi dấu.","Đường thẳng qua hai điểm A, B: lấy vectơ AB làm chỉ phương. Đường thẳng vuông góc với ax + by + c = 0 có vectơ chỉ phương (a; b) — chính là pháp tuyến của đường ban đầu.",Dùng y = kx + m cho đường thẳng đứng x = 3. Dạng này không biểu diễn được đường thẳng đứng.
Hình học tọa độ,Điều kiện hình học này viết thành phương trình đại số nào?,coo.circle,Đường tròn và vị trí tương đối,"Phương trình có x² + y² với hệ số bằng nhau | Đề hỏi tâm, bán kính, hoặc đường thẳng cắt/tiếp xúc/không cắt đường tròn",Đưa về dạng chuẩn (x − a)² + (y − b)² = R² bằng cách hoàn thành bình phương. Mọi câu hỏi về vị trí tương đối đều quy về so sánh khoảng cách từ tâm tới đường thẳng với bán kính.,"1. Hoàn thành bình phương để tìm tâm I(a; b) và R. → Không có tâm và bán kính thì không so sánh được gì. | 2. Kiểm tra R² > 0. → Phương trình dạng đường tròn vẫn có thể vô nghiệm hoặc chỉ là một điểm — đề rất hay hỏi chỗ này. | 3. Tính d(I, Δ) bằng công thức khoảng cách từ điểm tới đường thẳng. → Đây là đại lượng duy nhất cần để kết luận. | 4. So sánh: d < R cắt tại hai điểm, d = R tiếp xúc, d > R không cắt. → Ba trường hợp bao trọn mọi khả năng.","Từ x² + y² − 2ax − 2by + c = 0, tâm là (a; b) — lấy nửa hệ số bậc nhất và ĐỔI DẤU — còn R = √(a² + b² − c). Nhớ dạng này thì không cần hoàn thành bình phương.",Quên đổi dấu khi đọc tâm từ dạng khai triển.
Hình học tọa độ,Điều kiện hình học này viết thành phương trình đại số nào?,coo.space,Hình học tọa độ trong không gian,"Có tọa độ ba thành phần (x; y; z) | Đề nói về mặt phẳng, đường thẳng trong không gian, hoặc mặt cầu","Tích có hướng là công cụ trung tâm: nó cho ngay một vectơ vuông góc với hai vectơ đã có. Phần lớn bài mặt phẳng đều là ""tìm pháp tuyến rồi thay vào"".","1. Chuyển mọi dữ kiện thành vectơ. → Hình học không gian bằng tọa độ là đại số vectơ, không phải hình học trực quan. | 2. Tìm pháp tuyến: nếu có hai vectơ nằm trong mặt phẳng thì lấy tích có hướng của chúng. → Tích có hướng luôn vuông góc với cả hai — đúng định nghĩa pháp tuyến. | 3. Viết phương trình mặt phẳng qua một điểm với pháp tuyến vừa tìm. → Điểm cộng pháp tuyến xác định duy nhất một mặt phẳng. | 4. Kiểm tra bằng cách thay tọa độ các điểm đã cho. → Mọi điểm thuộc mặt phẳng phải thỏa mãn phương trình.",Khoảng cách từ điểm tới mặt phẳng: |ax₀+by₀+cz₀+d| / √(a²+b²+c²). Đây là công thức được dùng nhiều nhất trong toàn bộ hình tọa độ không gian — thuộc lòng nó tiết kiệm rất nhiều thời gian.,"Quên chuẩn hóa mẫu số khi tính khoảng cách, hoặc quên dấu giá trị tuyệt đối ở tử."
"Đạo hàm, tích phân & khảo sát hàm số","Hàm số này tăng hay giảm ở đâu, và giá trị lớn nhất nhỏ nhất của nó nằm chỗ nào?",cal.mono,Xét tính đơn điệu và cực trị,"Đề hỏi khoảng đồng biến, nghịch biến, hoặc số điểm cực trị | Cho hàm số hoặc cho bảng biến thiên | Có tham số m và hỏi ""để hàm số đồng biến trên…""","Dấu của đạo hàm quyết định tất cả: y′ > 0 thì hàm tăng, y′ < 0 thì hàm giảm, và điểm cực trị là nơi y′ ĐỔI DẤU. Nhấn mạnh ""đổi dấu"": y′ = 0 chưa đủ để có cực trị.","1. Tính y′ và tìm tập xác định. → Tập xác định giới hạn phạm vi xét; bỏ qua nó cho ra khoảng đơn điệu sai. | 2. Giải y′ = 0 và tìm các điểm y′ không xác định. → Cả hai loại điểm này đều chia trục số thành các khoảng. | 3. Lập bảng xét dấu y′. → Bảng là cách duy nhất thấy được y′ có đổi dấu hay không. | 4. Đọc kết luận từ bảng, chú ý cực trị chỉ có tại nơi y′ đổi dấu. → y = x³ có y′(0) = 0 nhưng không có cực trị — đây là câu hỏi kinh điển.",Hàm bậc ba y = ax³ + bx² + cx + d có hai cực trị ⟺ y′ = 0 có hai nghiệm phân biệt ⟺ Δ_{y′} > 0. Không có cực trị ⟺ Δ_{y′} ≤ 0. Hai kết luận này trả lời trực tiếp rất nhiều câu về tham số.,"Kết luận có cực trị chỉ vì y′ = 0 có nghiệm, mà không kiểm tra y′ có đổi dấu qua nghiệm đó không."
"Đạo hàm, tích phân & khảo sát hàm số","Hàm số này tăng hay giảm ở đâu, và giá trị lớn nhất nhỏ nhất của nó nằm chỗ nào?",cal.extreme,Giá trị lớn nhất — nhỏ nhất trên đoạn,"Đề nói rõ ""trên đoạn [a; b]"" | Hỏi max, min, hoặc bài toán tối ưu thực tế (làm hộp, rào vườn, chi phí)","Trên một đoạn kín, giá trị lớn nhất và nhỏ nhất chỉ có thể nằm ở điểm tới hạn hoặc ở hai đầu mút. Vì vậy chỉ cần so sánh một danh sách hữu hạn giá trị — không cần vẽ đồ thị.","1. Tính y′ và giải y′ = 0, GIỮ LẠI chỉ các nghiệm thuộc [a; b]. → Nghiệm nằm ngoài đoạn không liên quan; giữ lại chúng là nguồn sai phổ biến. | 2. Tính giá trị hàm tại các nghiệm đó và tại a, b. → Đây là toàn bộ tập ứng viên. | 3. So sánh danh sách, chọn số lớn nhất và nhỏ nhất. → Không cần bảng biến thiên khi đoạn đã đóng. | 4. Với bài thực tế: kiểm tra nghiệm có nghĩa vật lý (độ dài dương, số lượng nguyên). → Nghiệm toán học đẹp vẫn có thể vô nghĩa trong bối cảnh đề.","Với bài tối ưu thực tế, hãy lập hàm theo MỘT biến trước khi đạo hàm; điều kiện ràng buộc luôn cho phép khử bớt một biến. Bỏ qua bước này là phải xử lý hai biến và bế tắc.",Quên tính giá trị tại hai đầu mút. Cực trị địa phương không nhất thiết là max/min trên đoạn.
"Đạo hàm, tích phân & khảo sát hàm số","Hàm số này tăng hay giảm ở đâu, và giá trị lớn nhất nhỏ nhất của nó nằm chỗ nào?",cal.integral,Tích phân và ứng dụng diện tích,Có ký hiệu tích phân kèm cận trên và cận dưới | Hỏi diện tích hình phẳng giới hạn bởi các đường | Hỏi thể tích khối tròn xoay,"Diện tích là tích phân của |hàm trên − hàm dưới|. Chữ ""trên − dưới"" quan trọng hơn công thức: phải xác định đường nào nằm trên trước khi lấy tích phân, nếu không sẽ ra diện tích âm.","1. Tìm cận bằng cách giải phương trình hoành độ giao điểm. → Cận chính là nơi hai đường gặp nhau. | 2. Xác định trên mỗi khoảng, đường nào nằm trên. → Nếu hai đường đổi vị trí giữa chừng thì phải tách thành nhiều tích phân. | 3. Lấy tích phân hiệu (trên − dưới) trên từng khoảng. → Đảm bảo mọi phần đều dương. | 4. Cộng lại và kiểm tra kết quả dương. → Diện tích âm là dấu hiệu đã đảo thứ tự trên/dưới.","Thay vì xét dấu, có thể lấy ∫|f − g|dx bằng cách tính từng đoạn rồi lấy trị tuyệt đối từng phần. Nhưng đừng lấy trị tuyệt đối của TỔNG — các phần dương và âm sẽ triệt tiêu nhau.","Lấy tích phân một mạch qua điểm giao khiến hai phần diện tích trừ nhau, cho kết quả nhỏ hơn thực tế."
Mũ & logarit,"Ẩn số đang nằm trên số mũ hay dưới dấu log, và làm sao kéo nó xuống?",exp.samebase,Đưa về cùng cơ số,"Hai vế đều là lũy thừa, và các cơ số là lũy thừa của cùng một số (2 và 4 và 8; 3 và 9 và 27) | Phương trình mũ đơn giản, không có tổng của hai lũy thừa","Viết mọi cơ số về cùng một cơ số gốc rồi đồng nhất số mũ. Lý do làm được: hàm mũ đơn điệu, nên aᵘ = aᵛ ⟺ u = v với a > 0, a ≠ 1 — một tương đương chứ không phải suy ra một chiều.","1. Phân tích mọi cơ số thành lũy thừa của một số nguyên tố. → 4 = 2², 8 = 2³ — sau bước này hai vế cùng cơ số. | 2. Dùng (aᵐ)ⁿ = aᵐⁿ để gom số mũ. → Đưa mỗi vế về đúng một lũy thừa. | 3. Cho hai số mũ bằng nhau. → Hàm mũ đơn ánh nên bước này là tương đương, không sinh nghiệm lạ. | 4. Giải phương trình còn lại theo x. → Thường chỉ còn bậc nhất hoặc bậc hai.","Nếu cơ số không cùng gốc (ví dụ 2 và 3), thử chia hai vế cho một lũy thừa để tạo ra (2/3)ˣ — đưa về một ẩn duy nhất.","Áp dụng aᵘ = aᵛ ⟹ u = v khi a = 1. Với a = 1 thì mọi số mũ đều cho kết quả 1, phương trình có vô số nghiệm."
Mũ & logarit,"Ẩn số đang nằm trên số mũ hay dưới dấu log, và làm sao kéo nó xuống?",exp.substitute,Đặt ẩn phụ,"Xuất hiện aˣ và a²ˣ (hoặc a²ˣ viết dưới dạng (aˣ)²) | Có 4ˣ và 2ˣ cùng lúc, hoặc 9ˣ và 3ˣ | Với logarit: có log²x và log x",Đặt t = aˣ (hoặc t = log x) để đưa phương trình về bậc hai theo t. Điều kiện t > 0 với ẩn phụ mũ là bắt buộc và là chỗ đề cài bẫy nhiều nhất.,"1. Nhận ra a²ˣ = (aˣ)² rồi đặt t = aˣ, kèm điều kiện t > 0. → Hàm mũ luôn dương — điều kiện này loại nghiệm âm ở bước cuối. | 2. Viết lại phương trình theo t. → Thường thành bậc hai quen thuộc. | 3. Giải, LOẠI nghiệm t ≤ 0. → Nghiệm âm của t không cho ra x nào cả; giữ lại là thừa nghiệm. | 4. Quay về x bằng cách giải aˣ = t. → Đề hỏi x chứ không hỏi t; dừng ở ẩn phụ là bỏ dở nửa bài và mất trọn điểm.","Với dạng có 6ˣ = 2ˣ·3ˣ, chia cả hai vế cho 4ˣ hoặc 9ˣ để tạo ra một ẩn phụ duy nhất (3/2)ˣ. Đây là mẹo mở khóa cả một nhóm câu khó.","Quên điều kiện t > 0 và nhận cả nghiệm âm, rồi báo hai nghiệm x trong khi thực tế chỉ có một."
Mũ & logarit,"Ẩn số đang nằm trên số mũ hay dưới dấu log, và làm sao kéo nó xuống?",exp.log,Phương trình và bất phương trình logarit,Có ký hiệu log hoặc ln chứa biến | Đề hỏi tập nghiệm hoặc số nghiệm nguyên,"Điều kiện xác định TRƯỚC, biến đổi SAU. Với bất phương trình logarit, chiều bất đẳng thức phụ thuộc cơ số: cơ số > 1 giữ nguyên chiều, cơ số trong (0; 1) ĐẢO chiều. Đây là quy tắc bị quên nhiều nhất trong toàn chuyên đề.","1. Đặt điều kiện: mọi biểu thức dưới log phải dương, cơ số dương và khác 1. → Tập xác định thu hẹp trước sẽ tự loại nghiệm ngoại lai. | 2. Gộp các log cùng cơ số bằng công thức tổng/hiệu. → Đưa về dạng log A = log B hoặc log A = số. | 3. Bỏ log, nhớ đảo chiều nếu cơ số nhỏ hơn 1 và đang xử lý bất phương trình. → Hàm log cơ số nhỏ hơn 1 là hàm nghịch biến. | 4. Giao nghiệm với điều kiện xác định. → Bước bắt buộc; bỏ qua là nguồn sai của gần như mọi câu logarit.","Đề hỏi ""số nghiệm nguyên"" thì sau khi ra khoảng nghiệm, đếm số nguyên trong khoảng đó — đừng liệt kê. Số nguyên trong (a; b) là ⌊b⌋ − ⌈a⌉ + 1 nếu hai đầu không nguyên.",Giữ nguyên chiều bất đẳng thức khi cơ số nằm giữa 0 và 1.
Tổ hợp & xác suất,"Thứ tự có quan trọng không, và các phần tử có được lặp lại không?",com.choose,Phân biệt chỉnh hợp và tổ hợp,"Đề hỏi ""có bao nhiêu cách"" | Có từ ""chọn ra"", ""lập thành"", ""xếp"" | Cho một tập hợp và một số lượng cần lấy","Hỏi đúng một câu: đổi chỗ hai phần tử đã chọn thì có ra kết quả khác không? Có → chỉnh hợp (thứ tự quan trọng). Không → tổ hợp. Đây là toàn bộ chuyên đề gói trong một câu hỏi, và trả lời sai câu này thì mọi tính toán sau đều vô nghĩa.","1. Đọc đề và tự hỏi: hoán đổi hai phần tử có tạo ra phương án khác không? → Đây là ranh giới duy nhất giữa hai công thức. | 2. Xác định có lặp hay không: một phần tử được chọn nhiều lần chứ? → Có lặp thì dùng quy tắc nhân, không dùng C hay A. | 3. Chọn công thức: Cₙᵏ nếu không thứ tự, Aₙᵏ nếu có thứ tự, nᵏ nếu có lặp và có thứ tự. → Ba trường hợp bao trọn phần lớn đề. | 4. Nếu đề có điều kiện ràng buộc: xử lý ràng buộc TRƯỚC rồi mới đếm phần còn lại. → Đếm trước rồi trừ dễ sót trường hợp hơn nhiều.","""Chọn ban cán sự gồm lớp trưởng và lớp phó"" là có thứ tự (hai vai trò khác nhau). ""Chọn 2 bạn đi thi"" là không thứ tự. Câu chữ của đề luôn tiết lộ điều này — hãy tìm xem các vị trí có phân biệt không.",Dùng tổ hợp cho bài xếp chỗ ngồi. Xếp chỗ luôn có thứ tự.
Tổ hợp & xác suất,"Thứ tự có quan trọng không, và các phần tử có được lặp lại không?",com.complement,Đếm phần bù,"Đề có từ ""ít nhất một"", ""không quá"", ""có ít nhất hai"" | Đếm trực tiếp phải chia rất nhiều trường hợp","Đếm cái ngược lại rồi lấy tổng trừ đi. Lý do: ""ít nhất một"" phải chia thành đúng một, đúng hai, đúng ba… trong khi phần bù của nó — ""không có cái nào"" — chỉ là một trường hợp duy nhất.","1. Nhận ra từ khóa ""ít nhất"". → Đây là tín hiệu gần như chắc chắn cho phần bù. | 2. Tính tổng số cách không ràng buộc. → Đây là mẫu số hoặc tổng thể để trừ. | 3. Tính số cách của biến cố đối (thường là ""không có cái nào""). → Chỉ một trường hợp, tính rất nhanh. | 4. Lấy tổng trừ đi số cách của biến cố đối. → Hiệu chính là số cách thỏa điều kiện ""ít nhất một"" mà không phải chia trường hợp.","""Ít nhất một"" gần như luôn nên dùng phần bù. Nếu bạn thấy mình đang chia hơn ba trường hợp, hãy dừng lại và thử phần bù.","Tính phần bù của ""ít nhất hai"" thành ""không có cái nào"" — thực ra phần bù là ""không có cái nào HOẶC đúng một cái""."
Tổ hợp & xác suất,"Thứ tự có quan trọng không, và các phần tử có được lặp lại không?",com.prob,Xác suất cổ điển,"Đề hỏi xác suất của một biến cố | Không gian mẫu hữu hạn và các kết quả đồng khả năng (rút thẻ, tung xúc xắc, chọn ngẫu nhiên)",Xác suất = số kết quả thuận lợi chia số kết quả có thể. Điều kiện sống còn: hai con số phải đếm theo CÙNG MỘT cách — cùng có thứ tự hoặc cùng không thứ tự. Trộn lẫn hai cách đếm là lỗi nghiêm trọng và rất khó phát hiện vì kết quả vẫn ra một số đẹp.,"1. Mô tả rõ không gian mẫu và đếm nó. → Đây là mẫu số; sai mẫu số thì mọi thứ sai. | 2. Đếm số kết quả thuận lợi theo ĐÚNG cách đã dùng cho mẫu số. → Nhất quán là điều kiện để phép chia có nghĩa. | 3. Rút gọn phân số. → Đáp án trắc nghiệm thường ở dạng tối giản. | 4. Kiểm tra kết quả nằm trong [0; 1]. → Một phép kiểm tra 2 giây bắt được lỗi đảo tử mẫu.","Với các biến cố độc lập, xác suất của ""cả hai cùng xảy ra"" là tích. Với biến cố xung khắc, xác suất ""một trong hai"" là tổng. Xác định đúng hai từ ""độc lập"" và ""xung khắc"" là xong nửa bài.",Đếm tử số có thứ tự trong khi mẫu số không thứ tự (hoặc ngược lại).
Thống kê & xử lý số liệu,"Bảng số liệu này nói gì mà mắt thường không thấy, và nó KHÔNG nói gì?",sta.center,Số đo xu thế trung tâm,"Đề cho một dãy số liệu hoặc bảng tần số | Hỏi trung bình, trung vị, mốt","Ba số đo trả lời ba câu hỏi khác nhau: trung bình là ""chia đều thì mỗi phần bao nhiêu"", trung vị là ""giá trị đứng giữa"", mốt là ""giá trị xuất hiện nhiều nhất"". Đề thường hỏi cái nào PHÙ HỢP hơn, và câu trả lời phụ thuộc vào việc dữ liệu có giá trị bất thường hay không.","1. Sắp xếp dữ liệu tăng dần. → Bắt buộc cho trung vị; và cũng để lộ ra giá trị bất thường. | 2. Trung bình = tổng chia số phần tử; với bảng tần số thì nhân giá trị với tần số trước. → Quên nhân tần số là lỗi số một khi đọc bảng. | 3. Trung vị: phần tử giữa nếu n lẻ, trung bình hai phần tử giữa nếu n chẵn. → Hai công thức khác nhau, đề hay cho n chẵn để bắt lỗi. | 4. So sánh trung bình với trung vị để nhận diện độ lệch. → Trung bình lớn hơn hẳn trung vị nghĩa là có vài giá trị rất lớn kéo lên.","Khi dữ liệu có một giá trị cực đoan (thu nhập của một người rất giàu trong nhóm), TRUNG VỊ mới là số đo đại diện đúng. Câu hỏi ""nên dùng số đo nào"" gần như luôn có đáp án là trung vị khi đề cố tình cài một giá trị lạc loài.",Tính trung vị mà quên sắp xếp dữ liệu trước.
Thống kê & xử lý số liệu,"Bảng số liệu này nói gì mà mắt thường không thấy, và nó KHÔNG nói gì?",sta.spread,Độ phân tán,"Đề hỏi phương sai, độ lệch chuẩn, khoảng biến thiên | So sánh hai nhóm có cùng trung bình","Trung bình cho biết nhóm nằm ở đâu; độ phân tán cho biết nhóm có đồng đều hay không. Hai nhóm cùng trung bình vẫn có thể khác nhau hoàn toàn — và đề thi thích khai thác đúng điểm này.",1. Tính trung bình trước. → Mọi số đo phân tán đều đo khoảng cách tới trung bình. | 2. Tính phương sai: trung bình của bình phương các độ lệch. → Bình phương để độ lệch âm và dương không triệt tiêu nhau. | 3. Độ lệch chuẩn là căn bậc hai của phương sai. → Đưa về cùng đơn vị với dữ liệu gốc để so sánh được. | 4. Kết luận: độ lệch chuẩn nhỏ hơn nghĩa là đồng đều hơn. → Đây là câu hỏi thực chất của mọi bài so sánh hai nhóm.,"Nếu chỉ cần SO SÁNH hai nhóm chứ không cần con số chính xác, hãy nhìn khoảng biến thiên (max − min) trước. Rất nhiều câu trắc nghiệm giải xong trong 10 giây bằng cách này.","Kết luận nhóm có trung bình cao hơn là ""tốt hơn"" mà không nhìn độ phân tán."
Thống kê & xử lý số liệu,"Bảng số liệu này nói gì mà mắt thường không thấy, và nó KHÔNG nói gì?",sta.read,Đọc biểu đồ và bảng,"Đề đính kèm biểu đồ cột, tròn, đường, hoặc bảng nhiều dòng | Câu hỏi bắt đầu bằng ""Theo biểu đồ trên…""","Đọc nhãn trục và đơn vị TRƯỚC khi nhìn hình dạng. Phần lớn bẫy của dạng này nằm ở đơn vị (nghìn hay triệu), ở trục tung không bắt đầu từ 0, hoặc ở việc nhầm tỉ trọng với giá trị tuyệt đối.","1. Đọc tiêu đề, nhãn hai trục và đơn vị. → Ba thứ này quyết định mọi con số bạn sẽ đọc ra. | 2. Kiểm tra trục tung có bắt đầu từ 0 không. → Trục cắt cụt làm chênh lệch nhỏ trông như chênh lệch lớn. | 3. Xác định câu hỏi đang hỏi giá trị tuyệt đối hay tỉ trọng. → Tỉ trọng giảm mà giá trị vẫn tăng là chuyện hoàn toàn bình thường. | 4. Đọc số liệu cần thiết, tính toán, đối chiếu với thứ tự độ lớn trên hình. → Kết quả phải khớp với cảm nhận thị giác; lệch hẳn là dấu hiệu đọc nhầm dòng.","Với biểu đồ tròn, 1% ứng với 3,6°. Với câu hỏi ""phần nào lớn hơn một phần tư"", chỉ cần so với góc vuông — không cần tính.","Kết luận ""ngành A suy giảm"" khi thấy tỉ trọng của nó giảm, trong khi giá trị tuyệt đối vẫn tăng."
Đọc hiểu văn bản,"Văn bản này nói gì, nói bằng cách nào, và chỗ nào là ý của tác giả chứ không phải ý của tôi?",rea.main,"Xác định ý chính, chủ đề","Câu hỏi có cụm ""ý chính"", ""chủ đề"", ""nội dung bao trùm"", ""nhan đề phù hợp nhất"" | Bốn phương án đều đúng với một phần văn bản","Ý chính phải phủ TOÀN BỘ văn bản, không chỉ một đoạn. Kỹ thuật: tóm mỗi đoạn thành một cụm từ, rồi tìm phương án chứa được tất cả các cụm ấy. Lý do phương án nhiễu khó loại: chúng đều đúng — nhưng đúng với một đoạn, không đúng với cả bài.","1. Đọc lướt, ghi bên lề mỗi đoạn một cụm 3–5 chữ. → Bộ khung này cho thấy mạch bài mà đọc kỹ từng câu không thấy được. | 2. Xác định đoạn nào là luận điểm, đoạn nào là dẫn chứng. → Ý chính nằm ở luận điểm; chọn nhầm dẫn chứng làm ý chính là bẫy phổ biến nhất. | 3. Loại phương án chỉ đúng với một đoạn. → Đúng nhưng hẹp vẫn là sai với câu hỏi này. | 4. Loại phương án rộng hơn văn bản. → Một nhan đề quá khái quát cũng không phải ý chính của bài này.","Câu chủ đề thường nằm ở đầu hoặc cuối đoạn, và ở đoạn đầu hoặc đoạn cuối bài. Với văn nghị luận Việt Nam, câu cuối bài rất hay là câu chốt ý — đọc nó trước khi chọn.",Chọn phương án nhắc lại một chi tiết ấn tượng trong bài. Ấn tượng không đồng nghĩa với bao trùm.
Đọc hiểu văn bản,"Văn bản này nói gì, nói bằng cách nào, và chỗ nào là ý của tác giả chứ không phải ý của tôi?",rea.infer,Suy luận từ văn bản,"Câu hỏi có ""có thể suy ra"", ""tác giả ngụ ý"", ""theo đoạn trích, điều nào sau đây đúng"" | Đáp án không xuất hiện nguyên văn trong bài","Suy luận hợp lệ là suy luận mà văn bản BẢO ĐẢM, không phải suy luận mà văn bản gợi ý. Thử nghiệm: nếu có thể tưởng tượng một tình huống trong đó văn bản vẫn đúng nhưng phương án lại sai, thì phương án đó không hợp lệ.","1. Tìm câu trong văn bản liên quan trực tiếp tới phương án. → Mọi suy luận hợp lệ đều có gốc ở một câu cụ thể. | 2. Hỏi: từ câu đó, phương án này có BẮT BUỘC đúng không? → Phân biệt ""bảo đảm"" với ""có vẻ hợp lý"". | 3. Loại phương án đi quá xa: thêm nguyên nhân, thêm mức độ, thêm phạm vi. → Đây là ba cách phổ biến nhất mà phương án nhiễu vượt quá văn bản. | 4. Chọn phương án gần văn bản nhất mà vẫn trả lời được câu hỏi. → Trong đọc hiểu, phương án dè dặt thường đúng hơn phương án mạnh mẽ.","Cảnh giác với các từ tuyệt đối trong phương án: ""tất cả"", ""duy nhất"", ""không bao giờ"", ""hoàn toàn"". Văn bản nghị luận hiếm khi bảo đảm được những khẳng định mạnh như vậy.","Dùng kiến thức nền của bản thân để chọn. Câu hỏi hỏi văn bản nói gì, không hỏi thực tế thế nào."
Đọc hiểu văn bản,"Văn bản này nói gì, nói bằng cách nào, và chỗ nào là ý của tác giả chứ không phải ý của tôi?",rea.attitude,Thái độ và giọng điệu của tác giả,"Câu hỏi có ""thái độ"", ""giọng điệu"", ""tình cảm của tác giả"" | Phương án là các tính từ: trân trọng, phê phán, hoài nghi, khách quan","Thái độ lộ ra ở TỪ NGỮ ĐÁNH GIÁ chứ không ở nội dung. Tìm các tính từ, trạng từ, và từ tình thái mà tác giả dùng — chúng là dấu vân tay của thái độ.","1. Gạch chân mọi từ mang sắc thái đánh giá trong bài. → Đây là bằng chứng duy nhất về thái độ. | 2. Xem chúng nghiêng về khen, chê, hay trung tính. → Đếm hướng nghiêng cho ra kết luận nhanh. | 3. Chú ý các từ nhượng bộ: ""tuy nhiên"", ""cũng có phần đúng"", ""nhưng"". → Chúng báo hiệu thái độ phức tạp, không phải khen thuần hay chê thuần. | 4. Chọn phương án khớp với sắc thái tổng thể, ưu tiên phương án có mức độ vừa phải. → Tác giả nghị luận hiếm khi cực đoan.","Nếu bài có cả khen và chê, đáp án thường là một thái độ pha: ""trân trọng nhưng vẫn băn khoăn"", ""đồng tình có chừng mực"". Phương án một chiều thường là bẫy.",Nhầm thái độ của tác giả với thái độ của nhân vật hoặc của người được trích dẫn trong bài.
"Tác giả, tác phẩm & giai đoạn văn học","Tác phẩm này thuộc thời nào, dùng thủ pháp gì, và điều đó thay đổi cách hiểu ra sao?",lit.context,Gắn tác phẩm với giai đoạn văn học,"Đề hỏi tác giả, thời kỳ, trào lưu | Trích một đoạn quen thuộc và hỏi nó thuộc tác phẩm nào","Nhận diện qua ba dấu: đề tài, giọng điệu, và ngôn ngữ. Văn học 1930–1945 nói về số phận con người trong xã hội cũ; văn học 1945–1975 nói về kháng chiến và tập thể; văn học sau 1975 quay lại với cá nhân và đời thường.","1. Đọc đoạn trích, nhận diện đề tài. → Đề tài là dấu hiệu mạnh nhất về giai đoạn. | 2. Nghe giọng: bi thương, hào hùng, hay trầm tư đời thường? → Mỗi giai đoạn có một âm sắc chủ đạo. | 3. Nhìn lớp từ: từ Hán Việt trang trọng, từ khẩu ngữ, hay từ hiện đại? → Ngôn ngữ phản ánh thời đại rất trung thực. | 4. Đối chiếu với các tác phẩm đã học trong cùng chùm dấu hiệu. → Đề HSA hỏi trong phạm vi chương trình phổ thông.","Học theo CỤM chứ đừng học rời: nhóm các tác phẩm cùng giai đoạn, cùng đề tài lại với nhau. Khi gặp một đoạn lạ, bạn định vị được nó vào cụm nào thay vì phải nhớ chính xác từng bài.",Nhớ nhầm tác giả giữa các tác phẩm cùng đề tài trong một giai đoạn.
"Tác giả, tác phẩm & giai đoạn văn học","Tác phẩm này thuộc thời nào, dùng thủ pháp gì, và điều đó thay đổi cách hiểu ra sao?",lit.device,Nhận diện và phân tích thủ pháp,"Câu hỏi có ""biện pháp nghệ thuật"", ""thủ pháp"", ""hình ảnh"", ""chi tiết nghệ thuật"" | Trích một câu thơ hoặc một chi tiết truyện","Gọi tên thủ pháp là bước một; nói được TÁC DỤNG mới là câu trả lời. Công thức ba phần: thủ pháp gì → làm nổi bật điều gì → gợi cảm xúc gì ở người đọc.","1. Gọi đúng tên thủ pháp. → Sai tên thì mọi phân tích sau đều lệch. | 2. Chỉ ra nó tác động lên đối tượng nào trong câu. → Thủ pháp luôn phục vụ một hình ảnh cụ thể. | 3. Nêu hiệu quả: cụ thể hóa, nhấn mạnh, tạo nhịp, hay gợi liên tưởng. → Đây mới là phần đề chấm điểm. | 4. Nối với chủ đề chung của tác phẩm. → Một thủ pháp hay luôn phục vụ tư tưởng của bài, không đứng riêng.","Bốn thủ pháp xuất hiện nhiều nhất trong đề: so sánh, ẩn dụ, nhân hóa, điệp. Nắm chắc cách phân biệt ẩn dụ với so sánh (so sánh có từ so sánh, ẩn dụ thì không) là đã xử lý được phần lớn câu.","Chỉ gọi tên mà không nêu tác dụng. Câu hỏi hầu như luôn hỏi ""nhằm mục đích gì""."
"Tác giả, tác phẩm & giai đoạn văn học","Tác phẩm này thuộc thời nào, dùng thủ pháp gì, và điều đó thay đổi cách hiểu ra sao?",lit.character,Phân tích nhân vật và chi tiết,"Đề hỏi về tính cách, số phận, hoặc ý nghĩa một chi tiết | Trích một đoạn miêu tả hoặc đối thoại","Tính cách nhân vật được bộc lộ qua bốn kênh: hành động, lời nói, suy nghĩ, và cách người khác nhìn họ. Đọc đoạn trích để xem kênh nào đang được dùng, rồi rút kết luận từ đúng kênh đó.","1. Xác định đoạn trích đang miêu tả qua kênh nào. → Mỗi kênh cho một loại thông tin khác nhau về nhân vật. | 2. Nhặt các chi tiết cụ thể, không kết luận vội. → Chi tiết là bằng chứng; thiếu nó thì nhận xét thành cảm tính. | 3. Rút ra nét tính cách và nói được nó thể hiện ở chi tiết nào. → Kết luận phải truy ngược được về bằng chứng. | 4. Đặt nhân vật vào bối cảnh xã hội của tác phẩm. → Số phận nhân vật trong văn học hiện thực luôn là số phận của một tầng lớp.",Một chi tiết được nhắc lại nhiều lần trong tác phẩm gần như chắc chắn là chi tiết nghệ thuật quan trọng. Sự lặp lại là cách nhà văn ra hiệu.,"Áp đạo đức hiện đại lên nhân vật của một thời đại khác, thay vì đọc họ trong bối cảnh của họ."
Ngữ pháp & lỗi sai trong câu,"Câu này sai ở chỗ nào, và sửa thế nào cho đúng mà vẫn giữ ý?",gra.structure,Câu thiếu thành phần,"Câu bắt đầu bằng ""Qua…"", ""Với…"", ""Bằng…"" rồi đi thẳng vào vị ngữ | Đọc lên thấy lửng, không biết ai làm gì","Tìm chủ ngữ và vị ngữ. Nếu phần đầu câu là một cụm giới từ chỉ phương tiện hay phạm vi, nó KHÔNG phải chủ ngữ — và câu đang thiếu chủ ngữ thật.","1. Đặt câu hỏi ""Ai?"" hoặc ""Cái gì?"" cho động từ chính. → Không trả lời được nghĩa là thiếu chủ ngữ. | 2. Kiểm tra phần đầu câu có phải cụm giới từ không. → ""Qua tác phẩm cho thấy…"" là lỗi kinh điển: cụm giới từ bị dùng làm chủ ngữ. | 3. Sửa bằng một trong hai cách: bỏ giới từ đầu câu, hoặc thêm chủ ngữ. → Cả hai đều hợp lệ; chọn cách giữ được ý gốc. | 4. Đọc lại to trong đầu. → Tai bắt lỗi cấu trúc nhanh hơn mắt.","""Qua… cho thấy…"" và ""Với… đã chứng minh…"" là hai khuôn sai gặp nhiều nhất trong đề. Nhìn thấy chúng là gần như chắc chắn tìm được đáp án.",Tưởng cụm danh từ sau giới từ là chủ ngữ.
Ngữ pháp & lỗi sai trong câu,"Câu này sai ở chỗ nào, và sửa thế nào cho đúng mà vẫn giữ ý?",gra.logic,Lỗi logic trong câu,"Câu có cặp quan hệ từ: vì… nên, tuy… nhưng, không những… mà còn | Có phép liệt kê các thành phần không cùng loại","Kiểm tra hai điều: cặp quan hệ từ có dùng đúng cặp không, và quan hệ ý nghĩa giữa hai vế có khớp với cặp từ đó không. ""Tuy… nhưng"" đòi hỏi hai vế TRÁI chiều; dùng nó cho hai vế cùng chiều là lỗi logic dù ngữ pháp vẫn trơn.","1. Nhận diện cặp quan hệ từ trong câu. → Chúng tuyên bố một quan hệ cụ thể giữa hai vế. | 2. Đọc quan hệ thực giữa hai vế: nhân quả, tương phản, hay tăng tiến? → So sánh với quan hệ mà cặp từ tuyên bố. | 3. Nếu là câu liệt kê: kiểm tra các thành phần có cùng cấp bậc khái niệm không. → ""Tôi thích hoa hồng, hoa cúc và các loài hoa"" là lỗi bao hàm chéo. | 4. Sửa bằng cách đổi quan hệ từ hoặc điều chỉnh vế cho khớp. → Giữ nguyên ý người viết, chỉ chỉnh cấu trúc.","Trong câu liệt kê, hãy kiểm tra xem có phần tử nào BAO HÀM phần tử khác không. Đó là lỗi logic phổ biến nhất và cũng dễ bị bỏ qua nhất.",Chỉ nhìn ngữ pháp mà bỏ qua quan hệ ý nghĩa. Một câu có thể đúng ngữ pháp mà sai logic.
Ngữ pháp & lỗi sai trong câu,"Câu này sai ở chỗ nào, và sửa thế nào cho đúng mà vẫn giữ ý?",gra.reference,Lỗi quy chiếu và dùng từ,"Có đại từ ""nó"", ""họ"", ""điều này"" mà không rõ chỉ ai | Có từ Hán Việt bị dùng thừa hoặc sai nghĩa","Mỗi đại từ phải có đúng một đối tượng để chỉ. Nếu trong câu có hai danh từ mà đại từ có thể chỉ cả hai, đó là lỗi quy chiếu mơ hồ — dù người đọc vẫn đoán được.","1. Với mỗi đại từ, tìm danh từ nó thay thế. → Không tìm được hoặc tìm được nhiều hơn một là có lỗi. | 2. Kiểm tra từ Hán Việt có bị lặp nghĩa với từ thuần Việt bên cạnh không. → ""Ngày sinh nhật"" hay ""cây cổ thụ"" là lỗi thừa nghĩa quen thuộc. | 3. Kiểm tra từ có đúng sắc thái với văn cảnh không. → Từ trang trọng trong văn cảnh suồng sã là lỗi phong cách. | 4. Sửa bằng cách thay đại từ bằng danh từ cụ thể. → Rõ ràng luôn ưu tiên hơn ngắn gọn.","Các lỗi thừa nghĩa hay gặp trong đề: ""ngày sinh nhật"", ""cây cổ thụ"", ""tái lập lại"", ""đường quốc lộ"", ""nữ nhà văn nữ"". Thuộc danh sách này là nhận ra ngay.",Bỏ qua lỗi quy chiếu vì vẫn hiểu được câu. Hiểu được không có nghĩa là đúng chuẩn.
Từ vựng & nghĩa của từ,"Từ này mang nghĩa gì trong CHÍNH câu này, và sắc thái của nó có hợp văn cảnh không?",voc.context,Nghĩa của từ trong ngữ cảnh,Đề gạch chân một từ trong câu và hỏi nghĩa | Từ đó là từ nhiều nghĩa quen thuộc,"Che từ đó đi, đọc lại câu, rồi tự điền một từ của mình vào chỗ trống. Từ bạn nghĩ ra chính là nghĩa cần tìm — sau đó chọn phương án gần nó nhất. Lý do hiệu quả: nó ngăn bạn chọn theo nghĩa gốc quen thuộc thay vì nghĩa đang dùng.","1. Che từ được hỏi, đọc lại cả câu. → Buộc não làm việc với văn cảnh chứ không với ký ức về từ. | 2. Tự nghĩ một từ thay thế phù hợp. → Đây là dự đoán độc lập, chưa bị bốn phương án dẫn dắt. | 3. So bốn phương án với từ mình vừa nghĩ. → Phương án nào gần nhất thường là đáp án. | 4. Thay phương án đã chọn vào câu và đọc lại. → Kiểm tra cuối: câu phải mượt và giữ nguyên ý.","Từ Hán Việt thường có nghĩa hẹp và trang trọng hơn từ thuần Việt tương đương. Khi phân vân giữa hai phương án gần nghĩa, hãy chọn theo sắc thái của văn cảnh chứ không theo định nghĩa từ điển.","Chọn nghĩa gốc, nghĩa thông dụng nhất của từ, trong khi câu đang dùng nghĩa chuyển."
Từ vựng & nghĩa của từ,"Từ này mang nghĩa gì trong CHÍNH câu này, và sắc thái của nó có hợp văn cảnh không?",voc.pair,"Đồng nghĩa, trái nghĩa, gần nghĩa",Đề hỏi từ đồng nghĩa hoặc trái nghĩa với một từ cho trước | Bốn phương án đều liên quan tới cùng một trường nghĩa,"Không có hai từ hoàn toàn đồng nghĩa. Phân biệt bằng ba trục: mức độ (nhỏ – bé – tí), sắc thái (chết – mất – hi sinh), và phạm vi dùng (ăn – xơi – dùng bữa).","1. Xác định trường nghĩa chung của cả bốn phương án. → Chúng luôn cùng trường; khác biệt nằm ở sắc thái. | 2. Đặt từng phương án vào câu gốc. → Đây là phép thử trực tiếp nhất. | 3. Loại phương án lệch sắc thái với văn cảnh. → Từ trang trọng trong câu suồng sã, hoặc ngược lại, đều sai. | 4. Với câu hỏi trái nghĩa, kiểm tra cặp có đối xứng không. → Trái nghĩa thật phải cùng trục: cao – thấp, không phải cao – nhỏ.",Bẫy phổ biến nhất của câu trái nghĩa là để lẫn một từ ĐỒNG nghĩa vào bốn phương án. Đọc kỹ đề xem đang hỏi đồng hay trái trước khi nhìn phương án.,"Nhầm gần nghĩa với đồng nghĩa. ""Buồn"" và ""chán"" gần nghĩa nhưng không thay thế nhau được ở mọi câu."
Từ vựng & nghĩa của từ,"Từ này mang nghĩa gì trong CHÍNH câu này, và sắc thái của nó có hợp văn cảnh không?",voc.idiom,"Thành ngữ, tục ngữ, từ láy",Đề trích một thành ngữ và hỏi nghĩa hoặc hỏi trường hợp dùng | Hỏi phân biệt từ láy với từ ghép,"Thành ngữ có nghĩa bóng không suy ra được từ nghĩa các từ thành phần. Với từ láy, kiểm tra hai tiếng có lặp âm đầu hoặc vần không, VÀ có ít nhất một tiếng không có nghĩa độc lập.","1. Với thành ngữ: nhớ nghĩa bóng, đừng ghép nghĩa đen. → ""Nước đổ lá khoai"" không nói về nước hay khoai. | 2. Xác định thành ngữ đó dùng để khen, chê, hay mô tả. → Phần lớn câu hỏi thực chất hỏi sắc thái. | 3. Với từ láy: kiểm tra lặp âm và kiểm tra nghĩa của từng tiếng. → ""Xinh xắn"" là láy; ""xinh đẹp"" là ghép vì cả hai tiếng đều có nghĩa. | 4. Đặt vào câu để xác nhận. → Phép thử cuối cùng luôn là văn cảnh.","Từ ghép: cả hai tiếng đều có nghĩa và bổ sung nghĩa cho nhau. Từ láy: ít nhất một tiếng mất nghĩa khi đứng riêng, và hai tiếng có quan hệ về âm. Đây là ranh giới rõ nhất.","Coi mọi cặp từ có âm giống nhau là từ láy. ""Học hành"", ""đất đai"" là từ ghép có quan hệ âm ngẫu nhiên."
Biện pháp tu từ & phong cách,Cách viết này tạo ra hiệu quả gì mà cách viết thường không tạo ra được?,rhe.identify,Gọi tên biện pháp tu từ,"Đề trích một câu văn, câu thơ và hỏi biện pháp | Câu trích có hình ảnh lạ hoặc cấu trúc lặp","Kiểm tra theo thứ tự bốn nhóm: có từ so sánh không (như, tựa, là) → so sánh; có gán vật thành người không → nhân hóa; có gọi vật này bằng tên vật kia không → ẩn dụ hoặc hoán dụ; có lặp không → điệp.","1. Tìm từ so sánh trước tiên. → Đây là dấu hiệu hiển ngôn duy nhất; có nó thì gần như chắc chắn là so sánh. | 2. Nếu không có, xét xem có sự thay thế tên gọi không. → Ẩn dụ và hoán dụ đều là thay tên, khác nhau ở quan hệ. | 3. Phân biệt ẩn dụ (quan hệ tương đồng) với hoán dụ (quan hệ gần gũi, bộ phận – toàn thể). → ""Thuyền"" chỉ người đi xa là ẩn dụ; ""áo nâu"" chỉ nông dân là hoán dụ. | 4. Kiểm tra có lặp từ, lặp cấu trúc, hay tăng tiến không. → Điệp và liệt kê thường đi cùng các biện pháp khác trong một câu.","Một câu có thể mang nhiều biện pháp cùng lúc. Nếu bốn phương án đều có vẻ đúng, hãy chọn biện pháp NỔI BẬT nhất — thường là biện pháp tạo ra hình ảnh trung tâm của câu.","Nhầm ẩn dụ với hoán dụ. Hỏi ""giống nhau ở điểm nào"" — trả lời được là ẩn dụ; không giống mà chỉ đi liền nhau là hoán dụ."
Biện pháp tu từ & phong cách,Cách viết này tạo ra hiệu quả gì mà cách viết thường không tạo ra được?,rhe.effect,Phân tích tác dụng,"Câu hỏi có ""nhằm mục đích gì"", ""tác dụng của biện pháp"", ""hiệu quả nghệ thuật"" | Đề đã nêu sẵn tên biện pháp và chỉ hỏi phần tác dụng | Bốn phương án đều là các cụm nhận xét, không phải tên biện pháp","Công thức ba tầng: cụ thể hóa cái trừu tượng → nhấn mạnh một phẩm chất → gợi cảm xúc ở người đọc. Hầu như mọi tác dụng của mọi biện pháp đều rơi vào một trong ba tầng này, và một câu trả lời tốt chạm được cả ba.","1. Nói biện pháp làm hình ảnh nào trở nên cụ thể, sinh động. → Đây là tác dụng trực tiếp, dễ thấy nhất. | 2. Nói nó nhấn mạnh phẩm chất gì của đối tượng. → Nhà văn chọn biện pháp để làm nổi một nét cụ thể. | 3. Nói cảm xúc mà nó gợi ra ở người đọc. → Phần này phân biệt bài viết hay với bài viết đúng. | 4. Nối với tư tưởng chung của đoạn. → Biện pháp phục vụ chủ đề, không tồn tại độc lập.",Điệp ngữ luôn có ít nhất hai tác dụng: tạo nhịp và nhấn mạnh. Nêu cả hai thì câu trả lời đầy đủ hơn hẳn.,"Trả lời chung chung ""làm câu văn hay hơn, sinh động hơn"" mà không chỉ ra hay ở chỗ nào, sinh động ra sao."
Biện pháp tu từ & phong cách,Cách viết này tạo ra hiệu quả gì mà cách viết thường không tạo ra được?,rhe.style,Phong cách ngôn ngữ và phương thức biểu đạt,"Đề hỏi văn bản thuộc phong cách nào, dùng phương thức biểu đạt gì | Trích một đoạn báo chí, khoa học, hành chính, hoặc nghệ thuật","Nhận diện qua mục đích của văn bản: thông tin sự kiện (báo chí), trình bày tri thức (khoa học), điều hành (hành chính), bộc lộ và gợi cảm (nghệ thuật), trao đổi hằng ngày (sinh hoạt), thuyết phục (chính luận).","1. Hỏi: văn bản này viết ra để làm gì? → Mục đích quyết định phong cách, không phải đề tài. | 2. Nhìn lớp từ: thuật ngữ, khuôn mẫu hành chính, hay từ giàu hình ảnh? → Ngôn ngữ là bằng chứng cụ thể nhất. | 3. Nhìn cấu trúc: có đề mục, số hiệu, hay chảy tự do? → Hành chính và khoa học có cấu trúc rất đặc trưng. | 4. Với phương thức biểu đạt, xác định hành động chính: kể, tả, biểu cảm, nghị luận, thuyết minh hay hành chính. → Một văn bản có thể pha nhiều phương thức; chọn cái chủ đạo.",Phong cách và phương thức là hai câu hỏi khác nhau. Một bài báo (phong cách báo chí) có thể dùng phương thức tự sự. Đọc kỹ đề hỏi cái nào.,Nhầm phong cách nghệ thuật với mọi văn bản có hình ảnh đẹp. Một bài báo hay vẫn là phong cách báo chí.
Suy luận ngôn ngữ & liên kết ý,"Kết luận này có THỰC SỰ theo sau các tiền đề không, hay chỉ nghe có vẻ hợp lý?",log.valid,Kiểm tra tính hợp lệ của suy luận,"Đề cho vài mệnh đề rồi hỏi kết luận nào rút ra được | Có cấu trúc ""Mọi A đều là B. C là A. Vậy…""","Tách rõ tiền đề và kết luận, rồi hỏi: có tình huống nào mà mọi tiền đề đều đúng NHƯNG kết luận sai không? Tìm được một tình huống như vậy là suy luận không hợp lệ. Đây là phép thử duy nhất cần thiết.","1. Đánh số các tiền đề, khoanh tròn kết luận. → Đề thường trộn chúng lẫn nhau để gây rối. | 2. Vẽ sơ đồ tập hợp cho các mệnh đề ""mọi"", ""một số"", ""không"". → Vòng tròn Venn biến logic trừu tượng thành hình ảnh kiểm tra được. | 3. Thử tìm phản ví dụ: một cách vẽ mà tiền đề đúng, kết luận sai. → Một phản ví dụ đủ để bác bỏ. | 4. Không tìm được phản ví dụ sau vài lần thử → suy luận hợp lệ. → Với đề trắc nghiệm, mức chắc chắn này là đủ.","""Một số A là B"" KHÔNG suy ra ""một số A không là B"". Và ""mọi A là B"" không suy ra ""mọi B là A"". Hai lỗi đảo ngược này chiếm phần lớn phương án nhiễu.","Đánh giá suy luận theo việc kết luận có đúng trong thực tế hay không. Logic hỏi kết luận có THEO SAU tiền đề không, độc lập với sự thật."
Suy luận ngôn ngữ & liên kết ý,"Kết luận này có THỰC SỰ theo sau các tiền đề không, hay chỉ nghe có vẻ hợp lý?",log.arrange,"Bài toán sắp xếp, xác định vị trí","Đề cho một nhóm người/vật và các điều kiện về vị trí, thứ tự | Hỏi ai ngồi đâu, ai đứng thứ mấy","Lập bảng và điền dần từ điều kiện CHẮC CHẮN nhất. Điều kiện dạng ""A ở vị trí thứ 3"" mạnh hơn ""A đứng cạnh B"" — bắt đầu từ cái mạnh sẽ thu hẹp không gian nhanh nhất.","1. Vẽ bảng hoặc dãy ô trống theo số vị trí. → Không có khung thì không giữ nổi các ràng buộc trong đầu. | 2. Xếp các điều kiện theo độ mạnh, làm cái mạnh trước. → Mỗi ô được cố định làm giảm mạnh số khả năng còn lại. | 3. Đánh dấu cả điều kiện phủ định (X không ngồi ô này). → Loại trừ cũng có sức mạnh ngang khẳng định. | 4. Khi bí, giả sử một khả năng rồi suy tiếp cho tới khi mâu thuẫn. → Mâu thuẫn chứng minh giả sử sai, và bạn còn đúng một khả năng.","Với câu hỏi trắc nghiệm dạng này, đôi khi thử thẳng bốn phương án nhanh hơn suy luận xuôi — mỗi phương án chỉ cần kiểm tra có vi phạm điều kiện nào không.","Bỏ sót một điều kiện. Trước khi chốt, hãy rà lại toàn bộ danh sách điều kiện một lượt."
Suy luận ngôn ngữ & liên kết ý,"Kết luận này có THỰC SỰ theo sau các tiền đề không, hay chỉ nghe có vẻ hợp lý?",log.number,Suy luận số học và quy luật dãy,Đề cho một dãy số hoặc hình và hỏi số/hình tiếp theo | Có bảng số cần điền ô trống,Thử theo thứ tự: hiệu liên tiếp → thương liên tiếp → hiệu của hiệu → quy luật xen kẽ hai dãy con. Bốn phép thử này bao trọn gần như mọi dãy trong đề thi.,"1. Tính dãy hiệu giữa các số liên tiếp. → Quy luật cộng lộ ra ngay ở bước này. | 2. Nếu hiệu không đều, tính hiệu của dãy hiệu. → Dãy bậc hai có hiệu cấp hai không đổi. | 3. Thử thương nếu các số tăng nhanh. → Tăng theo cấp số nhân thì hiệu vô nghĩa nhưng thương thì đều. | 4. Nếu vẫn không ra, tách dãy thành hai dãy con vị trí chẵn và lẻ. → Dãy xen kẽ là dạng khó phổ biến trong đề HSA.","Nếu dãy có cả số tăng và số giảm xen nhau, gần như chắc chắn đó là hai dãy con đan xen. Tách ngay thay vì tìm một quy luật chung.",Cố tìm một quy luật phức tạp trong khi dãy chỉ đơn giản là hai dãy con.
Cơ học,"Vật này chịu những lực nào, và tổng của chúng làm nó chuyển động ra sao?",phy.kinematic,Chuyển động thẳng biến đổi đều,"Đề cho gia tốc, hoặc cho vận tốc đầu và cuối cùng thời gian | Có cụm ""từ trạng thái nghỉ"", ""hãm phanh"", ""rơi tự do""","Liệt kê năm đại lượng v₀, v, a, t, s rồi tìm công thức chứa đúng bốn đại lượng bạn có. Lý do: bốn công thức động học mỗi cái thiếu một đại lượng, nên chọn đúng công thức là bỏ được hoàn toàn bước trung gian.","1. Viết ra năm đại lượng, đánh dấu cái nào đã biết, cái nào cần tìm. → Bức tranh này chỉ thẳng ra công thức phải dùng. | 2. Chọn chiều dương và giữ nhất quán suốt bài. → Gia tốc hãm phanh mang dấu âm — sai dấu là sai toàn bộ. | 3. Chọn công thức không chứa đại lượng bạn thiếu. → Tránh phải giải hệ hai phương trình. | 4. Thay số với đơn vị chuẩn SI rồi kiểm tra thứ nguyên. → km/h phải đổi ra m/s trước khi dùng với a tính bằng m/s².",Công thức v² − v₀² = 2as không chứa thời gian — dùng nó mỗi khi đề không cho và không hỏi t. Đây là công thức tiết kiệm thời gian nhất trong nhóm.,"Quên đổi km/h sang m/s. Chia cho 3,6 là phản xạ phải có."
Cơ học,"Vật này chịu những lực nào, và tổng của chúng làm nó chuyển động ra sao?",phy.newton,Định luật Newton và lực,"Có nhiều lực tác dụng: kéo, ma sát, trọng lực, phản lực | Vật trên mặt phẳng nghiêng hoặc hệ hai vật nối bằng dây","Vẽ hình biểu diễn lực cho TỪNG vật riêng, chọn hệ trục, chiếu lên hai trục rồi viết ΣF = ma cho mỗi trục. Với hệ nhiều vật, mỗi vật một phương trình và lực căng dây là ẩn chung.","1. Vẽ riêng từng vật với đầy đủ lực tác dụng lên nó. → Trộn lực của hai vật vào một hình là nguồn sai lớn nhất. | 2. Chọn trục Ox theo hướng chuyển động. → Làm cho gia tốc chỉ có một thành phần, đơn giản hóa phương trình. | 3. Chiếu mọi lực lên hai trục, viết ΣF = ma cho từng trục. → Trục vuông góc với chuyển động cho phương trình về phản lực N. | 4. Giải hệ, chú ý lực ma sát F = μN với N lấy từ phương trình trục vuông góc. → N không phải lúc nào cũng bằng P — trên mặt nghiêng thì N = P·cos α.","Trên mặt phẳng nghiêng góc α: thành phần trọng lực dọc mặt là P·sin α, vuông góc mặt là P·cos α. Nhớ ""sin đi cùng chuyển động"" là không bao giờ lẫn.","Lấy N = P trên mặt phẳng nghiêng. N = P·cos α, nhỏ hơn P."
Cơ học,"Vật này chịu những lực nào, và tổng của chúng làm nó chuyển động ra sao?",phy.energy,"Công, năng lượng, bảo toàn","Đề hỏi vận tốc tại một vị trí mà không hỏi thời gian | Có độ cao, lò xo, hoặc cụm ""bỏ qua ma sát""","Dùng bảo toàn cơ năng thay vì động lực học. Lý do: bảo toàn năng lượng chỉ quan tâm trạng thái đầu và cuối, bỏ qua toàn bộ quá trình ở giữa — nên nó ngắn hơn nhiều khi đường đi phức tạp.","1. Chọn mốc thế năng, thường ở vị trí thấp nhất. → Mốc tự do chọn; chọn khéo thì một số hạng bằng 0. | 2. Viết cơ năng tại trạng thái đầu và trạng thái cuối. → Chỉ cần hai trạng thái, không cần quá trình. | 3. Cho hai cơ năng bằng nhau nếu bỏ qua ma sát. → Đó chính là nội dung định luật bảo toàn. | 4. Nếu có ma sát: hiệu cơ năng bằng công của lực ma sát. → Năng lượng không mất đi, nó chuyển thành nhiệt.",Đề hỏi vận tốc mà không nhắc tới thời gian là dấu hiệu gần như chắc chắn phải dùng năng lượng chứ không dùng động lực học.,Dùng bảo toàn cơ năng khi đề có ma sát mà không nói bỏ qua.
Dao động & sóng,"Dao động này có chu kỳ bao nhiêu, và ở li độ đó thì năng lượng phân bố thế nào?",osc.period,Chu kỳ và tần số,"Có con lắc lò xo hoặc con lắc đơn | Đề hỏi chu kỳ, tần số, hoặc hỏi chu kỳ thay đổi ra sao khi đổi khối lượng, chiều dài","Hai công thức gốc: con lắc lò xo T = 2π√(m/k), con lắc đơn T = 2π√(l/g). Điều quan trọng hơn công thức là biết đại lượng nào KHÔNG ảnh hưởng: chu kỳ con lắc lò xo không phụ thuộc biên độ, chu kỳ con lắc đơn không phụ thuộc khối lượng.","1. Xác định loại con lắc. → Hai công thức khác nhau hoàn toàn về đại lượng tham gia. | 2. Liệt kê đại lượng đề cho và đại lượng đề hỏi. → Nhiều câu hỏi chỉ về tỉ lệ, không cần tính số cụ thể. | 3. Với câu hỏi tỉ lệ: lập tỉ số hai chu kỳ để triệt tiêu hằng số. → Ngắn hơn nhiều so với tính từng chu kỳ. | 4. Chú ý căn bậc hai: tăng chiều dài gấp 4 thì chu kỳ chỉ gấp 2. → Quan hệ căn là chỗ đề cài bẫy.","Chu kỳ tỉ lệ với căn bậc hai. Muốn chu kỳ gấp đôi phải tăng khối lượng (hoặc chiều dài) gấp bốn. Phương án ""gấp đôi"" luôn có mặt và luôn sai.","Cho rằng biên độ ảnh hưởng chu kỳ. Với dao động điều hòa, nó không ảnh hưởng."
Dao động & sóng,"Dao động này có chu kỳ bao nhiêu, và ở li độ đó thì năng lượng phân bố thế nào?",osc.energy,Năng lượng trong dao động,"Đề hỏi động năng, thế năng tại một li độ | Có cụm ""tại vị trí có li độ bằng nửa biên độ""","Cơ năng W = ½kA² không đổi. Tại li độ x, thế năng W_t = ½kx², động năng là phần còn lại. Mọi câu hỏi loại này chỉ là phép trừ, không cần công thức riêng.","1. Viết cơ năng toàn phần theo biên độ. → Đây là hằng số của bài toán. | 2. Viết thế năng tại li độ đang xét. → Thế năng tỉ lệ với bình phương li độ. | 3. Động năng bằng cơ năng trừ thế năng. → Bảo toàn năng lượng, không cần công thức mới. | 4. Lập tỉ số nếu đề hỏi tỉ lệ. → Triệt tiêu k và A, còn lại quan hệ thuần giữa x và A.","Tại x = A/2, thế năng bằng 1/4 cơ năng và động năng bằng 3/4. Tại x = A/√2, hai loại năng lượng bằng nhau. Hai mốc này xuất hiện rất nhiều trong đề.","Cho rằng tại x = A/2 thì động năng bằng nửa cơ năng. Quan hệ là bình phương, không phải tuyến tính."
Dao động & sóng,"Dao động này có chu kỳ bao nhiêu, và ở li độ đó thì năng lượng phân bố thế nào?",osc.wave,Sóng cơ và giao thoa,"Đề nói về bước sóng, tốc độ truyền sóng, hai nguồn kết hợp | Hỏi số điểm cực đại, cực tiểu","Mọi bài sóng quy về hiệu đường đi. Cực đại khi hiệu đường đi bằng số nguyên lần bước sóng; cực tiểu khi bằng số bán nguyên lần. Đây là toàn bộ lý thuyết giao thoa gói trong một câu.","1. Tính bước sóng λ = v/f. → Mọi điều kiện giao thoa đều biểu diễn qua λ. | 2. Viết hiệu đường đi d₂ − d₁ tại điểm đang xét. → Đây là đại lượng quyết định điểm đó dao động mạnh hay yếu. | 3. Áp điều kiện: cực đại d₂ − d₁ = kλ; cực tiểu = (k + 0,5)λ. → Hai công thức này bao trọn mọi câu hỏi giao thoa. | 4. Với câu đếm số điểm: giới hạn k bằng độ dài đoạn cần xét. → Số điểm là số giá trị nguyên k thỏa mãn bất phương trình.","Số cực đại trên đoạn nối hai nguồn cách nhau L là số giá trị nguyên k thỏa −L/λ < k < L/λ. Đếm số nguyên trong khoảng là xong, không cần vẽ hình.",Nhầm hai nguồn cùng pha với ngược pha — điều kiện cực đại và cực tiểu đổi chỗ cho nhau.
Điện & từ,"Dòng điện đi theo đường nào, và ở mỗi đoạn thì hiệu điện thế rơi bao nhiêu?",ele.circuit,Mạch điện một chiều,"Có sơ đồ mạch với các điện trở nối tiếp hoặc song song | Đề hỏi cường độ dòng điện, hiệu điện thế, công suất","Rút gọn mạch về một điện trở tương đương, tính dòng chính, rồi đi ngược trở lại phân phối dòng và hiệu điện thế cho từng nhánh. Nối tiếp thì dòng chung, song song thì hiệu điện thế chung — hai câu này quyết định mọi bước.","1. Nhận diện các cụm nối tiếp và song song. → Rút gọn sai cấu trúc thì mọi số sau đều sai. | 2. Tính điện trở tương đương từ trong ra ngoài. → Cụm sâu nhất phải gộp trước. | 3. Tính dòng chính bằng định luật Ohm cho toàn mạch. → Đây là điểm xuất phát để phân phối ngược. | 4. Đi ngược lại: nối tiếp giữ nguyên dòng, song song giữ nguyên hiệu điện thế. → Hai quy tắc này đủ để tìm mọi đại lượng còn lại.","Hai điện trở song song: R = R₁R₂/(R₁+R₂), luôn NHỎ HƠN cả hai. Kiểm tra nhanh này bắt được lỗi nhầm nối tiếp với song song ngay lập tức.",Cộng điện trở song song như nối tiếp. Kết quả lớn hơn cả hai là dấu hiệu sai chắc chắn.
Điện & từ,"Dòng điện đi theo đường nào, và ở mỗi đoạn thì hiệu điện thế rơi bao nhiêu?",ele.power,Công suất và điện năng tiêu thụ,"Đề hỏi công suất, nhiệt lượng tỏa ra, hoặc tiền điện | Có thiết bị ghi 220V — 1000W","Ba dạng của cùng một công thức: P = UI = I²R = U²/R. Chọn dạng chứa hai đại lượng bạn đã biết. Với bài nhiệt lượng, nhớ Q = Pt và đổi giờ ra giây.","1. Xác định hai đại lượng đã biết trong ba đại lượng U, I, R. → Chúng chỉ thẳng ra công thức nào dùng được. | 2. Chọn dạng công thức tương ứng. → Tránh phải tính thêm một đại lượng trung gian. | 3. Với điện năng: A = Pt, đổi kWh nếu đề hỏi tiền điện. → 1 kWh = 1000W trong 1 giờ; đơn vị này là của hóa đơn, không phải của SI. | 4. Kiểm tra thiết bị có hoạt động đúng hiệu điện thế định mức không. → Nếu không, công suất thực khác công suất ghi trên nhãn.","Số ghi trên thiết bị là công suất ĐỊNH MỨC, chỉ đạt khi dùng đúng hiệu điện thế định mức. Đề rất hay cho bóng 220V mắc vào nguồn 110V rồi hỏi công suất thực.",Lấy thẳng công suất ghi trên nhãn khi hiệu điện thế thực khác định mức.
Điện & từ,"Dòng điện đi theo đường nào, và ở mỗi đoạn thì hiệu điện thế rơi bao nhiêu?",ele.magnetic,Từ trường và cảm ứng điện từ,"Có nam châm, khung dây, hoặc dây dẫn mang dòng điện | Đề hỏi chiều dòng điện cảm ứng hoặc lực từ","Định luật Lenz: dòng cảm ứng luôn chống lại nguyên nhân sinh ra nó. Xác định từ thông đang tăng hay giảm, rồi suy ra chiều dòng cảm ứng theo hướng chống lại sự thay đổi đó.","1. Xác định chiều từ trường ban đầu qua khung. → Đây là mốc để nói tăng hay giảm. | 2. Xác định từ thông đang tăng hay giảm. → Chỉ sự THAY ĐỔI mới sinh ra dòng cảm ứng. | 3. Áp định luật Lenz: nếu từ thông tăng, dòng cảm ứng sinh từ trường ngược lại và ngược lại. → Đây là toàn bộ nội dung định luật. | 4. Dùng quy tắc nắm tay phải để chuyển từ chiều từ trường sang chiều dòng điện. → Chiều từ trường đã biết, nhưng đề hỏi chiều dòng điện — quy tắc này là cầu nối máy móc giữa hai thứ đó.","Định luật Lenz chỉ là bảo toàn năng lượng: nếu dòng cảm ứng hỗ trợ thay đổi thay vì chống lại, ta sẽ có chuyển động vĩnh cửu. Hiểu vậy thì không bao giờ nhớ nhầm chiều.","Nghĩ rằng từ trường mạnh sinh ra dòng cảm ứng. Từ trường KHÔNG ĐỔI, dù mạnh đến đâu, cũng không sinh dòng."
Lượng tử & hạt nhân,Hiện tượng này giải thích được bằng sóng hay bắt buộc phải dùng hạt?,mod.photon,Lượng tử ánh sáng và hiện tượng quang điện,"Đề nói về photon, công thoát, giới hạn quang điện | Chiếu ánh sáng vào kim loại","Năng lượng photon ε = hf = hc/λ. Hiện tượng quang điện xảy ra khi và chỉ khi ε ≥ A (công thoát), tức λ ≤ λ₀. Cường độ sáng KHÔNG quyết định có xảy ra hay không — nó chỉ quyết định số electron bật ra.","1. Tính năng lượng photon từ bước sóng. → Đây là đại lượng quyết định duy nhất. | 2. So sánh với công thoát của kim loại. → Nhỏ hơn thì không có hiện tượng, dù chiếu mạnh đến đâu. | 3. Nếu có hiện tượng: động năng cực đại = ε − A. → Phần năng lượng dư sau khi thắng lực liên kết. | 4. Đổi eV sang J nếu cần (1 eV = 1,6·10⁻¹⁹ J). → Công thoát thường cho bằng eV, còn công thức dùng J.","Tăng cường độ sáng làm tăng SỐ electron bật ra nhưng không đổi động năng cực đại. Tăng tần số mới làm tăng động năng. Đây là điểm mấu chốt phân biệt thuyết sóng với thuyết hạt, và đề hỏi rất nhiều.",Cho rằng chiếu đủ lâu hoặc đủ mạnh thì kim loại nào cũng bật electron.
Lượng tử & hạt nhân,Hiện tượng này giải thích được bằng sóng hay bắt buộc phải dùng hạt?,mod.atom,Mẫu nguyên tử Bo và quang phổ,"Đề nói về mức năng lượng, quỹ đạo dừng, vạch quang phổ | Hỏi bước sóng của bức xạ phát ra","Nguyên tử chỉ tồn tại ở các mức năng lượng rời rạc. Khi chuyển từ mức cao xuống mức thấp, nó phát ra một photon có năng lượng đúng bằng hiệu hai mức: hf = E_cao − E_thấp.","1. Xác định mức đầu và mức cuối của bước chuyển. → Hiệu của chúng là toàn bộ năng lượng photon. | 2. Tính hiệu năng lượng. → Chú ý dấu: phát xạ khi chuyển xuống, hấp thụ khi chuyển lên. | 3. Đổi sang bước sóng bằng λ = hc/ΔE. → Đề thường hỏi bước sóng chứ không hỏi năng lượng. | 4. Kiểm tra bước sóng nằm trong vùng nào của quang phổ. → Nhiều câu hỏi thực chất hỏi vạch đó nhìn thấy được hay không.",Số vạch tối đa khi nguyên tử từ mức n về mức cơ bản là n(n−1)/2 — chính là số cặp mức. Công thức tổ hợp này trả lời trực tiếp một dạng câu quen thuộc.,"Nhầm chiều: chuyển lên mức cao là HẤP THỤ photon, chuyển xuống mới là phát xạ."
Lượng tử & hạt nhân,Hiện tượng này giải thích được bằng sóng hay bắt buộc phải dùng hạt?,mod.nuclear,Hạt nhân và phóng xạ,"Có ký hiệu hạt nhân dạng ᴬZX | Đề nói về chu kỳ bán rã, phản ứng hạt nhân, năng lượng liên kết","Mọi phản ứng hạt nhân bảo toàn số khối A và số proton Z. Với phóng xạ, số hạt còn lại N = N₀·2^(−t/T) — một cấp số nhân với công bội 1/2 mỗi chu kỳ bán rã.",1. Với phản ứng: cân bằng tổng A và tổng Z ở hai vế. → Hai định luật bảo toàn này xác định hạt còn thiếu. | 2. Với phóng xạ: đếm số chu kỳ bán rã đã trôi qua. → Mỗi chu kỳ chia đôi một lần — đếm rồi chia là xong. | 3. Với năng lượng: tính độ hụt khối rồi nhân c². → Năng lượng liên kết đến từ phần khối lượng bị hụt. | 4. Chú ý năng lượng liên kết RIÊNG là chia cho số nuclon. → Đại lượng này mới dùng để so sánh độ bền giữa các hạt nhân.,"Sau n chu kỳ bán rã còn 1/2ⁿ. Sau 1 chu kỳ còn 50%, sau 2 còn 25%, sau 3 còn 12,5%. Thuộc ba mốc này thì phần lớn câu phóng xạ giải trong đầu.",Nhầm năng lượng liên kết với năng lượng liên kết riêng khi so sánh độ bền vững của hạt nhân.
Hóa đại cương,"Có bao nhiêu mol chất tham gia, và tỉ lệ phản ứng nói gì về chất nào hết trước?",che.mole,Tính theo phương trình hóa học,"Đề cho khối lượng hoặc thể tích chất tham gia, hỏi sản phẩm | Có phương trình phản ứng hoặc yêu cầu viết phương trình",Mol là đơn vị duy nhất nói chuyện được với phương trình hóa học. Quy trình bất biến: đổi mọi thứ ra mol → dùng tỉ lệ hệ số → đổi ngược ra đại lượng đề hỏi. Không bao giờ tính trực tiếp trên khối lượng.,"1. Viết và cân bằng phương trình. → Hệ số cân bằng chính là tỉ lệ mol; sai cân bằng thì sai mọi thứ. | 2. Đổi dữ kiện ra mol: n = m/M hoặc n = V/22,4 (khí ở đktc) hoặc n = C·V (dung dịch). → Ba công thức này bao trọn mọi cách đề cho dữ kiện. | 3. So sánh tỉ lệ mol thực với tỉ lệ hệ số để tìm chất hết trước. → Chất hết trước quyết định lượng sản phẩm; đây là bước bị bỏ qua nhiều nhất. | 4. Tính mol sản phẩm theo chất hết trước, rồi đổi ra đại lượng đề hỏi. → Chất dư không tham gia quyết định gì.","Tìm chất hết trước: chia số mol mỗi chất cho hệ số của nó trong phương trình; thương nhỏ nhất là chất hết trước. Quy tắc này nhanh và không bao giờ sai.",Cho rằng cả hai chất đều phản ứng hết. Đề cố tình cho dư một chất để kiểm tra bước này.
Hóa đại cương,"Có bao nhiêu mol chất tham gia, và tỉ lệ phản ứng nói gì về chất nào hết trước?",che.solution,Dung dịch và nồng độ,"Đề cho nồng độ mol, nồng độ phần trăm, hoặc khối lượng riêng | Có pha loãng, trộn dung dịch","Bám vào số mol chất tan — đại lượng duy nhất không đổi khi pha loãng. Nồng độ và thể tích đều đổi, nhưng tích của chúng thì giữ nguyên.","1. Tính số mol chất tan ban đầu. → Đây là chiếc neo của cả bài. | 2. Với pha loãng: dùng C₁V₁ = C₂V₂. → Chính là phát biểu ""số mol không đổi"". | 3. Với trộn: cộng số mol và cộng thể tích, rồi chia. → Nồng độ không cộng được, chỉ mol và thể tích cộng được. | 4. Chú ý chuyển đổi giữa C% và C_M cần khối lượng riêng. → Hai loại nồng độ có mẫu số khác nhau: khối lượng và thể tích.",C_M = 10·D·C% / M. Thuộc công thức chuyển đổi này thì không phải đi vòng qua khối lượng dung dịch mỗi lần.,"Cộng nồng độ khi trộn hai dung dịch. Nồng độ là tỉ số, không cộng được."
Hóa đại cương,"Có bao nhiêu mol chất tham gia, và tỉ lệ phản ứng nói gì về chất nào hết trước?",che.balance,Cân bằng phản ứng oxi hóa khử,"Có sự thay đổi số oxi hóa | Phản ứng có kim loại với axit mạnh, hoặc có KMnO₄, K₂Cr₂O₇",Phương pháp thăng bằng electron: chất khử nhường bao nhiêu electron thì chất oxi hóa nhận đúng bấy nhiêu. Toàn bộ việc cân bằng quy về một phép tìm bội chung.,"1. Xác định số oxi hóa của mọi nguyên tố trước và sau phản ứng. → Chỉ nguyên tố đổi số oxi hóa mới tham gia quá trình cho nhận electron. | 2. Viết hai quá trình: cho electron và nhận electron. → Tách riêng làm rõ số electron mỗi bên. | 3. Nhân hệ số để số electron cho bằng số electron nhận. → Đây là nội dung của định luật bảo toàn electron. | 4. Đưa hệ số vào phương trình, cân bằng nốt các nguyên tố còn lại và kiểm tra điện tích. → Kiểm tra cuối bắt được lỗi sót.",Bảo toàn electron cho phép bỏ qua hoàn toàn việc viết phương trình khi bài chỉ hỏi số mol: tổng electron nhường = tổng electron nhận. Đây là mẹo mạnh nhất của chuyên đề.,"Quên cân bằng điện tích trong phản ứng ion, chỉ cân bằng nguyên tố."
Hóa vô cơ,"Chất này thuộc nhóm nào, và nhóm đó phản ứng với những gì?",ino.metal,Kim loại tác dụng với axit và muối,"Có kim loại và dung dịch axit hoặc dung dịch muối | Đề hỏi khí thoát ra, khối lượng chất rắn sau phản ứng","Dãy hoạt động hóa học quyết định tất cả: kim loại đứng trước đẩy được kim loại đứng sau ra khỏi muối; kim loại trước H đẩy được H₂ ra khỏi axit loãng. Thuộc dãy là giải được phần lớn câu.","1. Định vị các kim loại trên dãy hoạt động. → Vị trí tương đối quyết định phản ứng có xảy ra không. | 2. Với axit loãng: chỉ kim loại trước H mới cho H₂. → Cu, Ag đứng sau H nên không tan trong HCl loãng. | 3. Với HNO₃ hoặc H₂SO₄ đặc: sản phẩm khí khác và hầu hết kim loại đều tan. → Đây là phản ứng oxi hóa khử bởi gốc axit, không phải bởi H⁺. | 4. Với muối: kim loại mạnh hơn đẩy kim loại yếu hơn, khối lượng chất rắn thay đổi theo hiệu khối lượng mol. → Bài toán ""tăng giảm khối lượng"" xây trên đúng nguyên tắc này.",Bài toán tăng giảm khối lượng: chênh lệch khối lượng thanh kim loại chia cho hiệu khối lượng mol của hai kim loại chính là số mol phản ứng. Một dòng thay cho cả hệ phương trình.,Cho rằng Cu không tan trong mọi axit. Cu tan trong HNO₃ và H₂SO₄ đặc nóng.
Hóa vô cơ,"Chất này thuộc nhóm nào, và nhóm đó phản ứng với những gì?",ino.oxide,"Oxit, axit, bazơ, muối — phản ứng trao đổi",Đề cho hai dung dịch và hỏi có phản ứng không | Có kết tủa hoặc khí bay ra,"Phản ứng trao đổi chỉ xảy ra khi tạo ra ít nhất một trong ba thứ: kết tủa, chất khí, hoặc chất điện li yếu (nước). Không có một trong ba thì không có phản ứng, dù trộn bao lâu.","1. Viết các ion có trong hai dung dịch. → Phản ứng thực chất xảy ra giữa các ion, không giữa các phân tử. | 2. Ghép chéo các ion để tìm sản phẩm khả dĩ. → Bốn ion cho hai cặp ghép mới. | 3. Kiểm tra sản phẩm có kết tủa, khí, hay nước không. → Đây là điều kiện duy nhất để phản ứng xảy ra. | 4. Viết phương trình ion rút gọn nếu đề yêu cầu. → Chỉ giữ các ion thực sự tham gia.","Bảng tính tan chỉ cần nhớ vài quy tắc: muối nitrat và muối kali, natri, amoni luôn tan; muối clorua tan trừ AgCl và PbCl₂; muối sunfat tan trừ BaSO₄, PbSO₄, CaSO₄ ít tan.",Viết phản ứng trao đổi mà không kiểm tra sản phẩm có kết tủa hay khí. Nhiều cặp dung dịch trộn vào nhau không xảy ra gì cả.
Hóa vô cơ,"Chất này thuộc nhóm nào, và nhóm đó phản ứng với những gì?",ino.identify,Nhận biết và tách chất,Đề cho vài dung dịch mất nhãn và yêu cầu nhận biết | Hỏi thuốc thử phân biệt,"Tìm một thuốc thử cho hiện tượng KHÁC NHAU với từng chất. Chiến lược: dùng một thuốc thử chia nhóm lớn trước, rồi thuốc thử thứ hai phân biệt trong nhóm.","1. Liệt kê đặc điểm riêng của từng chất. → Tìm ra chất nào có dấu hiệu độc nhất để nhận trước. | 2. Chọn thuốc thử chia được tập hợp thành các nhóm nhỏ. → Chia đôi hiệu quả hơn thử từng cái. | 3. Mô tả rõ hiện tượng: kết tủa màu gì, khí mùi gì, có tan lại không. → Đề chấm hiện tượng chứ không chấm tên thuốc thử. | 4. Dùng chính chất đã nhận được làm thuốc thử cho các chất còn lại nếu có thể. → Nhiều đề yêu cầu không dùng thuốc thử ngoài.","Ghi nhớ vài màu kết tủa then chốt: AgCl trắng, BaSO₄ trắng không tan trong axit, Cu(OH)₂ xanh lam, Fe(OH)₃ nâu đỏ, Fe(OH)₂ trắng xanh. Màu sắc là câu trả lời của phần lớn câu nhận biết.",Chọn thuốc thử cho hiện tượng giống nhau ở hai chất — không phân biệt được gì.
Hóa hữu cơ,"Phân tử này có nhóm chức gì, và nhóm chức đó quyết định nó phản ứng thế nào?",org.group,Nhận diện nhóm chức và tính chất,Đề cho công thức cấu tạo hoặc tên gọi hợp chất hữu cơ | Hỏi chất đó phản ứng được với gì,"Nhóm chức quyết định tính chất, mạch cacbon chỉ quyết định mức độ. Nhận ra nhóm chức là biết ngay chất đó phản ứng với những gì — không cần nhớ từng chất một.","1. Tìm nhóm chức trong công thức: −OH, −CHO, −COOH, −NH₂, −COO−. → Đây là trung tâm phản ứng của phân tử. | 2. Nhớ tính chất đặc trưng của nhóm đó. → Ancol tác dụng Na; anđehit tráng bạc; axit tác dụng bazơ và kim loại. | 3. Kiểm tra có liên kết bội trong mạch không. → Liên kết đôi, ba cho thêm phản ứng cộng và làm mất màu brom. | 4. Kết luận về tập hợp phản ứng chất đó tham gia. → Câu hỏi thường ở dạng ""chất nào tác dụng được với cả A và B"".","Ba thuốc thử phân biệt nhanh: Na (ancol và axit sủi bọt), NaHCO₃ (chỉ axit sủi bọt), AgNO₃/NH₃ (chỉ anđehit tráng bạc). Ba thuốc thử này tách được hầu hết các nhóm chức trong chương trình.","Cho rằng ancol tác dụng được với NaOH. Ancol không có tính axit đủ mạnh; chỉ phenol mới tác dụng với NaOH."
Hóa hữu cơ,"Phân tử này có nhóm chức gì, và nhóm chức đó quyết định nó phản ứng thế nào?",org.formula,Xác định công thức phân tử,Đề cho khối lượng CO₂ và H₂O sau khi đốt cháy | Cho phần trăm khối lượng các nguyên tố,"Bảo toàn nguyên tố: mọi cacbon trong chất ban đầu đi vào CO₂, mọi hiđro đi vào H₂O. Từ số mol CO₂ và H₂O suy ra tỉ lệ C:H, rồi dùng khối lượng mol để chốt công thức phân tử.","1. Tính n(CO₂) và n(H₂O). → n(C) = n(CO₂) và n(H) = 2·n(H₂O). | 2. Tính khối lượng C và H, so với khối lượng chất ban đầu để biết có oxi không. → Phần khối lượng còn thiếu chính là oxi. | 3. Lập tỉ lệ mol C:H:O rồi rút gọn ra công thức đơn giản nhất. → Công thức phân tử là bội của công thức đơn giản nhất. | 4. Dùng M để tìm hệ số nhân. → Không có M thì chỉ ra được công thức đơn giản nhất, chưa ra công thức phân tử.","So sánh n(CO₂) với n(H₂O): bằng nhau thì chất có một liên kết pi hoặc một vòng (anken, xicloankan); n(H₂O) lớn hơn thì là ankan. Nhận xét này định hướng ngay loại chất.","Quên kiểm tra chất có chứa oxi không, mặc định luôn là hiđrocacbon."
Hóa hữu cơ,"Phân tử này có nhóm chức gì, và nhóm chức đó quyết định nó phản ứng thế nào?",org.ester,"Este, chất béo và phản ứng xà phòng hóa","Có nhóm −COO− trong công thức | Đề nói về xà phòng hóa, thủy phân trong NaOH",Este + NaOH cho muối và ancol theo tỉ lệ 1:1 (với este đơn chức). Bảo toàn khối lượng cho phép tìm khối lượng ancol mà không cần biết nó là chất gì.,1. Xác định este đơn chức hay đa chức từ số nhóm −COO−. → Số nhóm quyết định tỉ lệ mol với NaOH. | 2. Viết phản ứng thủy phân trong môi trường kiềm. → Sản phẩm là muối của axit và ancol. | 3. Dùng bảo toàn khối lượng: m_este + m_NaOH = m_muối + m_ancol. → Tránh phải xác định cấu tạo cụ thể của từng sản phẩm. | 4. Với chất béo: nhớ tỉ lệ 1 mol chất béo cần 3 mol NaOH và cho 1 mol glixerol. → Chất béo là trieste của glixerol — luôn ba nhóm chức.,"Chất béo luôn cho glixerol khi thủy phân, và tỉ lệ mol chất béo : NaOH : glixerol là 1 : 3 : 1. Ba con số này giải được gần như mọi bài chất béo.","Dùng tỉ lệ 1:1 cho chất béo. Chất béo là trieste, cần 3 mol NaOH."
Lịch sử Việt Nam,"Sự kiện này xảy ra vì điều gì trước nó, và nó mở ra điều gì sau nó?",his.cause,Phân biệt nguyên nhân sâu xa và duyên cớ,"Câu hỏi có ""nguyên nhân sâu xa"", ""nguyên nhân trực tiếp"", ""nguyên cớ"" | Bốn phương án đều là sự kiện có thật liên quan","Nguyên nhân sâu xa là mâu thuẫn tích tụ lâu dài, tồn tại độc lập với sự kiện châm ngòi. Duyên cớ là cái cớ xảy ra ngay trước, có thể thay bằng cái khác mà kết cục không đổi. Phép thử: bỏ nó đi thì sự kiện có xảy ra không? Vẫn xảy ra → đó là duyên cớ.","1. Xác định câu hỏi đang hỏi loại nguyên nhân nào. → Bốn phương án thường chứa cả hai loại. | 2. Loại các phương án là hệ quả chứ không phải nguyên nhân. → Phương án nhiễu hay đảo ngược quan hệ thời gian. | 3. Với nguyên nhân sâu xa: tìm mâu thuẫn cơ bản, kéo dài. → Nó thường là mâu thuẫn kinh tế hoặc mâu thuẫn giai cấp, dân tộc. | 4. Với duyên cớ: tìm sự kiện đơn lẻ, xảy ra sát thời điểm. → Duyên cớ luôn cụ thể và gần về thời gian.","Nguyên nhân sâu xa gần như luôn là một MÂU THUẪN; duyên cớ gần như luôn là một SỰ KIỆN. Nhìn dạng ngữ pháp của phương án là đoán được loại.",Chọn sự kiện gần nhất về thời gian làm nguyên nhân sâu xa.
Lịch sử Việt Nam,"Sự kiện này xảy ra vì điều gì trước nó, và nó mở ra điều gì sau nó?",his.meaning,Đánh giá ý nghĩa lịch sử,"Câu hỏi có ""ý nghĩa quan trọng nhất"", ""ý nghĩa quốc tế"", ""bài học"" | Phương án là các nhận định khái quát","Phân tầng ý nghĩa: với dân tộc, với khu vực, với thế giới. Câu hỏi ""quan trọng nhất"" luôn có một tiêu chí ẩn — thường là tầng rộng nhất mà sự kiện thực sự chạm tới.",1. Xác định phạm vi câu hỏi: trong nước hay quốc tế. → Đáp án đúng phải cùng phạm vi với câu hỏi. | 2. Loại phương án đúng nhưng thuộc phạm vi khác. → Đây là bẫy chính của dạng này. | 3. Loại phương án nói về sự kiện khác hoặc thời kỳ khác. → Đề hay trộn các mốc gần nhau. | 4. Chọn phương án nêu được tính chất ĐẦU TIÊN hoặc BƯỚC NGOẶT. → Ý nghĩa lịch sử lớn thường nằm ở tính tiên phong hoặc tính chuyển hướng.,"Từ ""lần đầu tiên"" trong một phương án là dấu hiệu mạnh. Ý nghĩa lịch sử quan trọng nhất thường gắn với cái gì đó xảy ra lần đầu.",Chọn ý nghĩa đúng nhưng thuộc phạm vi hẹp hơn câu hỏi (trả lời ý nghĩa dân tộc cho câu hỏi ý nghĩa quốc tế).
Lịch sử Việt Nam,"Sự kiện này xảy ra vì điều gì trước nó, và nó mở ra điều gì sau nó?",his.timeline,Sắp xếp và đối chiếu mốc thời gian,Đề cho vài sự kiện và yêu cầu sắp xếp theo thứ tự | Hỏi sự kiện nào diễn ra trước hoặc sau một sự kiện khác,Neo vào các mốc lớn đã thuộc chắc rồi định vị các sự kiện nhỏ quanh chúng. Học mốc theo CHÙM sự kiện chứ không theo từng năm rời rạc — trí nhớ giữ chùm tốt hơn giữ danh sách.,1. Xác định các mốc lớn trong khoảng thời gian đề hỏi. → Chúng là khung để treo các sự kiện nhỏ. | 2. Định vị từng sự kiện là trước hay sau mốc lớn gần nhất. → Dễ hơn nhiều so với nhớ chính xác từng năm. | 3. Dùng quan hệ nhân quả để kiểm tra thứ tự. → Kết quả không thể đứng trước nguyên nhân. | 4. Đối chiếu với các phương án. → Thường chỉ cần xác định đúng hai sự kiện là loại được ba phương án.,"Khi không nhớ năm chính xác, hãy dùng logic nhân quả: Đảng ra đời trước rồi mới có phong trào do Đảng lãnh đạo; hiệp định ký sau khi chiến dịch kết thúc. Logic cứu được rất nhiều câu.",Nhớ nhầm các sự kiện có năm gần nhau trong cùng một giai đoạn.
Lịch sử thế giới,Thay đổi này ở một nơi đã kéo theo thay đổi gì ở nơi khác?,wor.revolution,Các cuộc cách mạng và bước chuyển thời đại,"Đề nói về cách mạng tư sản, cách mạng công nghiệp, cách mạng tháng Mười | Hỏi tính chất, đặc điểm, hoặc kết quả","Xác định ba yếu tố: ai lãnh đạo, lật đổ cái gì, thiết lập cái gì. Ba câu trả lời này quyết định tính chất của cuộc cách mạng và phân biệt nó với các cuộc khác.","1. Xác định giai cấp lãnh đạo. → Tính chất cách mạng do giai cấp lãnh đạo quyết định. | 2. Xác định chế độ bị lật đổ. → Nó cho biết cách mạng giải quyết mâu thuẫn nào. | 3. Xác định chế độ được thiết lập. → Đây là kết quả và cũng là tiêu chí đánh giá tính triệt để. | 4. So sánh với các cuộc cách mạng cùng loại để thấy nét riêng. → Đề hay hỏi ""khác biệt cơ bản giữa A và B"".",Cách mạng tư sản Pháp được coi là triệt để nhất vì nó xóa bỏ hoàn toàn chế độ phong kiến và giải quyết vấn đề ruộng đất cho nông dân — hai tiêu chí này là câu trả lời cho rất nhiều câu hỏi so sánh.,Nhầm cách mạng tư sản với cách mạng vô sản khi cả hai đều lật đổ một chế độ cũ.
Lịch sử thế giới,Thay đổi này ở một nơi đã kéo theo thay đổi gì ở nơi khác?,wor.order,Trật tự thế giới và quan hệ quốc tế,"Đề nói về hội nghị I-an-ta, Chiến tranh lạnh, trật tự hai cực | Hỏi đặc điểm quan hệ quốc tế một giai đoạn","Mỗi trật tự thế giới xác định bởi: ai là cực, dựa trên sức mạnh gì, và các nước nhỏ đứng ở đâu. Chuyển từ trật tự này sang trật tự khác luôn gắn với một biến cố lớn.","1. Xác định giai đoạn và trật tự tương ứng. → Hai cực sau 1945; đa cực sau 1991. | 2. Xác định nội dung đối đầu: quân sự, ý thức hệ, hay kinh tế. → Chiến tranh lạnh là đối đầu ý thức hệ không tiếng súng trực tiếp giữa hai siêu cường. | 3. Liên hệ tác động tới các nước thuộc địa và đang phát triển. → Đây là góc mà đề Việt Nam quan tâm nhất. | 4. Xác định biến cố kết thúc giai đoạn. → Liên Xô tan rã năm 1991 khép lại trật tự hai cực.","Chiến tranh lạnh là đối đầu KHÔNG có xung đột quân sự trực tiếp giữa Mỹ và Liên Xô, nhưng có rất nhiều cuộc chiến ủy nhiệm. Phân biệt được điều này là trả lời được phần lớn câu.",Cho rằng Chiến tranh lạnh là một cuộc chiến tranh theo nghĩa quân sự.
Lịch sử thế giới,Thay đổi này ở một nơi đã kéo theo thay đổi gì ở nơi khác?,wor.trend,Xu thế toàn cầu hóa và hội nhập,"Đề nói về toàn cầu hóa, cách mạng khoa học công nghệ, các tổ chức khu vực | Hỏi cơ hội và thách thức","Mọi xu thế đều có hai mặt, và đề luôn hỏi mặt phù hợp với vị thế của nước đang phát triển. Khung trả lời: cơ hội về vốn, công nghệ, thị trường; thách thức về cạnh tranh, phụ thuộc, bản sắc.","1. Xác định đề hỏi cơ hội hay thách thức. → Bốn phương án thường trộn cả hai. | 2. Đặt mình vào vị thế nước đang phát triển. → Đề Việt Nam luôn nhìn từ góc này. | 3. Loại phương án cực đoan: ""mất hoàn toàn"", ""không còn khả năng"". → Toàn cầu hóa không tước bỏ chủ quyền hay khả năng tiếp cận. | 4. Chọn phương án nêu được tính hai mặt hoặc điều kiện đi kèm. → Nhận định cân bằng thường là nhận định đúng.","Thách thức lớn nhất của toàn cầu hóa với nước đang phát triển luôn là NGUY CƠ TỤT HẬU nếu không nâng được nội lực. Đây là đáp án của rất nhiều câu, diễn đạt theo nhiều cách khác nhau.",Chọn phương án phủ nhận hoàn toàn mặt tích cực của toàn cầu hóa.
Địa lý tự nhiên,"Đặc điểm tự nhiên này do nhân tố nào quyết định, và nó kéo theo hệ quả gì?",nat.position,Vị trí địa lý và hệ quả,"Đề hỏi về vị trí, giới hạn lãnh thổ, hoặc hệ quả của vị trí | Có cụm ""do nằm trong vùng nội chí tuyến"", ""tiếp giáp Biển Đông""","Vị trí quyết định ba thứ theo chuỗi: vĩ độ → nền nhiệt; tiếp giáp biển → độ ẩm; nằm trong khu vực gió mùa → tính phân mùa. Mọi đặc điểm tự nhiên của Việt Nam đều truy được về một trong ba nhánh này.","1. Xác định đặc điểm đề hỏi thuộc nhánh nào: nhiệt, ẩm, hay phân mùa. → Mỗi nhánh có một nguyên nhân gốc khác nhau. | 2. Truy ngược về yếu tố vị trí tương ứng. → Đây chính là câu trả lời cho câu hỏi ""vì sao"". | 3. Loại phương án nêu nhân tố không liên quan tới nhánh đó. → Đề hay trộn nhân tố địa hình vào câu hỏi về nhiệt độ. | 4. Kiểm tra phương án có mô tả đúng đặc điểm Việt Nam không. → Một số phương án đúng về lý thuyết nhưng sai về thực tế nước ta.","Việt Nam nằm hoàn toàn trong vùng nội chí tuyến bán cầu Bắc, nên MỌI nơi đều có hai lần Mặt Trời lên thiên đỉnh mỗi năm. Đây là hệ quả bị hỏi nhiều nhất và cũng bị nhầm nhiều nhất.","Quy đặc điểm phân hóa Bắc – Nam cho địa hình, trong khi nguyên nhân chính là vĩ độ và gió mùa Đông Bắc."
Địa lý tự nhiên,"Đặc điểm tự nhiên này do nhân tố nào quyết định, và nó kéo theo hệ quả gì?",nat.monsoon,Gió mùa và phân mùa khí hậu,"Đề nói về gió mùa Đông Bắc, gió mùa Tây Nam, gió phơn | Hỏi thời tiết một mùa ở một vùng cụ thể","Mỗi loại gió có ba thuộc tính cần nhớ: nguồn gốc, đường đi, và tính chất khi tới nơi. Tính chất luôn phụ thuộc đường đi — qua biển thì ẩm, qua lục địa thì khô, vượt núi thì khô nóng ở sườn khuất gió.","1. Xác định gió gì, thổi vào mùa nào. → Gió mùa Đông Bắc từ tháng 11 đến tháng 4; Tây Nam từ tháng 5 đến tháng 10. | 2. Truy đường đi của khối khí. → Đường đi quyết định độ ẩm nhiều hơn nguồn gốc. | 3. Xác định vùng đang xét nằm ở sườn đón gió hay khuất gió. → Cùng một khối khí cho hai kiểu thời tiết hoàn toàn khác ở hai sườn. | 4. Kết luận về nhiệt và ẩm. → Đây là hai đại lượng đề hỏi.","Nửa đầu mùa đông lạnh KHÔ (khối khí qua lục địa), nửa sau lạnh ẨM có mưa phùn (khối khí lệch ra biển, được tăng ẩm). Phân biệt hai nửa mùa đông là mấu chốt của rất nhiều câu.",Cho rằng gió mùa Tây Nam gây mưa cho cả nước. Ở Bắc Trung Bộ nó vượt Trường Sơn và gây khô nóng.
Địa lý tự nhiên,"Đặc điểm tự nhiên này do nhân tố nào quyết định, và nó kéo theo hệ quả gì?",nat.explain,Giải thích hiện tượng tự nhiên,"Câu hỏi bắt đầu bằng ""Vì sao"", ""Nguyên nhân chủ yếu"" | Về xâm nhập mặn, lũ quét, sạt lở, khô hạn","Tìm chuỗi nhân quả từ đặc điểm tự nhiên tới hiện tượng, thường qua hai đến ba mắt xích. Nguyên nhân ""chủ yếu"" là mắt xích gần nhất và có tác động mạnh nhất, không phải mắt xích xa nhất.","1. Mô tả hiện tượng cần giải thích cho chính xác. → Xâm nhập mặn khác với ngập lụt, và có nguyên nhân khác. | 2. Liệt kê đặc điểm tự nhiên của vùng liên quan. → Địa hình, khí hậu, thủy văn là ba nguồn nguyên nhân chính. | 3. Nối chúng thành chuỗi nhân quả tới hiện tượng. → Chuỗi giúp phân biệt nguyên nhân trực tiếp với nguyên nhân nền. | 4. Chọn mắt xích mạnh nhất nếu đề hỏi nguyên nhân chủ yếu. → Nhiều phương án đều là nguyên nhân, khác nhau ở mức độ.",Đồng bằng sông Cửu Long bị xâm nhập mặn nặng vì địa hình rất thấp và nhiều cửa sông — hai đặc điểm này giải thích được gần như mọi hiện tượng thủy văn của vùng.,"Chọn nguyên nhân đúng nhưng là nguyên nhân nền, trong khi đề hỏi nguyên nhân chủ yếu hoặc trực tiếp."
Địa lý kinh tế — xã hội,"Vùng này mạnh ở đâu, yếu ở đâu, và vì sao lại như vậy?",eco.strength,Thế mạnh và hạn chế của vùng,"Đề hỏi thế mạnh nổi bật, khó khăn lớn nhất của một vùng | Có tên một trong bảy vùng kinh tế","Phân hai nhóm nhân tố: tự nhiên (đất, khí hậu, khoáng sản, nước) và kinh tế – xã hội (lao động, hạ tầng, vốn, thị trường). Thế mạnh của một vùng luôn là sự gặp nhau của một vài nhân tố cụ thể, không phải một danh sách chung chung.","1. Nhớ đặc điểm tự nhiên nổi bật nhất của vùng. → Đây thường là gốc của thế mạnh nông nghiệp và công nghiệp khai thác. | 2. Nhớ đặc điểm kinh tế – xã hội nổi bật. → Đây là gốc của thế mạnh công nghiệp chế biến và dịch vụ. | 3. Với câu hỏi ""quyết định nhất"", chọn nhóm phù hợp với ngành đang xét. → Công nghiệp Đông Nam Bộ mạnh nhờ nhân tố kinh tế – xã hội, không phải nhờ tài nguyên. | 4. Loại phương án mô tả đặc điểm của vùng khác. → Đề trộn đặc điểm giữa các vùng rất thường xuyên.","Nhớ theo cặp ""vùng – thế mạnh độc quyền"": Trung du miền núi Bắc Bộ – khoáng sản và thủy điện; Tây Nguyên – cây công nghiệp lâu năm trên đất badan; Đồng bằng sông Cửu Long – lương thực và thủy sản; Đông Nam Bộ – công nghiệp và dịch vụ.","Quy thế mạnh công nghiệp của Đông Nam Bộ cho tài nguyên khoáng sản. Than đá ở Quảng Ninh, thuộc vùng khác."
Địa lý kinh tế — xã hội,"Vùng này mạnh ở đâu, yếu ở đâu, và vì sao lại như vậy?",eco.shift,Chuyển dịch cơ cấu kinh tế,"Đề nói về cơ cấu ngành, cơ cấu lãnh thổ, cơ cấu thành phần kinh tế | Có bảng số liệu tỉ trọng qua các năm","Hướng chuyển dịch chuẩn của công nghiệp hóa: khu vực I giảm tỉ trọng, khu vực II và III tăng. Nhưng phải phân biệt rõ tỉ trọng giảm với giá trị giảm — chúng hoàn toàn khác nhau.","1. Đọc bảng: đang là giá trị tuyệt đối hay tỉ trọng? → Hai loại bảng cho hai kết luận khác nhau. | 2. Tính hoặc đọc xu hướng của từng khu vực. → Xu hướng quan trọng hơn con số từng năm. | 3. Nếu tỉ trọng giảm mà giá trị tăng: kết luận là tăng chậm hơn các khu vực khác. → Đây là dấu hiệu công nghiệp hóa, không phải suy thoái. | 4. Đối chiếu với hướng chuyển dịch chuẩn để đánh giá. → Đề thường hỏi chuyển dịch có tích cực hay không.","Tổng tỉ trọng ba khu vực luôn bằng 100%, nên không thể cả ba cùng tăng hoặc cùng giảm. Nhận xét này loại được ngay một phương án nhiễu quen thuộc.",Kết luận nông nghiệp suy giảm khi thấy tỉ trọng giảm.
Địa lý kinh tế — xã hội,"Vùng này mạnh ở đâu, yếu ở đâu, và vì sao lại như vậy?",eco.population,"Dân cư, lao động, đô thị hóa","Đề nói về cơ cấu dân số, phân bố dân cư, tỉ lệ dân thành thị | Hỏi thuận lợi và khó khăn của nguồn lao động","Mọi đặc điểm dân cư đều có hai mặt, và đề luôn hỏi mặt phù hợp với ngữ cảnh. Dân số đông là thị trường lớn nhưng cũng là sức ép việc làm; cơ cấu vàng là cơ hội nhưng chỉ trong một giai đoạn.","1. Xác định đặc điểm dân cư đang được hỏi. → Cơ cấu tuổi, phân bố, hay chất lượng lao động là ba chuyện khác nhau. | 2. Nêu mặt thuận lợi và mặt khó khăn của đặc điểm đó. → Đề gần như luôn hỏi một trong hai. | 3. Gắn với hệ quả cụ thể: việc làm, thu nhập, hạ tầng đô thị. → Phương án đúng thường nêu hệ quả cụ thể chứ không nêu đặc điểm. | 4. Chú ý phân bố không đều là đặc điểm nổi bật nhất của dân cư nước ta. → Nó là gốc của cả sức ép ở đồng bằng lẫn thiếu lao động ở miền núi.",Đồng bằng chiếm khoảng 1/4 diện tích nhưng tập trung khoảng 3/4 dân số. Hai phân số này giải thích được cả sức ép việc làm lẫn tình trạng thiếu lao động ở trung du miền núi.,Cho rằng cơ cấu dân số vàng là trạng thái lâu dài. Nó chỉ kéo dài một giai đoạn rồi chuyển sang già hóa.
"Bảng số liệu, biểu đồ & Atlat","Bảng số liệu này phù hợp với dạng biểu đồ nào, và nó cho phép kết luận gì?",dat.chart,Chọn dạng biểu đồ,"Đề cho bảng số liệu và hỏi ""biểu đồ nào thích hợp nhất"" | Có yêu cầu thể hiện cơ cấu, tốc độ tăng trưởng, hoặc quy mô","Đọc TỪ KHÓA của yêu cầu, rồi đếm số mốc thời gian. Hai thông tin này xác định duy nhất một dạng biểu đồ — không cần suy nghĩ thêm.","1. Tìm từ khóa: cơ cấu, tốc độ tăng trưởng, quy mô, hay so sánh. → Từ khóa quyết định nhóm biểu đồ. | 2. Đếm số mốc thời gian trong bảng. → Cơ cấu với ≤3 mốc là tròn; ≥4 mốc là miền. | 3. Đếm số đơn vị khác nhau trong bảng. → Hai đơn vị khác nhau bắt buộc dùng biểu đồ kết hợp. | 4. Chốt dạng biểu đồ và kiểm tra lại với yêu cầu. → Một phép đối chiếu cuối tránh chọn nhầm.","Bảng quy đổi cố định: cơ cấu ≤3 năm → tròn; cơ cấu ≥4 năm → miền; tốc độ tăng trưởng → đường; so sánh quy mô → cột; hai đơn vị → kết hợp cột và đường. Thuộc bảng này là làm đúng 100% dạng câu.","Chọn biểu đồ tròn cho bảng có 5 mốc thời gian. Sẽ phải vẽ 5 hình tròn, không so sánh được xu hướng."
"Bảng số liệu, biểu đồ & Atlat","Bảng số liệu này phù hợp với dạng biểu đồ nào, và nó cho phép kết luận gì?",dat.calc,Xử lý số liệu,"Đề yêu cầu tính tỉ trọng, tốc độ tăng trưởng, bình quân đầu người, mật độ | Câu hỏi có ""bao nhiêu phần trăm"", ""bao nhiêu kg/người""","Bốn công thức bao trọn dạng này: tỉ trọng = bộ phận/tổng ×100; tốc độ tăng trưởng = năm sau/năm gốc ×100; bình quân = tổng/số dân; mật độ = dân số/diện tích. Khó không nằm ở công thức mà ở ĐƠN VỊ.","1. Xác định công thức cần dùng từ câu hỏi. → Bốn công thức, mỗi câu chỉ dùng một. | 2. Đổi mọi số liệu về cùng hệ đơn vị trước khi tính. → Triệu tấn và nghìn người là nguồn sai lớn nhất. | 3. Tính và làm tròn theo yêu cầu. → Đáp án trắc nghiệm thường đã làm tròn. | 4. Kiểm tra kết quả có hợp lý về độ lớn không. → Bình quân lương thực 0,5 kg/người là dấu hiệu quên đổi tấn ra kilôgam.","Tốc độ tăng trưởng lấy năm gốc = 100%. Nếu đề hỏi ""tăng bao nhiêu phần trăm"" thì phải TRỪ 100 khỏi kết quả. Hai câu hỏi này chỉ khác một chữ và cho hai đáp án khác nhau.",Quên đổi đơn vị. Đây là nguyên nhân của gần như mọi đáp án lệch một bậc mười.
"Bảng số liệu, biểu đồ & Atlat","Bảng số liệu này phù hợp với dạng biểu đồ nào, và nó cho phép kết luận gì?",dat.read,Nhận xét bảng số liệu và Atlat,"Câu hỏi ""Nhận xét nào sau đây đúng"" | Có yêu cầu đọc Atlat trang cụ thể","Với nhận xét: kiểm tra từng phương án bằng số liệu, không đọc lướt. Với Atlat: đọc chú giải TRƯỚC, vì mọi thông tin của bản đồ chuyên đề đều mã hóa trong đó.","1. Đọc kỹ từng phương án, xác định nó khẳng định điều gì. → Phương án nhiễu thường đúng một nửa. | 2. Tìm đúng ô số liệu cần thiết và kiểm tra. → Không đoán; bảng đã có đủ dữ kiện. | 3. Chú ý các phương án so sánh xu hướng chứ không so sánh giá trị. → ""Tăng liên tục"" đòi hỏi kiểm tra mọi cặp năm liên tiếp. | 4. Với Atlat: đọc chú giải, xác định thang màu và ký hiệu rồi mới đọc bản đồ. → Bỏ qua chú giải là đọc sai thang màu.","Phương án chứa từ ""liên tục"", ""luôn luôn"", ""cao nhất"" đòi hỏi kiểm tra TOÀN BỘ dãy số liệu. Một năm ngoại lệ đủ để loại phương án đó.",Nhận xét theo cảm nhận thị giác từ biểu đồ mà không kiểm tra số liệu.
Grammar & Structure,"Cấu trúc nào đang được kiểm tra ở đây, và dấu hiệu nào trong câu chỉ ra nó?",egr.tense,Thì và sự phối hợp thì,"Có trạng ngữ thời gian: by the time, since, for, already, yesterday | Câu có hai mệnh đề với hai hành động ở hai thời điểm","Tìm mốc thời gian trước, chọn thì sau. Mọi câu hỏi về thì đều có một dấu hiệu thời gian, hiển ngôn hoặc qua thì của mệnh đề còn lại. Đừng chọn theo cảm giác âm thanh.",1. Gạch chân trạng ngữ thời gian hoặc thì của mệnh đề kia. → Đây là dữ kiện duy nhất quyết định đáp án. | 2. Xác định hành động xảy ra trước hay sau mốc đó. → Trước một mốc quá khứ thì dùng quá khứ hoàn thành. | 3. Kiểm tra chủ ngữ chủ động hay bị động. → Câu hỏi thường kiểm tra cả thì lẫn thể trong một chỗ trống. | 4. Chọn phương án khớp cả thì và thể. → Ba phương án nhiễu thường đúng một trong hai.,by the time + quá khứ đơn → mệnh đề chính dùng quá khứ hoàn thành. since/for → hiện tại hoàn thành. Hai cặp này chiếm phần lớn câu hỏi về thì.,"Dùng hiện tại hoàn thành với một mốc thời gian quá khứ xác định (yesterday, in 2010)."
Grammar & Structure,"Cấu trúc nào đang được kiểm tra ở đây, và dấu hiệu nào trong câu chỉ ra nó?",egr.clause,"Mệnh đề quan hệ, điều kiện, rút gọn","Có who, which, that, whose, hoặc dấu phẩy trước đại từ quan hệ | Có if, unless, hoặc câu đảo ngữ Had/Were/Should",Với mệnh đề quan hệ: xác định danh từ đứng trước và vai trò của nó trong mệnh đề. Với câu điều kiện: xác định thời điểm của giả thiết và thời điểm của kết quả — chúng có thể khác nhau (điều kiện hỗn hợp).,"1. Với mệnh đề quan hệ: tìm danh từ được thay thế. → Người dùng who, vật dùng which, sở hữu dùng whose cho cả hai. | 2. Kiểm tra có dấu phẩy không. → Có dấu phẩy là mệnh đề không xác định — không dùng that. | 3. Với câu điều kiện: xác định loại theo thì. → Loại 2 giả định hiện tại, loại 3 giả định quá khứ. | 4. Kiểm tra điều kiện hỗn hợp: giả thiết quá khứ nhưng kết quả hiện tại. → Đây là dạng khó nhất và xuất hiện nhiều trong đề nâng cao.","Đảo ngữ câu điều kiện: If I had known → Had I known; If I were → Were I; If you should → Should you. Ba khuôn này nhận ra ngay là biết loại câu điều kiện.",Dùng that trong mệnh đề quan hệ không xác định (sau dấu phẩy). Cấu trúc này không tồn tại.
Grammar & Structure,"Cấu trúc nào đang được kiểm tra ở đây, và dấu hiệu nào trong câu chỉ ra nó?",egr.error,Tìm lỗi sai trong câu,"Bốn phần của câu được gạch chân và đánh dấu (A), (B), (C), (D) | Câu hỏi yêu cầu chọn phần cần sửa","Kiểm tra theo danh sách cố định, theo thứ tự tần suất: hòa hợp chủ ngữ – động từ, thì, dạng từ, giới từ, song song. Kiểm tra có hệ thống nhanh hơn đọc cảm tính.","1. Tìm chủ ngữ thật và động từ chính, kiểm tra hòa hợp số. → Đây là lỗi phổ biến nhất trong dạng này. | 2. Kiểm tra thì có nhất quán với trạng ngữ thời gian không. → Lỗi phổ biến thứ hai sau hòa hợp chủ ngữ; trạng ngữ thời gian là bằng chứng duy nhất về thì đúng. | 3. Kiểm tra dạng từ: chỗ cần danh từ có phải danh từ không, chỗ cần trạng từ có phải trạng từ không. → Tính từ bổ nghĩa tính từ là lỗi hay gặp. | 4. Kiểm tra cấu trúc song song trong câu có liệt kê. → Các thành phần nối bằng and phải cùng dạng.",The number of + danh từ số nhiều luôn đi với động từ SỐ ÍT. A number of + danh từ số nhiều đi với động từ SỐ NHIỀU. Cặp này xuất hiện gần như trong mọi đề.,Bị đánh lừa bởi cụm từ dài xen giữa chủ ngữ và động từ. Xóa cụm đó đi thì lỗi hòa hợp lộ ra ngay.
Vocabulary & Collocation,"Từ nào đi với từ nào, và sắc thái nào hợp với câu này?",evo.collocation,Kết hợp từ cố định,"Bốn phương án đều đúng nghĩa nhưng chỉ một đi được với từ bên cạnh | Có cụm động từ + danh từ, hoặc tính từ + giới từ","Kết hợp từ là quy ước, không phải logic. Không suy ra được từ nghĩa — phải tích lũy qua đọc. Khi phân vân, đọc thầm cả cụm và chọn cụm nghe quen nhất.","1. Xác định từ cố định trong câu (từ không phải chỗ trống). → Nó là từ ràng buộc chỗ trống. | 2. Ghép lần lượt bốn phương án với từ đó. → Chỉ một cụm là kết hợp chuẩn. | 3. Loại các cụm đúng nghĩa nhưng không tồn tại trong tiếng Anh. → ""Make a mistake"" đúng, ""do a mistake"" sai dù nghĩa như nhau. | 4. Kiểm tra giới từ đi kèm nếu có. → Nhiều câu thực chất kiểm tra giới từ chứ không kiểm tra từ chính.","Nhóm collocation theo động từ: make (a decision, a mistake, progress), do (homework, research, business), take (a break, responsibility, place). Ba động từ này chiếm phần lớn câu hỏi kết hợp từ.","Dịch từ tiếng Việt sang. ""Học bài"" không phải ""study lesson""; kết hợp từ không dịch được."
Vocabulary & Collocation,"Từ nào đi với từ nào, và sắc thái nào hợp với câu này?",evo.wordform,Dạng từ,"Bốn phương án là bốn dạng của cùng một gốc từ: care, careful, carefully, carelessness | Chỗ trống nằm giữa các thành phần rõ ràng","Nhìn vị trí ngữ pháp của chỗ trống, không nhìn nghĩa. Sau mạo từ hoặc tính từ → danh từ; trước danh từ → tính từ; bổ nghĩa cho động từ hoặc tính từ → trạng từ.","1. Xác định từ đứng ngay trước và ngay sau chỗ trống. → Hai từ này quyết định loại từ cần điền. | 2. Suy ra loại từ cần thiết. → Đây là bài toán vị trí, không phải bài toán nghĩa. | 3. Chọn phương án đúng loại từ. → Thường chỉ còn một phương án sau bước này. | 4. Nếu còn hai phương án cùng loại: xét nghĩa tích cực hay tiêu cực. → careless và careful đều là tính từ nhưng trái nghĩa.","Đuôi từ tiết lộ loại từ: -tion, -ment, -ness, -ity → danh từ; -ful, -less, -ous, -ive → tính từ; -ly → trạng từ; -ise, -ify, -en → động từ. Nhận ra đuôi là xong nửa câu.","Chọn theo nghĩa mà bỏ qua vị trí ngữ pháp. Vị trí quyết định trước, nghĩa quyết định sau."
Vocabulary & Collocation,"Từ nào đi với từ nào, và sắc thái nào hợp với câu này?",evo.synonym,Đồng nghĩa và trái nghĩa trong ngữ cảnh,Đề in đậm hoặc gạch chân một từ và hỏi CLOSEST hoặc OPPOSITE in meaning | Bốn phương án là bốn từ đơn cùng loại từ với từ được hỏi,"Đọc cả câu để lấy ngữ cảnh, đoán nghĩa từ đó, rồi mới nhìn phương án. Cảnh giác: câu hỏi OPPOSITE luôn có ít nhất một phương án ĐỒNG nghĩa làm bẫy.","1. Đọc kỹ đề: đang hỏi closest hay opposite? → Đọc nhầm là mất điểm dù hiểu đúng từ. | 2. Đoán nghĩa từ được hỏi dựa vào ngữ cảnh. → Ngữ cảnh thường đủ để đoán ngay cả khi chưa biết từ. | 3. Thay từng phương án vào câu. → Phép thử trực tiếp nhất: từ đúng phải giữ nguyên nghĩa của cả câu, không chỉ hợp nghĩa rời. | 4. Với câu opposite: loại ngay phương án đồng nghĩa. → Nó luôn có mặt và luôn là bẫy.","Tiền tố phủ định là manh mối mạnh cho câu trái nghĩa: un-, in-, im-, dis-, mis-. Nếu một phương án có tiền tố phủ định của chính từ được hỏi, khả năng cao đó là đáp án.",Đọc lướt qua chữ OPPOSITE và chọn từ đồng nghĩa.
Reading Comprehension,"Đoạn văn khẳng định điều gì, và câu hỏi đang hỏi về đoạn nào?",ere.detail,Câu hỏi chi tiết,"Câu hỏi có ""According to paragraph…"", ""The author states that…"" | Đáp án có thể tìm nguyên văn hoặc diễn đạt lại từ bài","Định vị đoạn bằng từ khóa của câu hỏi, đọc kỹ hai đến ba câu quanh đó, rồi so với phương án. Đừng dựa vào trí nhớ sau khi đọc lướt — luôn quay lại bài.","1. Nhặt từ khóa trong câu hỏi: tên riêng, số, thuật ngữ. → Từ khóa dễ định vị vì chúng hiếm khi bị diễn đạt lại. | 2. Quét bài tìm từ khóa đó. → Nhanh hơn nhiều so với đọc lại từ đầu. | 3. Đọc kỹ câu chứa từ khóa và một câu trước, một câu sau. → Thông tin cần thiết gần như luôn nằm trong ba câu này. | 4. So với bốn phương án, chọn phương án diễn đạt lại đúng ý đó. → Đáp án hiếm khi trùng nguyên văn.",Phương án đúng thường là bản DIỄN ĐẠT LẠI của câu trong bài. Phương án dùng nguyên văn từ trong bài nhưng ghép lại theo cách khác thường là bẫy.,"Chọn phương án vì thấy các từ quen thuộc từ bài, mà không kiểm tra chúng có được ghép đúng ý không."
Reading Comprehension,"Đoạn văn khẳng định điều gì, và câu hỏi đang hỏi về đoạn nào?",ere.inference,Câu hỏi suy luận và mục đích,"Có ""can be inferred"", ""implies"", ""the purpose of paragraph 2 is"" | Đáp án không xuất hiện trực tiếp trong bài","Suy luận hợp lệ là suy luận mà văn bản bảo đảm. Với câu hỏi mục đích, hỏi: đoạn này làm gì cho lập luận chung — nêu vấn đề, đưa ví dụ, phản bác, hay kết luận?","1. Xác định đoạn liên quan và vai trò của nó trong bài. → Mục đích của một đoạn chỉ hiểu được trong mạch chung. | 2. Với câu suy luận: tìm câu trong bài làm căn cứ. → Không có căn cứ thì đó là đoán, không phải suy luận. | 3. Loại phương án đi quá xa: thêm nguyên nhân, thêm mức độ, khái quát hóa. → Ba cách này là cách phương án nhiễu vượt quá văn bản. | 4. Chọn phương án dè dặt nhất mà vẫn trả lời được câu hỏi. → Trong đọc hiểu, khẳng định mạnh thường sai.","Cảnh giác với các từ tuyệt đối trong phương án: always, never, all, only, must. Văn bản học thuật hiếm khi bảo đảm được những khẳng định như vậy.","Dùng kiến thức nền để chọn. Câu hỏi hỏi bài viết gì, không hỏi thực tế thế nào."
Reading Comprehension,"Đoạn văn khẳng định điều gì, và câu hỏi đang hỏi về đoạn nào?",ere.vocab,Từ vựng trong bài đọc,Câu hỏi in đậm một từ trong đoạn và hỏi nghĩa gần nhất | Câu hỏi có chỉ rõ từ đó nằm ở dòng nào hoặc đoạn nào của bài,"Đây là câu hỏi ngữ cảnh, không phải câu hỏi từ điển. Che từ đó, đọc lại câu, tự điền một từ của mình, rồi chọn phương án gần nhất. Kỹ thuật này hiệu quả ngay cả khi bạn chưa từng gặp từ đó.","1. Đọc trọn câu chứa từ, và câu trước nếu cần. → Ngữ cảnh là nguồn thông tin duy nhất khi chưa biết từ. | 2. Tìm dấu hiệu: từ nối, dấu phẩy giải thích, ví dụ đi kèm. → Bài học thuật thường tự giải nghĩa từ khó ngay sau đó. | 3. Tự nghĩ một từ thay thế. → Dự đoán độc lập trước khi bị bốn phương án dẫn dắt. | 4. Thay phương án đã chọn vào câu và đọc lại. → Câu phải mượt và giữ nguyên ý.","Từ nối chỉ ra quan hệ nghĩa: ""but"", ""however"" báo hiệu từ đó trái nghĩa với ý trước; ""in other words"", ""that is"" báo hiệu câu sau giải thích chính từ đó.",Chọn nghĩa thông dụng nhất của từ mà bỏ qua ngữ cảnh đang dùng nghĩa chuyên ngành.
