Mã nhiệm vụ,Phiếu luyện,Tiêu đề,Phần thi,Chuyên đề,Giai đoạn,Cấp độ,Dạng,Điểm KN,Lời giao việc,Ràng buộc
NV-0001,PL-TOA-ARI-L1-001,Khởi động: Số học & tỉ lệ phần trăm — cấp 1,Toán,Số học & tỉ lệ phần trăm,1,1,Khởi động,28,"Hoàn thành 8 câu chuyên đề ""Số học & tỉ lệ phần trăm"" trong khoảng 10 phút, lần lượt qua 3 chặng: khởi động → rèn luyện → bứt tốc. Đúng từ 6 câu là hoàn thành; đúng từ 7 câu được tính là thành thạo và cộng điểm lên cấp. Tinh thần cấp 1: Nhận diện dạng bài và nhớ lại công thức nền.","Không giới hạn thời gian. Mục tiêu là làm đúng, chưa cần nhanh."
NV-0002,PL-TOA-ARI-L1-002,Rèn kỹ năng: Số học & tỉ lệ phần trăm — cấp 1,Toán,Số học & tỉ lệ phần trăm,1,1,Rèn kỹ năng,40,"Hoàn thành 8 câu chuyên đề ""Số học & tỉ lệ phần trăm"" trong khoảng 8 phút, lần lượt qua 3 chặng: khởi động → rèn luyện → bứt tốc. Đúng từ 6 câu là hoàn thành; đúng từ 7 câu được tính là thành thạo và cộng điểm lên cấp. Tinh thần cấp 1: Nhận diện dạng bài và nhớ lại công thức nền.","Hoàn thành đủ 3 chặng trong một lượt, không rời phiếu giữa chừng."
NV-0003,PL-TOA-ARI-L1-003,Tốc độ: Số học & tỉ lệ phần trăm — cấp 1,Toán,Số học & tỉ lệ phần trăm,1,1,Tốc độ,44,"Hoàn thành 8 câu chuyên đề ""Số học & tỉ lệ phần trăm"" trong khoảng 6 phút, lần lượt qua 3 chặng: khởi động → rèn luyện → bứt tốc. Đúng từ 6 câu là hoàn thành; đúng từ 7 câu được tính là thành thạo và cộng điểm lên cấp. Tinh thần cấp 1: Nhận diện dạng bài và nhớ lại công thức nền.",Thời gian bị siết còn 75% mức chuẩn. Quá giờ vẫn chấm nhưng không tính thành thạo.
NV-0004,PL-TOA-ARI-L1-004,Chính xác: Số học & tỉ lệ phần trăm — cấp 1,Toán,Số học & tỉ lệ phần trăm,1,1,Chính xác,44,"Hoàn thành 8 câu chuyên đề ""Số học & tỉ lệ phần trăm"" trong khoảng 9 phút, lần lượt qua 3 chặng: khởi động → rèn luyện → bứt tốc. Đúng từ 6 câu là hoàn thành; đúng từ 7 câu được tính là thành thạo và cộng điểm lên cấp. Tinh thần cấp 1: Nhận diện dạng bài và nhớ lại công thức nền.",Sai quá 2 câu là phải làm lại phiếu trước khi đi tiếp.
NV-0005,PL-TOA-ARI-L1-005,Tổng hợp: Số học & tỉ lệ phần trăm — cấp 1,Toán,Số học & tỉ lệ phần trăm,1,1,Tổng hợp,46,"Hoàn thành 8 câu chuyên đề ""Số học & tỉ lệ phần trăm"" trong khoảng 8 phút, lần lượt qua 3 chặng: khởi động → rèn luyện → bứt tốc. Đúng từ 6 câu là hoàn thành; đúng từ 7 câu được tính là thành thạo và cộng điểm lên cấp. Tinh thần cấp 1: Nhận diện dạng bài và nhớ lại công thức nền.",Không được biết trước dạng bài của từng câu.
NV-0006,PL-TOA-ARI-L1-006,Ôn lại: Số học & tỉ lệ phần trăm — cấp 1,Toán,Số học & tỉ lệ phần trăm,1,1,Ôn lại,36,"Hoàn thành 8 câu chuyên đề ""Số học & tỉ lệ phần trăm"" trong khoảng 9 phút, lần lượt qua 3 chặng: khởi động → rèn luyện → bứt tốc. Đúng từ 6 câu là hoàn thành; đúng từ 7 câu được tính là thành thạo và cộng điểm lên cấp. Tinh thần cấp 1: Nhận diện dạng bài và nhớ lại công thức nền.",Nên làm sau buổi học chính ít nhất một ngày.
NV-0007,PL-TOA-ARI-L1-007,Khởi động: Số học & tỉ lệ phần trăm — cấp 1,Toán,Số học & tỉ lệ phần trăm,1,1,Khởi động,28,"Hoàn thành 8 câu chuyên đề ""Số học & tỉ lệ phần trăm"" trong khoảng 10 phút, lần lượt qua 3 chặng: khởi động → rèn luyện → bứt tốc. Đúng từ 6 câu là hoàn thành; đúng từ 7 câu được tính là thành thạo và cộng điểm lên cấp. Tinh thần cấp 1: Nhận diện dạng bài và nhớ lại công thức nền.","Không giới hạn thời gian. Mục tiêu là làm đúng, chưa cần nhanh."
NV-0008,PL-TOA-ARI-L1-008,Thử thách: Số học & tỉ lệ phần trăm — cấp 1,Toán,Số học & tỉ lệ phần trăm,1,1,Thử thách,56,"Hoàn thành 8 câu chuyên đề ""Số học & tỉ lệ phần trăm"" trong khoảng 8 phút, lần lượt qua 3 chặng: khởi động → rèn luyện → bứt tốc. Đúng từ 6 câu là hoàn thành; đúng từ 7 câu được tính là thành thạo và cộng điểm lên cấp. Tinh thần cấp 1: Nhận diện dạng bài và nhớ lại công thức nền.",Đạt từ 85% mới được tính là vượt thử thách.
NV-0009,PL-TOA-ARI-L1-009,Vượt ải: Số học & tỉ lệ phần trăm — cấp 1,Toán,Số học & tỉ lệ phần trăm,1,1,Vượt ải,72,"Hoàn thành 8 câu chuyên đề ""Số học & tỉ lệ phần trăm"" trong khoảng 8 phút, lần lượt qua 3 chặng: khởi động → rèn luyện → bứt tốc. Đúng từ 6 câu là hoàn thành; đúng từ 8 câu được tính là thành thạo và cộng điểm lên cấp. Tinh thần cấp 1: Nhận diện dạng bài và nhớ lại công thức nền.",Phải đạt từ 90% để mở khóa cấp độ tiếp theo của tuyến này.
NV-0010,PL-TOA-ARI-L2-001,Khởi động: Số học & tỉ lệ phần trăm — cấp 2,Toán,Số học & tỉ lệ phần trăm,1,2,Khởi động,42,"Hoàn thành 10 câu chuyên đề ""Số học & tỉ lệ phần trăm"" trong khoảng 15 phút, lần lượt qua 3 chặng: khởi động → rèn luyện → bứt tốc. Đúng từ 7 câu là hoàn thành; đúng từ 9 câu được tính là thành thạo và cộng điểm lên cấp. Tinh thần cấp 2: Làm đúng dạng chuẩn mà không cần nhìn gợi ý.","Không giới hạn thời gian. Mục tiêu là làm đúng, chưa cần nhanh."
NV-0011,PL-TOA-ARI-L2-002,Rèn kỹ năng: Số học & tỉ lệ phần trăm — cấp 2,Toán,Số học & tỉ lệ phần trăm,1,2,Rèn kỹ năng,60,"Hoàn thành 10 câu chuyên đề ""Số học & tỉ lệ phần trăm"" trong khoảng 12 phút, lần lượt qua 3 chặng: khởi động → rèn luyện → bứt tốc. Đúng từ 7 câu là hoàn thành; đúng từ 9 câu được tính là thành thạo và cộng điểm lên cấp. Tinh thần cấp 2: Làm đúng dạng chuẩn mà không cần nhìn gợi ý.","Hoàn thành đủ 3 chặng trong một lượt, không rời phiếu giữa chừng."
NV-0012,PL-TOA-ARI-L2-003,Tốc độ: Số học & tỉ lệ phần trăm — cấp 2,Toán,Số học & tỉ lệ phần trăm,1,2,Tốc độ,66,"Hoàn thành 10 câu chuyên đề ""Số học & tỉ lệ phần trăm"" trong khoảng 9 phút, lần lượt qua 3 chặng: khởi động → rèn luyện → bứt tốc. Đúng từ 7 câu là hoàn thành; đúng từ 9 câu được tính là thành thạo và cộng điểm lên cấp. Tinh thần cấp 2: Làm đúng dạng chuẩn mà không cần nhìn gợi ý.",Thời gian bị siết còn 75% mức chuẩn. Quá giờ vẫn chấm nhưng không tính thành thạo.
NV-0013,PL-TOA-ARI-L2-004,Chính xác: Số học & tỉ lệ phần trăm — cấp 2,Toán,Số học & tỉ lệ phần trăm,1,2,Chính xác,66,"Hoàn thành 10 câu chuyên đề ""Số học & tỉ lệ phần trăm"" trong khoảng 13 phút, lần lượt qua 3 chặng: khởi động → rèn luyện → bứt tốc. Đúng từ 7 câu là hoàn thành; đúng từ 9 câu được tính là thành thạo và cộng điểm lên cấp. Tinh thần cấp 2: Làm đúng dạng chuẩn mà không cần nhìn gợi ý.",Sai quá 2 câu là phải làm lại phiếu trước khi đi tiếp.
NV-0014,PL-TOA-ARI-L2-005,Tổng hợp: Số học & tỉ lệ phần trăm — cấp 2,Toán,Số học & tỉ lệ phần trăm,1,2,Tổng hợp,69,"Hoàn thành 10 câu chuyên đề ""Số học & tỉ lệ phần trăm"" trong khoảng 12 phút, lần lượt qua 3 chặng: khởi động → rèn luyện → bứt tốc. Đúng từ 7 câu là hoàn thành; đúng từ 9 câu được tính là thành thạo và cộng điểm lên cấp. Tinh thần cấp 2: Làm đúng dạng chuẩn mà không cần nhìn gợi ý.",Không được biết trước dạng bài của từng câu.
NV-0015,PL-TOA-ARI-L2-006,Ôn lại: Số học & tỉ lệ phần trăm — cấp 2,Toán,Số học & tỉ lệ phần trăm,1,2,Ôn lại,54,"Hoàn thành 10 câu chuyên đề ""Số học & tỉ lệ phần trăm"" trong khoảng 13 phút, lần lượt qua 3 chặng: khởi động → rèn luyện → bứt tốc. Đúng từ 7 câu là hoàn thành; đúng từ 9 câu được tính là thành thạo và cộng điểm lên cấp. Tinh thần cấp 2: Làm đúng dạng chuẩn mà không cần nhìn gợi ý.",Nên làm sau buổi học chính ít nhất một ngày.
NV-0016,PL-TOA-ARI-L2-007,Khởi động: Số học & tỉ lệ phần trăm — cấp 2,Toán,Số học & tỉ lệ phần trăm,1,2,Khởi động,42,"Hoàn thành 10 câu chuyên đề ""Số học & tỉ lệ phần trăm"" trong khoảng 15 phút, lần lượt qua 3 chặng: khởi động → rèn luyện → bứt tốc. Đúng từ 7 câu là hoàn thành; đúng từ 9 câu được tính là thành thạo và cộng điểm lên cấp. Tinh thần cấp 2: Làm đúng dạng chuẩn mà không cần nhìn gợi ý.","Không giới hạn thời gian. Mục tiêu là làm đúng, chưa cần nhanh."
NV-0017,PL-TOA-ARI-L2-008,Rèn kỹ năng: Số học & tỉ lệ phần trăm — cấp 2,Toán,Số học & tỉ lệ phần trăm,1,2,Rèn kỹ năng,60,"Hoàn thành 10 câu chuyên đề ""Số học & tỉ lệ phần trăm"" trong khoảng 12 phút, lần lượt qua 3 chặng: khởi động → rèn luyện → bứt tốc. Đúng từ 7 câu là hoàn thành; đúng từ 9 câu được tính là thành thạo và cộng điểm lên cấp. Tinh thần cấp 2: Làm đúng dạng chuẩn mà không cần nhìn gợi ý.","Hoàn thành đủ 3 chặng trong một lượt, không rời phiếu giữa chừng."
NV-0018,PL-TOA-ARI-L2-009,Tốc độ: Số học & tỉ lệ phần trăm — cấp 2,Toán,Số học & tỉ lệ phần trăm,1,2,Tốc độ,66,"Hoàn thành 10 câu chuyên đề ""Số học & tỉ lệ phần trăm"" trong khoảng 9 phút, lần lượt qua 3 chặng: khởi động → rèn luyện → bứt tốc. Đúng từ 7 câu là hoàn thành; đúng từ 9 câu được tính là thành thạo và cộng điểm lên cấp. Tinh thần cấp 2: Làm đúng dạng chuẩn mà không cần nhìn gợi ý.",Thời gian bị siết còn 75% mức chuẩn. Quá giờ vẫn chấm nhưng không tính thành thạo.
NV-0019,PL-TOA-ARI-L2-010,Chính xác: Số học & tỉ lệ phần trăm — cấp 2,Toán,Số học & tỉ lệ phần trăm,1,2,Chính xác,66,"Hoàn thành 10 câu chuyên đề ""Số học & tỉ lệ phần trăm"" trong khoảng 13 phút, lần lượt qua 3 chặng: khởi động → rèn luyện → bứt tốc. Đúng từ 7 câu là hoàn thành; đúng từ 9 câu được tính là thành thạo và cộng điểm lên cấp. Tinh thần cấp 2: Làm đúng dạng chuẩn mà không cần nhìn gợi ý.",Sai quá 2 câu là phải làm lại phiếu trước khi đi tiếp.
NV-0020,PL-TOA-ARI-L2-011,Thử thách: Số học & tỉ lệ phần trăm — cấp 2,Toán,Số học & tỉ lệ phần trăm,1,2,Thử thách,84,"Hoàn thành 10 câu chuyên đề ""Số học & tỉ lệ phần trăm"" trong khoảng 12 phút, lần lượt qua 3 chặng: khởi động → rèn luyện → bứt tốc. Đúng từ 7 câu là hoàn thành; đúng từ 9 câu được tính là thành thạo và cộng điểm lên cấp. Tinh thần cấp 2: Làm đúng dạng chuẩn mà không cần nhìn gợi ý.",Đạt từ 85% mới được tính là vượt thử thách.
NV-0021,PL-TOA-ARI-L2-012,Vượt ải: Số học & tỉ lệ phần trăm — cấp 2,Toán,Số học & tỉ lệ phần trăm,1,2,Vượt ải,108,"Hoàn thành 10 câu chuyên đề ""Số học & tỉ lệ phần trăm"" trong khoảng 11 phút, lần lượt qua 3 chặng: khởi động → rèn luyện → bứt tốc. Đúng từ 7 câu là hoàn thành; đúng từ 9 câu được tính là thành thạo và cộng điểm lên cấp. Tinh thần cấp 2: Làm đúng dạng chuẩn mà không cần nhìn gợi ý.",Phải đạt từ 90% để mở khóa cấp độ tiếp theo của tuyến này.
NV-0022,PL-TOA-ARI-L3-001,Khởi động: Số học & tỉ lệ phần trăm — cấp 3,Toán,Số học & tỉ lệ phần trăm,2,3,Khởi động,63,"Hoàn thành 12 câu chuyên đề ""Số học & tỉ lệ phần trăm"" trong khoảng 19 phút, lần lượt qua 3 chặng: khởi động → rèn luyện → bứt tốc. Đúng từ 9 câu là hoàn thành; đúng từ 11 câu được tính là thành thạo và cộng điểm lên cấp. Tinh thần cấp 3: Ghép nhiều bước và tránh các bẫy quen thuộc.","Không giới hạn thời gian. Mục tiêu là làm đúng, chưa cần nhanh."
NV-0023,PL-TOA-ARI-L3-002,Rèn kỹ năng: Số học & tỉ lệ phần trăm — cấp 3,Toán,Số học & tỉ lệ phần trăm,2,3,Rèn kỹ năng,90,"Hoàn thành 12 câu chuyên đề ""Số học & tỉ lệ phần trăm"" trong khoảng 15 phút, lần lượt qua 3 chặng: khởi động → rèn luyện → bứt tốc. Đúng từ 9 câu là hoàn thành; đúng từ 11 câu được tính là thành thạo và cộng điểm lên cấp. Tinh thần cấp 3: Ghép nhiều bước và tránh các bẫy quen thuộc.","Hoàn thành đủ 3 chặng trong một lượt, không rời phiếu giữa chừng."
NV-0024,PL-TOA-ARI-L3-003,Tốc độ: Số học & tỉ lệ phần trăm — cấp 3,Toán,Số học & tỉ lệ phần trăm,2,3,Tốc độ,99,"Hoàn thành 12 câu chuyên đề ""Số học & tỉ lệ phần trăm"" trong khoảng 11 phút, lần lượt qua 3 chặng: khởi động → rèn luyện → bứt tốc. Đúng từ 9 câu là hoàn thành; đúng từ 11 câu được tính là thành thạo và cộng điểm lên cấp. Tinh thần cấp 3: Ghép nhiều bước và tránh các bẫy quen thuộc.",Thời gian bị siết còn 75% mức chuẩn. Quá giờ vẫn chấm nhưng không tính thành thạo.
NV-0025,PL-TOA-ARI-L3-004,Chính xác: Số học & tỉ lệ phần trăm — cấp 3,Toán,Số học & tỉ lệ phần trăm,2,3,Chính xác,99,"Hoàn thành 12 câu chuyên đề ""Số học & tỉ lệ phần trăm"" trong khoảng 17 phút, lần lượt qua 3 chặng: khởi động → rèn luyện → bứt tốc. Đúng từ 9 câu là hoàn thành; đúng từ 11 câu được tính là thành thạo và cộng điểm lên cấp. Tinh thần cấp 3: Ghép nhiều bước và tránh các bẫy quen thuộc.",Sai quá 2 câu là phải làm lại phiếu trước khi đi tiếp.
NV-0026,PL-TOA-ARI-L3-005,Tổng hợp: Số học & tỉ lệ phần trăm — cấp 3,Toán,Số học & tỉ lệ phần trăm,2,3,Tổng hợp,103,"Hoàn thành 12 câu chuyên đề ""Số học & tỉ lệ phần trăm"" trong khoảng 15 phút, lần lượt qua 3 chặng: khởi động → rèn luyện → bứt tốc. Đúng từ 9 câu là hoàn thành; đúng từ 11 câu được tính là thành thạo và cộng điểm lên cấp. Tinh thần cấp 3: Ghép nhiều bước và tránh các bẫy quen thuộc.",Không được biết trước dạng bài của từng câu.
NV-0027,PL-TOA-ARI-L3-006,Ôn lại: Số học & tỉ lệ phần trăm — cấp 3,Toán,Số học & tỉ lệ phần trăm,2,3,Ôn lại,81,"Hoàn thành 12 câu chuyên đề ""Số học & tỉ lệ phần trăm"" trong khoảng 17 phút, lần lượt qua 3 chặng: khởi động → rèn luyện → bứt tốc. Đúng từ 9 câu là hoàn thành; đúng từ 11 câu được tính là thành thạo và cộng điểm lên cấp. Tinh thần cấp 3: Ghép nhiều bước và tránh các bẫy quen thuộc.",Nên làm sau buổi học chính ít nhất một ngày.
NV-0028,PL-TOA-ARI-L3-007,Khởi động: Số học & tỉ lệ phần trăm — cấp 3,Toán,Số học & tỉ lệ phần trăm,2,3,Khởi động,63,"Hoàn thành 12 câu chuyên đề ""Số học & tỉ lệ phần trăm"" trong khoảng 19 phút, lần lượt qua 3 chặng: khởi động → rèn luyện → bứt tốc. Đúng từ 9 câu là hoàn thành; đúng từ 11 câu được tính là thành thạo và cộng điểm lên cấp. Tinh thần cấp 3: Ghép nhiều bước và tránh các bẫy quen thuộc.","Không giới hạn thời gian. Mục tiêu là làm đúng, chưa cần nhanh."
NV-0029,PL-TOA-ARI-L3-008,Rèn kỹ năng: Số học & tỉ lệ phần trăm — cấp 3,Toán,Số học & tỉ lệ phần trăm,2,3,Rèn kỹ năng,90,"Hoàn thành 12 câu chuyên đề ""Số học & tỉ lệ phần trăm"" trong khoảng 15 phút, lần lượt qua 3 chặng: khởi động → rèn luyện → bứt tốc. Đúng từ 9 câu là hoàn thành; đúng từ 11 câu được tính là thành thạo và cộng điểm lên cấp. Tinh thần cấp 3: Ghép nhiều bước và tránh các bẫy quen thuộc.","Hoàn thành đủ 3 chặng trong một lượt, không rời phiếu giữa chừng."
NV-0030,PL-TOA-ARI-L3-009,Tốc độ: Số học & tỉ lệ phần trăm — cấp 3,Toán,Số học & tỉ lệ phần trăm,2,3,Tốc độ,99,"Hoàn thành 12 câu chuyên đề ""Số học & tỉ lệ phần trăm"" trong khoảng 11 phút, lần lượt qua 3 chặng: khởi động → rèn luyện → bứt tốc. Đúng từ 9 câu là hoàn thành; đúng từ 11 câu được tính là thành thạo và cộng điểm lên cấp. Tinh thần cấp 3: Ghép nhiều bước và tránh các bẫy quen thuộc.",Thời gian bị siết còn 75% mức chuẩn. Quá giờ vẫn chấm nhưng không tính thành thạo.
NV-0031,PL-TOA-ARI-L3-010,Chính xác: Số học & tỉ lệ phần trăm — cấp 3,Toán,Số học & tỉ lệ phần trăm,2,3,Chính xác,99,"Hoàn thành 12 câu chuyên đề ""Số học & tỉ lệ phần trăm"" trong khoảng 17 phút, lần lượt qua 3 chặng: khởi động → rèn luyện → bứt tốc. Đúng từ 9 câu là hoàn thành; đúng từ 11 câu được tính là thành thạo và cộng điểm lên cấp. Tinh thần cấp 3: Ghép nhiều bước và tránh các bẫy quen thuộc.",Sai quá 2 câu là phải làm lại phiếu trước khi đi tiếp.
NV-0032,PL-TOA-ARI-L3-011,Tổng hợp: Số học & tỉ lệ phần trăm — cấp 3,Toán,Số học & tỉ lệ phần trăm,2,3,Tổng hợp,103,"Hoàn thành 12 câu chuyên đề ""Số học & tỉ lệ phần trăm"" trong khoảng 15 phút, lần lượt qua 3 chặng: khởi động → rèn luyện → bứt tốc. Đúng từ 9 câu là hoàn thành; đúng từ 11 câu được tính là thành thạo và cộng điểm lên cấp. Tinh thần cấp 3: Ghép nhiều bước và tránh các bẫy quen thuộc.",Không được biết trước dạng bài của từng câu.
NV-0033,PL-TOA-ARI-L3-012,Thử thách: Số học & tỉ lệ phần trăm — cấp 3,Toán,Số học & tỉ lệ phần trăm,2,3,Thử thách,126,"Hoàn thành 12 câu chuyên đề ""Số học & tỉ lệ phần trăm"" trong khoảng 15 phút, lần lượt qua 3 chặng: khởi động → rèn luyện → bứt tốc. Đúng từ 9 câu là hoàn thành; đúng từ 11 câu được tính là thành thạo và cộng điểm lên cấp. Tinh thần cấp 3: Ghép nhiều bước và tránh các bẫy quen thuộc.",Đạt từ 85% mới được tính là vượt thử thách.
NV-0034,PL-TOA-ARI-L3-013,Vượt ải: Số học & tỉ lệ phần trăm — cấp 3,Toán,Số học & tỉ lệ phần trăm,2,3,Vượt ải,162,"Hoàn thành 12 câu chuyên đề ""Số học & tỉ lệ phần trăm"" trong khoảng 14 phút, lần lượt qua 3 chặng: khởi động → rèn luyện → bứt tốc. Đúng từ 9 câu là hoàn thành; đúng từ 11 câu được tính là thành thạo và cộng điểm lên cấp. Tinh thần cấp 3: Ghép nhiều bước và tránh các bẫy quen thuộc.",Phải đạt từ 90% để mở khóa cấp độ tiếp theo của tuyến này.
NV-0035,PL-TOA-ARI-L4-001,Khởi động: Số học & tỉ lệ phần trăm — cấp 4,Toán,Số học & tỉ lệ phần trăm,2,4,Khởi động,84,"Hoàn thành 12 câu chuyên đề ""Số học & tỉ lệ phần trăm"" trong khoảng 16 phút, lần lượt qua 3 chặng: khởi động → rèn luyện → bứt tốc. Đúng từ 9 câu là hoàn thành; đúng từ 11 câu được tính là thành thạo và cộng điểm lên cấp. Tinh thần cấp 4: Giữ độ chính xác khi thời gian bắt đầu siết lại.","Không giới hạn thời gian. Mục tiêu là làm đúng, chưa cần nhanh."
NV-0036,PL-TOA-ARI-L4-002,Rèn kỹ năng: Số học & tỉ lệ phần trăm — cấp 4,Toán,Số học & tỉ lệ phần trăm,2,4,Rèn kỹ năng,120,"Hoàn thành 12 câu chuyên đề ""Số học & tỉ lệ phần trăm"" trong khoảng 13 phút, lần lượt qua 3 chặng: khởi động → rèn luyện → bứt tốc. Đúng từ 9 câu là hoàn thành; đúng từ 11 câu được tính là thành thạo và cộng điểm lên cấp. Tinh thần cấp 4: Giữ độ chính xác khi thời gian bắt đầu siết lại.","Hoàn thành đủ 3 chặng trong một lượt, không rời phiếu giữa chừng."
NV-0037,PL-TOA-ARI-L4-003,Tốc độ: Số học & tỉ lệ phần trăm — cấp 4,Toán,Số học & tỉ lệ phần trăm,2,4,Tốc độ,132,"Hoàn thành 12 câu chuyên đề ""Số học & tỉ lệ phần trăm"" trong khoảng 10 phút, lần lượt qua 3 chặng: khởi động → rèn luyện → bứt tốc. Đúng từ 9 câu là hoàn thành; đúng từ 11 câu được tính là thành thạo và cộng điểm lên cấp. Tinh thần cấp 4: Giữ độ chính xác khi thời gian bắt đầu siết lại.",Thời gian bị siết còn 75% mức chuẩn. Quá giờ vẫn chấm nhưng không tính thành thạo.
NV-0038,PL-TOA-ARI-L4-004,Chính xác: Số học & tỉ lệ phần trăm — cấp 4,Toán,Số học & tỉ lệ phần trăm,2,4,Chính xác,132,"Hoàn thành 12 câu chuyên đề ""Số học & tỉ lệ phần trăm"" trong khoảng 15 phút, lần lượt qua 3 chặng: khởi động → rèn luyện → bứt tốc. Đúng từ 9 câu là hoàn thành; đúng từ 11 câu được tính là thành thạo và cộng điểm lên cấp. Tinh thần cấp 4: Giữ độ chính xác khi thời gian bắt đầu siết lại.",Sai quá 2 câu là phải làm lại phiếu trước khi đi tiếp.
NV-0039,PL-TOA-ARI-L4-005,Tổng hợp: Số học & tỉ lệ phần trăm — cấp 4,Toán,Số học & tỉ lệ phần trăm,2,4,Tổng hợp,138,"Hoàn thành 12 câu chuyên đề ""Số học & tỉ lệ phần trăm"" trong khoảng 13 phút, lần lượt qua 3 chặng: khởi động → rèn luyện → bứt tốc. Đúng từ 9 câu là hoàn thành; đúng từ 11 câu được tính là thành thạo và cộng điểm lên cấp. Tinh thần cấp 4: Giữ độ chính xác khi thời gian bắt đầu siết lại.",Không được biết trước dạng bài của từng câu.
NV-0040,PL-TOA-ARI-L4-006,Ôn lại: Số học & tỉ lệ phần trăm — cấp 4,Toán,Số học & tỉ lệ phần trăm,2,4,Ôn lại,108,"Hoàn thành 12 câu chuyên đề ""Số học & tỉ lệ phần trăm"" trong khoảng 14 phút, lần lượt qua 3 chặng: khởi động → rèn luyện → bứt tốc. Đúng từ 9 câu là hoàn thành; đúng từ 11 câu được tính là thành thạo và cộng điểm lên cấp. Tinh thần cấp 4: Giữ độ chính xác khi thời gian bắt đầu siết lại.",Nên làm sau buổi học chính ít nhất một ngày.
NV-0041,PL-TOA-ARI-L4-007,Khởi động: Số học & tỉ lệ phần trăm — cấp 4,Toán,Số học & tỉ lệ phần trăm,2,4,Khởi động,84,"Hoàn thành 12 câu chuyên đề ""Số học & tỉ lệ phần trăm"" trong khoảng 16 phút, lần lượt qua 3 chặng: khởi động → rèn luyện → bứt tốc. Đúng từ 9 câu là hoàn thành; đúng từ 11 câu được tính là thành thạo và cộng điểm lên cấp. Tinh thần cấp 4: Giữ độ chính xác khi thời gian bắt đầu siết lại.","Không giới hạn thời gian. Mục tiêu là làm đúng, chưa cần nhanh."
NV-0042,PL-TOA-ARI-L4-008,Rèn kỹ năng: Số học & tỉ lệ phần trăm — cấp 4,Toán,Số học & tỉ lệ phần trăm,2,4,Rèn kỹ năng,120,"Hoàn thành 12 câu chuyên đề ""Số học & tỉ lệ phần trăm"" trong khoảng 13 phút, lần lượt qua 3 chặng: khởi động → rèn luyện → bứt tốc. Đúng từ 9 câu là hoàn thành; đúng từ 11 câu được tính là thành thạo và cộng điểm lên cấp. Tinh thần cấp 4: Giữ độ chính xác khi thời gian bắt đầu siết lại.","Hoàn thành đủ 3 chặng trong một lượt, không rời phiếu giữa chừng."
NV-0043,PL-TOA-ARI-L4-009,Tốc độ: Số học & tỉ lệ phần trăm — cấp 4,Toán,Số học & tỉ lệ phần trăm,2,4,Tốc độ,132,"Hoàn thành 12 câu chuyên đề ""Số học & tỉ lệ phần trăm"" trong khoảng 10 phút, lần lượt qua 3 chặng: khởi động → rèn luyện → bứt tốc. Đúng từ 9 câu là hoàn thành; đúng từ 11 câu được tính là thành thạo và cộng điểm lên cấp. Tinh thần cấp 4: Giữ độ chính xác khi thời gian bắt đầu siết lại.",Thời gian bị siết còn 75% mức chuẩn. Quá giờ vẫn chấm nhưng không tính thành thạo.
NV-0044,PL-TOA-ARI-L4-010,Chính xác: Số học & tỉ lệ phần trăm — cấp 4,Toán,Số học & tỉ lệ phần trăm,2,4,Chính xác,132,"Hoàn thành 12 câu chuyên đề ""Số học & tỉ lệ phần trăm"" trong khoảng 15 phút, lần lượt qua 3 chặng: khởi động → rèn luyện → bứt tốc. Đúng từ 9 câu là hoàn thành; đúng từ 11 câu được tính là thành thạo và cộng điểm lên cấp. Tinh thần cấp 4: Giữ độ chính xác khi thời gian bắt đầu siết lại.",Sai quá 2 câu là phải làm lại phiếu trước khi đi tiếp.
NV-0045,PL-TOA-ARI-L4-011,Tổng hợp: Số học & tỉ lệ phần trăm — cấp 4,Toán,Số học & tỉ lệ phần trăm,2,4,Tổng hợp,138,"Hoàn thành 12 câu chuyên đề ""Số học & tỉ lệ phần trăm"" trong khoảng 13 phút, lần lượt qua 3 chặng: khởi động → rèn luyện → bứt tốc. Đúng từ 9 câu là hoàn thành; đúng từ 11 câu được tính là thành thạo và cộng điểm lên cấp. Tinh thần cấp 4: Giữ độ chính xác khi thời gian bắt đầu siết lại.",Không được biết trước dạng bài của từng câu.
NV-0046,PL-TOA-ARI-L4-012,Thử thách: Số học & tỉ lệ phần trăm — cấp 4,Toán,Số học & tỉ lệ phần trăm,2,4,Thử thách,168,"Hoàn thành 12 câu chuyên đề ""Số học & tỉ lệ phần trăm"" trong khoảng 13 phút, lần lượt qua 3 chặng: khởi động → rèn luyện → bứt tốc. Đúng từ 9 câu là hoàn thành; đúng từ 11 câu được tính là thành thạo và cộng điểm lên cấp. Tinh thần cấp 4: Giữ độ chính xác khi thời gian bắt đầu siết lại.",Đạt từ 85% mới được tính là vượt thử thách.
NV-0047,PL-TOA-ARI-L4-013,Vượt ải: Số học & tỉ lệ phần trăm — cấp 4,Toán,Số học & tỉ lệ phần trăm,2,4,Vượt ải,216,"Hoàn thành 12 câu chuyên đề ""Số học & tỉ lệ phần trăm"" trong khoảng 12 phút, lần lượt qua 3 chặng: khởi động → rèn luyện → bứt tốc. Đúng từ 9 câu là hoàn thành; đúng từ 11 câu được tính là thành thạo và cộng điểm lên cấp. Tinh thần cấp 4: Giữ độ chính xác khi thời gian bắt đầu siết lại.",Phải đạt từ 90% để mở khóa cấp độ tiếp theo của tuyến này.
NV-0048,PL-TOA-ARI-L5-001,Khởi động: Số học & tỉ lệ phần trăm — cấp 5,Toán,Số học & tỉ lệ phần trăm,3,5,Khởi động,112,"Hoàn thành 14 câu chuyên đề ""Số học & tỉ lệ phần trăm"" trong khoảng 20 phút, lần lượt qua 3 chặng: khởi động → rèn luyện → bứt tốc. Đúng từ 10 câu là hoàn thành; đúng từ 12 câu được tính là thành thạo và cộng điểm lên cấp. Tinh thần cấp 5: Xử lý câu phân loại mà không mất nhịp.","Không giới hạn thời gian. Mục tiêu là làm đúng, chưa cần nhanh."
NV-0049,PL-TOA-ARI-L5-002,Rèn kỹ năng: Số học & tỉ lệ phần trăm — cấp 5,Toán,Số học & tỉ lệ phần trăm,3,5,Rèn kỹ năng,160,"Hoàn thành 14 câu chuyên đề ""Số học & tỉ lệ phần trăm"" trong khoảng 16 phút, lần lượt qua 3 chặng: khởi động → rèn luyện → bứt tốc. Đúng từ 10 câu là hoàn thành; đúng từ 12 câu được tính là thành thạo và cộng điểm lên cấp. Tinh thần cấp 5: Xử lý câu phân loại mà không mất nhịp.","Hoàn thành đủ 3 chặng trong một lượt, không rời phiếu giữa chừng."
NV-0050,PL-TOA-ARI-L5-003,Tốc độ: Số học & tỉ lệ phần trăm — cấp 5,Toán,Số học & tỉ lệ phần trăm,3,5,Tốc độ,176,"Hoàn thành 14 câu chuyên đề ""Số học & tỉ lệ phần trăm"" trong khoảng 12 phút, lần lượt qua 3 chặng: khởi động → rèn luyện → bứt tốc. Đúng từ 10 câu là hoàn thành; đúng từ 12 câu được tính là thành thạo và cộng điểm lên cấp. Tinh thần cấp 5: Xử lý câu phân loại mà không mất nhịp.",Thời gian bị siết còn 75% mức chuẩn. Quá giờ vẫn chấm nhưng không tính thành thạo.
NV-0051,PL-TOA-ARI-L5-004,Chính xác: Số học & tỉ lệ phần trăm — cấp 5,Toán,Số học & tỉ lệ phần trăm,3,5,Chính xác,176,"Hoàn thành 14 câu chuyên đề ""Số học & tỉ lệ phần trăm"" trong khoảng 19 phút, lần lượt qua 3 chặng: khởi động → rèn luyện → bứt tốc. Đúng từ 10 câu là hoàn thành; đúng từ 12 câu được tính là thành thạo và cộng điểm lên cấp. Tinh thần cấp 5: Xử lý câu phân loại mà không mất nhịp.",Sai quá 2 câu là phải làm lại phiếu trước khi đi tiếp.
NV-0052,PL-TOA-ARI-L5-005,Tổng hợp: Số học & tỉ lệ phần trăm — cấp 5,Toán,Số học & tỉ lệ phần trăm,3,5,Tổng hợp,184,"Hoàn thành 14 câu chuyên đề ""Số học & tỉ lệ phần trăm"" trong khoảng 16 phút, lần lượt qua 3 chặng: khởi động → rèn luyện → bứt tốc. Đúng từ 10 câu là hoàn thành; đúng từ 12 câu được tính là thành thạo và cộng điểm lên cấp. Tinh thần cấp 5: Xử lý câu phân loại mà không mất nhịp.",Không được biết trước dạng bài của từng câu.
NV-0053,PL-TOA-ARI-L5-006,Ôn lại: Số học & tỉ lệ phần trăm — cấp 5,Toán,Số học & tỉ lệ phần trăm,3,5,Ôn lại,144,"Hoàn thành 14 câu chuyên đề ""Số học & tỉ lệ phần trăm"" trong khoảng 18 phút, lần lượt qua 3 chặng: khởi động → rèn luyện → bứt tốc. Đúng từ 10 câu là hoàn thành; đúng từ 12 câu được tính là thành thạo và cộng điểm lên cấp. Tinh thần cấp 5: Xử lý câu phân loại mà không mất nhịp.",Nên làm sau buổi học chính ít nhất một ngày.
NV-0054,PL-TOA-ARI-L5-007,Khởi động: Số học & tỉ lệ phần trăm — cấp 5,Toán,Số học & tỉ lệ phần trăm,3,5,Khởi động,112,"Hoàn thành 14 câu chuyên đề ""Số học & tỉ lệ phần trăm"" trong khoảng 20 phút, lần lượt qua 3 chặng: khởi động → rèn luyện → bứt tốc. Đúng từ 10 câu là hoàn thành; đúng từ 12 câu được tính là thành thạo và cộng điểm lên cấp. Tinh thần cấp 5: Xử lý câu phân loại mà không mất nhịp.","Không giới hạn thời gian. Mục tiêu là làm đúng, chưa cần nhanh."
NV-0055,PL-TOA-ARI-L5-008,Rèn kỹ năng: Số học & tỉ lệ phần trăm — cấp 5,Toán,Số học & tỉ lệ phần trăm,3,5,Rèn kỹ năng,160,"Hoàn thành 14 câu chuyên đề ""Số học & tỉ lệ phần trăm"" trong khoảng 16 phút, lần lượt qua 3 chặng: khởi động → rèn luyện → bứt tốc. Đúng từ 10 câu là hoàn thành; đúng từ 12 câu được tính là thành thạo và cộng điểm lên cấp. Tinh thần cấp 5: Xử lý câu phân loại mà không mất nhịp.","Hoàn thành đủ 3 chặng trong một lượt, không rời phiếu giữa chừng."
NV-0056,PL-TOA-ARI-L5-009,Tốc độ: Số học & tỉ lệ phần trăm — cấp 5,Toán,Số học & tỉ lệ phần trăm,3,5,Tốc độ,176,"Hoàn thành 14 câu chuyên đề ""Số học & tỉ lệ phần trăm"" trong khoảng 12 phút, lần lượt qua 3 chặng: khởi động → rèn luyện → bứt tốc. Đúng từ 10 câu là hoàn thành; đúng từ 12 câu được tính là thành thạo và cộng điểm lên cấp. Tinh thần cấp 5: Xử lý câu phân loại mà không mất nhịp.",Thời gian bị siết còn 75% mức chuẩn. Quá giờ vẫn chấm nhưng không tính thành thạo.
NV-0057,PL-TOA-ARI-L5-010,Thử thách: Số học & tỉ lệ phần trăm — cấp 5,Toán,Số học & tỉ lệ phần trăm,3,5,Thử thách,224,"Hoàn thành 14 câu chuyên đề ""Số học & tỉ lệ phần trăm"" trong khoảng 16 phút, lần lượt qua 3 chặng: khởi động → rèn luyện → bứt tốc. Đúng từ 10 câu là hoàn thành; đúng từ 12 câu được tính là thành thạo và cộng điểm lên cấp. Tinh thần cấp 5: Xử lý câu phân loại mà không mất nhịp.",Đạt từ 85% mới được tính là vượt thử thách.
NV-0058,PL-TOA-ARI-L5-011,Vượt ải: Số học & tỉ lệ phần trăm — cấp 5,Toán,Số học & tỉ lệ phần trăm,3,5,Vượt ải,288,"Hoàn thành 14 câu chuyên đề ""Số học & tỉ lệ phần trăm"" trong khoảng 16 phút, lần lượt qua 3 chặng: khởi động → rèn luyện → bứt tốc. Đúng từ 10 câu là hoàn thành; đúng từ 13 câu được tính là thành thạo và cộng điểm lên cấp. Tinh thần cấp 5: Xử lý câu phân loại mà không mất nhịp.",Phải đạt từ 90% để mở khóa cấp độ tiếp theo của tuyến này.
NV-0059,PL-TOA-ARI-L6-001,Khởi động: Số học & tỉ lệ phần trăm — cấp 6,Toán,Số học & tỉ lệ phần trăm,3,6,Khởi động,154,"Hoàn thành 15 câu chuyên đề ""Số học & tỉ lệ phần trăm"" trong khoảng 19 phút, lần lượt qua 3 chặng: khởi động → rèn luyện → bứt tốc. Đúng từ 11 câu là hoàn thành; đúng từ 13 câu được tính là thành thạo và cộng điểm lên cấp. Tinh thần cấp 6: Tốc độ và độ chính xác của nhóm dẫn đầu phổ điểm.","Không giới hạn thời gian. Mục tiêu là làm đúng, chưa cần nhanh."
NV-0060,PL-TOA-ARI-L6-002,Rèn kỹ năng: Số học & tỉ lệ phần trăm — cấp 6,Toán,Số học & tỉ lệ phần trăm,3,6,Rèn kỹ năng,220,"Hoàn thành 15 câu chuyên đề ""Số học & tỉ lệ phần trăm"" trong khoảng 15 phút, lần lượt qua 3 chặng: khởi động → rèn luyện → bứt tốc. Đúng từ 11 câu là hoàn thành; đúng từ 13 câu được tính là thành thạo và cộng điểm lên cấp. Tinh thần cấp 6: Tốc độ và độ chính xác của nhóm dẫn đầu phổ điểm.","Hoàn thành đủ 3 chặng trong một lượt, không rời phiếu giữa chừng."
NV-0061,PL-TOA-ARI-L6-003,Tốc độ: Số học & tỉ lệ phần trăm — cấp 6,Toán,Số học & tỉ lệ phần trăm,3,6,Tốc độ,242,"Hoàn thành 15 câu chuyên đề ""Số học & tỉ lệ phần trăm"" trong khoảng 11 phút, lần lượt qua 3 chặng: khởi động → rèn luyện → bứt tốc. Đúng từ 11 câu là hoàn thành; đúng từ 13 câu được tính là thành thạo và cộng điểm lên cấp. Tinh thần cấp 6: Tốc độ và độ chính xác của nhóm dẫn đầu phổ điểm.",Thời gian bị siết còn 75% mức chuẩn. Quá giờ vẫn chấm nhưng không tính thành thạo.
NV-0062,PL-TOA-ARI-L6-004,Chính xác: Số học & tỉ lệ phần trăm — cấp 6,Toán,Số học & tỉ lệ phần trăm,3,6,Chính xác,242,"Hoàn thành 15 câu chuyên đề ""Số học & tỉ lệ phần trăm"" trong khoảng 17 phút, lần lượt qua 3 chặng: khởi động → rèn luyện → bứt tốc. Đúng từ 11 câu là hoàn thành; đúng từ 13 câu được tính là thành thạo và cộng điểm lên cấp. Tinh thần cấp 6: Tốc độ và độ chính xác của nhóm dẫn đầu phổ điểm.",Sai quá 2 câu là phải làm lại phiếu trước khi đi tiếp.
NV-0063,PL-TOA-ARI-L6-005,Tổng hợp: Số học & tỉ lệ phần trăm — cấp 6,Toán,Số học & tỉ lệ phần trăm,3,6,Tổng hợp,253,"Hoàn thành 15 câu chuyên đề ""Số học & tỉ lệ phần trăm"" trong khoảng 15 phút, lần lượt qua 3 chặng: khởi động → rèn luyện → bứt tốc. Đúng từ 11 câu là hoàn thành; đúng từ 13 câu được tính là thành thạo và cộng điểm lên cấp. Tinh thần cấp 6: Tốc độ và độ chính xác của nhóm dẫn đầu phổ điểm.",Không được biết trước dạng bài của từng câu.
NV-0064,PL-TOA-ARI-L6-006,Ôn lại: Số học & tỉ lệ phần trăm — cấp 6,Toán,Số học & tỉ lệ phần trăm,3,6,Ôn lại,198,"Hoàn thành 15 câu chuyên đề ""Số học & tỉ lệ phần trăm"" trong khoảng 17 phút, lần lượt qua 3 chặng: khởi động → rèn luyện → bứt tốc. Đúng từ 11 câu là hoàn thành; đúng từ 13 câu được tính là thành thạo và cộng điểm lên cấp. Tinh thần cấp 6: Tốc độ và độ chính xác của nhóm dẫn đầu phổ điểm.",Nên làm sau buổi học chính ít nhất một ngày.
NV-0065,PL-TOA-ARI-L6-007,Thử thách: Số học & tỉ lệ phần trăm — cấp 6,Toán,Số học & tỉ lệ phần trăm,3,6,Thử thách,308,"Hoàn thành 15 câu chuyên đề ""Số học & tỉ lệ phần trăm"" trong khoảng 15 phút, lần lượt qua 3 chặng: khởi động → rèn luyện → bứt tốc. Đúng từ 11 câu là hoàn thành; đúng từ 13 câu được tính là thành thạo và cộng điểm lên cấp. Tinh thần cấp 6: Tốc độ và độ chính xác của nhóm dẫn đầu phổ điểm.",Đạt từ 85% mới được tính là vượt thử thách.
NV-0066,PL-TOA-ARI-L6-008,Vượt ải: Số học & tỉ lệ phần trăm — cấp 6,Toán,Số học & tỉ lệ phần trăm,3,6,Vượt ải,396,"Hoàn thành 15 câu chuyên đề ""Số học & tỉ lệ phần trăm"" trong khoảng 14 phút, lần lượt qua 3 chặng: khởi động → rèn luyện → bứt tốc. Đúng từ 11 câu là hoàn thành; đúng từ 14 câu được tính là thành thạo và cộng điểm lên cấp. Tinh thần cấp 6: Tốc độ và độ chính xác của nhóm dẫn đầu phổ điểm.",Phải đạt từ 90% để mở khóa cấp độ tiếp theo của tuyến này.
NV-0067,PL-TOA-ALG-L1-001,"Khởi động: Hàm số, phương trình & bất phương trình — cấp 1",Toán,"Hàm số, phương trình & bất phương trình",1,1,Khởi động,28,"Hoàn thành 8 câu chuyên đề ""Hàm số, phương trình & bất phương trình"" trong khoảng 10 phút, lần lượt qua 3 chặng: khởi động → rèn luyện → bứt tốc. Đúng từ 6 câu là hoàn thành; đúng từ 7 câu được tính là thành thạo và cộng điểm lên cấp. Tinh thần cấp 1: Nhận diện dạng bài và nhớ lại công thức nền.","Không giới hạn thời gian. Mục tiêu là làm đúng, chưa cần nhanh."
NV-0068,PL-TOA-ALG-L1-002,"Rèn kỹ năng: Hàm số, phương trình & bất phương trình — cấp 1",Toán,"Hàm số, phương trình & bất phương trình",1,1,Rèn kỹ năng,40,"Hoàn thành 8 câu chuyên đề ""Hàm số, phương trình & bất phương trình"" trong khoảng 8 phút, lần lượt qua 3 chặng: khởi động → rèn luyện → bứt tốc. Đúng từ 6 câu là hoàn thành; đúng từ 7 câu được tính là thành thạo và cộng điểm lên cấp. Tinh thần cấp 1: Nhận diện dạng bài và nhớ lại công thức nền.","Hoàn thành đủ 3 chặng trong một lượt, không rời phiếu giữa chừng."
NV-0069,PL-TOA-ALG-L1-003,"Tốc độ: Hàm số, phương trình & bất phương trình — cấp 1",Toán,"Hàm số, phương trình & bất phương trình",1,1,Tốc độ,44,"Hoàn thành 8 câu chuyên đề ""Hàm số, phương trình & bất phương trình"" trong khoảng 6 phút, lần lượt qua 3 chặng: khởi động → rèn luyện → bứt tốc. Đúng từ 6 câu là hoàn thành; đúng từ 7 câu được tính là thành thạo và cộng điểm lên cấp. Tinh thần cấp 1: Nhận diện dạng bài và nhớ lại công thức nền.",Thời gian bị siết còn 75% mức chuẩn. Quá giờ vẫn chấm nhưng không tính thành thạo.
NV-0070,PL-TOA-ALG-L1-004,"Chính xác: Hàm số, phương trình & bất phương trình — cấp 1",Toán,"Hàm số, phương trình & bất phương trình",1,1,Chính xác,44,"Hoàn thành 8 câu chuyên đề ""Hàm số, phương trình & bất phương trình"" trong khoảng 9 phút, lần lượt qua 3 chặng: khởi động → rèn luyện → bứt tốc. Đúng từ 6 câu là hoàn thành; đúng từ 7 câu được tính là thành thạo và cộng điểm lên cấp. Tinh thần cấp 1: Nhận diện dạng bài và nhớ lại công thức nền.",Sai quá 2 câu là phải làm lại phiếu trước khi đi tiếp.
NV-0071,PL-TOA-ALG-L1-005,"Tổng hợp: Hàm số, phương trình & bất phương trình — cấp 1",Toán,"Hàm số, phương trình & bất phương trình",1,1,Tổng hợp,46,"Hoàn thành 8 câu chuyên đề ""Hàm số, phương trình & bất phương trình"" trong khoảng 8 phút, lần lượt qua 3 chặng: khởi động → rèn luyện → bứt tốc. Đúng từ 6 câu là hoàn thành; đúng từ 7 câu được tính là thành thạo và cộng điểm lên cấp. Tinh thần cấp 1: Nhận diện dạng bài và nhớ lại công thức nền.",Không được biết trước dạng bài của từng câu.
NV-0072,PL-TOA-ALG-L1-006,"Ôn lại: Hàm số, phương trình & bất phương trình — cấp 1",Toán,"Hàm số, phương trình & bất phương trình",1,1,Ôn lại,36,"Hoàn thành 8 câu chuyên đề ""Hàm số, phương trình & bất phương trình"" trong khoảng 9 phút, lần lượt qua 3 chặng: khởi động → rèn luyện → bứt tốc. Đúng từ 6 câu là hoàn thành; đúng từ 7 câu được tính là thành thạo và cộng điểm lên cấp. Tinh thần cấp 1: Nhận diện dạng bài và nhớ lại công thức nền.",Nên làm sau buổi học chính ít nhất một ngày.
NV-0073,PL-TOA-ALG-L1-007,"Khởi động: Hàm số, phương trình & bất phương trình — cấp 1",Toán,"Hàm số, phương trình & bất phương trình",1,1,Khởi động,28,"Hoàn thành 8 câu chuyên đề ""Hàm số, phương trình & bất phương trình"" trong khoảng 10 phút, lần lượt qua 3 chặng: khởi động → rèn luyện → bứt tốc. Đúng từ 6 câu là hoàn thành; đúng từ 7 câu được tính là thành thạo và cộng điểm lên cấp. Tinh thần cấp 1: Nhận diện dạng bài và nhớ lại công thức nền.","Không giới hạn thời gian. Mục tiêu là làm đúng, chưa cần nhanh."
NV-0074,PL-TOA-ALG-L1-008,"Rèn kỹ năng: Hàm số, phương trình & bất phương trình — cấp 1",Toán,"Hàm số, phương trình & bất phương trình",1,1,Rèn kỹ năng,40,"Hoàn thành 8 câu chuyên đề ""Hàm số, phương trình & bất phương trình"" trong khoảng 8 phút, lần lượt qua 3 chặng: khởi động → rèn luyện → bứt tốc. Đúng từ 6 câu là hoàn thành; đúng từ 7 câu được tính là thành thạo và cộng điểm lên cấp. Tinh thần cấp 1: Nhận diện dạng bài và nhớ lại công thức nền.","Hoàn thành đủ 3 chặng trong một lượt, không rời phiếu giữa chừng."
NV-0075,PL-TOA-ALG-L1-009,"Tốc độ: Hàm số, phương trình & bất phương trình — cấp 1",Toán,"Hàm số, phương trình & bất phương trình",1,1,Tốc độ,44,"Hoàn thành 8 câu chuyên đề ""Hàm số, phương trình & bất phương trình"" trong khoảng 6 phút, lần lượt qua 3 chặng: khởi động → rèn luyện → bứt tốc. Đúng từ 6 câu là hoàn thành; đúng từ 7 câu được tính là thành thạo và cộng điểm lên cấp. Tinh thần cấp 1: Nhận diện dạng bài và nhớ lại công thức nền.",Thời gian bị siết còn 75% mức chuẩn. Quá giờ vẫn chấm nhưng không tính thành thạo.
NV-0076,PL-TOA-ALG-L1-010,"Chính xác: Hàm số, phương trình & bất phương trình — cấp 1",Toán,"Hàm số, phương trình & bất phương trình",1,1,Chính xác,44,"Hoàn thành 8 câu chuyên đề ""Hàm số, phương trình & bất phương trình"" trong khoảng 9 phút, lần lượt qua 3 chặng: khởi động → rèn luyện → bứt tốc. Đúng từ 6 câu là hoàn thành; đúng từ 7 câu được tính là thành thạo và cộng điểm lên cấp. Tinh thần cấp 1: Nhận diện dạng bài và nhớ lại công thức nền.",Sai quá 2 câu là phải làm lại phiếu trước khi đi tiếp.
NV-0077,PL-TOA-ALG-L1-011,"Tổng hợp: Hàm số, phương trình & bất phương trình — cấp 1",Toán,"Hàm số, phương trình & bất phương trình",1,1,Tổng hợp,46,"Hoàn thành 8 câu chuyên đề ""Hàm số, phương trình & bất phương trình"" trong khoảng 8 phút, lần lượt qua 3 chặng: khởi động → rèn luyện → bứt tốc. Đúng từ 6 câu là hoàn thành; đúng từ 7 câu được tính là thành thạo và cộng điểm lên cấp. Tinh thần cấp 1: Nhận diện dạng bài và nhớ lại công thức nền.",Không được biết trước dạng bài của từng câu.
NV-0078,PL-TOA-ALG-L1-012,"Ôn lại: Hàm số, phương trình & bất phương trình — cấp 1",Toán,"Hàm số, phương trình & bất phương trình",1,1,Ôn lại,36,"Hoàn thành 8 câu chuyên đề ""Hàm số, phương trình & bất phương trình"" trong khoảng 9 phút, lần lượt qua 3 chặng: khởi động → rèn luyện → bứt tốc. Đúng từ 6 câu là hoàn thành; đúng từ 7 câu được tính là thành thạo và cộng điểm lên cấp. Tinh thần cấp 1: Nhận diện dạng bài và nhớ lại công thức nền.",Nên làm sau buổi học chính ít nhất một ngày.
NV-0079,PL-TOA-ALG-L1-013,"Khởi động: Hàm số, phương trình & bất phương trình — cấp 1",Toán,"Hàm số, phương trình & bất phương trình",1,1,Khởi động,28,"Hoàn thành 8 câu chuyên đề ""Hàm số, phương trình & bất phương trình"" trong khoảng 10 phút, lần lượt qua 3 chặng: khởi động → rèn luyện → bứt tốc. Đúng từ 6 câu là hoàn thành; đúng từ 7 câu được tính là thành thạo và cộng điểm lên cấp. Tinh thần cấp 1: Nhận diện dạng bài và nhớ lại công thức nền.","Không giới hạn thời gian. Mục tiêu là làm đúng, chưa cần nhanh."
NV-0080,PL-TOA-ALG-L1-014,"Thử thách: Hàm số, phương trình & bất phương trình — cấp 1",Toán,"Hàm số, phương trình & bất phương trình",1,1,Thử thách,56,"Hoàn thành 8 câu chuyên đề ""Hàm số, phương trình & bất phương trình"" trong khoảng 8 phút, lần lượt qua 3 chặng: khởi động → rèn luyện → bứt tốc. Đúng từ 6 câu là hoàn thành; đúng từ 7 câu được tính là thành thạo và cộng điểm lên cấp. Tinh thần cấp 1: Nhận diện dạng bài và nhớ lại công thức nền.",Đạt từ 85% mới được tính là vượt thử thách.
NV-0081,PL-TOA-ALG-L1-015,"Vượt ải: Hàm số, phương trình & bất phương trình — cấp 1",Toán,"Hàm số, phương trình & bất phương trình",1,1,Vượt ải,72,"Hoàn thành 8 câu chuyên đề ""Hàm số, phương trình & bất phương trình"" trong khoảng 8 phút, lần lượt qua 3 chặng: khởi động → rèn luyện → bứt tốc. Đúng từ 6 câu là hoàn thành; đúng từ 8 câu được tính là thành thạo và cộng điểm lên cấp. Tinh thần cấp 1: Nhận diện dạng bài và nhớ lại công thức nền.",Phải đạt từ 90% để mở khóa cấp độ tiếp theo của tuyến này.
NV-0082,PL-TOA-ALG-L2-001,"Khởi động: Hàm số, phương trình & bất phương trình — cấp 2",Toán,"Hàm số, phương trình & bất phương trình",1,2,Khởi động,42,"Hoàn thành 10 câu chuyên đề ""Hàm số, phương trình & bất phương trình"" trong khoảng 15 phút, lần lượt qua 3 chặng: khởi động → rèn luyện → bứt tốc. Đúng từ 7 câu là hoàn thành; đúng từ 9 câu được tính là thành thạo và cộng điểm lên cấp. Tinh thần cấp 2: Làm đúng dạng chuẩn mà không cần nhìn gợi ý.","Không giới hạn thời gian. Mục tiêu là làm đúng, chưa cần nhanh."
NV-0083,PL-TOA-ALG-L2-002,"Rèn kỹ năng: Hàm số, phương trình & bất phương trình — cấp 2",Toán,"Hàm số, phương trình & bất phương trình",1,2,Rèn kỹ năng,60,"Hoàn thành 10 câu chuyên đề ""Hàm số, phương trình & bất phương trình"" trong khoảng 12 phút, lần lượt qua 3 chặng: khởi động → rèn luyện → bứt tốc. Đúng từ 7 câu là hoàn thành; đúng từ 9 câu được tính là thành thạo và cộng điểm lên cấp. Tinh thần cấp 2: Làm đúng dạng chuẩn mà không cần nhìn gợi ý.","Hoàn thành đủ 3 chặng trong một lượt, không rời phiếu giữa chừng."
NV-0084,PL-TOA-ALG-L2-003,"Tốc độ: Hàm số, phương trình & bất phương trình — cấp 2",Toán,"Hàm số, phương trình & bất phương trình",1,2,Tốc độ,66,"Hoàn thành 10 câu chuyên đề ""Hàm số, phương trình & bất phương trình"" trong khoảng 9 phút, lần lượt qua 3 chặng: khởi động → rèn luyện → bứt tốc. Đúng từ 7 câu là hoàn thành; đúng từ 9 câu được tính là thành thạo và cộng điểm lên cấp. Tinh thần cấp 2: Làm đúng dạng chuẩn mà không cần nhìn gợi ý.",Thời gian bị siết còn 75% mức chuẩn. Quá giờ vẫn chấm nhưng không tính thành thạo.
NV-0085,PL-TOA-ALG-L2-004,"Chính xác: Hàm số, phương trình & bất phương trình — cấp 2",Toán,"Hàm số, phương trình & bất phương trình",1,2,Chính xác,66,"Hoàn thành 10 câu chuyên đề ""Hàm số, phương trình & bất phương trình"" trong khoảng 13 phút, lần lượt qua 3 chặng: khởi động → rèn luyện → bứt tốc. Đúng từ 7 câu là hoàn thành; đúng từ 9 câu được tính là thành thạo và cộng điểm lên cấp. Tinh thần cấp 2: Làm đúng dạng chuẩn mà không cần nhìn gợi ý.",Sai quá 2 câu là phải làm lại phiếu trước khi đi tiếp.
NV-0086,PL-TOA-ALG-L2-005,"Tổng hợp: Hàm số, phương trình & bất phương trình — cấp 2",Toán,"Hàm số, phương trình & bất phương trình",1,2,Tổng hợp,69,"Hoàn thành 10 câu chuyên đề ""Hàm số, phương trình & bất phương trình"" trong khoảng 12 phút, lần lượt qua 3 chặng: khởi động → rèn luyện → bứt tốc. Đúng từ 7 câu là hoàn thành; đúng từ 9 câu được tính là thành thạo và cộng điểm lên cấp. Tinh thần cấp 2: Làm đúng dạng chuẩn mà không cần nhìn gợi ý.",Không được biết trước dạng bài của từng câu.
NV-0087,PL-TOA-ALG-L2-006,"Ôn lại: Hàm số, phương trình & bất phương trình — cấp 2",Toán,"Hàm số, phương trình & bất phương trình",1,2,Ôn lại,54,"Hoàn thành 10 câu chuyên đề ""Hàm số, phương trình & bất phương trình"" trong khoảng 13 phút, lần lượt qua 3 chặng: khởi động → rèn luyện → bứt tốc. Đúng từ 7 câu là hoàn thành; đúng từ 9 câu được tính là thành thạo và cộng điểm lên cấp. Tinh thần cấp 2: Làm đúng dạng chuẩn mà không cần nhìn gợi ý.",Nên làm sau buổi học chính ít nhất một ngày.
NV-0088,PL-TOA-ALG-L2-007,"Khởi động: Hàm số, phương trình & bất phương trình — cấp 2",Toán,"Hàm số, phương trình & bất phương trình",1,2,Khởi động,42,"Hoàn thành 10 câu chuyên đề ""Hàm số, phương trình & bất phương trình"" trong khoảng 15 phút, lần lượt qua 3 chặng: khởi động → rèn luyện → bứt tốc. Đúng từ 7 câu là hoàn thành; đúng từ 9 câu được tính là thành thạo và cộng điểm lên cấp. Tinh thần cấp 2: Làm đúng dạng chuẩn mà không cần nhìn gợi ý.","Không giới hạn thời gian. Mục tiêu là làm đúng, chưa cần nhanh."
NV-0089,PL-TOA-ALG-L2-008,"Rèn kỹ năng: Hàm số, phương trình & bất phương trình — cấp 2",Toán,"Hàm số, phương trình & bất phương trình",1,2,Rèn kỹ năng,60,"Hoàn thành 10 câu chuyên đề ""Hàm số, phương trình & bất phương trình"" trong khoảng 12 phút, lần lượt qua 3 chặng: khởi động → rèn luyện → bứt tốc. Đúng từ 7 câu là hoàn thành; đúng từ 9 câu được tính là thành thạo và cộng điểm lên cấp. Tinh thần cấp 2: Làm đúng dạng chuẩn mà không cần nhìn gợi ý.","Hoàn thành đủ 3 chặng trong một lượt, không rời phiếu giữa chừng."
NV-0090,PL-TOA-ALG-L2-009,"Tốc độ: Hàm số, phương trình & bất phương trình — cấp 2",Toán,"Hàm số, phương trình & bất phương trình",1,2,Tốc độ,66,"Hoàn thành 10 câu chuyên đề ""Hàm số, phương trình & bất phương trình"" trong khoảng 9 phút, lần lượt qua 3 chặng: khởi động → rèn luyện → bứt tốc. Đúng từ 7 câu là hoàn thành; đúng từ 9 câu được tính là thành thạo và cộng điểm lên cấp. Tinh thần cấp 2: Làm đúng dạng chuẩn mà không cần nhìn gợi ý.",Thời gian bị siết còn 75% mức chuẩn. Quá giờ vẫn chấm nhưng không tính thành thạo.
NV-0091,PL-TOA-ALG-L2-010,"Chính xác: Hàm số, phương trình & bất phương trình — cấp 2",Toán,"Hàm số, phương trình & bất phương trình",1,2,Chính xác,66,"Hoàn thành 10 câu chuyên đề ""Hàm số, phương trình & bất phương trình"" trong khoảng 13 phút, lần lượt qua 3 chặng: khởi động → rèn luyện → bứt tốc. Đúng từ 7 câu là hoàn thành; đúng từ 9 câu được tính là thành thạo và cộng điểm lên cấp. Tinh thần cấp 2: Làm đúng dạng chuẩn mà không cần nhìn gợi ý.",Sai quá 2 câu là phải làm lại phiếu trước khi đi tiếp.
NV-0092,PL-TOA-ALG-L2-011,"Tổng hợp: Hàm số, phương trình & bất phương trình — cấp 2",Toán,"Hàm số, phương trình & bất phương trình",1,2,Tổng hợp,69,"Hoàn thành 10 câu chuyên đề ""Hàm số, phương trình & bất phương trình"" trong khoảng 12 phút, lần lượt qua 3 chặng: khởi động → rèn luyện → bứt tốc. Đúng từ 7 câu là hoàn thành; đúng từ 9 câu được tính là thành thạo và cộng điểm lên cấp. Tinh thần cấp 2: Làm đúng dạng chuẩn mà không cần nhìn gợi ý.",Không được biết trước dạng bài của từng câu.
NV-0093,PL-TOA-ALG-L2-012,"Ôn lại: Hàm số, phương trình & bất phương trình — cấp 2",Toán,"Hàm số, phương trình & bất phương trình",1,2,Ôn lại,54,"Hoàn thành 10 câu chuyên đề ""Hàm số, phương trình & bất phương trình"" trong khoảng 13 phút, lần lượt qua 3 chặng: khởi động → rèn luyện → bứt tốc. Đúng từ 7 câu là hoàn thành; đúng từ 9 câu được tính là thành thạo và cộng điểm lên cấp. Tinh thần cấp 2: Làm đúng dạng chuẩn mà không cần nhìn gợi ý.",Nên làm sau buổi học chính ít nhất một ngày.
NV-0094,PL-TOA-ALG-L2-013,"Khởi động: Hàm số, phương trình & bất phương trình — cấp 2",Toán,"Hàm số, phương trình & bất phương trình",1,2,Khởi động,42,"Hoàn thành 10 câu chuyên đề ""Hàm số, phương trình & bất phương trình"" trong khoảng 15 phút, lần lượt qua 3 chặng: khởi động → rèn luyện → bứt tốc. Đúng từ 7 câu là hoàn thành; đúng từ 9 câu được tính là thành thạo và cộng điểm lên cấp. Tinh thần cấp 2: Làm đúng dạng chuẩn mà không cần nhìn gợi ý.","Không giới hạn thời gian. Mục tiêu là làm đúng, chưa cần nhanh."
NV-0095,PL-TOA-ALG-L2-014,"Rèn kỹ năng: Hàm số, phương trình & bất phương trình — cấp 2",Toán,"Hàm số, phương trình & bất phương trình",1,2,Rèn kỹ năng,60,"Hoàn thành 10 câu chuyên đề ""Hàm số, phương trình & bất phương trình"" trong khoảng 12 phút, lần lượt qua 3 chặng: khởi động → rèn luyện → bứt tốc. Đúng từ 7 câu là hoàn thành; đúng từ 9 câu được tính là thành thạo và cộng điểm lên cấp. Tinh thần cấp 2: Làm đúng dạng chuẩn mà không cần nhìn gợi ý.","Hoàn thành đủ 3 chặng trong một lượt, không rời phiếu giữa chừng."
NV-0096,PL-TOA-ALG-L2-015,"Tốc độ: Hàm số, phương trình & bất phương trình — cấp 2",Toán,"Hàm số, phương trình & bất phương trình",1,2,Tốc độ,66,"Hoàn thành 10 câu chuyên đề ""Hàm số, phương trình & bất phương trình"" trong khoảng 9 phút, lần lượt qua 3 chặng: khởi động → rèn luyện → bứt tốc. Đúng từ 7 câu là hoàn thành; đúng từ 9 câu được tính là thành thạo và cộng điểm lên cấp. Tinh thần cấp 2: Làm đúng dạng chuẩn mà không cần nhìn gợi ý.",Thời gian bị siết còn 75% mức chuẩn. Quá giờ vẫn chấm nhưng không tính thành thạo.
NV-0097,PL-TOA-ALG-L2-016,"Chính xác: Hàm số, phương trình & bất phương trình — cấp 2",Toán,"Hàm số, phương trình & bất phương trình",1,2,Chính xác,66,"Hoàn thành 10 câu chuyên đề ""Hàm số, phương trình & bất phương trình"" trong khoảng 13 phút, lần lượt qua 3 chặng: khởi động → rèn luyện → bứt tốc. Đúng từ 7 câu là hoàn thành; đúng từ 9 câu được tính là thành thạo và cộng điểm lên cấp. Tinh thần cấp 2: Làm đúng dạng chuẩn mà không cần nhìn gợi ý.",Sai quá 2 câu là phải làm lại phiếu trước khi đi tiếp.
NV-0098,PL-TOA-ALG-L2-017,"Tổng hợp: Hàm số, phương trình & bất phương trình — cấp 2",Toán,"Hàm số, phương trình & bất phương trình",1,2,Tổng hợp,69,"Hoàn thành 10 câu chuyên đề ""Hàm số, phương trình & bất phương trình"" trong khoảng 12 phút, lần lượt qua 3 chặng: khởi động → rèn luyện → bứt tốc. Đúng từ 7 câu là hoàn thành; đúng từ 9 câu được tính là thành thạo và cộng điểm lên cấp. Tinh thần cấp 2: Làm đúng dạng chuẩn mà không cần nhìn gợi ý.",Không được biết trước dạng bài của từng câu.
NV-0099,PL-TOA-ALG-L2-018,"Thử thách: Hàm số, phương trình & bất phương trình — cấp 2",Toán,"Hàm số, phương trình & bất phương trình",1,2,Thử thách,84,"Hoàn thành 10 câu chuyên đề ""Hàm số, phương trình & bất phương trình"" trong khoảng 12 phút, lần lượt qua 3 chặng: khởi động → rèn luyện → bứt tốc. Đúng từ 7 câu là hoàn thành; đúng từ 9 câu được tính là thành thạo và cộng điểm lên cấp. Tinh thần cấp 2: Làm đúng dạng chuẩn mà không cần nhìn gợi ý.",Đạt từ 85% mới được tính là vượt thử thách.
NV-0100,PL-TOA-ALG-L2-019,"Vượt ải: Hàm số, phương trình & bất phương trình — cấp 2",Toán,"Hàm số, phương trình & bất phương trình",1,2,Vượt ải,108,"Hoàn thành 10 câu chuyên đề ""Hàm số, phương trình & bất phương trình"" trong khoảng 11 phút, lần lượt qua 3 chặng: khởi động → rèn luyện → bứt tốc. Đúng từ 7 câu là hoàn thành; đúng từ 9 câu được tính là thành thạo và cộng điểm lên cấp. Tinh thần cấp 2: Làm đúng dạng chuẩn mà không cần nhìn gợi ý.",Phải đạt từ 90% để mở khóa cấp độ tiếp theo của tuyến này.
NV-0101,PL-TOA-ALG-L3-001,"Khởi động: Hàm số, phương trình & bất phương trình — cấp 3",Toán,"Hàm số, phương trình & bất phương trình",2,3,Khởi động,63,"Hoàn thành 12 câu chuyên đề ""Hàm số, phương trình & bất phương trình"" trong khoảng 19 phút, lần lượt qua 3 chặng: khởi động → rèn luyện → bứt tốc. Đúng từ 9 câu là hoàn thành; đúng từ 11 câu được tính là thành thạo và cộng điểm lên cấp. Tinh thần cấp 3: Ghép nhiều bước và tránh các bẫy quen thuộc.","Không giới hạn thời gian. Mục tiêu là làm đúng, chưa cần nhanh."
NV-0102,PL-TOA-ALG-L3-002,"Rèn kỹ năng: Hàm số, phương trình & bất phương trình — cấp 3",Toán,"Hàm số, phương trình & bất phương trình",2,3,Rèn kỹ năng,90,"Hoàn thành 12 câu chuyên đề ""Hàm số, phương trình & bất phương trình"" trong khoảng 15 phút, lần lượt qua 3 chặng: khởi động → rèn luyện → bứt tốc. Đúng từ 9 câu là hoàn thành; đúng từ 11 câu được tính là thành thạo và cộng điểm lên cấp. Tinh thần cấp 3: Ghép nhiều bước và tránh các bẫy quen thuộc.","Hoàn thành đủ 3 chặng trong một lượt, không rời phiếu giữa chừng."
NV-0103,PL-TOA-ALG-L3-003,"Tốc độ: Hàm số, phương trình & bất phương trình — cấp 3",Toán,"Hàm số, phương trình & bất phương trình",2,3,Tốc độ,99,"Hoàn thành 12 câu chuyên đề ""Hàm số, phương trình & bất phương trình"" trong khoảng 11 phút, lần lượt qua 3 chặng: khởi động → rèn luyện → bứt tốc. Đúng từ 9 câu là hoàn thành; đúng từ 11 câu được tính là thành thạo và cộng điểm lên cấp. Tinh thần cấp 3: Ghép nhiều bước và tránh các bẫy quen thuộc.",Thời gian bị siết còn 75% mức chuẩn. Quá giờ vẫn chấm nhưng không tính thành thạo.
NV-0104,PL-TOA-ALG-L3-004,"Chính xác: Hàm số, phương trình & bất phương trình — cấp 3",Toán,"Hàm số, phương trình & bất phương trình",2,3,Chính xác,99,"Hoàn thành 12 câu chuyên đề ""Hàm số, phương trình & bất phương trình"" trong khoảng 17 phút, lần lượt qua 3 chặng: khởi động → rèn luyện → bứt tốc. Đúng từ 9 câu là hoàn thành; đúng từ 11 câu được tính là thành thạo và cộng điểm lên cấp. Tinh thần cấp 3: Ghép nhiều bước và tránh các bẫy quen thuộc.",Sai quá 2 câu là phải làm lại phiếu trước khi đi tiếp.
NV-0105,PL-TOA-ALG-L3-005,"Tổng hợp: Hàm số, phương trình & bất phương trình — cấp 3",Toán,"Hàm số, phương trình & bất phương trình",2,3,Tổng hợp,103,"Hoàn thành 12 câu chuyên đề ""Hàm số, phương trình & bất phương trình"" trong khoảng 15 phút, lần lượt qua 3 chặng: khởi động → rèn luyện → bứt tốc. Đúng từ 9 câu là hoàn thành; đúng từ 11 câu được tính là thành thạo và cộng điểm lên cấp. Tinh thần cấp 3: Ghép nhiều bước và tránh các bẫy quen thuộc.",Không được biết trước dạng bài của từng câu.
NV-0106,PL-TOA-ALG-L3-006,"Ôn lại: Hàm số, phương trình & bất phương trình — cấp 3",Toán,"Hàm số, phương trình & bất phương trình",2,3,Ôn lại,81,"Hoàn thành 12 câu chuyên đề ""Hàm số, phương trình & bất phương trình"" trong khoảng 17 phút, lần lượt qua 3 chặng: khởi động → rèn luyện → bứt tốc. Đúng từ 9 câu là hoàn thành; đúng từ 11 câu được tính là thành thạo và cộng điểm lên cấp. Tinh thần cấp 3: Ghép nhiều bước và tránh các bẫy quen thuộc.",Nên làm sau buổi học chính ít nhất một ngày.
NV-0107,PL-TOA-ALG-L3-007,"Khởi động: Hàm số, phương trình & bất phương trình — cấp 3",Toán,"Hàm số, phương trình & bất phương trình",2,3,Khởi động,63,"Hoàn thành 12 câu chuyên đề ""Hàm số, phương trình & bất phương trình"" trong khoảng 19 phút, lần lượt qua 3 chặng: khởi động → rèn luyện → bứt tốc. Đúng từ 9 câu là hoàn thành; đúng từ 11 câu được tính là thành thạo và cộng điểm lên cấp. Tinh thần cấp 3: Ghép nhiều bước và tránh các bẫy quen thuộc.","Không giới hạn thời gian. Mục tiêu là làm đúng, chưa cần nhanh."
NV-0108,PL-TOA-ALG-L3-008,"Rèn kỹ năng: Hàm số, phương trình & bất phương trình — cấp 3",Toán,"Hàm số, phương trình & bất phương trình",2,3,Rèn kỹ năng,90,"Hoàn thành 12 câu chuyên đề ""Hàm số, phương trình & bất phương trình"" trong khoảng 15 phút, lần lượt qua 3 chặng: khởi động → rèn luyện → bứt tốc. Đúng từ 9 câu là hoàn thành; đúng từ 11 câu được tính là thành thạo và cộng điểm lên cấp. Tinh thần cấp 3: Ghép nhiều bước và tránh các bẫy quen thuộc.","Hoàn thành đủ 3 chặng trong một lượt, không rời phiếu giữa chừng."
NV-0109,PL-TOA-ALG-L3-009,"Tốc độ: Hàm số, phương trình & bất phương trình — cấp 3",Toán,"Hàm số, phương trình & bất phương trình",2,3,Tốc độ,99,"Hoàn thành 12 câu chuyên đề ""Hàm số, phương trình & bất phương trình"" trong khoảng 11 phút, lần lượt qua 3 chặng: khởi động → rèn luyện → bứt tốc. Đúng từ 9 câu là hoàn thành; đúng từ 11 câu được tính là thành thạo và cộng điểm lên cấp. Tinh thần cấp 3: Ghép nhiều bước và tránh các bẫy quen thuộc.",Thời gian bị siết còn 75% mức chuẩn. Quá giờ vẫn chấm nhưng không tính thành thạo.
NV-0110,PL-TOA-ALG-L3-010,"Chính xác: Hàm số, phương trình & bất phương trình — cấp 3",Toán,"Hàm số, phương trình & bất phương trình",2,3,Chính xác,99,"Hoàn thành 12 câu chuyên đề ""Hàm số, phương trình & bất phương trình"" trong khoảng 17 phút, lần lượt qua 3 chặng: khởi động → rèn luyện → bứt tốc. Đúng từ 9 câu là hoàn thành; đúng từ 11 câu được tính là thành thạo và cộng điểm lên cấp. Tinh thần cấp 3: Ghép nhiều bước và tránh các bẫy quen thuộc.",Sai quá 2 câu là phải làm lại phiếu trước khi đi tiếp.
NV-0111,PL-TOA-ALG-L3-011,"Tổng hợp: Hàm số, phương trình & bất phương trình — cấp 3",Toán,"Hàm số, phương trình & bất phương trình",2,3,Tổng hợp,103,"Hoàn thành 12 câu chuyên đề ""Hàm số, phương trình & bất phương trình"" trong khoảng 15 phút, lần lượt qua 3 chặng: khởi động → rèn luyện → bứt tốc. Đúng từ 9 câu là hoàn thành; đúng từ 11 câu được tính là thành thạo và cộng điểm lên cấp. Tinh thần cấp 3: Ghép nhiều bước và tránh các bẫy quen thuộc.",Không được biết trước dạng bài của từng câu.
NV-0112,PL-TOA-ALG-L3-012,"Ôn lại: Hàm số, phương trình & bất phương trình — cấp 3",Toán,"Hàm số, phương trình & bất phương trình",2,3,Ôn lại,81,"Hoàn thành 12 câu chuyên đề ""Hàm số, phương trình & bất phương trình"" trong khoảng 17 phút, lần lượt qua 3 chặng: khởi động → rèn luyện → bứt tốc. Đúng từ 9 câu là hoàn thành; đúng từ 11 câu được tính là thành thạo và cộng điểm lên cấp. Tinh thần cấp 3: Ghép nhiều bước và tránh các bẫy quen thuộc.",Nên làm sau buổi học chính ít nhất một ngày.
NV-0113,PL-TOA-ALG-L3-013,"Khởi động: Hàm số, phương trình & bất phương trình — cấp 3",Toán,"Hàm số, phương trình & bất phương trình",2,3,Khởi động,63,"Hoàn thành 12 câu chuyên đề ""Hàm số, phương trình & bất phương trình"" trong khoảng 19 phút, lần lượt qua 3 chặng: khởi động → rèn luyện → bứt tốc. Đúng từ 9 câu là hoàn thành; đúng từ 11 câu được tính là thành thạo và cộng điểm lên cấp. Tinh thần cấp 3: Ghép nhiều bước và tránh các bẫy quen thuộc.","Không giới hạn thời gian. Mục tiêu là làm đúng, chưa cần nhanh."
NV-0114,PL-TOA-ALG-L3-014,"Rèn kỹ năng: Hàm số, phương trình & bất phương trình — cấp 3",Toán,"Hàm số, phương trình & bất phương trình",2,3,Rèn kỹ năng,90,"Hoàn thành 12 câu chuyên đề ""Hàm số, phương trình & bất phương trình"" trong khoảng 15 phút, lần lượt qua 3 chặng: khởi động → rèn luyện → bứt tốc. Đúng từ 9 câu là hoàn thành; đúng từ 11 câu được tính là thành thạo và cộng điểm lên cấp. Tinh thần cấp 3: Ghép nhiều bước và tránh các bẫy quen thuộc.","Hoàn thành đủ 3 chặng trong một lượt, không rời phiếu giữa chừng."
NV-0115,PL-TOA-ALG-L3-015,"Tốc độ: Hàm số, phương trình & bất phương trình — cấp 3",Toán,"Hàm số, phương trình & bất phương trình",2,3,Tốc độ,99,"Hoàn thành 12 câu chuyên đề ""Hàm số, phương trình & bất phương trình"" trong khoảng 11 phút, lần lượt qua 3 chặng: khởi động → rèn luyện → bứt tốc. Đúng từ 9 câu là hoàn thành; đúng từ 11 câu được tính là thành thạo và cộng điểm lên cấp. Tinh thần cấp 3: Ghép nhiều bước và tránh các bẫy quen thuộc.",Thời gian bị siết còn 75% mức chuẩn. Quá giờ vẫn chấm nhưng không tính thành thạo.
NV-0116,PL-TOA-ALG-L3-016,"Chính xác: Hàm số, phương trình & bất phương trình — cấp 3",Toán,"Hàm số, phương trình & bất phương trình",2,3,Chính xác,99,"Hoàn thành 12 câu chuyên đề ""Hàm số, phương trình & bất phương trình"" trong khoảng 17 phút, lần lượt qua 3 chặng: khởi động → rèn luyện → bứt tốc. Đúng từ 9 câu là hoàn thành; đúng từ 11 câu được tính là thành thạo và cộng điểm lên cấp. Tinh thần cấp 3: Ghép nhiều bước và tránh các bẫy quen thuộc.",Sai quá 2 câu là phải làm lại phiếu trước khi đi tiếp.
NV-0117,PL-TOA-ALG-L3-017,"Tổng hợp: Hàm số, phương trình & bất phương trình — cấp 3",Toán,"Hàm số, phương trình & bất phương trình",2,3,Tổng hợp,103,"Hoàn thành 12 câu chuyên đề ""Hàm số, phương trình & bất phương trình"" trong khoảng 15 phút, lần lượt qua 3 chặng: khởi động → rèn luyện → bứt tốc. Đúng từ 9 câu là hoàn thành; đúng từ 11 câu được tính là thành thạo và cộng điểm lên cấp. Tinh thần cấp 3: Ghép nhiều bước và tránh các bẫy quen thuộc.",Không được biết trước dạng bài của từng câu.
NV-0118,PL-TOA-ALG-L3-018,"Ôn lại: Hàm số, phương trình & bất phương trình — cấp 3",Toán,"Hàm số, phương trình & bất phương trình",2,3,Ôn lại,81,"Hoàn thành 12 câu chuyên đề ""Hàm số, phương trình & bất phương trình"" trong khoảng 17 phút, lần lượt qua 3 chặng: khởi động → rèn luyện → bứt tốc. Đúng từ 9 câu là hoàn thành; đúng từ 11 câu được tính là thành thạo và cộng điểm lên cấp. Tinh thần cấp 3: Ghép nhiều bước và tránh các bẫy quen thuộc.",Nên làm sau buổi học chính ít nhất một ngày.
NV-0119,PL-TOA-ALG-L3-019,"Khởi động: Hàm số, phương trình & bất phương trình — cấp 3",Toán,"Hàm số, phương trình & bất phương trình",2,3,Khởi động,63,"Hoàn thành 12 câu chuyên đề ""Hàm số, phương trình & bất phương trình"" trong khoảng 19 phút, lần lượt qua 3 chặng: khởi động → rèn luyện → bứt tốc. Đúng từ 9 câu là hoàn thành; đúng từ 11 câu được tính là thành thạo và cộng điểm lên cấp. Tinh thần cấp 3: Ghép nhiều bước và tránh các bẫy quen thuộc.","Không giới hạn thời gian. Mục tiêu là làm đúng, chưa cần nhanh."
NV-0120,PL-TOA-ALG-L3-020,"Thử thách: Hàm số, phương trình & bất phương trình — cấp 3",Toán,"Hàm số, phương trình & bất phương trình",2,3,Thử thách,126,"Hoàn thành 12 câu chuyên đề ""Hàm số, phương trình & bất phương trình"" trong khoảng 15 phút, lần lượt qua 3 chặng: khởi động → rèn luyện → bứt tốc. Đúng từ 9 câu là hoàn thành; đúng từ 11 câu được tính là thành thạo và cộng điểm lên cấp. Tinh thần cấp 3: Ghép nhiều bước và tránh các bẫy quen thuộc.",Đạt từ 85% mới được tính là vượt thử thách.
NV-0121,PL-TOA-ALG-L3-021,"Vượt ải: Hàm số, phương trình & bất phương trình — cấp 3",Toán,"Hàm số, phương trình & bất phương trình",2,3,Vượt ải,162,"Hoàn thành 12 câu chuyên đề ""Hàm số, phương trình & bất phương trình"" trong khoảng 14 phút, lần lượt qua 3 chặng: khởi động → rèn luyện → bứt tốc. Đúng từ 9 câu là hoàn thành; đúng từ 11 câu được tính là thành thạo và cộng điểm lên cấp. Tinh thần cấp 3: Ghép nhiều bước và tránh các bẫy quen thuộc.",Phải đạt từ 90% để mở khóa cấp độ tiếp theo của tuyến này.
NV-0122,PL-TOA-ALG-L4-001,"Khởi động: Hàm số, phương trình & bất phương trình — cấp 4",Toán,"Hàm số, phương trình & bất phương trình",2,4,Khởi động,84,"Hoàn thành 12 câu chuyên đề ""Hàm số, phương trình & bất phương trình"" trong khoảng 16 phút, lần lượt qua 3 chặng: khởi động → rèn luyện → bứt tốc. Đúng từ 9 câu là hoàn thành; đúng từ 11 câu được tính là thành thạo và cộng điểm lên cấp. Tinh thần cấp 4: Giữ độ chính xác khi thời gian bắt đầu siết lại.","Không giới hạn thời gian. Mục tiêu là làm đúng, chưa cần nhanh."
NV-0123,PL-TOA-ALG-L4-002,"Rèn kỹ năng: Hàm số, phương trình & bất phương trình — cấp 4",Toán,"Hàm số, phương trình & bất phương trình",2,4,Rèn kỹ năng,120,"Hoàn thành 12 câu chuyên đề ""Hàm số, phương trình & bất phương trình"" trong khoảng 13 phút, lần lượt qua 3 chặng: khởi động → rèn luyện → bứt tốc. Đúng từ 9 câu là hoàn thành; đúng từ 11 câu được tính là thành thạo và cộng điểm lên cấp. Tinh thần cấp 4: Giữ độ chính xác khi thời gian bắt đầu siết lại.","Hoàn thành đủ 3 chặng trong một lượt, không rời phiếu giữa chừng."
NV-0124,PL-TOA-ALG-L4-003,"Tốc độ: Hàm số, phương trình & bất phương trình — cấp 4",Toán,"Hàm số, phương trình & bất phương trình",2,4,Tốc độ,132,"Hoàn thành 12 câu chuyên đề ""Hàm số, phương trình & bất phương trình"" trong khoảng 10 phút, lần lượt qua 3 chặng: khởi động → rèn luyện → bứt tốc. Đúng từ 9 câu là hoàn thành; đúng từ 11 câu được tính là thành thạo và cộng điểm lên cấp. Tinh thần cấp 4: Giữ độ chính xác khi thời gian bắt đầu siết lại.",Thời gian bị siết còn 75% mức chuẩn. Quá giờ vẫn chấm nhưng không tính thành thạo.
NV-0125,PL-TOA-ALG-L4-004,"Chính xác: Hàm số, phương trình & bất phương trình — cấp 4",Toán,"Hàm số, phương trình & bất phương trình",2,4,Chính xác,132,"Hoàn thành 12 câu chuyên đề ""Hàm số, phương trình & bất phương trình"" trong khoảng 15 phút, lần lượt qua 3 chặng: khởi động → rèn luyện → bứt tốc. Đúng từ 9 câu là hoàn thành; đúng từ 11 câu được tính là thành thạo và cộng điểm lên cấp. Tinh thần cấp 4: Giữ độ chính xác khi thời gian bắt đầu siết lại.",Sai quá 2 câu là phải làm lại phiếu trước khi đi tiếp.
NV-0126,PL-TOA-ALG-L4-005,"Tổng hợp: Hàm số, phương trình & bất phương trình — cấp 4",Toán,"Hàm số, phương trình & bất phương trình",2,4,Tổng hợp,138,"Hoàn thành 12 câu chuyên đề ""Hàm số, phương trình & bất phương trình"" trong khoảng 13 phút, lần lượt qua 3 chặng: khởi động → rèn luyện → bứt tốc. Đúng từ 9 câu là hoàn thành; đúng từ 11 câu được tính là thành thạo và cộng điểm lên cấp. Tinh thần cấp 4: Giữ độ chính xác khi thời gian bắt đầu siết lại.",Không được biết trước dạng bài của từng câu.
NV-0127,PL-TOA-ALG-L4-006,"Ôn lại: Hàm số, phương trình & bất phương trình — cấp 4",Toán,"Hàm số, phương trình & bất phương trình",2,4,Ôn lại,108,"Hoàn thành 12 câu chuyên đề ""Hàm số, phương trình & bất phương trình"" trong khoảng 14 phút, lần lượt qua 3 chặng: khởi động → rèn luyện → bứt tốc. Đúng từ 9 câu là hoàn thành; đúng từ 11 câu được tính là thành thạo và cộng điểm lên cấp. Tinh thần cấp 4: Giữ độ chính xác khi thời gian bắt đầu siết lại.",Nên làm sau buổi học chính ít nhất một ngày.
NV-0128,PL-TOA-ALG-L4-007,"Khởi động: Hàm số, phương trình & bất phương trình — cấp 4",Toán,"Hàm số, phương trình & bất phương trình",2,4,Khởi động,84,"Hoàn thành 12 câu chuyên đề ""Hàm số, phương trình & bất phương trình"" trong khoảng 16 phút, lần lượt qua 3 chặng: khởi động → rèn luyện → bứt tốc. Đúng từ 9 câu là hoàn thành; đúng từ 11 câu được tính là thành thạo và cộng điểm lên cấp. Tinh thần cấp 4: Giữ độ chính xác khi thời gian bắt đầu siết lại.","Không giới hạn thời gian. Mục tiêu là làm đúng, chưa cần nhanh."
NV-0129,PL-TOA-ALG-L4-008,"Rèn kỹ năng: Hàm số, phương trình & bất phương trình — cấp 4",Toán,"Hàm số, phương trình & bất phương trình",2,4,Rèn kỹ năng,120,"Hoàn thành 12 câu chuyên đề ""Hàm số, phương trình & bất phương trình"" trong khoảng 13 phút, lần lượt qua 3 chặng: khởi động → rèn luyện → bứt tốc. Đúng từ 9 câu là hoàn thành; đúng từ 11 câu được tính là thành thạo và cộng điểm lên cấp. Tinh thần cấp 4: Giữ độ chính xác khi thời gian bắt đầu siết lại.","Hoàn thành đủ 3 chặng trong một lượt, không rời phiếu giữa chừng."
NV-0130,PL-TOA-ALG-L4-009,"Tốc độ: Hàm số, phương trình & bất phương trình — cấp 4",Toán,"Hàm số, phương trình & bất phương trình",2,4,Tốc độ,132,"Hoàn thành 12 câu chuyên đề ""Hàm số, phương trình & bất phương trình"" trong khoảng 10 phút, lần lượt qua 3 chặng: khởi động → rèn luyện → bứt tốc. Đúng từ 9 câu là hoàn thành; đúng từ 11 câu được tính là thành thạo và cộng điểm lên cấp. Tinh thần cấp 4: Giữ độ chính xác khi thời gian bắt đầu siết lại.",Thời gian bị siết còn 75% mức chuẩn. Quá giờ vẫn chấm nhưng không tính thành thạo.
NV-0131,PL-TOA-ALG-L4-010,"Chính xác: Hàm số, phương trình & bất phương trình — cấp 4",Toán,"Hàm số, phương trình & bất phương trình",2,4,Chính xác,132,"Hoàn thành 12 câu chuyên đề ""Hàm số, phương trình & bất phương trình"" trong khoảng 15 phút, lần lượt qua 3 chặng: khởi động → rèn luyện → bứt tốc. Đúng từ 9 câu là hoàn thành; đúng từ 11 câu được tính là thành thạo và cộng điểm lên cấp. Tinh thần cấp 4: Giữ độ chính xác khi thời gian bắt đầu siết lại.",Sai quá 2 câu là phải làm lại phiếu trước khi đi tiếp.
NV-0132,PL-TOA-ALG-L4-011,"Tổng hợp: Hàm số, phương trình & bất phương trình — cấp 4",Toán,"Hàm số, phương trình & bất phương trình",2,4,Tổng hợp,138,"Hoàn thành 12 câu chuyên đề ""Hàm số, phương trình & bất phương trình"" trong khoảng 13 phút, lần lượt qua 3 chặng: khởi động → rèn luyện → bứt tốc. Đúng từ 9 câu là hoàn thành; đúng từ 11 câu được tính là thành thạo và cộng điểm lên cấp. Tinh thần cấp 4: Giữ độ chính xác khi thời gian bắt đầu siết lại.",Không được biết trước dạng bài của từng câu.
NV-0133,PL-TOA-ALG-L4-012,"Ôn lại: Hàm số, phương trình & bất phương trình — cấp 4",Toán,"Hàm số, phương trình & bất phương trình",2,4,Ôn lại,108,"Hoàn thành 12 câu chuyên đề ""Hàm số, phương trình & bất phương trình"" trong khoảng 14 phút, lần lượt qua 3 chặng: khởi động → rèn luyện → bứt tốc. Đúng từ 9 câu là hoàn thành; đúng từ 11 câu được tính là thành thạo và cộng điểm lên cấp. Tinh thần cấp 4: Giữ độ chính xác khi thời gian bắt đầu siết lại.",Nên làm sau buổi học chính ít nhất một ngày.
NV-0134,PL-TOA-ALG-L4-013,"Khởi động: Hàm số, phương trình & bất phương trình — cấp 4",Toán,"Hàm số, phương trình & bất phương trình",2,4,Khởi động,84,"Hoàn thành 12 câu chuyên đề ""Hàm số, phương trình & bất phương trình"" trong khoảng 16 phút, lần lượt qua 3 chặng: khởi động → rèn luyện → bứt tốc. Đúng từ 9 câu là hoàn thành; đúng từ 11 câu được tính là thành thạo và cộng điểm lên cấp. Tinh thần cấp 4: Giữ độ chính xác khi thời gian bắt đầu siết lại.","Không giới hạn thời gian. Mục tiêu là làm đúng, chưa cần nhanh."
NV-0135,PL-TOA-ALG-L4-014,"Rèn kỹ năng: Hàm số, phương trình & bất phương trình — cấp 4",Toán,"Hàm số, phương trình & bất phương trình",2,4,Rèn kỹ năng,120,"Hoàn thành 12 câu chuyên đề ""Hàm số, phương trình & bất phương trình"" trong khoảng 13 phút, lần lượt qua 3 chặng: khởi động → rèn luyện → bứt tốc. Đúng từ 9 câu là hoàn thành; đúng từ 11 câu được tính là thành thạo và cộng điểm lên cấp. Tinh thần cấp 4: Giữ độ chính xác khi thời gian bắt đầu siết lại.","Hoàn thành đủ 3 chặng trong một lượt, không rời phiếu giữa chừng."
NV-0136,PL-TOA-ALG-L4-015,"Tốc độ: Hàm số, phương trình & bất phương trình — cấp 4",Toán,"Hàm số, phương trình & bất phương trình",2,4,Tốc độ,132,"Hoàn thành 12 câu chuyên đề ""Hàm số, phương trình & bất phương trình"" trong khoảng 10 phút, lần lượt qua 3 chặng: khởi động → rèn luyện → bứt tốc. Đúng từ 9 câu là hoàn thành; đúng từ 11 câu được tính là thành thạo và cộng điểm lên cấp. Tinh thần cấp 4: Giữ độ chính xác khi thời gian bắt đầu siết lại.",Thời gian bị siết còn 75% mức chuẩn. Quá giờ vẫn chấm nhưng không tính thành thạo.
NV-0137,PL-TOA-ALG-L4-016,"Chính xác: Hàm số, phương trình & bất phương trình — cấp 4",Toán,"Hàm số, phương trình & bất phương trình",2,4,Chính xác,132,"Hoàn thành 12 câu chuyên đề ""Hàm số, phương trình & bất phương trình"" trong khoảng 15 phút, lần lượt qua 3 chặng: khởi động → rèn luyện → bứt tốc. Đúng từ 9 câu là hoàn thành; đúng từ 11 câu được tính là thành thạo và cộng điểm lên cấp. Tinh thần cấp 4: Giữ độ chính xác khi thời gian bắt đầu siết lại.",Sai quá 2 câu là phải làm lại phiếu trước khi đi tiếp.
NV-0138,PL-TOA-ALG-L4-017,"Tổng hợp: Hàm số, phương trình & bất phương trình — cấp 4",Toán,"Hàm số, phương trình & bất phương trình",2,4,Tổng hợp,138,"Hoàn thành 12 câu chuyên đề ""Hàm số, phương trình & bất phương trình"" trong khoảng 13 phút, lần lượt qua 3 chặng: khởi động → rèn luyện → bứt tốc. Đúng từ 9 câu là hoàn thành; đúng từ 11 câu được tính là thành thạo và cộng điểm lên cấp. Tinh thần cấp 4: Giữ độ chính xác khi thời gian bắt đầu siết lại.",Không được biết trước dạng bài của từng câu.
NV-0139,PL-TOA-ALG-L4-018,"Ôn lại: Hàm số, phương trình & bất phương trình — cấp 4",Toán,"Hàm số, phương trình & bất phương trình",2,4,Ôn lại,108,"Hoàn thành 12 câu chuyên đề ""Hàm số, phương trình & bất phương trình"" trong khoảng 14 phút, lần lượt qua 3 chặng: khởi động → rèn luyện → bứt tốc. Đúng từ 9 câu là hoàn thành; đúng từ 11 câu được tính là thành thạo và cộng điểm lên cấp. Tinh thần cấp 4: Giữ độ chính xác khi thời gian bắt đầu siết lại.",Nên làm sau buổi học chính ít nhất một ngày.
NV-0140,PL-TOA-ALG-L4-019,"Khởi động: Hàm số, phương trình & bất phương trình — cấp 4",Toán,"Hàm số, phương trình & bất phương trình",2,4,Khởi động,84,"Hoàn thành 12 câu chuyên đề ""Hàm số, phương trình & bất phương trình"" trong khoảng 16 phút, lần lượt qua 3 chặng: khởi động → rèn luyện → bứt tốc. Đúng từ 9 câu là hoàn thành; đúng từ 11 câu được tính là thành thạo và cộng điểm lên cấp. Tinh thần cấp 4: Giữ độ chính xác khi thời gian bắt đầu siết lại.","Không giới hạn thời gian. Mục tiêu là làm đúng, chưa cần nhanh."
NV-0141,PL-TOA-ALG-L4-020,"Thử thách: Hàm số, phương trình & bất phương trình — cấp 4",Toán,"Hàm số, phương trình & bất phương trình",2,4,Thử thách,168,"Hoàn thành 12 câu chuyên đề ""Hàm số, phương trình & bất phương trình"" trong khoảng 13 phút, lần lượt qua 3 chặng: khởi động → rèn luyện → bứt tốc. Đúng từ 9 câu là hoàn thành; đúng từ 11 câu được tính là thành thạo và cộng điểm lên cấp. Tinh thần cấp 4: Giữ độ chính xác khi thời gian bắt đầu siết lại.",Đạt từ 85% mới được tính là vượt thử thách.
NV-0142,PL-TOA-ALG-L4-021,"Vượt ải: Hàm số, phương trình & bất phương trình — cấp 4",Toán,"Hàm số, phương trình & bất phương trình",2,4,Vượt ải,216,"Hoàn thành 12 câu chuyên đề ""Hàm số, phương trình & bất phương trình"" trong khoảng 12 phút, lần lượt qua 3 chặng: khởi động → rèn luyện → bứt tốc. Đúng từ 9 câu là hoàn thành; đúng từ 11 câu được tính là thành thạo và cộng điểm lên cấp. Tinh thần cấp 4: Giữ độ chính xác khi thời gian bắt đầu siết lại.",Phải đạt từ 90% để mở khóa cấp độ tiếp theo của tuyến này.
NV-0143,PL-TOA-ALG-L5-001,"Khởi động: Hàm số, phương trình & bất phương trình — cấp 5",Toán,"Hàm số, phương trình & bất phương trình",3,5,Khởi động,112,"Hoàn thành 14 câu chuyên đề ""Hàm số, phương trình & bất phương trình"" trong khoảng 20 phút, lần lượt qua 3 chặng: khởi động → rèn luyện → bứt tốc. Đúng từ 10 câu là hoàn thành; đúng từ 12 câu được tính là thành thạo và cộng điểm lên cấp. Tinh thần cấp 5: Xử lý câu phân loại mà không mất nhịp.","Không giới hạn thời gian. Mục tiêu là làm đúng, chưa cần nhanh."
NV-0144,PL-TOA-ALG-L5-002,"Rèn kỹ năng: Hàm số, phương trình & bất phương trình — cấp 5",Toán,"Hàm số, phương trình & bất phương trình",3,5,Rèn kỹ năng,160,"Hoàn thành 14 câu chuyên đề ""Hàm số, phương trình & bất phương trình"" trong khoảng 16 phút, lần lượt qua 3 chặng: khởi động → rèn luyện → bứt tốc. Đúng từ 10 câu là hoàn thành; đúng từ 12 câu được tính là thành thạo và cộng điểm lên cấp. Tinh thần cấp 5: Xử lý câu phân loại mà không mất nhịp.","Hoàn thành đủ 3 chặng trong một lượt, không rời phiếu giữa chừng."
NV-0145,PL-TOA-ALG-L5-003,"Tốc độ: Hàm số, phương trình & bất phương trình — cấp 5",Toán,"Hàm số, phương trình & bất phương trình",3,5,Tốc độ,176,"Hoàn thành 14 câu chuyên đề ""Hàm số, phương trình & bất phương trình"" trong khoảng 12 phút, lần lượt qua 3 chặng: khởi động → rèn luyện → bứt tốc. Đúng từ 10 câu là hoàn thành; đúng từ 12 câu được tính là thành thạo và cộng điểm lên cấp. Tinh thần cấp 5: Xử lý câu phân loại mà không mất nhịp.",Thời gian bị siết còn 75% mức chuẩn. Quá giờ vẫn chấm nhưng không tính thành thạo.
NV-0146,PL-TOA-ALG-L5-004,"Chính xác: Hàm số, phương trình & bất phương trình — cấp 5",Toán,"Hàm số, phương trình & bất phương trình",3,5,Chính xác,176,"Hoàn thành 14 câu chuyên đề ""Hàm số, phương trình & bất phương trình"" trong khoảng 19 phút, lần lượt qua 3 chặng: khởi động → rèn luyện → bứt tốc. Đúng từ 10 câu là hoàn thành; đúng từ 12 câu được tính là thành thạo và cộng điểm lên cấp. Tinh thần cấp 5: Xử lý câu phân loại mà không mất nhịp.",Sai quá 2 câu là phải làm lại phiếu trước khi đi tiếp.
NV-0147,PL-TOA-ALG-L5-005,"Tổng hợp: Hàm số, phương trình & bất phương trình — cấp 5",Toán,"Hàm số, phương trình & bất phương trình",3,5,Tổng hợp,184,"Hoàn thành 14 câu chuyên đề ""Hàm số, phương trình & bất phương trình"" trong khoảng 16 phút, lần lượt qua 3 chặng: khởi động → rèn luyện → bứt tốc. Đúng từ 10 câu là hoàn thành; đúng từ 12 câu được tính là thành thạo và cộng điểm lên cấp. Tinh thần cấp 5: Xử lý câu phân loại mà không mất nhịp.",Không được biết trước dạng bài của từng câu.
NV-0148,PL-TOA-ALG-L5-006,"Ôn lại: Hàm số, phương trình & bất phương trình — cấp 5",Toán,"Hàm số, phương trình & bất phương trình",3,5,Ôn lại,144,"Hoàn thành 14 câu chuyên đề ""Hàm số, phương trình & bất phương trình"" trong khoảng 18 phút, lần lượt qua 3 chặng: khởi động → rèn luyện → bứt tốc. Đúng từ 10 câu là hoàn thành; đúng từ 12 câu được tính là thành thạo và cộng điểm lên cấp. Tinh thần cấp 5: Xử lý câu phân loại mà không mất nhịp.",Nên làm sau buổi học chính ít nhất một ngày.
NV-0149,PL-TOA-ALG-L5-007,"Khởi động: Hàm số, phương trình & bất phương trình — cấp 5",Toán,"Hàm số, phương trình & bất phương trình",3,5,Khởi động,112,"Hoàn thành 14 câu chuyên đề ""Hàm số, phương trình & bất phương trình"" trong khoảng 20 phút, lần lượt qua 3 chặng: khởi động → rèn luyện → bứt tốc. Đúng từ 10 câu là hoàn thành; đúng từ 12 câu được tính là thành thạo và cộng điểm lên cấp. Tinh thần cấp 5: Xử lý câu phân loại mà không mất nhịp.","Không giới hạn thời gian. Mục tiêu là làm đúng, chưa cần nhanh."
NV-0150,PL-TOA-ALG-L5-008,"Rèn kỹ năng: Hàm số, phương trình & bất phương trình — cấp 5",Toán,"Hàm số, phương trình & bất phương trình",3,5,Rèn kỹ năng,160,"Hoàn thành 14 câu chuyên đề ""Hàm số, phương trình & bất phương trình"" trong khoảng 16 phút, lần lượt qua 3 chặng: khởi động → rèn luyện → bứt tốc. Đúng từ 10 câu là hoàn thành; đúng từ 12 câu được tính là thành thạo và cộng điểm lên cấp. Tinh thần cấp 5: Xử lý câu phân loại mà không mất nhịp.","Hoàn thành đủ 3 chặng trong một lượt, không rời phiếu giữa chừng."
NV-0151,PL-TOA-ALG-L5-009,"Tốc độ: Hàm số, phương trình & bất phương trình — cấp 5",Toán,"Hàm số, phương trình & bất phương trình",3,5,Tốc độ,176,"Hoàn thành 14 câu chuyên đề ""Hàm số, phương trình & bất phương trình"" trong khoảng 12 phút, lần lượt qua 3 chặng: khởi động → rèn luyện → bứt tốc. Đúng từ 10 câu là hoàn thành; đúng từ 12 câu được tính là thành thạo và cộng điểm lên cấp. Tinh thần cấp 5: Xử lý câu phân loại mà không mất nhịp.",Thời gian bị siết còn 75% mức chuẩn. Quá giờ vẫn chấm nhưng không tính thành thạo.
NV-0152,PL-TOA-ALG-L5-010,"Chính xác: Hàm số, phương trình & bất phương trình — cấp 5",Toán,"Hàm số, phương trình & bất phương trình",3,5,Chính xác,176,"Hoàn thành 14 câu chuyên đề ""Hàm số, phương trình & bất phương trình"" trong khoảng 19 phút, lần lượt qua 3 chặng: khởi động → rèn luyện → bứt tốc. Đúng từ 10 câu là hoàn thành; đúng từ 12 câu được tính là thành thạo và cộng điểm lên cấp. Tinh thần cấp 5: Xử lý câu phân loại mà không mất nhịp.",Sai quá 2 câu là phải làm lại phiếu trước khi đi tiếp.
NV-0153,PL-TOA-ALG-L5-011,"Tổng hợp: Hàm số, phương trình & bất phương trình — cấp 5",Toán,"Hàm số, phương trình & bất phương trình",3,5,Tổng hợp,184,"Hoàn thành 14 câu chuyên đề ""Hàm số, phương trình & bất phương trình"" trong khoảng 16 phút, lần lượt qua 3 chặng: khởi động → rèn luyện → bứt tốc. Đúng từ 10 câu là hoàn thành; đúng từ 12 câu được tính là thành thạo và cộng điểm lên cấp. Tinh thần cấp 5: Xử lý câu phân loại mà không mất nhịp.",Không được biết trước dạng bài của từng câu.
NV-0154,PL-TOA-ALG-L5-012,"Ôn lại: Hàm số, phương trình & bất phương trình — cấp 5",Toán,"Hàm số, phương trình & bất phương trình",3,5,Ôn lại,144,"Hoàn thành 14 câu chuyên đề ""Hàm số, phương trình & bất phương trình"" trong khoảng 18 phút, lần lượt qua 3 chặng: khởi động → rèn luyện → bứt tốc. Đúng từ 10 câu là hoàn thành; đúng từ 12 câu được tính là thành thạo và cộng điểm lên cấp. Tinh thần cấp 5: Xử lý câu phân loại mà không mất nhịp.",Nên làm sau buổi học chính ít nhất một ngày.
NV-0155,PL-TOA-ALG-L5-013,"Khởi động: Hàm số, phương trình & bất phương trình — cấp 5",Toán,"Hàm số, phương trình & bất phương trình",3,5,Khởi động,112,"Hoàn thành 14 câu chuyên đề ""Hàm số, phương trình & bất phương trình"" trong khoảng 20 phút, lần lượt qua 3 chặng: khởi động → rèn luyện → bứt tốc. Đúng từ 10 câu là hoàn thành; đúng từ 12 câu được tính là thành thạo và cộng điểm lên cấp. Tinh thần cấp 5: Xử lý câu phân loại mà không mất nhịp.","Không giới hạn thời gian. Mục tiêu là làm đúng, chưa cần nhanh."
NV-0156,PL-TOA-ALG-L5-014,"Rèn kỹ năng: Hàm số, phương trình & bất phương trình — cấp 5",Toán,"Hàm số, phương trình & bất phương trình",3,5,Rèn kỹ năng,160,"Hoàn thành 14 câu chuyên đề ""Hàm số, phương trình & bất phương trình"" trong khoảng 16 phút, lần lượt qua 3 chặng: khởi động → rèn luyện → bứt tốc. Đúng từ 10 câu là hoàn thành; đúng từ 12 câu được tính là thành thạo và cộng điểm lên cấp. Tinh thần cấp 5: Xử lý câu phân loại mà không mất nhịp.","Hoàn thành đủ 3 chặng trong một lượt, không rời phiếu giữa chừng."
NV-0157,PL-TOA-ALG-L5-015,"Tốc độ: Hàm số, phương trình & bất phương trình — cấp 5",Toán,"Hàm số, phương trình & bất phương trình",3,5,Tốc độ,176,"Hoàn thành 14 câu chuyên đề ""Hàm số, phương trình & bất phương trình"" trong khoảng 12 phút, lần lượt qua 3 chặng: khởi động → rèn luyện → bứt tốc. Đúng từ 10 câu là hoàn thành; đúng từ 12 câu được tính là thành thạo và cộng điểm lên cấp. Tinh thần cấp 5: Xử lý câu phân loại mà không mất nhịp.",Thời gian bị siết còn 75% mức chuẩn. Quá giờ vẫn chấm nhưng không tính thành thạo.
NV-0158,PL-TOA-ALG-L5-016,"Thử thách: Hàm số, phương trình & bất phương trình — cấp 5",Toán,"Hàm số, phương trình & bất phương trình",3,5,Thử thách,224,"Hoàn thành 14 câu chuyên đề ""Hàm số, phương trình & bất phương trình"" trong khoảng 16 phút, lần lượt qua 3 chặng: khởi động → rèn luyện → bứt tốc. Đúng từ 10 câu là hoàn thành; đúng từ 12 câu được tính là thành thạo và cộng điểm lên cấp. Tinh thần cấp 5: Xử lý câu phân loại mà không mất nhịp.",Đạt từ 85% mới được tính là vượt thử thách.
NV-0159,PL-TOA-ALG-L5-017,"Vượt ải: Hàm số, phương trình & bất phương trình — cấp 5",Toán,"Hàm số, phương trình & bất phương trình",3,5,Vượt ải,288,"Hoàn thành 14 câu chuyên đề ""Hàm số, phương trình & bất phương trình"" trong khoảng 16 phút, lần lượt qua 3 chặng: khởi động → rèn luyện → bứt tốc. Đúng từ 10 câu là hoàn thành; đúng từ 13 câu được tính là thành thạo và cộng điểm lên cấp. Tinh thần cấp 5: Xử lý câu phân loại mà không mất nhịp.",Phải đạt từ 90% để mở khóa cấp độ tiếp theo của tuyến này.
NV-0160,PL-TOA-ALG-L6-001,"Khởi động: Hàm số, phương trình & bất phương trình — cấp 6",Toán,"Hàm số, phương trình & bất phương trình",3,6,Khởi động,154,"Hoàn thành 15 câu chuyên đề ""Hàm số, phương trình & bất phương trình"" trong khoảng 19 phút, lần lượt qua 3 chặng: khởi động → rèn luyện → bứt tốc. Đúng từ 11 câu là hoàn thành; đúng từ 13 câu được tính là thành thạo và cộng điểm lên cấp. Tinh thần cấp 6: Tốc độ và độ chính xác của nhóm dẫn đầu phổ điểm.","Không giới hạn thời gian. Mục tiêu là làm đúng, chưa cần nhanh."
NV-0161,PL-TOA-ALG-L6-002,"Rèn kỹ năng: Hàm số, phương trình & bất phương trình — cấp 6",Toán,"Hàm số, phương trình & bất phương trình",3,6,Rèn kỹ năng,220,"Hoàn thành 15 câu chuyên đề ""Hàm số, phương trình & bất phương trình"" trong khoảng 15 phút, lần lượt qua 3 chặng: khởi động → rèn luyện → bứt tốc. Đúng từ 11 câu là hoàn thành; đúng từ 13 câu được tính là thành thạo và cộng điểm lên cấp. Tinh thần cấp 6: Tốc độ và độ chính xác của nhóm dẫn đầu phổ điểm.","Hoàn thành đủ 3 chặng trong một lượt, không rời phiếu giữa chừng."
NV-0162,PL-TOA-ALG-L6-003,"Tốc độ: Hàm số, phương trình & bất phương trình — cấp 6",Toán,"Hàm số, phương trình & bất phương trình",3,6,Tốc độ,242,"Hoàn thành 15 câu chuyên đề ""Hàm số, phương trình & bất phương trình"" trong khoảng 11 phút, lần lượt qua 3 chặng: khởi động → rèn luyện → bứt tốc. Đúng từ 11 câu là hoàn thành; đúng từ 13 câu được tính là thành thạo và cộng điểm lên cấp. Tinh thần cấp 6: Tốc độ và độ chính xác của nhóm dẫn đầu phổ điểm.",Thời gian bị siết còn 75% mức chuẩn. Quá giờ vẫn chấm nhưng không tính thành thạo.
NV-0163,PL-TOA-ALG-L6-004,"Chính xác: Hàm số, phương trình & bất phương trình — cấp 6",Toán,"Hàm số, phương trình & bất phương trình",3,6,Chính xác,242,"Hoàn thành 15 câu chuyên đề ""Hàm số, phương trình & bất phương trình"" trong khoảng 17 phút, lần lượt qua 3 chặng: khởi động → rèn luyện → bứt tốc. Đúng từ 11 câu là hoàn thành; đúng từ 13 câu được tính là thành thạo và cộng điểm lên cấp. Tinh thần cấp 6: Tốc độ và độ chính xác của nhóm dẫn đầu phổ điểm.",Sai quá 2 câu là phải làm lại phiếu trước khi đi tiếp.
NV-0164,PL-TOA-ALG-L6-005,"Tổng hợp: Hàm số, phương trình & bất phương trình — cấp 6",Toán,"Hàm số, phương trình & bất phương trình",3,6,Tổng hợp,253,"Hoàn thành 15 câu chuyên đề ""Hàm số, phương trình & bất phương trình"" trong khoảng 15 phút, lần lượt qua 3 chặng: khởi động → rèn luyện → bứt tốc. Đúng từ 11 câu là hoàn thành; đúng từ 13 câu được tính là thành thạo và cộng điểm lên cấp. Tinh thần cấp 6: Tốc độ và độ chính xác của nhóm dẫn đầu phổ điểm.",Không được biết trước dạng bài của từng câu.
NV-0165,PL-TOA-ALG-L6-006,"Ôn lại: Hàm số, phương trình & bất phương trình — cấp 6",Toán,"Hàm số, phương trình & bất phương trình",3,6,Ôn lại,198,"Hoàn thành 15 câu chuyên đề ""Hàm số, phương trình & bất phương trình"" trong khoảng 17 phút, lần lượt qua 3 chặng: khởi động → rèn luyện → bứt tốc. Đúng từ 11 câu là hoàn thành; đúng từ 13 câu được tính là thành thạo và cộng điểm lên cấp. Tinh thần cấp 6: Tốc độ và độ chính xác của nhóm dẫn đầu phổ điểm.",Nên làm sau buổi học chính ít nhất một ngày.
NV-0166,PL-TOA-ALG-L6-007,"Khởi động: Hàm số, phương trình & bất phương trình — cấp 6",Toán,"Hàm số, phương trình & bất phương trình",3,6,Khởi động,154,"Hoàn thành 15 câu chuyên đề ""Hàm số, phương trình & bất phương trình"" trong khoảng 19 phút, lần lượt qua 3 chặng: khởi động → rèn luyện → bứt tốc. Đúng từ 11 câu là hoàn thành; đúng từ 13 câu được tính là thành thạo và cộng điểm lên cấp. Tinh thần cấp 6: Tốc độ và độ chính xác của nhóm dẫn đầu phổ điểm.","Không giới hạn thời gian. Mục tiêu là làm đúng, chưa cần nhanh."
NV-0167,PL-TOA-ALG-L6-008,"Rèn kỹ năng: Hàm số, phương trình & bất phương trình — cấp 6",Toán,"Hàm số, phương trình & bất phương trình",3,6,Rèn kỹ năng,220,"Hoàn thành 15 câu chuyên đề ""Hàm số, phương trình & bất phương trình"" trong khoảng 15 phút, lần lượt qua 3 chặng: khởi động → rèn luyện → bứt tốc. Đúng từ 11 câu là hoàn thành; đúng từ 13 câu được tính là thành thạo và cộng điểm lên cấp. Tinh thần cấp 6: Tốc độ và độ chính xác của nhóm dẫn đầu phổ điểm.","Hoàn thành đủ 3 chặng trong một lượt, không rời phiếu giữa chừng."
NV-0168,PL-TOA-ALG-L6-009,"Tốc độ: Hàm số, phương trình & bất phương trình — cấp 6",Toán,"Hàm số, phương trình & bất phương trình",3,6,Tốc độ,242,"Hoàn thành 15 câu chuyên đề ""Hàm số, phương trình & bất phương trình"" trong khoảng 11 phút, lần lượt qua 3 chặng: khởi động → rèn luyện → bứt tốc. Đúng từ 11 câu là hoàn thành; đúng từ 13 câu được tính là thành thạo và cộng điểm lên cấp. Tinh thần cấp 6: Tốc độ và độ chính xác của nhóm dẫn đầu phổ điểm.",Thời gian bị siết còn 75% mức chuẩn. Quá giờ vẫn chấm nhưng không tính thành thạo.
NV-0169,PL-TOA-ALG-L6-010,"Chính xác: Hàm số, phương trình & bất phương trình — cấp 6",Toán,"Hàm số, phương trình & bất phương trình",3,6,Chính xác,242,"Hoàn thành 15 câu chuyên đề ""Hàm số, phương trình & bất phương trình"" trong khoảng 17 phút, lần lượt qua 3 chặng: khởi động → rèn luyện → bứt tốc. Đúng từ 11 câu là hoàn thành; đúng từ 13 câu được tính là thành thạo và cộng điểm lên cấp. Tinh thần cấp 6: Tốc độ và độ chính xác của nhóm dẫn đầu phổ điểm.",Sai quá 2 câu là phải làm lại phiếu trước khi đi tiếp.
NV-0170,PL-TOA-ALG-L6-011,"Tổng hợp: Hàm số, phương trình & bất phương trình — cấp 6",Toán,"Hàm số, phương trình & bất phương trình",3,6,Tổng hợp,253,"Hoàn thành 15 câu chuyên đề ""Hàm số, phương trình & bất phương trình"" trong khoảng 15 phút, lần lượt qua 3 chặng: khởi động → rèn luyện → bứt tốc. Đúng từ 11 câu là hoàn thành; đúng từ 13 câu được tính là thành thạo và cộng điểm lên cấp. Tinh thần cấp 6: Tốc độ và độ chính xác của nhóm dẫn đầu phổ điểm.",Không được biết trước dạng bài của từng câu.
NV-0171,PL-TOA-ALG-L6-012,"Thử thách: Hàm số, phương trình & bất phương trình — cấp 6",Toán,"Hàm số, phương trình & bất phương trình",3,6,Thử thách,308,"Hoàn thành 15 câu chuyên đề ""Hàm số, phương trình & bất phương trình"" trong khoảng 15 phút, lần lượt qua 3 chặng: khởi động → rèn luyện → bứt tốc. Đúng từ 11 câu là hoàn thành; đúng từ 13 câu được tính là thành thạo và cộng điểm lên cấp. Tinh thần cấp 6: Tốc độ và độ chính xác của nhóm dẫn đầu phổ điểm.",Đạt từ 85% mới được tính là vượt thử thách.
NV-0172,PL-TOA-ALG-L6-013,"Vượt ải: Hàm số, phương trình & bất phương trình — cấp 6",Toán,"Hàm số, phương trình & bất phương trình",3,6,Vượt ải,396,"Hoàn thành 15 câu chuyên đề ""Hàm số, phương trình & bất phương trình"" trong khoảng 14 phút, lần lượt qua 3 chặng: khởi động → rèn luyện → bứt tốc. Đúng từ 11 câu là hoàn thành; đúng từ 14 câu được tính là thành thạo và cộng điểm lên cấp. Tinh thần cấp 6: Tốc độ và độ chính xác của nhóm dẫn đầu phổ điểm.",Phải đạt từ 90% để mở khóa cấp độ tiếp theo của tuyến này.
NV-0173,PL-TOA-SEQ-L1-001,"Khởi động: Dãy số, cấp số cộng & cấp số nhân — cấp 1",Toán,"Dãy số, cấp số cộng & cấp số nhân",1,1,Khởi động,28,"Hoàn thành 8 câu chuyên đề ""Dãy số, cấp số cộng & cấp số nhân"" trong khoảng 10 phút, lần lượt qua 3 chặng: khởi động → rèn luyện → bứt tốc. Đúng từ 6 câu là hoàn thành; đúng từ 7 câu được tính là thành thạo và cộng điểm lên cấp. Tinh thần cấp 1: Nhận diện dạng bài và nhớ lại công thức nền.","Không giới hạn thời gian. Mục tiêu là làm đúng, chưa cần nhanh."
NV-0174,PL-TOA-SEQ-L1-002,"Rèn kỹ năng: Dãy số, cấp số cộng & cấp số nhân — cấp 1",Toán,"Dãy số, cấp số cộng & cấp số nhân",1,1,Rèn kỹ năng,40,"Hoàn thành 8 câu chuyên đề ""Dãy số, cấp số cộng & cấp số nhân"" trong khoảng 8 phút, lần lượt qua 3 chặng: khởi động → rèn luyện → bứt tốc. Đúng từ 6 câu là hoàn thành; đúng từ 7 câu được tính là thành thạo và cộng điểm lên cấp. Tinh thần cấp 1: Nhận diện dạng bài và nhớ lại công thức nền.","Hoàn thành đủ 3 chặng trong một lượt, không rời phiếu giữa chừng."
NV-0175,PL-TOA-SEQ-L1-003,"Tốc độ: Dãy số, cấp số cộng & cấp số nhân — cấp 1",Toán,"Dãy số, cấp số cộng & cấp số nhân",1,1,Tốc độ,44,"Hoàn thành 8 câu chuyên đề ""Dãy số, cấp số cộng & cấp số nhân"" trong khoảng 6 phút, lần lượt qua 3 chặng: khởi động → rèn luyện → bứt tốc. Đúng từ 6 câu là hoàn thành; đúng từ 7 câu được tính là thành thạo và cộng điểm lên cấp. Tinh thần cấp 1: Nhận diện dạng bài và nhớ lại công thức nền.",Thời gian bị siết còn 75% mức chuẩn. Quá giờ vẫn chấm nhưng không tính thành thạo.
NV-0176,PL-TOA-SEQ-L1-004,"Chính xác: Dãy số, cấp số cộng & cấp số nhân — cấp 1",Toán,"Dãy số, cấp số cộng & cấp số nhân",1,1,Chính xác,44,"Hoàn thành 8 câu chuyên đề ""Dãy số, cấp số cộng & cấp số nhân"" trong khoảng 9 phút, lần lượt qua 3 chặng: khởi động → rèn luyện → bứt tốc. Đúng từ 6 câu là hoàn thành; đúng từ 7 câu được tính là thành thạo và cộng điểm lên cấp. Tinh thần cấp 1: Nhận diện dạng bài và nhớ lại công thức nền.",Sai quá 2 câu là phải làm lại phiếu trước khi đi tiếp.
NV-0177,PL-TOA-SEQ-L1-005,"Thử thách: Dãy số, cấp số cộng & cấp số nhân — cấp 1",Toán,"Dãy số, cấp số cộng & cấp số nhân",1,1,Thử thách,56,"Hoàn thành 8 câu chuyên đề ""Dãy số, cấp số cộng & cấp số nhân"" trong khoảng 8 phút, lần lượt qua 3 chặng: khởi động → rèn luyện → bứt tốc. Đúng từ 6 câu là hoàn thành; đúng từ 7 câu được tính là thành thạo và cộng điểm lên cấp. Tinh thần cấp 1: Nhận diện dạng bài và nhớ lại công thức nền.",Đạt từ 85% mới được tính là vượt thử thách.
NV-0178,PL-TOA-SEQ-L1-006,"Vượt ải: Dãy số, cấp số cộng & cấp số nhân — cấp 1",Toán,"Dãy số, cấp số cộng & cấp số nhân",1,1,Vượt ải,72,"Hoàn thành 8 câu chuyên đề ""Dãy số, cấp số cộng & cấp số nhân"" trong khoảng 8 phút, lần lượt qua 3 chặng: khởi động → rèn luyện → bứt tốc. Đúng từ 6 câu là hoàn thành; đúng từ 8 câu được tính là thành thạo và cộng điểm lên cấp. Tinh thần cấp 1: Nhận diện dạng bài và nhớ lại công thức nền.",Phải đạt từ 90% để mở khóa cấp độ tiếp theo của tuyến này.
NV-0179,PL-TOA-SEQ-L2-001,"Khởi động: Dãy số, cấp số cộng & cấp số nhân — cấp 2",Toán,"Dãy số, cấp số cộng & cấp số nhân",1,2,Khởi động,42,"Hoàn thành 10 câu chuyên đề ""Dãy số, cấp số cộng & cấp số nhân"" trong khoảng 15 phút, lần lượt qua 3 chặng: khởi động → rèn luyện → bứt tốc. Đúng từ 7 câu là hoàn thành; đúng từ 9 câu được tính là thành thạo và cộng điểm lên cấp. Tinh thần cấp 2: Làm đúng dạng chuẩn mà không cần nhìn gợi ý.","Không giới hạn thời gian. Mục tiêu là làm đúng, chưa cần nhanh."
NV-0180,PL-TOA-SEQ-L2-002,"Rèn kỹ năng: Dãy số, cấp số cộng & cấp số nhân — cấp 2",Toán,"Dãy số, cấp số cộng & cấp số nhân",1,2,Rèn kỹ năng,60,"Hoàn thành 10 câu chuyên đề ""Dãy số, cấp số cộng & cấp số nhân"" trong khoảng 12 phút, lần lượt qua 3 chặng: khởi động → rèn luyện → bứt tốc. Đúng từ 7 câu là hoàn thành; đúng từ 9 câu được tính là thành thạo và cộng điểm lên cấp. Tinh thần cấp 2: Làm đúng dạng chuẩn mà không cần nhìn gợi ý.","Hoàn thành đủ 3 chặng trong một lượt, không rời phiếu giữa chừng."
NV-0181,PL-TOA-SEQ-L2-003,"Tốc độ: Dãy số, cấp số cộng & cấp số nhân — cấp 2",Toán,"Dãy số, cấp số cộng & cấp số nhân",1,2,Tốc độ,66,"Hoàn thành 10 câu chuyên đề ""Dãy số, cấp số cộng & cấp số nhân"" trong khoảng 9 phút, lần lượt qua 3 chặng: khởi động → rèn luyện → bứt tốc. Đúng từ 7 câu là hoàn thành; đúng từ 9 câu được tính là thành thạo và cộng điểm lên cấp. Tinh thần cấp 2: Làm đúng dạng chuẩn mà không cần nhìn gợi ý.",Thời gian bị siết còn 75% mức chuẩn. Quá giờ vẫn chấm nhưng không tính thành thạo.
NV-0182,PL-TOA-SEQ-L2-004,"Chính xác: Dãy số, cấp số cộng & cấp số nhân — cấp 2",Toán,"Dãy số, cấp số cộng & cấp số nhân",1,2,Chính xác,66,"Hoàn thành 10 câu chuyên đề ""Dãy số, cấp số cộng & cấp số nhân"" trong khoảng 13 phút, lần lượt qua 3 chặng: khởi động → rèn luyện → bứt tốc. Đúng từ 7 câu là hoàn thành; đúng từ 9 câu được tính là thành thạo và cộng điểm lên cấp. Tinh thần cấp 2: Làm đúng dạng chuẩn mà không cần nhìn gợi ý.",Sai quá 2 câu là phải làm lại phiếu trước khi đi tiếp.
NV-0183,PL-TOA-SEQ-L2-005,"Tổng hợp: Dãy số, cấp số cộng & cấp số nhân — cấp 2",Toán,"Dãy số, cấp số cộng & cấp số nhân",1,2,Tổng hợp,69,"Hoàn thành 10 câu chuyên đề ""Dãy số, cấp số cộng & cấp số nhân"" trong khoảng 12 phút, lần lượt qua 3 chặng: khởi động → rèn luyện → bứt tốc. Đúng từ 7 câu là hoàn thành; đúng từ 9 câu được tính là thành thạo và cộng điểm lên cấp. Tinh thần cấp 2: Làm đúng dạng chuẩn mà không cần nhìn gợi ý.",Không được biết trước dạng bài của từng câu.
NV-0184,PL-TOA-SEQ-L2-006,"Thử thách: Dãy số, cấp số cộng & cấp số nhân — cấp 2",Toán,"Dãy số, cấp số cộng & cấp số nhân",1,2,Thử thách,84,"Hoàn thành 10 câu chuyên đề ""Dãy số, cấp số cộng & cấp số nhân"" trong khoảng 12 phút, lần lượt qua 3 chặng: khởi động → rèn luyện → bứt tốc. Đúng từ 7 câu là hoàn thành; đúng từ 9 câu được tính là thành thạo và cộng điểm lên cấp. Tinh thần cấp 2: Làm đúng dạng chuẩn mà không cần nhìn gợi ý.",Đạt từ 85% mới được tính là vượt thử thách.
NV-0185,PL-TOA-SEQ-L2-007,"Vượt ải: Dãy số, cấp số cộng & cấp số nhân — cấp 2",Toán,"Dãy số, cấp số cộng & cấp số nhân",1,2,Vượt ải,108,"Hoàn thành 10 câu chuyên đề ""Dãy số, cấp số cộng & cấp số nhân"" trong khoảng 11 phút, lần lượt qua 3 chặng: khởi động → rèn luyện → bứt tốc. Đúng từ 7 câu là hoàn thành; đúng từ 9 câu được tính là thành thạo và cộng điểm lên cấp. Tinh thần cấp 2: Làm đúng dạng chuẩn mà không cần nhìn gợi ý.",Phải đạt từ 90% để mở khóa cấp độ tiếp theo của tuyến này.
NV-0186,PL-TOA-SEQ-L3-001,"Khởi động: Dãy số, cấp số cộng & cấp số nhân — cấp 3",Toán,"Dãy số, cấp số cộng & cấp số nhân",2,3,Khởi động,63,"Hoàn thành 12 câu chuyên đề ""Dãy số, cấp số cộng & cấp số nhân"" trong khoảng 19 phút, lần lượt qua 3 chặng: khởi động → rèn luyện → bứt tốc. Đúng từ 9 câu là hoàn thành; đúng từ 11 câu được tính là thành thạo và cộng điểm lên cấp. Tinh thần cấp 3: Ghép nhiều bước và tránh các bẫy quen thuộc.","Không giới hạn thời gian. Mục tiêu là làm đúng, chưa cần nhanh."
NV-0187,PL-TOA-SEQ-L3-002,"Rèn kỹ năng: Dãy số, cấp số cộng & cấp số nhân — cấp 3",Toán,"Dãy số, cấp số cộng & cấp số nhân",2,3,Rèn kỹ năng,90,"Hoàn thành 12 câu chuyên đề ""Dãy số, cấp số cộng & cấp số nhân"" trong khoảng 15 phút, lần lượt qua 3 chặng: khởi động → rèn luyện → bứt tốc. Đúng từ 9 câu là hoàn thành; đúng từ 11 câu được tính là thành thạo và cộng điểm lên cấp. Tinh thần cấp 3: Ghép nhiều bước và tránh các bẫy quen thuộc.","Hoàn thành đủ 3 chặng trong một lượt, không rời phiếu giữa chừng."
NV-0188,PL-TOA-SEQ-L3-003,"Tốc độ: Dãy số, cấp số cộng & cấp số nhân — cấp 3",Toán,"Dãy số, cấp số cộng & cấp số nhân",2,3,Tốc độ,99,"Hoàn thành 12 câu chuyên đề ""Dãy số, cấp số cộng & cấp số nhân"" trong khoảng 11 phút, lần lượt qua 3 chặng: khởi động → rèn luyện → bứt tốc. Đúng từ 9 câu là hoàn thành; đúng từ 11 câu được tính là thành thạo và cộng điểm lên cấp. Tinh thần cấp 3: Ghép nhiều bước và tránh các bẫy quen thuộc.",Thời gian bị siết còn 75% mức chuẩn. Quá giờ vẫn chấm nhưng không tính thành thạo.
NV-0189,PL-TOA-SEQ-L3-004,"Chính xác: Dãy số, cấp số cộng & cấp số nhân — cấp 3",Toán,"Dãy số, cấp số cộng & cấp số nhân",2,3,Chính xác,99,"Hoàn thành 12 câu chuyên đề ""Dãy số, cấp số cộng & cấp số nhân"" trong khoảng 17 phút, lần lượt qua 3 chặng: khởi động → rèn luyện → bứt tốc. Đúng từ 9 câu là hoàn thành; đúng từ 11 câu được tính là thành thạo và cộng điểm lên cấp. Tinh thần cấp 3: Ghép nhiều bước và tránh các bẫy quen thuộc.",Sai quá 2 câu là phải làm lại phiếu trước khi đi tiếp.
NV-0190,PL-TOA-SEQ-L3-005,"Tổng hợp: Dãy số, cấp số cộng & cấp số nhân — cấp 3",Toán,"Dãy số, cấp số cộng & cấp số nhân",2,3,Tổng hợp,103,"Hoàn thành 12 câu chuyên đề ""Dãy số, cấp số cộng & cấp số nhân"" trong khoảng 15 phút, lần lượt qua 3 chặng: khởi động → rèn luyện → bứt tốc. Đúng từ 9 câu là hoàn thành; đúng từ 11 câu được tính là thành thạo và cộng điểm lên cấp. Tinh thần cấp 3: Ghép nhiều bước và tránh các bẫy quen thuộc.",Không được biết trước dạng bài của từng câu.
NV-0191,PL-TOA-SEQ-L3-006,"Ôn lại: Dãy số, cấp số cộng & cấp số nhân — cấp 3",Toán,"Dãy số, cấp số cộng & cấp số nhân",2,3,Ôn lại,81,"Hoàn thành 12 câu chuyên đề ""Dãy số, cấp số cộng & cấp số nhân"" trong khoảng 17 phút, lần lượt qua 3 chặng: khởi động → rèn luyện → bứt tốc. Đúng từ 9 câu là hoàn thành; đúng từ 11 câu được tính là thành thạo và cộng điểm lên cấp. Tinh thần cấp 3: Ghép nhiều bước và tránh các bẫy quen thuộc.",Nên làm sau buổi học chính ít nhất một ngày.
NV-0192,PL-TOA-SEQ-L3-007,"Thử thách: Dãy số, cấp số cộng & cấp số nhân — cấp 3",Toán,"Dãy số, cấp số cộng & cấp số nhân",2,3,Thử thách,126,"Hoàn thành 12 câu chuyên đề ""Dãy số, cấp số cộng & cấp số nhân"" trong khoảng 15 phút, lần lượt qua 3 chặng: khởi động → rèn luyện → bứt tốc. Đúng từ 9 câu là hoàn thành; đúng từ 11 câu được tính là thành thạo và cộng điểm lên cấp. Tinh thần cấp 3: Ghép nhiều bước và tránh các bẫy quen thuộc.",Đạt từ 85% mới được tính là vượt thử thách.
NV-0193,PL-TOA-SEQ-L3-008,"Vượt ải: Dãy số, cấp số cộng & cấp số nhân — cấp 3",Toán,"Dãy số, cấp số cộng & cấp số nhân",2,3,Vượt ải,162,"Hoàn thành 12 câu chuyên đề ""Dãy số, cấp số cộng & cấp số nhân"" trong khoảng 14 phút, lần lượt qua 3 chặng: khởi động → rèn luyện → bứt tốc. Đúng từ 9 câu là hoàn thành; đúng từ 11 câu được tính là thành thạo và cộng điểm lên cấp. Tinh thần cấp 3: Ghép nhiều bước và tránh các bẫy quen thuộc.",Phải đạt từ 90% để mở khóa cấp độ tiếp theo của tuyến này.
NV-0194,PL-TOA-SEQ-L4-001,"Khởi động: Dãy số, cấp số cộng & cấp số nhân — cấp 4",Toán,"Dãy số, cấp số cộng & cấp số nhân",2,4,Khởi động,84,"Hoàn thành 12 câu chuyên đề ""Dãy số, cấp số cộng & cấp số nhân"" trong khoảng 16 phút, lần lượt qua 3 chặng: khởi động → rèn luyện → bứt tốc. Đúng từ 9 câu là hoàn thành; đúng từ 11 câu được tính là thành thạo và cộng điểm lên cấp. Tinh thần cấp 4: Giữ độ chính xác khi thời gian bắt đầu siết lại.","Không giới hạn thời gian. Mục tiêu là làm đúng, chưa cần nhanh."
NV-0195,PL-TOA-SEQ-L4-002,"Rèn kỹ năng: Dãy số, cấp số cộng & cấp số nhân — cấp 4",Toán,"Dãy số, cấp số cộng & cấp số nhân",2,4,Rèn kỹ năng,120,"Hoàn thành 12 câu chuyên đề ""Dãy số, cấp số cộng & cấp số nhân"" trong khoảng 13 phút, lần lượt qua 3 chặng: khởi động → rèn luyện → bứt tốc. Đúng từ 9 câu là hoàn thành; đúng từ 11 câu được tính là thành thạo và cộng điểm lên cấp. Tinh thần cấp 4: Giữ độ chính xác khi thời gian bắt đầu siết lại.","Hoàn thành đủ 3 chặng trong một lượt, không rời phiếu giữa chừng."
NV-0196,PL-TOA-SEQ-L4-003,"Tốc độ: Dãy số, cấp số cộng & cấp số nhân — cấp 4",Toán,"Dãy số, cấp số cộng & cấp số nhân",2,4,Tốc độ,132,"Hoàn thành 12 câu chuyên đề ""Dãy số, cấp số cộng & cấp số nhân"" trong khoảng 10 phút, lần lượt qua 3 chặng: khởi động → rèn luyện → bứt tốc. Đúng từ 9 câu là hoàn thành; đúng từ 11 câu được tính là thành thạo và cộng điểm lên cấp. Tinh thần cấp 4: Giữ độ chính xác khi thời gian bắt đầu siết lại.",Thời gian bị siết còn 75% mức chuẩn. Quá giờ vẫn chấm nhưng không tính thành thạo.
NV-0197,PL-TOA-SEQ-L4-004,"Chính xác: Dãy số, cấp số cộng & cấp số nhân — cấp 4",Toán,"Dãy số, cấp số cộng & cấp số nhân",2,4,Chính xác,132,"Hoàn thành 12 câu chuyên đề ""Dãy số, cấp số cộng & cấp số nhân"" trong khoảng 15 phút, lần lượt qua 3 chặng: khởi động → rèn luyện → bứt tốc. Đúng từ 9 câu là hoàn thành; đúng từ 11 câu được tính là thành thạo và cộng điểm lên cấp. Tinh thần cấp 4: Giữ độ chính xác khi thời gian bắt đầu siết lại.",Sai quá 2 câu là phải làm lại phiếu trước khi đi tiếp.
NV-0198,PL-TOA-SEQ-L4-005,"Tổng hợp: Dãy số, cấp số cộng & cấp số nhân — cấp 4",Toán,"Dãy số, cấp số cộng & cấp số nhân",2,4,Tổng hợp,138,"Hoàn thành 12 câu chuyên đề ""Dãy số, cấp số cộng & cấp số nhân"" trong khoảng 13 phút, lần lượt qua 3 chặng: khởi động → rèn luyện → bứt tốc. Đúng từ 9 câu là hoàn thành; đúng từ 11 câu được tính là thành thạo và cộng điểm lên cấp. Tinh thần cấp 4: Giữ độ chính xác khi thời gian bắt đầu siết lại.",Không được biết trước dạng bài của từng câu.
NV-0199,PL-TOA-SEQ-L4-006,"Ôn lại: Dãy số, cấp số cộng & cấp số nhân — cấp 4",Toán,"Dãy số, cấp số cộng & cấp số nhân",2,4,Ôn lại,108,"Hoàn thành 12 câu chuyên đề ""Dãy số, cấp số cộng & cấp số nhân"" trong khoảng 14 phút, lần lượt qua 3 chặng: khởi động → rèn luyện → bứt tốc. Đúng từ 9 câu là hoàn thành; đúng từ 11 câu được tính là thành thạo và cộng điểm lên cấp. Tinh thần cấp 4: Giữ độ chính xác khi thời gian bắt đầu siết lại.",Nên làm sau buổi học chính ít nhất một ngày.
NV-0200,PL-TOA-SEQ-L4-007,"Thử thách: Dãy số, cấp số cộng & cấp số nhân — cấp 4",Toán,"Dãy số, cấp số cộng & cấp số nhân",2,4,Thử thách,168,"Hoàn thành 12 câu chuyên đề ""Dãy số, cấp số cộng & cấp số nhân"" trong khoảng 13 phút, lần lượt qua 3 chặng: khởi động → rèn luyện → bứt tốc. Đúng từ 9 câu là hoàn thành; đúng từ 11 câu được tính là thành thạo và cộng điểm lên cấp. Tinh thần cấp 4: Giữ độ chính xác khi thời gian bắt đầu siết lại.",Đạt từ 85% mới được tính là vượt thử thách.
NV-0201,PL-TOA-SEQ-L4-008,"Vượt ải: Dãy số, cấp số cộng & cấp số nhân — cấp 4",Toán,"Dãy số, cấp số cộng & cấp số nhân",2,4,Vượt ải,216,"Hoàn thành 12 câu chuyên đề ""Dãy số, cấp số cộng & cấp số nhân"" trong khoảng 12 phút, lần lượt qua 3 chặng: khởi động → rèn luyện → bứt tốc. Đúng từ 9 câu là hoàn thành; đúng từ 11 câu được tính là thành thạo và cộng điểm lên cấp. Tinh thần cấp 4: Giữ độ chính xác khi thời gian bắt đầu siết lại.",Phải đạt từ 90% để mở khóa cấp độ tiếp theo của tuyến này.
NV-0202,PL-TOA-SEQ-L5-001,"Khởi động: Dãy số, cấp số cộng & cấp số nhân — cấp 5",Toán,"Dãy số, cấp số cộng & cấp số nhân",3,5,Khởi động,112,"Hoàn thành 14 câu chuyên đề ""Dãy số, cấp số cộng & cấp số nhân"" trong khoảng 20 phút, lần lượt qua 3 chặng: khởi động → rèn luyện → bứt tốc. Đúng từ 10 câu là hoàn thành; đúng từ 12 câu được tính là thành thạo và cộng điểm lên cấp. Tinh thần cấp 5: Xử lý câu phân loại mà không mất nhịp.","Không giới hạn thời gian. Mục tiêu là làm đúng, chưa cần nhanh."
NV-0203,PL-TOA-SEQ-L5-002,"Rèn kỹ năng: Dãy số, cấp số cộng & cấp số nhân — cấp 5",Toán,"Dãy số, cấp số cộng & cấp số nhân",3,5,Rèn kỹ năng,160,"Hoàn thành 14 câu chuyên đề ""Dãy số, cấp số cộng & cấp số nhân"" trong khoảng 16 phút, lần lượt qua 3 chặng: khởi động → rèn luyện → bứt tốc. Đúng từ 10 câu là hoàn thành; đúng từ 12 câu được tính là thành thạo và cộng điểm lên cấp. Tinh thần cấp 5: Xử lý câu phân loại mà không mất nhịp.","Hoàn thành đủ 3 chặng trong một lượt, không rời phiếu giữa chừng."
NV-0204,PL-TOA-SEQ-L5-003,"Tốc độ: Dãy số, cấp số cộng & cấp số nhân — cấp 5",Toán,"Dãy số, cấp số cộng & cấp số nhân",3,5,Tốc độ,176,"Hoàn thành 14 câu chuyên đề ""Dãy số, cấp số cộng & cấp số nhân"" trong khoảng 12 phút, lần lượt qua 3 chặng: khởi động → rèn luyện → bứt tốc. Đúng từ 10 câu là hoàn thành; đúng từ 12 câu được tính là thành thạo và cộng điểm lên cấp. Tinh thần cấp 5: Xử lý câu phân loại mà không mất nhịp.",Thời gian bị siết còn 75% mức chuẩn. Quá giờ vẫn chấm nhưng không tính thành thạo.
NV-0205,PL-TOA-SEQ-L5-004,"Chính xác: Dãy số, cấp số cộng & cấp số nhân — cấp 5",Toán,"Dãy số, cấp số cộng & cấp số nhân",3,5,Chính xác,176,"Hoàn thành 14 câu chuyên đề ""Dãy số, cấp số cộng & cấp số nhân"" trong khoảng 19 phút, lần lượt qua 3 chặng: khởi động → rèn luyện → bứt tốc. Đúng từ 10 câu là hoàn thành; đúng từ 12 câu được tính là thành thạo và cộng điểm lên cấp. Tinh thần cấp 5: Xử lý câu phân loại mà không mất nhịp.",Sai quá 2 câu là phải làm lại phiếu trước khi đi tiếp.
NV-0206,PL-TOA-SEQ-L5-005,"Thử thách: Dãy số, cấp số cộng & cấp số nhân — cấp 5",Toán,"Dãy số, cấp số cộng & cấp số nhân",3,5,Thử thách,224,"Hoàn thành 14 câu chuyên đề ""Dãy số, cấp số cộng & cấp số nhân"" trong khoảng 16 phút, lần lượt qua 3 chặng: khởi động → rèn luyện → bứt tốc. Đúng từ 10 câu là hoàn thành; đúng từ 12 câu được tính là thành thạo và cộng điểm lên cấp. Tinh thần cấp 5: Xử lý câu phân loại mà không mất nhịp.",Đạt từ 85% mới được tính là vượt thử thách.
NV-0207,PL-TOA-SEQ-L5-006,"Vượt ải: Dãy số, cấp số cộng & cấp số nhân — cấp 5",Toán,"Dãy số, cấp số cộng & cấp số nhân",3,5,Vượt ải,288,"Hoàn thành 14 câu chuyên đề ""Dãy số, cấp số cộng & cấp số nhân"" trong khoảng 16 phút, lần lượt qua 3 chặng: khởi động → rèn luyện → bứt tốc. Đúng từ 10 câu là hoàn thành; đúng từ 13 câu được tính là thành thạo và cộng điểm lên cấp. Tinh thần cấp 5: Xử lý câu phân loại mà không mất nhịp.",Phải đạt từ 90% để mở khóa cấp độ tiếp theo của tuyến này.
NV-0208,PL-TOA-SEQ-L6-001,"Khởi động: Dãy số, cấp số cộng & cấp số nhân — cấp 6",Toán,"Dãy số, cấp số cộng & cấp số nhân",3,6,Khởi động,154,"Hoàn thành 15 câu chuyên đề ""Dãy số, cấp số cộng & cấp số nhân"" trong khoảng 19 phút, lần lượt qua 3 chặng: khởi động → rèn luyện → bứt tốc. Đúng từ 11 câu là hoàn thành; đúng từ 13 câu được tính là thành thạo và cộng điểm lên cấp. Tinh thần cấp 6: Tốc độ và độ chính xác của nhóm dẫn đầu phổ điểm.","Không giới hạn thời gian. Mục tiêu là làm đúng, chưa cần nhanh."
NV-0209,PL-TOA-SEQ-L6-002,"Rèn kỹ năng: Dãy số, cấp số cộng & cấp số nhân — cấp 6",Toán,"Dãy số, cấp số cộng & cấp số nhân",3,6,Rèn kỹ năng,220,"Hoàn thành 15 câu chuyên đề ""Dãy số, cấp số cộng & cấp số nhân"" trong khoảng 15 phút, lần lượt qua 3 chặng: khởi động → rèn luyện → bứt tốc. Đúng từ 11 câu là hoàn thành; đúng từ 13 câu được tính là thành thạo và cộng điểm lên cấp. Tinh thần cấp 6: Tốc độ và độ chính xác của nhóm dẫn đầu phổ điểm.","Hoàn thành đủ 3 chặng trong một lượt, không rời phiếu giữa chừng."
NV-0210,PL-TOA-SEQ-L6-003,"Tốc độ: Dãy số, cấp số cộng & cấp số nhân — cấp 6",Toán,"Dãy số, cấp số cộng & cấp số nhân",3,6,Tốc độ,242,"Hoàn thành 15 câu chuyên đề ""Dãy số, cấp số cộng & cấp số nhân"" trong khoảng 11 phút, lần lượt qua 3 chặng: khởi động → rèn luyện → bứt tốc. Đúng từ 11 câu là hoàn thành; đúng từ 13 câu được tính là thành thạo và cộng điểm lên cấp. Tinh thần cấp 6: Tốc độ và độ chính xác của nhóm dẫn đầu phổ điểm.",Thời gian bị siết còn 75% mức chuẩn. Quá giờ vẫn chấm nhưng không tính thành thạo.
NV-0211,PL-TOA-SEQ-L6-004,"Thử thách: Dãy số, cấp số cộng & cấp số nhân — cấp 6",Toán,"Dãy số, cấp số cộng & cấp số nhân",3,6,Thử thách,308,"Hoàn thành 15 câu chuyên đề ""Dãy số, cấp số cộng & cấp số nhân"" trong khoảng 15 phút, lần lượt qua 3 chặng: khởi động → rèn luyện → bứt tốc. Đúng từ 11 câu là hoàn thành; đúng từ 13 câu được tính là thành thạo và cộng điểm lên cấp. Tinh thần cấp 6: Tốc độ và độ chính xác của nhóm dẫn đầu phổ điểm.",Đạt từ 85% mới được tính là vượt thử thách.
NV-0212,PL-TOA-SEQ-L6-005,"Vượt ải: Dãy số, cấp số cộng & cấp số nhân — cấp 6",Toán,"Dãy số, cấp số cộng & cấp số nhân",3,6,Vượt ải,396,"Hoàn thành 15 câu chuyên đề ""Dãy số, cấp số cộng & cấp số nhân"" trong khoảng 14 phút, lần lượt qua 3 chặng: khởi động → rèn luyện → bứt tốc. Đúng từ 11 câu là hoàn thành; đúng từ 14 câu được tính là thành thạo và cộng điểm lên cấp. Tinh thần cấp 6: Tốc độ và độ chính xác của nhóm dẫn đầu phổ điểm.",Phải đạt từ 90% để mở khóa cấp độ tiếp theo của tuyến này.
NV-0213,PL-TOA-GEO-L1-001,Khởi động: Hình học phẳng & không gian — cấp 1,Toán,Hình học phẳng & không gian,1,1,Khởi động,28,"Hoàn thành 8 câu chuyên đề ""Hình học phẳng & không gian"" trong khoảng 10 phút, lần lượt qua 3 chặng: khởi động → rèn luyện → bứt tốc. Đúng từ 6 câu là hoàn thành; đúng từ 7 câu được tính là thành thạo và cộng điểm lên cấp. Tinh thần cấp 1: Nhận diện dạng bài và nhớ lại công thức nền.","Không giới hạn thời gian. Mục tiêu là làm đúng, chưa cần nhanh."
NV-0214,PL-TOA-GEO-L1-002,Rèn kỹ năng: Hình học phẳng & không gian — cấp 1,Toán,Hình học phẳng & không gian,1,1,Rèn kỹ năng,40,"Hoàn thành 8 câu chuyên đề ""Hình học phẳng & không gian"" trong khoảng 8 phút, lần lượt qua 3 chặng: khởi động → rèn luyện → bứt tốc. Đúng từ 6 câu là hoàn thành; đúng từ 7 câu được tính là thành thạo và cộng điểm lên cấp. Tinh thần cấp 1: Nhận diện dạng bài và nhớ lại công thức nền.","Hoàn thành đủ 3 chặng trong một lượt, không rời phiếu giữa chừng."
NV-0215,PL-TOA-GEO-L1-003,Tốc độ: Hình học phẳng & không gian — cấp 1,Toán,Hình học phẳng & không gian,1,1,Tốc độ,44,"Hoàn thành 8 câu chuyên đề ""Hình học phẳng & không gian"" trong khoảng 6 phút, lần lượt qua 3 chặng: khởi động → rèn luyện → bứt tốc. Đúng từ 6 câu là hoàn thành; đúng từ 7 câu được tính là thành thạo và cộng điểm lên cấp. Tinh thần cấp 1: Nhận diện dạng bài và nhớ lại công thức nền.",Thời gian bị siết còn 75% mức chuẩn. Quá giờ vẫn chấm nhưng không tính thành thạo.
NV-0216,PL-TOA-GEO-L1-004,Chính xác: Hình học phẳng & không gian — cấp 1,Toán,Hình học phẳng & không gian,1,1,Chính xác,44,"Hoàn thành 8 câu chuyên đề ""Hình học phẳng & không gian"" trong khoảng 9 phút, lần lượt qua 3 chặng: khởi động → rèn luyện → bứt tốc. Đúng từ 6 câu là hoàn thành; đúng từ 7 câu được tính là thành thạo và cộng điểm lên cấp. Tinh thần cấp 1: Nhận diện dạng bài và nhớ lại công thức nền.",Sai quá 2 câu là phải làm lại phiếu trước khi đi tiếp.
NV-0217,PL-TOA-GEO-L1-005,Tổng hợp: Hình học phẳng & không gian — cấp 1,Toán,Hình học phẳng & không gian,1,1,Tổng hợp,46,"Hoàn thành 8 câu chuyên đề ""Hình học phẳng & không gian"" trong khoảng 8 phút, lần lượt qua 3 chặng: khởi động → rèn luyện → bứt tốc. Đúng từ 6 câu là hoàn thành; đúng từ 7 câu được tính là thành thạo và cộng điểm lên cấp. Tinh thần cấp 1: Nhận diện dạng bài và nhớ lại công thức nền.",Không được biết trước dạng bài của từng câu.
NV-0218,PL-TOA-GEO-L1-006,Ôn lại: Hình học phẳng & không gian — cấp 1,Toán,Hình học phẳng & không gian,1,1,Ôn lại,36,"Hoàn thành 8 câu chuyên đề ""Hình học phẳng & không gian"" trong khoảng 9 phút, lần lượt qua 3 chặng: khởi động → rèn luyện → bứt tốc. Đúng từ 6 câu là hoàn thành; đúng từ 7 câu được tính là thành thạo và cộng điểm lên cấp. Tinh thần cấp 1: Nhận diện dạng bài và nhớ lại công thức nền.",Nên làm sau buổi học chính ít nhất một ngày.
NV-0219,PL-TOA-GEO-L1-007,Khởi động: Hình học phẳng & không gian — cấp 1,Toán,Hình học phẳng & không gian,1,1,Khởi động,28,"Hoàn thành 8 câu chuyên đề ""Hình học phẳng & không gian"" trong khoảng 10 phút, lần lượt qua 3 chặng: khởi động → rèn luyện → bứt tốc. Đúng từ 6 câu là hoàn thành; đúng từ 7 câu được tính là thành thạo và cộng điểm lên cấp. Tinh thần cấp 1: Nhận diện dạng bài và nhớ lại công thức nền.","Không giới hạn thời gian. Mục tiêu là làm đúng, chưa cần nhanh."
NV-0220,PL-TOA-GEO-L1-008,Rèn kỹ năng: Hình học phẳng & không gian — cấp 1,Toán,Hình học phẳng & không gian,1,1,Rèn kỹ năng,40,"Hoàn thành 8 câu chuyên đề ""Hình học phẳng & không gian"" trong khoảng 8 phút, lần lượt qua 3 chặng: khởi động → rèn luyện → bứt tốc. Đúng từ 6 câu là hoàn thành; đúng từ 7 câu được tính là thành thạo và cộng điểm lên cấp. Tinh thần cấp 1: Nhận diện dạng bài và nhớ lại công thức nền.","Hoàn thành đủ 3 chặng trong một lượt, không rời phiếu giữa chừng."
NV-0221,PL-TOA-GEO-L1-009,Tốc độ: Hình học phẳng & không gian — cấp 1,Toán,Hình học phẳng & không gian,1,1,Tốc độ,44,"Hoàn thành 8 câu chuyên đề ""Hình học phẳng & không gian"" trong khoảng 6 phút, lần lượt qua 3 chặng: khởi động → rèn luyện → bứt tốc. Đúng từ 6 câu là hoàn thành; đúng từ 7 câu được tính là thành thạo và cộng điểm lên cấp. Tinh thần cấp 1: Nhận diện dạng bài và nhớ lại công thức nền.",Thời gian bị siết còn 75% mức chuẩn. Quá giờ vẫn chấm nhưng không tính thành thạo.
NV-0222,PL-TOA-GEO-L1-010,Chính xác: Hình học phẳng & không gian — cấp 1,Toán,Hình học phẳng & không gian,1,1,Chính xác,44,"Hoàn thành 8 câu chuyên đề ""Hình học phẳng & không gian"" trong khoảng 9 phút, lần lượt qua 3 chặng: khởi động → rèn luyện → bứt tốc. Đúng từ 6 câu là hoàn thành; đúng từ 7 câu được tính là thành thạo và cộng điểm lên cấp. Tinh thần cấp 1: Nhận diện dạng bài và nhớ lại công thức nền.",Sai quá 2 câu là phải làm lại phiếu trước khi đi tiếp.
NV-0223,PL-TOA-GEO-L1-011,Tổng hợp: Hình học phẳng & không gian — cấp 1,Toán,Hình học phẳng & không gian,1,1,Tổng hợp,46,"Hoàn thành 8 câu chuyên đề ""Hình học phẳng & không gian"" trong khoảng 8 phút, lần lượt qua 3 chặng: khởi động → rèn luyện → bứt tốc. Đúng từ 6 câu là hoàn thành; đúng từ 7 câu được tính là thành thạo và cộng điểm lên cấp. Tinh thần cấp 1: Nhận diện dạng bài và nhớ lại công thức nền.",Không được biết trước dạng bài của từng câu.
NV-0224,PL-TOA-GEO-L1-012,Thử thách: Hình học phẳng & không gian — cấp 1,Toán,Hình học phẳng & không gian,1,1,Thử thách,56,"Hoàn thành 8 câu chuyên đề ""Hình học phẳng & không gian"" trong khoảng 8 phút, lần lượt qua 3 chặng: khởi động → rèn luyện → bứt tốc. Đúng từ 6 câu là hoàn thành; đúng từ 7 câu được tính là thành thạo và cộng điểm lên cấp. Tinh thần cấp 1: Nhận diện dạng bài và nhớ lại công thức nền.",Đạt từ 85% mới được tính là vượt thử thách.
NV-0225,PL-TOA-GEO-L1-013,Vượt ải: Hình học phẳng & không gian — cấp 1,Toán,Hình học phẳng & không gian,1,1,Vượt ải,72,"Hoàn thành 8 câu chuyên đề ""Hình học phẳng & không gian"" trong khoảng 8 phút, lần lượt qua 3 chặng: khởi động → rèn luyện → bứt tốc. Đúng từ 6 câu là hoàn thành; đúng từ 8 câu được tính là thành thạo và cộng điểm lên cấp. Tinh thần cấp 1: Nhận diện dạng bài và nhớ lại công thức nền.",Phải đạt từ 90% để mở khóa cấp độ tiếp theo của tuyến này.
NV-0226,PL-TOA-GEO-L2-001,Khởi động: Hình học phẳng & không gian — cấp 2,Toán,Hình học phẳng & không gian,1,2,Khởi động,42,"Hoàn thành 10 câu chuyên đề ""Hình học phẳng & không gian"" trong khoảng 15 phút, lần lượt qua 3 chặng: khởi động → rèn luyện → bứt tốc. Đúng từ 7 câu là hoàn thành; đúng từ 9 câu được tính là thành thạo và cộng điểm lên cấp. Tinh thần cấp 2: Làm đúng dạng chuẩn mà không cần nhìn gợi ý.","Không giới hạn thời gian. Mục tiêu là làm đúng, chưa cần nhanh."
NV-0227,PL-TOA-GEO-L2-002,Rèn kỹ năng: Hình học phẳng & không gian — cấp 2,Toán,Hình học phẳng & không gian,1,2,Rèn kỹ năng,60,"Hoàn thành 10 câu chuyên đề ""Hình học phẳng & không gian"" trong khoảng 12 phút, lần lượt qua 3 chặng: khởi động → rèn luyện → bứt tốc. Đúng từ 7 câu là hoàn thành; đúng từ 9 câu được tính là thành thạo và cộng điểm lên cấp. Tinh thần cấp 2: Làm đúng dạng chuẩn mà không cần nhìn gợi ý.","Hoàn thành đủ 3 chặng trong một lượt, không rời phiếu giữa chừng."
NV-0228,PL-TOA-GEO-L2-003,Tốc độ: Hình học phẳng & không gian — cấp 2,Toán,Hình học phẳng & không gian,1,2,Tốc độ,66,"Hoàn thành 10 câu chuyên đề ""Hình học phẳng & không gian"" trong khoảng 9 phút, lần lượt qua 3 chặng: khởi động → rèn luyện → bứt tốc. Đúng từ 7 câu là hoàn thành; đúng từ 9 câu được tính là thành thạo và cộng điểm lên cấp. Tinh thần cấp 2: Làm đúng dạng chuẩn mà không cần nhìn gợi ý.",Thời gian bị siết còn 75% mức chuẩn. Quá giờ vẫn chấm nhưng không tính thành thạo.
NV-0229,PL-TOA-GEO-L2-004,Chính xác: Hình học phẳng & không gian — cấp 2,Toán,Hình học phẳng & không gian,1,2,Chính xác,66,"Hoàn thành 10 câu chuyên đề ""Hình học phẳng & không gian"" trong khoảng 13 phút, lần lượt qua 3 chặng: khởi động → rèn luyện → bứt tốc. Đúng từ 7 câu là hoàn thành; đúng từ 9 câu được tính là thành thạo và cộng điểm lên cấp. Tinh thần cấp 2: Làm đúng dạng chuẩn mà không cần nhìn gợi ý.",Sai quá 2 câu là phải làm lại phiếu trước khi đi tiếp.
NV-0230,PL-TOA-GEO-L2-005,Tổng hợp: Hình học phẳng & không gian — cấp 2,Toán,Hình học phẳng & không gian,1,2,Tổng hợp,69,"Hoàn thành 10 câu chuyên đề ""Hình học phẳng & không gian"" trong khoảng 12 phút, lần lượt qua 3 chặng: khởi động → rèn luyện → bứt tốc. Đúng từ 7 câu là hoàn thành; đúng từ 9 câu được tính là thành thạo và cộng điểm lên cấp. Tinh thần cấp 2: Làm đúng dạng chuẩn mà không cần nhìn gợi ý.",Không được biết trước dạng bài của từng câu.
NV-0231,PL-TOA-GEO-L2-006,Ôn lại: Hình học phẳng & không gian — cấp 2,Toán,Hình học phẳng & không gian,1,2,Ôn lại,54,"Hoàn thành 10 câu chuyên đề ""Hình học phẳng & không gian"" trong khoảng 13 phút, lần lượt qua 3 chặng: khởi động → rèn luyện → bứt tốc. Đúng từ 7 câu là hoàn thành; đúng từ 9 câu được tính là thành thạo và cộng điểm lên cấp. Tinh thần cấp 2: Làm đúng dạng chuẩn mà không cần nhìn gợi ý.",Nên làm sau buổi học chính ít nhất một ngày.
NV-0232,PL-TOA-GEO-L2-007,Khởi động: Hình học phẳng & không gian — cấp 2,Toán,Hình học phẳng & không gian,1,2,Khởi động,42,"Hoàn thành 10 câu chuyên đề ""Hình học phẳng & không gian"" trong khoảng 15 phút, lần lượt qua 3 chặng: khởi động → rèn luyện → bứt tốc. Đúng từ 7 câu là hoàn thành; đúng từ 9 câu được tính là thành thạo và cộng điểm lên cấp. Tinh thần cấp 2: Làm đúng dạng chuẩn mà không cần nhìn gợi ý.","Không giới hạn thời gian. Mục tiêu là làm đúng, chưa cần nhanh."
NV-0233,PL-TOA-GEO-L2-008,Rèn kỹ năng: Hình học phẳng & không gian — cấp 2,Toán,Hình học phẳng & không gian,1,2,Rèn kỹ năng,60,"Hoàn thành 10 câu chuyên đề ""Hình học phẳng & không gian"" trong khoảng 12 phút, lần lượt qua 3 chặng: khởi động → rèn luyện → bứt tốc. Đúng từ 7 câu là hoàn thành; đúng từ 9 câu được tính là thành thạo và cộng điểm lên cấp. Tinh thần cấp 2: Làm đúng dạng chuẩn mà không cần nhìn gợi ý.","Hoàn thành đủ 3 chặng trong một lượt, không rời phiếu giữa chừng."
NV-0234,PL-TOA-GEO-L2-009,Tốc độ: Hình học phẳng & không gian — cấp 2,Toán,Hình học phẳng & không gian,1,2,Tốc độ,66,"Hoàn thành 10 câu chuyên đề ""Hình học phẳng & không gian"" trong khoảng 9 phút, lần lượt qua 3 chặng: khởi động → rèn luyện → bứt tốc. Đúng từ 7 câu là hoàn thành; đúng từ 9 câu được tính là thành thạo và cộng điểm lên cấp. Tinh thần cấp 2: Làm đúng dạng chuẩn mà không cần nhìn gợi ý.",Thời gian bị siết còn 75% mức chuẩn. Quá giờ vẫn chấm nhưng không tính thành thạo.
NV-0235,PL-TOA-GEO-L2-010,Chính xác: Hình học phẳng & không gian — cấp 2,Toán,Hình học phẳng & không gian,1,2,Chính xác,66,"Hoàn thành 10 câu chuyên đề ""Hình học phẳng & không gian"" trong khoảng 13 phút, lần lượt qua 3 chặng: khởi động → rèn luyện → bứt tốc. Đúng từ 7 câu là hoàn thành; đúng từ 9 câu được tính là thành thạo và cộng điểm lên cấp. Tinh thần cấp 2: Làm đúng dạng chuẩn mà không cần nhìn gợi ý.",Sai quá 2 câu là phải làm lại phiếu trước khi đi tiếp.
NV-0236,PL-TOA-GEO-L2-011,Tổng hợp: Hình học phẳng & không gian — cấp 2,Toán,Hình học phẳng & không gian,1,2,Tổng hợp,69,"Hoàn thành 10 câu chuyên đề ""Hình học phẳng & không gian"" trong khoảng 12 phút, lần lượt qua 3 chặng: khởi động → rèn luyện → bứt tốc. Đúng từ 7 câu là hoàn thành; đúng từ 9 câu được tính là thành thạo và cộng điểm lên cấp. Tinh thần cấp 2: Làm đúng dạng chuẩn mà không cần nhìn gợi ý.",Không được biết trước dạng bài của từng câu.
NV-0237,PL-TOA-GEO-L2-012,Ôn lại: Hình học phẳng & không gian — cấp 2,Toán,Hình học phẳng & không gian,1,2,Ôn lại,54,"Hoàn thành 10 câu chuyên đề ""Hình học phẳng & không gian"" trong khoảng 13 phút, lần lượt qua 3 chặng: khởi động → rèn luyện → bứt tốc. Đúng từ 7 câu là hoàn thành; đúng từ 9 câu được tính là thành thạo và cộng điểm lên cấp. Tinh thần cấp 2: Làm đúng dạng chuẩn mà không cần nhìn gợi ý.",Nên làm sau buổi học chính ít nhất một ngày.
NV-0238,PL-TOA-GEO-L2-013,Khởi động: Hình học phẳng & không gian — cấp 2,Toán,Hình học phẳng & không gian,1,2,Khởi động,42,"Hoàn thành 10 câu chuyên đề ""Hình học phẳng & không gian"" trong khoảng 15 phút, lần lượt qua 3 chặng: khởi động → rèn luyện → bứt tốc. Đúng từ 7 câu là hoàn thành; đúng từ 9 câu được tính là thành thạo và cộng điểm lên cấp. Tinh thần cấp 2: Làm đúng dạng chuẩn mà không cần nhìn gợi ý.","Không giới hạn thời gian. Mục tiêu là làm đúng, chưa cần nhanh."
NV-0239,PL-TOA-GEO-L2-014,Rèn kỹ năng: Hình học phẳng & không gian — cấp 2,Toán,Hình học phẳng & không gian,1,2,Rèn kỹ năng,60,"Hoàn thành 10 câu chuyên đề ""Hình học phẳng & không gian"" trong khoảng 12 phút, lần lượt qua 3 chặng: khởi động → rèn luyện → bứt tốc. Đúng từ 7 câu là hoàn thành; đúng từ 9 câu được tính là thành thạo và cộng điểm lên cấp. Tinh thần cấp 2: Làm đúng dạng chuẩn mà không cần nhìn gợi ý.","Hoàn thành đủ 3 chặng trong một lượt, không rời phiếu giữa chừng."
NV-0240,PL-TOA-GEO-L2-015,Tốc độ: Hình học phẳng & không gian — cấp 2,Toán,Hình học phẳng & không gian,1,2,Tốc độ,66,"Hoàn thành 10 câu chuyên đề ""Hình học phẳng & không gian"" trong khoảng 9 phút, lần lượt qua 3 chặng: khởi động → rèn luyện → bứt tốc. Đúng từ 7 câu là hoàn thành; đúng từ 9 câu được tính là thành thạo và cộng điểm lên cấp. Tinh thần cấp 2: Làm đúng dạng chuẩn mà không cần nhìn gợi ý.",Thời gian bị siết còn 75% mức chuẩn. Quá giờ vẫn chấm nhưng không tính thành thạo.
NV-0241,PL-TOA-GEO-L2-016,Thử thách: Hình học phẳng & không gian — cấp 2,Toán,Hình học phẳng & không gian,1,2,Thử thách,84,"Hoàn thành 10 câu chuyên đề ""Hình học phẳng & không gian"" trong khoảng 12 phút, lần lượt qua 3 chặng: khởi động → rèn luyện → bứt tốc. Đúng từ 7 câu là hoàn thành; đúng từ 9 câu được tính là thành thạo và cộng điểm lên cấp. Tinh thần cấp 2: Làm đúng dạng chuẩn mà không cần nhìn gợi ý.",Đạt từ 85% mới được tính là vượt thử thách.
NV-0242,PL-TOA-GEO-L2-017,Vượt ải: Hình học phẳng & không gian — cấp 2,Toán,Hình học phẳng & không gian,1,2,Vượt ải,108,"Hoàn thành 10 câu chuyên đề ""Hình học phẳng & không gian"" trong khoảng 11 phút, lần lượt qua 3 chặng: khởi động → rèn luyện → bứt tốc. Đúng từ 7 câu là hoàn thành; đúng từ 9 câu được tính là thành thạo và cộng điểm lên cấp. Tinh thần cấp 2: Làm đúng dạng chuẩn mà không cần nhìn gợi ý.",Phải đạt từ 90% để mở khóa cấp độ tiếp theo của tuyến này.
NV-0243,PL-TOA-GEO-L3-001,Khởi động: Hình học phẳng & không gian — cấp 3,Toán,Hình học phẳng & không gian,2,3,Khởi động,63,"Hoàn thành 12 câu chuyên đề ""Hình học phẳng & không gian"" trong khoảng 19 phút, lần lượt qua 3 chặng: khởi động → rèn luyện → bứt tốc. Đúng từ 9 câu là hoàn thành; đúng từ 11 câu được tính là thành thạo và cộng điểm lên cấp. Tinh thần cấp 3: Ghép nhiều bước và tránh các bẫy quen thuộc.","Không giới hạn thời gian. Mục tiêu là làm đúng, chưa cần nhanh."
NV-0244,PL-TOA-GEO-L3-002,Rèn kỹ năng: Hình học phẳng & không gian — cấp 3,Toán,Hình học phẳng & không gian,2,3,Rèn kỹ năng,90,"Hoàn thành 12 câu chuyên đề ""Hình học phẳng & không gian"" trong khoảng 15 phút, lần lượt qua 3 chặng: khởi động → rèn luyện → bứt tốc. Đúng từ 9 câu là hoàn thành; đúng từ 11 câu được tính là thành thạo và cộng điểm lên cấp. Tinh thần cấp 3: Ghép nhiều bước và tránh các bẫy quen thuộc.","Hoàn thành đủ 3 chặng trong một lượt, không rời phiếu giữa chừng."
NV-0245,PL-TOA-GEO-L3-003,Tốc độ: Hình học phẳng & không gian — cấp 3,Toán,Hình học phẳng & không gian,2,3,Tốc độ,99,"Hoàn thành 12 câu chuyên đề ""Hình học phẳng & không gian"" trong khoảng 11 phút, lần lượt qua 3 chặng: khởi động → rèn luyện → bứt tốc. Đúng từ 9 câu là hoàn thành; đúng từ 11 câu được tính là thành thạo và cộng điểm lên cấp. Tinh thần cấp 3: Ghép nhiều bước và tránh các bẫy quen thuộc.",Thời gian bị siết còn 75% mức chuẩn. Quá giờ vẫn chấm nhưng không tính thành thạo.
NV-0246,PL-TOA-GEO-L3-004,Chính xác: Hình học phẳng & không gian — cấp 3,Toán,Hình học phẳng & không gian,2,3,Chính xác,99,"Hoàn thành 12 câu chuyên đề ""Hình học phẳng & không gian"" trong khoảng 17 phút, lần lượt qua 3 chặng: khởi động → rèn luyện → bứt tốc. Đúng từ 9 câu là hoàn thành; đúng từ 11 câu được tính là thành thạo và cộng điểm lên cấp. Tinh thần cấp 3: Ghép nhiều bước và tránh các bẫy quen thuộc.",Sai quá 2 câu là phải làm lại phiếu trước khi đi tiếp.
NV-0247,PL-TOA-GEO-L3-005,Tổng hợp: Hình học phẳng & không gian — cấp 3,Toán,Hình học phẳng & không gian,2,3,Tổng hợp,103,"Hoàn thành 12 câu chuyên đề ""Hình học phẳng & không gian"" trong khoảng 15 phút, lần lượt qua 3 chặng: khởi động → rèn luyện → bứt tốc. Đúng từ 9 câu là hoàn thành; đúng từ 11 câu được tính là thành thạo và cộng điểm lên cấp. Tinh thần cấp 3: Ghép nhiều bước và tránh các bẫy quen thuộc.",Không được biết trước dạng bài của từng câu.
NV-0248,PL-TOA-GEO-L3-006,Ôn lại: Hình học phẳng & không gian — cấp 3,Toán,Hình học phẳng & không gian,2,3,Ôn lại,81,"Hoàn thành 12 câu chuyên đề ""Hình học phẳng & không gian"" trong khoảng 17 phút, lần lượt qua 3 chặng: khởi động → rèn luyện → bứt tốc. Đúng từ 9 câu là hoàn thành; đúng từ 11 câu được tính là thành thạo và cộng điểm lên cấp. Tinh thần cấp 3: Ghép nhiều bước và tránh các bẫy quen thuộc.",Nên làm sau buổi học chính ít nhất một ngày.
NV-0249,PL-TOA-GEO-L3-007,Khởi động: Hình học phẳng & không gian — cấp 3,Toán,Hình học phẳng & không gian,2,3,Khởi động,63,"Hoàn thành 12 câu chuyên đề ""Hình học phẳng & không gian"" trong khoảng 19 phút, lần lượt qua 3 chặng: khởi động → rèn luyện → bứt tốc. Đúng từ 9 câu là hoàn thành; đúng từ 11 câu được tính là thành thạo và cộng điểm lên cấp. Tinh thần cấp 3: Ghép nhiều bước và tránh các bẫy quen thuộc.","Không giới hạn thời gian. Mục tiêu là làm đúng, chưa cần nhanh."
NV-0250,PL-TOA-GEO-L3-008,Rèn kỹ năng: Hình học phẳng & không gian — cấp 3,Toán,Hình học phẳng & không gian,2,3,Rèn kỹ năng,90,"Hoàn thành 12 câu chuyên đề ""Hình học phẳng & không gian"" trong khoảng 15 phút, lần lượt qua 3 chặng: khởi động → rèn luyện → bứt tốc. Đúng từ 9 câu là hoàn thành; đúng từ 11 câu được tính là thành thạo và cộng điểm lên cấp. Tinh thần cấp 3: Ghép nhiều bước và tránh các bẫy quen thuộc.","Hoàn thành đủ 3 chặng trong một lượt, không rời phiếu giữa chừng."
NV-0251,PL-TOA-GEO-L3-009,Tốc độ: Hình học phẳng & không gian — cấp 3,Toán,Hình học phẳng & không gian,2,3,Tốc độ,99,"Hoàn thành 12 câu chuyên đề ""Hình học phẳng & không gian"" trong khoảng 11 phút, lần lượt qua 3 chặng: khởi động → rèn luyện → bứt tốc. Đúng từ 9 câu là hoàn thành; đúng từ 11 câu được tính là thành thạo và cộng điểm lên cấp. Tinh thần cấp 3: Ghép nhiều bước và tránh các bẫy quen thuộc.",Thời gian bị siết còn 75% mức chuẩn. Quá giờ vẫn chấm nhưng không tính thành thạo.
NV-0252,PL-TOA-GEO-L3-010,Chính xác: Hình học phẳng & không gian — cấp 3,Toán,Hình học phẳng & không gian,2,3,Chính xác,99,"Hoàn thành 12 câu chuyên đề ""Hình học phẳng & không gian"" trong khoảng 17 phút, lần lượt qua 3 chặng: khởi động → rèn luyện → bứt tốc. Đúng từ 9 câu là hoàn thành; đúng từ 11 câu được tính là thành thạo và cộng điểm lên cấp. Tinh thần cấp 3: Ghép nhiều bước và tránh các bẫy quen thuộc.",Sai quá 2 câu là phải làm lại phiếu trước khi đi tiếp.
NV-0253,PL-TOA-GEO-L3-011,Tổng hợp: Hình học phẳng & không gian — cấp 3,Toán,Hình học phẳng & không gian,2,3,Tổng hợp,103,"Hoàn thành 12 câu chuyên đề ""Hình học phẳng & không gian"" trong khoảng 15 phút, lần lượt qua 3 chặng: khởi động → rèn luyện → bứt tốc. Đúng từ 9 câu là hoàn thành; đúng từ 11 câu được tính là thành thạo và cộng điểm lên cấp. Tinh thần cấp 3: Ghép nhiều bước và tránh các bẫy quen thuộc.",Không được biết trước dạng bài của từng câu.
NV-0254,PL-TOA-GEO-L3-012,Ôn lại: Hình học phẳng & không gian — cấp 3,Toán,Hình học phẳng & không gian,2,3,Ôn lại,81,"Hoàn thành 12 câu chuyên đề ""Hình học phẳng & không gian"" trong khoảng 17 phút, lần lượt qua 3 chặng: khởi động → rèn luyện → bứt tốc. Đúng từ 9 câu là hoàn thành; đúng từ 11 câu được tính là thành thạo và cộng điểm lên cấp. Tinh thần cấp 3: Ghép nhiều bước và tránh các bẫy quen thuộc.",Nên làm sau buổi học chính ít nhất một ngày.
NV-0255,PL-TOA-GEO-L3-013,Khởi động: Hình học phẳng & không gian — cấp 3,Toán,Hình học phẳng & không gian,2,3,Khởi động,63,"Hoàn thành 12 câu chuyên đề ""Hình học phẳng & không gian"" trong khoảng 19 phút, lần lượt qua 3 chặng: khởi động → rèn luyện → bứt tốc. Đúng từ 9 câu là hoàn thành; đúng từ 11 câu được tính là thành thạo và cộng điểm lên cấp. Tinh thần cấp 3: Ghép nhiều bước và tránh các bẫy quen thuộc.","Không giới hạn thời gian. Mục tiêu là làm đúng, chưa cần nhanh."
NV-0256,PL-TOA-GEO-L3-014,Rèn kỹ năng: Hình học phẳng & không gian — cấp 3,Toán,Hình học phẳng & không gian,2,3,Rèn kỹ năng,90,"Hoàn thành 12 câu chuyên đề ""Hình học phẳng & không gian"" trong khoảng 15 phút, lần lượt qua 3 chặng: khởi động → rèn luyện → bứt tốc. Đúng từ 9 câu là hoàn thành; đúng từ 11 câu được tính là thành thạo và cộng điểm lên cấp. Tinh thần cấp 3: Ghép nhiều bước và tránh các bẫy quen thuộc.","Hoàn thành đủ 3 chặng trong một lượt, không rời phiếu giữa chừng."
NV-0257,PL-TOA-GEO-L3-015,Tốc độ: Hình học phẳng & không gian — cấp 3,Toán,Hình học phẳng & không gian,2,3,Tốc độ,99,"Hoàn thành 12 câu chuyên đề ""Hình học phẳng & không gian"" trong khoảng 11 phút, lần lượt qua 3 chặng: khởi động → rèn luyện → bứt tốc. Đúng từ 9 câu là hoàn thành; đúng từ 11 câu được tính là thành thạo và cộng điểm lên cấp. Tinh thần cấp 3: Ghép nhiều bước và tránh các bẫy quen thuộc.",Thời gian bị siết còn 75% mức chuẩn. Quá giờ vẫn chấm nhưng không tính thành thạo.
NV-0258,PL-TOA-GEO-L3-016,Chính xác: Hình học phẳng & không gian — cấp 3,Toán,Hình học phẳng & không gian,2,3,Chính xác,99,"Hoàn thành 12 câu chuyên đề ""Hình học phẳng & không gian"" trong khoảng 17 phút, lần lượt qua 3 chặng: khởi động → rèn luyện → bứt tốc. Đúng từ 9 câu là hoàn thành; đúng từ 11 câu được tính là thành thạo và cộng điểm lên cấp. Tinh thần cấp 3: Ghép nhiều bước và tránh các bẫy quen thuộc.",Sai quá 2 câu là phải làm lại phiếu trước khi đi tiếp.
NV-0259,PL-TOA-GEO-L3-017,Tổng hợp: Hình học phẳng & không gian — cấp 3,Toán,Hình học phẳng & không gian,2,3,Tổng hợp,103,"Hoàn thành 12 câu chuyên đề ""Hình học phẳng & không gian"" trong khoảng 15 phút, lần lượt qua 3 chặng: khởi động → rèn luyện → bứt tốc. Đúng từ 9 câu là hoàn thành; đúng từ 11 câu được tính là thành thạo và cộng điểm lên cấp. Tinh thần cấp 3: Ghép nhiều bước và tránh các bẫy quen thuộc.",Không được biết trước dạng bài của từng câu.
NV-0260,PL-TOA-GEO-L3-018,Thử thách: Hình học phẳng & không gian — cấp 3,Toán,Hình học phẳng & không gian,2,3,Thử thách,126,"Hoàn thành 12 câu chuyên đề ""Hình học phẳng & không gian"" trong khoảng 15 phút, lần lượt qua 3 chặng: khởi động → rèn luyện → bứt tốc. Đúng từ 9 câu là hoàn thành; đúng từ 11 câu được tính là thành thạo và cộng điểm lên cấp. Tinh thần cấp 3: Ghép nhiều bước và tránh các bẫy quen thuộc.",Đạt từ 85% mới được tính là vượt thử thách.
NV-0261,PL-TOA-GEO-L3-019,Vượt ải: Hình học phẳng & không gian — cấp 3,Toán,Hình học phẳng & không gian,2,3,Vượt ải,162,"Hoàn thành 12 câu chuyên đề ""Hình học phẳng & không gian"" trong khoảng 14 phút, lần lượt qua 3 chặng: khởi động → rèn luyện → bứt tốc. Đúng từ 9 câu là hoàn thành; đúng từ 11 câu được tính là thành thạo và cộng điểm lên cấp. Tinh thần cấp 3: Ghép nhiều bước và tránh các bẫy quen thuộc.",Phải đạt từ 90% để mở khóa cấp độ tiếp theo của tuyến này.
NV-0262,PL-TOA-GEO-L4-001,Khởi động: Hình học phẳng & không gian — cấp 4,Toán,Hình học phẳng & không gian,2,4,Khởi động,84,"Hoàn thành 12 câu chuyên đề ""Hình học phẳng & không gian"" trong khoảng 16 phút, lần lượt qua 3 chặng: khởi động → rèn luyện → bứt tốc. Đúng từ 9 câu là hoàn thành; đúng từ 11 câu được tính là thành thạo và cộng điểm lên cấp. Tinh thần cấp 4: Giữ độ chính xác khi thời gian bắt đầu siết lại.","Không giới hạn thời gian. Mục tiêu là làm đúng, chưa cần nhanh."
NV-0263,PL-TOA-GEO-L4-002,Rèn kỹ năng: Hình học phẳng & không gian — cấp 4,Toán,Hình học phẳng & không gian,2,4,Rèn kỹ năng,120,"Hoàn thành 12 câu chuyên đề ""Hình học phẳng & không gian"" trong khoảng 13 phút, lần lượt qua 3 chặng: khởi động → rèn luyện → bứt tốc. Đúng từ 9 câu là hoàn thành; đúng từ 11 câu được tính là thành thạo và cộng điểm lên cấp. Tinh thần cấp 4: Giữ độ chính xác khi thời gian bắt đầu siết lại.","Hoàn thành đủ 3 chặng trong một lượt, không rời phiếu giữa chừng."
NV-0264,PL-TOA-GEO-L4-003,Tốc độ: Hình học phẳng & không gian — cấp 4,Toán,Hình học phẳng & không gian,2,4,Tốc độ,132,"Hoàn thành 12 câu chuyên đề ""Hình học phẳng & không gian"" trong khoảng 10 phút, lần lượt qua 3 chặng: khởi động → rèn luyện → bứt tốc. Đúng từ 9 câu là hoàn thành; đúng từ 11 câu được tính là thành thạo và cộng điểm lên cấp. Tinh thần cấp 4: Giữ độ chính xác khi thời gian bắt đầu siết lại.",Thời gian bị siết còn 75% mức chuẩn. Quá giờ vẫn chấm nhưng không tính thành thạo.
NV-0265,PL-TOA-GEO-L4-004,Chính xác: Hình học phẳng & không gian — cấp 4,Toán,Hình học phẳng & không gian,2,4,Chính xác,132,"Hoàn thành 12 câu chuyên đề ""Hình học phẳng & không gian"" trong khoảng 15 phút, lần lượt qua 3 chặng: khởi động → rèn luyện → bứt tốc. Đúng từ 9 câu là hoàn thành; đúng từ 11 câu được tính là thành thạo và cộng điểm lên cấp. Tinh thần cấp 4: Giữ độ chính xác khi thời gian bắt đầu siết lại.",Sai quá 2 câu là phải làm lại phiếu trước khi đi tiếp.
NV-0266,PL-TOA-GEO-L4-005,Tổng hợp: Hình học phẳng & không gian — cấp 4,Toán,Hình học phẳng & không gian,2,4,Tổng hợp,138,"Hoàn thành 12 câu chuyên đề ""Hình học phẳng & không gian"" trong khoảng 13 phút, lần lượt qua 3 chặng: khởi động → rèn luyện → bứt tốc. Đúng từ 9 câu là hoàn thành; đúng từ 11 câu được tính là thành thạo và cộng điểm lên cấp. Tinh thần cấp 4: Giữ độ chính xác khi thời gian bắt đầu siết lại.",Không được biết trước dạng bài của từng câu.
NV-0267,PL-TOA-GEO-L4-006,Ôn lại: Hình học phẳng & không gian — cấp 4,Toán,Hình học phẳng & không gian,2,4,Ôn lại,108,"Hoàn thành 12 câu chuyên đề ""Hình học phẳng & không gian"" trong khoảng 14 phút, lần lượt qua 3 chặng: khởi động → rèn luyện → bứt tốc. Đúng từ 9 câu là hoàn thành; đúng từ 11 câu được tính là thành thạo và cộng điểm lên cấp. Tinh thần cấp 4: Giữ độ chính xác khi thời gian bắt đầu siết lại.",Nên làm sau buổi học chính ít nhất một ngày.
NV-0268,PL-TOA-GEO-L4-007,Khởi động: Hình học phẳng & không gian — cấp 4,Toán,Hình học phẳng & không gian,2,4,Khởi động,84,"Hoàn thành 12 câu chuyên đề ""Hình học phẳng & không gian"" trong khoảng 16 phút, lần lượt qua 3 chặng: khởi động → rèn luyện → bứt tốc. Đúng từ 9 câu là hoàn thành; đúng từ 11 câu được tính là thành thạo và cộng điểm lên cấp. Tinh thần cấp 4: Giữ độ chính xác khi thời gian bắt đầu siết lại.","Không giới hạn thời gian. Mục tiêu là làm đúng, chưa cần nhanh."
NV-0269,PL-TOA-GEO-L4-008,Rèn kỹ năng: Hình học phẳng & không gian — cấp 4,Toán,Hình học phẳng & không gian,2,4,Rèn kỹ năng,120,"Hoàn thành 12 câu chuyên đề ""Hình học phẳng & không gian"" trong khoảng 13 phút, lần lượt qua 3 chặng: khởi động → rèn luyện → bứt tốc. Đúng từ 9 câu là hoàn thành; đúng từ 11 câu được tính là thành thạo và cộng điểm lên cấp. Tinh thần cấp 4: Giữ độ chính xác khi thời gian bắt đầu siết lại.","Hoàn thành đủ 3 chặng trong một lượt, không rời phiếu giữa chừng."
NV-0270,PL-TOA-GEO-L4-009,Tốc độ: Hình học phẳng & không gian — cấp 4,Toán,Hình học phẳng & không gian,2,4,Tốc độ,132,"Hoàn thành 12 câu chuyên đề ""Hình học phẳng & không gian"" trong khoảng 10 phút, lần lượt qua 3 chặng: khởi động → rèn luyện → bứt tốc. Đúng từ 9 câu là hoàn thành; đúng từ 11 câu được tính là thành thạo và cộng điểm lên cấp. Tinh thần cấp 4: Giữ độ chính xác khi thời gian bắt đầu siết lại.",Thời gian bị siết còn 75% mức chuẩn. Quá giờ vẫn chấm nhưng không tính thành thạo.
NV-0271,PL-TOA-GEO-L4-010,Chính xác: Hình học phẳng & không gian — cấp 4,Toán,Hình học phẳng & không gian,2,4,Chính xác,132,"Hoàn thành 12 câu chuyên đề ""Hình học phẳng & không gian"" trong khoảng 15 phút, lần lượt qua 3 chặng: khởi động → rèn luyện → bứt tốc. Đúng từ 9 câu là hoàn thành; đúng từ 11 câu được tính là thành thạo và cộng điểm lên cấp. Tinh thần cấp 4: Giữ độ chính xác khi thời gian bắt đầu siết lại.",Sai quá 2 câu là phải làm lại phiếu trước khi đi tiếp.
NV-0272,PL-TOA-GEO-L4-011,Tổng hợp: Hình học phẳng & không gian — cấp 4,Toán,Hình học phẳng & không gian,2,4,Tổng hợp,138,"Hoàn thành 12 câu chuyên đề ""Hình học phẳng & không gian"" trong khoảng 13 phút, lần lượt qua 3 chặng: khởi động → rèn luyện → bứt tốc. Đúng từ 9 câu là hoàn thành; đúng từ 11 câu được tính là thành thạo và cộng điểm lên cấp. Tinh thần cấp 4: Giữ độ chính xác khi thời gian bắt đầu siết lại.",Không được biết trước dạng bài của từng câu.
NV-0273,PL-TOA-GEO-L4-012,Ôn lại: Hình học phẳng & không gian — cấp 4,Toán,Hình học phẳng & không gian,2,4,Ôn lại,108,"Hoàn thành 12 câu chuyên đề ""Hình học phẳng & không gian"" trong khoảng 14 phút, lần lượt qua 3 chặng: khởi động → rèn luyện → bứt tốc. Đúng từ 9 câu là hoàn thành; đúng từ 11 câu được tính là thành thạo và cộng điểm lên cấp. Tinh thần cấp 4: Giữ độ chính xác khi thời gian bắt đầu siết lại.",Nên làm sau buổi học chính ít nhất một ngày.
NV-0274,PL-TOA-GEO-L4-013,Khởi động: Hình học phẳng & không gian — cấp 4,Toán,Hình học phẳng & không gian,2,4,Khởi động,84,"Hoàn thành 12 câu chuyên đề ""Hình học phẳng & không gian"" trong khoảng 16 phút, lần lượt qua 3 chặng: khởi động → rèn luyện → bứt tốc. Đúng từ 9 câu là hoàn thành; đúng từ 11 câu được tính là thành thạo và cộng điểm lên cấp. Tinh thần cấp 4: Giữ độ chính xác khi thời gian bắt đầu siết lại.","Không giới hạn thời gian. Mục tiêu là làm đúng, chưa cần nhanh."
NV-0275,PL-TOA-GEO-L4-014,Rèn kỹ năng: Hình học phẳng & không gian — cấp 4,Toán,Hình học phẳng & không gian,2,4,Rèn kỹ năng,120,"Hoàn thành 12 câu chuyên đề ""Hình học phẳng & không gian"" trong khoảng 13 phút, lần lượt qua 3 chặng: khởi động → rèn luyện → bứt tốc. Đúng từ 9 câu là hoàn thành; đúng từ 11 câu được tính là thành thạo và cộng điểm lên cấp. Tinh thần cấp 4: Giữ độ chính xác khi thời gian bắt đầu siết lại.","Hoàn thành đủ 3 chặng trong một lượt, không rời phiếu giữa chừng."
NV-0276,PL-TOA-GEO-L4-015,Tốc độ: Hình học phẳng & không gian — cấp 4,Toán,Hình học phẳng & không gian,2,4,Tốc độ,132,"Hoàn thành 12 câu chuyên đề ""Hình học phẳng & không gian"" trong khoảng 10 phút, lần lượt qua 3 chặng: khởi động → rèn luyện → bứt tốc. Đúng từ 9 câu là hoàn thành; đúng từ 11 câu được tính là thành thạo và cộng điểm lên cấp. Tinh thần cấp 4: Giữ độ chính xác khi thời gian bắt đầu siết lại.",Thời gian bị siết còn 75% mức chuẩn. Quá giờ vẫn chấm nhưng không tính thành thạo.
NV-0277,PL-TOA-GEO-L4-016,Chính xác: Hình học phẳng & không gian — cấp 4,Toán,Hình học phẳng & không gian,2,4,Chính xác,132,"Hoàn thành 12 câu chuyên đề ""Hình học phẳng & không gian"" trong khoảng 15 phút, lần lượt qua 3 chặng: khởi động → rèn luyện → bứt tốc. Đúng từ 9 câu là hoàn thành; đúng từ 11 câu được tính là thành thạo và cộng điểm lên cấp. Tinh thần cấp 4: Giữ độ chính xác khi thời gian bắt đầu siết lại.",Sai quá 2 câu là phải làm lại phiếu trước khi đi tiếp.
NV-0278,PL-TOA-GEO-L4-017,Tổng hợp: Hình học phẳng & không gian — cấp 4,Toán,Hình học phẳng & không gian,2,4,Tổng hợp,138,"Hoàn thành 12 câu chuyên đề ""Hình học phẳng & không gian"" trong khoảng 13 phút, lần lượt qua 3 chặng: khởi động → rèn luyện → bứt tốc. Đúng từ 9 câu là hoàn thành; đúng từ 11 câu được tính là thành thạo và cộng điểm lên cấp. Tinh thần cấp 4: Giữ độ chính xác khi thời gian bắt đầu siết lại.",Không được biết trước dạng bài của từng câu.
NV-0279,PL-TOA-GEO-L4-018,Thử thách: Hình học phẳng & không gian — cấp 4,Toán,Hình học phẳng & không gian,2,4,Thử thách,168,"Hoàn thành 12 câu chuyên đề ""Hình học phẳng & không gian"" trong khoảng 13 phút, lần lượt qua 3 chặng: khởi động → rèn luyện → bứt tốc. Đúng từ 9 câu là hoàn thành; đúng từ 11 câu được tính là thành thạo và cộng điểm lên cấp. Tinh thần cấp 4: Giữ độ chính xác khi thời gian bắt đầu siết lại.",Đạt từ 85% mới được tính là vượt thử thách.
NV-0280,PL-TOA-GEO-L4-019,Vượt ải: Hình học phẳng & không gian — cấp 4,Toán,Hình học phẳng & không gian,2,4,Vượt ải,216,"Hoàn thành 12 câu chuyên đề ""Hình học phẳng & không gian"" trong khoảng 12 phút, lần lượt qua 3 chặng: khởi động → rèn luyện → bứt tốc. Đúng từ 9 câu là hoàn thành; đúng từ 11 câu được tính là thành thạo và cộng điểm lên cấp. Tinh thần cấp 4: Giữ độ chính xác khi thời gian bắt đầu siết lại.",Phải đạt từ 90% để mở khóa cấp độ tiếp theo của tuyến này.
NV-0281,PL-TOA-GEO-L5-001,Khởi động: Hình học phẳng & không gian — cấp 5,Toán,Hình học phẳng & không gian,3,5,Khởi động,112,"Hoàn thành 14 câu chuyên đề ""Hình học phẳng & không gian"" trong khoảng 20 phút, lần lượt qua 3 chặng: khởi động → rèn luyện → bứt tốc. Đúng từ 10 câu là hoàn thành; đúng từ 12 câu được tính là thành thạo và cộng điểm lên cấp. Tinh thần cấp 5: Xử lý câu phân loại mà không mất nhịp.","Không giới hạn thời gian. Mục tiêu là làm đúng, chưa cần nhanh."
NV-0282,PL-TOA-GEO-L5-002,Rèn kỹ năng: Hình học phẳng & không gian — cấp 5,Toán,Hình học phẳng & không gian,3,5,Rèn kỹ năng,160,"Hoàn thành 14 câu chuyên đề ""Hình học phẳng & không gian"" trong khoảng 16 phút, lần lượt qua 3 chặng: khởi động → rèn luyện → bứt tốc. Đúng từ 10 câu là hoàn thành; đúng từ 12 câu được tính là thành thạo và cộng điểm lên cấp. Tinh thần cấp 5: Xử lý câu phân loại mà không mất nhịp.","Hoàn thành đủ 3 chặng trong một lượt, không rời phiếu giữa chừng."
NV-0283,PL-TOA-GEO-L5-003,Tốc độ: Hình học phẳng & không gian — cấp 5,Toán,Hình học phẳng & không gian,3,5,Tốc độ,176,"Hoàn thành 14 câu chuyên đề ""Hình học phẳng & không gian"" trong khoảng 12 phút, lần lượt qua 3 chặng: khởi động → rèn luyện → bứt tốc. Đúng từ 10 câu là hoàn thành; đúng từ 12 câu được tính là thành thạo và cộng điểm lên cấp. Tinh thần cấp 5: Xử lý câu phân loại mà không mất nhịp.",Thời gian bị siết còn 75% mức chuẩn. Quá giờ vẫn chấm nhưng không tính thành thạo.
NV-0284,PL-TOA-GEO-L5-004,Chính xác: Hình học phẳng & không gian — cấp 5,Toán,Hình học phẳng & không gian,3,5,Chính xác,176,"Hoàn thành 14 câu chuyên đề ""Hình học phẳng & không gian"" trong khoảng 19 phút, lần lượt qua 3 chặng: khởi động → rèn luyện → bứt tốc. Đúng từ 10 câu là hoàn thành; đúng từ 12 câu được tính là thành thạo và cộng điểm lên cấp. Tinh thần cấp 5: Xử lý câu phân loại mà không mất nhịp.",Sai quá 2 câu là phải làm lại phiếu trước khi đi tiếp.
NV-0285,PL-TOA-GEO-L5-005,Tổng hợp: Hình học phẳng & không gian — cấp 5,Toán,Hình học phẳng & không gian,3,5,Tổng hợp,184,"Hoàn thành 14 câu chuyên đề ""Hình học phẳng & không gian"" trong khoảng 16 phút, lần lượt qua 3 chặng: khởi động → rèn luyện → bứt tốc. Đúng từ 10 câu là hoàn thành; đúng từ 12 câu được tính là thành thạo và cộng điểm lên cấp. Tinh thần cấp 5: Xử lý câu phân loại mà không mất nhịp.",Không được biết trước dạng bài của từng câu.
NV-0286,PL-TOA-GEO-L5-006,Ôn lại: Hình học phẳng & không gian — cấp 5,Toán,Hình học phẳng & không gian,3,5,Ôn lại,144,"Hoàn thành 14 câu chuyên đề ""Hình học phẳng & không gian"" trong khoảng 18 phút, lần lượt qua 3 chặng: khởi động → rèn luyện → bứt tốc. Đúng từ 10 câu là hoàn thành; đúng từ 12 câu được tính là thành thạo và cộng điểm lên cấp. Tinh thần cấp 5: Xử lý câu phân loại mà không mất nhịp.",Nên làm sau buổi học chính ít nhất một ngày.
NV-0287,PL-TOA-GEO-L5-007,Khởi động: Hình học phẳng & không gian — cấp 5,Toán,Hình học phẳng & không gian,3,5,Khởi động,112,"Hoàn thành 14 câu chuyên đề ""Hình học phẳng & không gian"" trong khoảng 20 phút, lần lượt qua 3 chặng: khởi động → rèn luyện → bứt tốc. Đúng từ 10 câu là hoàn thành; đúng từ 12 câu được tính là thành thạo và cộng điểm lên cấp. Tinh thần cấp 5: Xử lý câu phân loại mà không mất nhịp.","Không giới hạn thời gian. Mục tiêu là làm đúng, chưa cần nhanh."
NV-0288,PL-TOA-GEO-L5-008,Rèn kỹ năng: Hình học phẳng & không gian — cấp 5,Toán,Hình học phẳng & không gian,3,5,Rèn kỹ năng,160,"Hoàn thành 14 câu chuyên đề ""Hình học phẳng & không gian"" trong khoảng 16 phút, lần lượt qua 3 chặng: khởi động → rèn luyện → bứt tốc. Đúng từ 10 câu là hoàn thành; đúng từ 12 câu được tính là thành thạo và cộng điểm lên cấp. Tinh thần cấp 5: Xử lý câu phân loại mà không mất nhịp.","Hoàn thành đủ 3 chặng trong một lượt, không rời phiếu giữa chừng."
NV-0289,PL-TOA-GEO-L5-009,Tốc độ: Hình học phẳng & không gian — cấp 5,Toán,Hình học phẳng & không gian,3,5,Tốc độ,176,"Hoàn thành 14 câu chuyên đề ""Hình học phẳng & không gian"" trong khoảng 12 phút, lần lượt qua 3 chặng: khởi động → rèn luyện → bứt tốc. Đúng từ 10 câu là hoàn thành; đúng từ 12 câu được tính là thành thạo và cộng điểm lên cấp. Tinh thần cấp 5: Xử lý câu phân loại mà không mất nhịp.",Thời gian bị siết còn 75% mức chuẩn. Quá giờ vẫn chấm nhưng không tính thành thạo.
NV-0290,PL-TOA-GEO-L5-010,Chính xác: Hình học phẳng & không gian — cấp 5,Toán,Hình học phẳng & không gian,3,5,Chính xác,176,"Hoàn thành 14 câu chuyên đề ""Hình học phẳng & không gian"" trong khoảng 19 phút, lần lượt qua 3 chặng: khởi động → rèn luyện → bứt tốc. Đúng từ 10 câu là hoàn thành; đúng từ 12 câu được tính là thành thạo và cộng điểm lên cấp. Tinh thần cấp 5: Xử lý câu phân loại mà không mất nhịp.",Sai quá 2 câu là phải làm lại phiếu trước khi đi tiếp.
NV-0291,PL-TOA-GEO-L5-011,Tổng hợp: Hình học phẳng & không gian — cấp 5,Toán,Hình học phẳng & không gian,3,5,Tổng hợp,184,"Hoàn thành 14 câu chuyên đề ""Hình học phẳng & không gian"" trong khoảng 16 phút, lần lượt qua 3 chặng: khởi động → rèn luyện → bứt tốc. Đúng từ 10 câu là hoàn thành; đúng từ 12 câu được tính là thành thạo và cộng điểm lên cấp. Tinh thần cấp 5: Xử lý câu phân loại mà không mất nhịp.",Không được biết trước dạng bài của từng câu.
NV-0292,PL-TOA-GEO-L5-012,Ôn lại: Hình học phẳng & không gian — cấp 5,Toán,Hình học phẳng & không gian,3,5,Ôn lại,144,"Hoàn thành 14 câu chuyên đề ""Hình học phẳng & không gian"" trong khoảng 18 phút, lần lượt qua 3 chặng: khởi động → rèn luyện → bứt tốc. Đúng từ 10 câu là hoàn thành; đúng từ 12 câu được tính là thành thạo và cộng điểm lên cấp. Tinh thần cấp 5: Xử lý câu phân loại mà không mất nhịp.",Nên làm sau buổi học chính ít nhất một ngày.
NV-0293,PL-TOA-GEO-L5-013,Khởi động: Hình học phẳng & không gian — cấp 5,Toán,Hình học phẳng & không gian,3,5,Khởi động,112,"Hoàn thành 14 câu chuyên đề ""Hình học phẳng & không gian"" trong khoảng 20 phút, lần lượt qua 3 chặng: khởi động → rèn luyện → bứt tốc. Đúng từ 10 câu là hoàn thành; đúng từ 12 câu được tính là thành thạo và cộng điểm lên cấp. Tinh thần cấp 5: Xử lý câu phân loại mà không mất nhịp.","Không giới hạn thời gian. Mục tiêu là làm đúng, chưa cần nhanh."
NV-0294,PL-TOA-GEO-L5-014,Thử thách: Hình học phẳng & không gian — cấp 5,Toán,Hình học phẳng & không gian,3,5,Thử thách,224,"Hoàn thành 14 câu chuyên đề ""Hình học phẳng & không gian"" trong khoảng 16 phút, lần lượt qua 3 chặng: khởi động → rèn luyện → bứt tốc. Đúng từ 10 câu là hoàn thành; đúng từ 12 câu được tính là thành thạo và cộng điểm lên cấp. Tinh thần cấp 5: Xử lý câu phân loại mà không mất nhịp.",Đạt từ 85% mới được tính là vượt thử thách.
NV-0295,PL-TOA-GEO-L5-015,Vượt ải: Hình học phẳng & không gian — cấp 5,Toán,Hình học phẳng & không gian,3,5,Vượt ải,288,"Hoàn thành 14 câu chuyên đề ""Hình học phẳng & không gian"" trong khoảng 16 phút, lần lượt qua 3 chặng: khởi động → rèn luyện → bứt tốc. Đúng từ 10 câu là hoàn thành; đúng từ 13 câu được tính là thành thạo và cộng điểm lên cấp. Tinh thần cấp 5: Xử lý câu phân loại mà không mất nhịp.",Phải đạt từ 90% để mở khóa cấp độ tiếp theo của tuyến này.
NV-0296,PL-TOA-GEO-L6-001,Khởi động: Hình học phẳng & không gian — cấp 6,Toán,Hình học phẳng & không gian,3,6,Khởi động,154,"Hoàn thành 15 câu chuyên đề ""Hình học phẳng & không gian"" trong khoảng 19 phút, lần lượt qua 3 chặng: khởi động → rèn luyện → bứt tốc. Đúng từ 11 câu là hoàn thành; đúng từ 13 câu được tính là thành thạo và cộng điểm lên cấp. Tinh thần cấp 6: Tốc độ và độ chính xác của nhóm dẫn đầu phổ điểm.","Không giới hạn thời gian. Mục tiêu là làm đúng, chưa cần nhanh."
NV-0297,PL-TOA-GEO-L6-002,Rèn kỹ năng: Hình học phẳng & không gian — cấp 6,Toán,Hình học phẳng & không gian,3,6,Rèn kỹ năng,220,"Hoàn thành 15 câu chuyên đề ""Hình học phẳng & không gian"" trong khoảng 15 phút, lần lượt qua 3 chặng: khởi động → rèn luyện → bứt tốc. Đúng từ 11 câu là hoàn thành; đúng từ 13 câu được tính là thành thạo và cộng điểm lên cấp. Tinh thần cấp 6: Tốc độ và độ chính xác của nhóm dẫn đầu phổ điểm.","Hoàn thành đủ 3 chặng trong một lượt, không rời phiếu giữa chừng."
NV-0298,PL-TOA-GEO-L6-003,Tốc độ: Hình học phẳng & không gian — cấp 6,Toán,Hình học phẳng & không gian,3,6,Tốc độ,242,"Hoàn thành 15 câu chuyên đề ""Hình học phẳng & không gian"" trong khoảng 11 phút, lần lượt qua 3 chặng: khởi động → rèn luyện → bứt tốc. Đúng từ 11 câu là hoàn thành; đúng từ 13 câu được tính là thành thạo và cộng điểm lên cấp. Tinh thần cấp 6: Tốc độ và độ chính xác của nhóm dẫn đầu phổ điểm.",Thời gian bị siết còn 75% mức chuẩn. Quá giờ vẫn chấm nhưng không tính thành thạo.
NV-0299,PL-TOA-GEO-L6-004,Chính xác: Hình học phẳng & không gian — cấp 6,Toán,Hình học phẳng & không gian,3,6,Chính xác,242,"Hoàn thành 15 câu chuyên đề ""Hình học phẳng & không gian"" trong khoảng 17 phút, lần lượt qua 3 chặng: khởi động → rèn luyện → bứt tốc. Đúng từ 11 câu là hoàn thành; đúng từ 13 câu được tính là thành thạo và cộng điểm lên cấp. Tinh thần cấp 6: Tốc độ và độ chính xác của nhóm dẫn đầu phổ điểm.",Sai quá 2 câu là phải làm lại phiếu trước khi đi tiếp.
NV-0300,PL-TOA-GEO-L6-005,Tổng hợp: Hình học phẳng & không gian — cấp 6,Toán,Hình học phẳng & không gian,3,6,Tổng hợp,253,"Hoàn thành 15 câu chuyên đề ""Hình học phẳng & không gian"" trong khoảng 15 phút, lần lượt qua 3 chặng: khởi động → rèn luyện → bứt tốc. Đúng từ 11 câu là hoàn thành; đúng từ 13 câu được tính là thành thạo và cộng điểm lên cấp. Tinh thần cấp 6: Tốc độ và độ chính xác của nhóm dẫn đầu phổ điểm.",Không được biết trước dạng bài của từng câu.
NV-0301,PL-TOA-GEO-L6-006,Ôn lại: Hình học phẳng & không gian — cấp 6,Toán,Hình học phẳng & không gian,3,6,Ôn lại,198,"Hoàn thành 15 câu chuyên đề ""Hình học phẳng & không gian"" trong khoảng 17 phút, lần lượt qua 3 chặng: khởi động → rèn luyện → bứt tốc. Đúng từ 11 câu là hoàn thành; đúng từ 13 câu được tính là thành thạo và cộng điểm lên cấp. Tinh thần cấp 6: Tốc độ và độ chính xác của nhóm dẫn đầu phổ điểm.",Nên làm sau buổi học chính ít nhất một ngày.
NV-0302,PL-TOA-GEO-L6-007,Khởi động: Hình học phẳng & không gian — cấp 6,Toán,Hình học phẳng & không gian,3,6,Khởi động,154,"Hoàn thành 15 câu chuyên đề ""Hình học phẳng & không gian"" trong khoảng 19 phút, lần lượt qua 3 chặng: khởi động → rèn luyện → bứt tốc. Đúng từ 11 câu là hoàn thành; đúng từ 13 câu được tính là thành thạo và cộng điểm lên cấp. Tinh thần cấp 6: Tốc độ và độ chính xác của nhóm dẫn đầu phổ điểm.","Không giới hạn thời gian. Mục tiêu là làm đúng, chưa cần nhanh."
NV-0303,PL-TOA-GEO-L6-008,Rèn kỹ năng: Hình học phẳng & không gian — cấp 6,Toán,Hình học phẳng & không gian,3,6,Rèn kỹ năng,220,"Hoàn thành 15 câu chuyên đề ""Hình học phẳng & không gian"" trong khoảng 15 phút, lần lượt qua 3 chặng: khởi động → rèn luyện → bứt tốc. Đúng từ 11 câu là hoàn thành; đúng từ 13 câu được tính là thành thạo và cộng điểm lên cấp. Tinh thần cấp 6: Tốc độ và độ chính xác của nhóm dẫn đầu phổ điểm.","Hoàn thành đủ 3 chặng trong một lượt, không rời phiếu giữa chừng."
NV-0304,PL-TOA-GEO-L6-009,Tốc độ: Hình học phẳng & không gian — cấp 6,Toán,Hình học phẳng & không gian,3,6,Tốc độ,242,"Hoàn thành 15 câu chuyên đề ""Hình học phẳng & không gian"" trong khoảng 11 phút, lần lượt qua 3 chặng: khởi động → rèn luyện → bứt tốc. Đúng từ 11 câu là hoàn thành; đúng từ 13 câu được tính là thành thạo và cộng điểm lên cấp. Tinh thần cấp 6: Tốc độ và độ chính xác của nhóm dẫn đầu phổ điểm.",Thời gian bị siết còn 75% mức chuẩn. Quá giờ vẫn chấm nhưng không tính thành thạo.
NV-0305,PL-TOA-GEO-L6-010,Thử thách: Hình học phẳng & không gian — cấp 6,Toán,Hình học phẳng & không gian,3,6,Thử thách,308,"Hoàn thành 15 câu chuyên đề ""Hình học phẳng & không gian"" trong khoảng 15 phút, lần lượt qua 3 chặng: khởi động → rèn luyện → bứt tốc. Đúng từ 11 câu là hoàn thành; đúng từ 13 câu được tính là thành thạo và cộng điểm lên cấp. Tinh thần cấp 6: Tốc độ và độ chính xác của nhóm dẫn đầu phổ điểm.",Đạt từ 85% mới được tính là vượt thử thách.
NV-0306,PL-TOA-GEO-L6-011,Vượt ải: Hình học phẳng & không gian — cấp 6,Toán,Hình học phẳng & không gian,3,6,Vượt ải,396,"Hoàn thành 15 câu chuyên đề ""Hình học phẳng & không gian"" trong khoảng 14 phút, lần lượt qua 3 chặng: khởi động → rèn luyện → bứt tốc. Đúng từ 11 câu là hoàn thành; đúng từ 14 câu được tính là thành thạo và cộng điểm lên cấp. Tinh thần cấp 6: Tốc độ và độ chính xác của nhóm dẫn đầu phổ điểm.",Phải đạt từ 90% để mở khóa cấp độ tiếp theo của tuyến này.
NV-0307,PL-TOA-COO-L1-001,Khởi động: Hình học tọa độ — cấp 1,Toán,Hình học tọa độ,1,1,Khởi động,28,"Hoàn thành 8 câu chuyên đề ""Hình học tọa độ"" trong khoảng 10 phút, lần lượt qua 3 chặng: khởi động → rèn luyện → bứt tốc. Đúng từ 6 câu là hoàn thành; đúng từ 7 câu được tính là thành thạo và cộng điểm lên cấp. Tinh thần cấp 1: Nhận diện dạng bài và nhớ lại công thức nền.","Không giới hạn thời gian. Mục tiêu là làm đúng, chưa cần nhanh."
NV-0308,PL-TOA-COO-L1-002,Rèn kỹ năng: Hình học tọa độ — cấp 1,Toán,Hình học tọa độ,1,1,Rèn kỹ năng,40,"Hoàn thành 8 câu chuyên đề ""Hình học tọa độ"" trong khoảng 8 phút, lần lượt qua 3 chặng: khởi động → rèn luyện → bứt tốc. Đúng từ 6 câu là hoàn thành; đúng từ 7 câu được tính là thành thạo và cộng điểm lên cấp. Tinh thần cấp 1: Nhận diện dạng bài và nhớ lại công thức nền.","Hoàn thành đủ 3 chặng trong một lượt, không rời phiếu giữa chừng."
NV-0309,PL-TOA-COO-L1-003,Tốc độ: Hình học tọa độ — cấp 1,Toán,Hình học tọa độ,1,1,Tốc độ,44,"Hoàn thành 8 câu chuyên đề ""Hình học tọa độ"" trong khoảng 6 phút, lần lượt qua 3 chặng: khởi động → rèn luyện → bứt tốc. Đúng từ 6 câu là hoàn thành; đúng từ 7 câu được tính là thành thạo và cộng điểm lên cấp. Tinh thần cấp 1: Nhận diện dạng bài và nhớ lại công thức nền.",Thời gian bị siết còn 75% mức chuẩn. Quá giờ vẫn chấm nhưng không tính thành thạo.
NV-0310,PL-TOA-COO-L1-004,Chính xác: Hình học tọa độ — cấp 1,Toán,Hình học tọa độ,1,1,Chính xác,44,"Hoàn thành 8 câu chuyên đề ""Hình học tọa độ"" trong khoảng 9 phút, lần lượt qua 3 chặng: khởi động → rèn luyện → bứt tốc. Đúng từ 6 câu là hoàn thành; đúng từ 7 câu được tính là thành thạo và cộng điểm lên cấp. Tinh thần cấp 1: Nhận diện dạng bài và nhớ lại công thức nền.",Sai quá 2 câu là phải làm lại phiếu trước khi đi tiếp.
NV-0311,PL-TOA-COO-L1-005,Tổng hợp: Hình học tọa độ — cấp 1,Toán,Hình học tọa độ,1,1,Tổng hợp,46,"Hoàn thành 8 câu chuyên đề ""Hình học tọa độ"" trong khoảng 8 phút, lần lượt qua 3 chặng: khởi động → rèn luyện → bứt tốc. Đúng từ 6 câu là hoàn thành; đúng từ 7 câu được tính là thành thạo và cộng điểm lên cấp. Tinh thần cấp 1: Nhận diện dạng bài và nhớ lại công thức nền.",Không được biết trước dạng bài của từng câu.
NV-0312,PL-TOA-COO-L1-006,Thử thách: Hình học tọa độ — cấp 1,Toán,Hình học tọa độ,1,1,Thử thách,56,"Hoàn thành 8 câu chuyên đề ""Hình học tọa độ"" trong khoảng 8 phút, lần lượt qua 3 chặng: khởi động → rèn luyện → bứt tốc. Đúng từ 6 câu là hoàn thành; đúng từ 7 câu được tính là thành thạo và cộng điểm lên cấp. Tinh thần cấp 1: Nhận diện dạng bài và nhớ lại công thức nền.",Đạt từ 85% mới được tính là vượt thử thách.
NV-0313,PL-TOA-COO-L1-007,Vượt ải: Hình học tọa độ — cấp 1,Toán,Hình học tọa độ,1,1,Vượt ải,72,"Hoàn thành 8 câu chuyên đề ""Hình học tọa độ"" trong khoảng 8 phút, lần lượt qua 3 chặng: khởi động → rèn luyện → bứt tốc. Đúng từ 6 câu là hoàn thành; đúng từ 8 câu được tính là thành thạo và cộng điểm lên cấp. Tinh thần cấp 1: Nhận diện dạng bài và nhớ lại công thức nền.",Phải đạt từ 90% để mở khóa cấp độ tiếp theo của tuyến này.
NV-0314,PL-TOA-COO-L2-001,Khởi động: Hình học tọa độ — cấp 2,Toán,Hình học tọa độ,1,2,Khởi động,42,"Hoàn thành 10 câu chuyên đề ""Hình học tọa độ"" trong khoảng 15 phút, lần lượt qua 3 chặng: khởi động → rèn luyện → bứt tốc. Đúng từ 7 câu là hoàn thành; đúng từ 9 câu được tính là thành thạo và cộng điểm lên cấp. Tinh thần cấp 2: Làm đúng dạng chuẩn mà không cần nhìn gợi ý.","Không giới hạn thời gian. Mục tiêu là làm đúng, chưa cần nhanh."
NV-0315,PL-TOA-COO-L2-002,Rèn kỹ năng: Hình học tọa độ — cấp 2,Toán,Hình học tọa độ,1,2,Rèn kỹ năng,60,"Hoàn thành 10 câu chuyên đề ""Hình học tọa độ"" trong khoảng 12 phút, lần lượt qua 3 chặng: khởi động → rèn luyện → bứt tốc. Đúng từ 7 câu là hoàn thành; đúng từ 9 câu được tính là thành thạo và cộng điểm lên cấp. Tinh thần cấp 2: Làm đúng dạng chuẩn mà không cần nhìn gợi ý.","Hoàn thành đủ 3 chặng trong một lượt, không rời phiếu giữa chừng."
NV-0316,PL-TOA-COO-L2-003,Tốc độ: Hình học tọa độ — cấp 2,Toán,Hình học tọa độ,1,2,Tốc độ,66,"Hoàn thành 10 câu chuyên đề ""Hình học tọa độ"" trong khoảng 9 phút, lần lượt qua 3 chặng: khởi động → rèn luyện → bứt tốc. Đúng từ 7 câu là hoàn thành; đúng từ 9 câu được tính là thành thạo và cộng điểm lên cấp. Tinh thần cấp 2: Làm đúng dạng chuẩn mà không cần nhìn gợi ý.",Thời gian bị siết còn 75% mức chuẩn. Quá giờ vẫn chấm nhưng không tính thành thạo.
NV-0317,PL-TOA-COO-L2-004,Chính xác: Hình học tọa độ — cấp 2,Toán,Hình học tọa độ,1,2,Chính xác,66,"Hoàn thành 10 câu chuyên đề ""Hình học tọa độ"" trong khoảng 13 phút, lần lượt qua 3 chặng: khởi động → rèn luyện → bứt tốc. Đúng từ 7 câu là hoàn thành; đúng từ 9 câu được tính là thành thạo và cộng điểm lên cấp. Tinh thần cấp 2: Làm đúng dạng chuẩn mà không cần nhìn gợi ý.",Sai quá 2 câu là phải làm lại phiếu trước khi đi tiếp.
NV-0318,PL-TOA-COO-L2-005,Tổng hợp: Hình học tọa độ — cấp 2,Toán,Hình học tọa độ,1,2,Tổng hợp,69,"Hoàn thành 10 câu chuyên đề ""Hình học tọa độ"" trong khoảng 12 phút, lần lượt qua 3 chặng: khởi động → rèn luyện → bứt tốc. Đúng từ 7 câu là hoàn thành; đúng từ 9 câu được tính là thành thạo và cộng điểm lên cấp. Tinh thần cấp 2: Làm đúng dạng chuẩn mà không cần nhìn gợi ý.",Không được biết trước dạng bài của từng câu.
NV-0319,PL-TOA-COO-L2-006,Ôn lại: Hình học tọa độ — cấp 2,Toán,Hình học tọa độ,1,2,Ôn lại,54,"Hoàn thành 10 câu chuyên đề ""Hình học tọa độ"" trong khoảng 13 phút, lần lượt qua 3 chặng: khởi động → rèn luyện → bứt tốc. Đúng từ 7 câu là hoàn thành; đúng từ 9 câu được tính là thành thạo và cộng điểm lên cấp. Tinh thần cấp 2: Làm đúng dạng chuẩn mà không cần nhìn gợi ý.",Nên làm sau buổi học chính ít nhất một ngày.
NV-0320,PL-TOA-COO-L2-007,Khởi động: Hình học tọa độ — cấp 2,Toán,Hình học tọa độ,1,2,Khởi động,42,"Hoàn thành 10 câu chuyên đề ""Hình học tọa độ"" trong khoảng 15 phút, lần lượt qua 3 chặng: khởi động → rèn luyện → bứt tốc. Đúng từ 7 câu là hoàn thành; đúng từ 9 câu được tính là thành thạo và cộng điểm lên cấp. Tinh thần cấp 2: Làm đúng dạng chuẩn mà không cần nhìn gợi ý.","Không giới hạn thời gian. Mục tiêu là làm đúng, chưa cần nhanh."
NV-0321,PL-TOA-COO-L2-008,Rèn kỹ năng: Hình học tọa độ — cấp 2,Toán,Hình học tọa độ,1,2,Rèn kỹ năng,60,"Hoàn thành 10 câu chuyên đề ""Hình học tọa độ"" trong khoảng 12 phút, lần lượt qua 3 chặng: khởi động → rèn luyện → bứt tốc. Đúng từ 7 câu là hoàn thành; đúng từ 9 câu được tính là thành thạo và cộng điểm lên cấp. Tinh thần cấp 2: Làm đúng dạng chuẩn mà không cần nhìn gợi ý.","Hoàn thành đủ 3 chặng trong một lượt, không rời phiếu giữa chừng."
NV-0322,PL-TOA-COO-L2-009,Thử thách: Hình học tọa độ — cấp 2,Toán,Hình học tọa độ,1,2,Thử thách,84,"Hoàn thành 10 câu chuyên đề ""Hình học tọa độ"" trong khoảng 12 phút, lần lượt qua 3 chặng: khởi động → rèn luyện → bứt tốc. Đúng từ 7 câu là hoàn thành; đúng từ 9 câu được tính là thành thạo và cộng điểm lên cấp. Tinh thần cấp 2: Làm đúng dạng chuẩn mà không cần nhìn gợi ý.",Đạt từ 85% mới được tính là vượt thử thách.
NV-0323,PL-TOA-COO-L2-010,Vượt ải: Hình học tọa độ — cấp 2,Toán,Hình học tọa độ,1,2,Vượt ải,108,"Hoàn thành 10 câu chuyên đề ""Hình học tọa độ"" trong khoảng 11 phút, lần lượt qua 3 chặng: khởi động → rèn luyện → bứt tốc. Đúng từ 7 câu là hoàn thành; đúng từ 9 câu được tính là thành thạo và cộng điểm lên cấp. Tinh thần cấp 2: Làm đúng dạng chuẩn mà không cần nhìn gợi ý.",Phải đạt từ 90% để mở khóa cấp độ tiếp theo của tuyến này.
NV-0324,PL-TOA-COO-L3-001,Khởi động: Hình học tọa độ — cấp 3,Toán,Hình học tọa độ,2,3,Khởi động,63,"Hoàn thành 12 câu chuyên đề ""Hình học tọa độ"" trong khoảng 19 phút, lần lượt qua 3 chặng: khởi động → rèn luyện → bứt tốc. Đúng từ 9 câu là hoàn thành; đúng từ 11 câu được tính là thành thạo và cộng điểm lên cấp. Tinh thần cấp 3: Ghép nhiều bước và tránh các bẫy quen thuộc.","Không giới hạn thời gian. Mục tiêu là làm đúng, chưa cần nhanh."
NV-0325,PL-TOA-COO-L3-002,Rèn kỹ năng: Hình học tọa độ — cấp 3,Toán,Hình học tọa độ,2,3,Rèn kỹ năng,90,"Hoàn thành 12 câu chuyên đề ""Hình học tọa độ"" trong khoảng 15 phút, lần lượt qua 3 chặng: khởi động → rèn luyện → bứt tốc. Đúng từ 9 câu là hoàn thành; đúng từ 11 câu được tính là thành thạo và cộng điểm lên cấp. Tinh thần cấp 3: Ghép nhiều bước và tránh các bẫy quen thuộc.","Hoàn thành đủ 3 chặng trong một lượt, không rời phiếu giữa chừng."
NV-0326,PL-TOA-COO-L3-003,Tốc độ: Hình học tọa độ — cấp 3,Toán,Hình học tọa độ,2,3,Tốc độ,99,"Hoàn thành 12 câu chuyên đề ""Hình học tọa độ"" trong khoảng 11 phút, lần lượt qua 3 chặng: khởi động → rèn luyện → bứt tốc. Đúng từ 9 câu là hoàn thành; đúng từ 11 câu được tính là thành thạo và cộng điểm lên cấp. Tinh thần cấp 3: Ghép nhiều bước và tránh các bẫy quen thuộc.",Thời gian bị siết còn 75% mức chuẩn. Quá giờ vẫn chấm nhưng không tính thành thạo.
NV-0327,PL-TOA-COO-L3-004,Chính xác: Hình học tọa độ — cấp 3,Toán,Hình học tọa độ,2,3,Chính xác,99,"Hoàn thành 12 câu chuyên đề ""Hình học tọa độ"" trong khoảng 17 phút, lần lượt qua 3 chặng: khởi động → rèn luyện → bứt tốc. Đúng từ 9 câu là hoàn thành; đúng từ 11 câu được tính là thành thạo và cộng điểm lên cấp. Tinh thần cấp 3: Ghép nhiều bước và tránh các bẫy quen thuộc.",Sai quá 2 câu là phải làm lại phiếu trước khi đi tiếp.
NV-0328,PL-TOA-COO-L3-005,Tổng hợp: Hình học tọa độ — cấp 3,Toán,Hình học tọa độ,2,3,Tổng hợp,103,"Hoàn thành 12 câu chuyên đề ""Hình học tọa độ"" trong khoảng 15 phút, lần lượt qua 3 chặng: khởi động → rèn luyện → bứt tốc. Đúng từ 9 câu là hoàn thành; đúng từ 11 câu được tính là thành thạo và cộng điểm lên cấp. Tinh thần cấp 3: Ghép nhiều bước và tránh các bẫy quen thuộc.",Không được biết trước dạng bài của từng câu.
NV-0329,PL-TOA-COO-L3-006,Ôn lại: Hình học tọa độ — cấp 3,Toán,Hình học tọa độ,2,3,Ôn lại,81,"Hoàn thành 12 câu chuyên đề ""Hình học tọa độ"" trong khoảng 17 phút, lần lượt qua 3 chặng: khởi động → rèn luyện → bứt tốc. Đúng từ 9 câu là hoàn thành; đúng từ 11 câu được tính là thành thạo và cộng điểm lên cấp. Tinh thần cấp 3: Ghép nhiều bước và tránh các bẫy quen thuộc.",Nên làm sau buổi học chính ít nhất một ngày.
NV-0330,PL-TOA-COO-L3-007,Khởi động: Hình học tọa độ — cấp 3,Toán,Hình học tọa độ,2,3,Khởi động,63,"Hoàn thành 12 câu chuyên đề ""Hình học tọa độ"" trong khoảng 19 phút, lần lượt qua 3 chặng: khởi động → rèn luyện → bứt tốc. Đúng từ 9 câu là hoàn thành; đúng từ 11 câu được tính là thành thạo và cộng điểm lên cấp. Tinh thần cấp 3: Ghép nhiều bước và tránh các bẫy quen thuộc.","Không giới hạn thời gian. Mục tiêu là làm đúng, chưa cần nhanh."
NV-0331,PL-TOA-COO-L3-008,Rèn kỹ năng: Hình học tọa độ — cấp 3,Toán,Hình học tọa độ,2,3,Rèn kỹ năng,90,"Hoàn thành 12 câu chuyên đề ""Hình học tọa độ"" trong khoảng 15 phút, lần lượt qua 3 chặng: khởi động → rèn luyện → bứt tốc. Đúng từ 9 câu là hoàn thành; đúng từ 11 câu được tính là thành thạo và cộng điểm lên cấp. Tinh thần cấp 3: Ghép nhiều bước và tránh các bẫy quen thuộc.","Hoàn thành đủ 3 chặng trong một lượt, không rời phiếu giữa chừng."
NV-0332,PL-TOA-COO-L3-009,Tốc độ: Hình học tọa độ — cấp 3,Toán,Hình học tọa độ,2,3,Tốc độ,99,"Hoàn thành 12 câu chuyên đề ""Hình học tọa độ"" trong khoảng 11 phút, lần lượt qua 3 chặng: khởi động → rèn luyện → bứt tốc. Đúng từ 9 câu là hoàn thành; đúng từ 11 câu được tính là thành thạo và cộng điểm lên cấp. Tinh thần cấp 3: Ghép nhiều bước và tránh các bẫy quen thuộc.",Thời gian bị siết còn 75% mức chuẩn. Quá giờ vẫn chấm nhưng không tính thành thạo.
NV-0333,PL-TOA-COO-L3-010,Thử thách: Hình học tọa độ — cấp 3,Toán,Hình học tọa độ,2,3,Thử thách,126,"Hoàn thành 12 câu chuyên đề ""Hình học tọa độ"" trong khoảng 15 phút, lần lượt qua 3 chặng: khởi động → rèn luyện → bứt tốc. Đúng từ 9 câu là hoàn thành; đúng từ 11 câu được tính là thành thạo và cộng điểm lên cấp. Tinh thần cấp 3: Ghép nhiều bước và tránh các bẫy quen thuộc.",Đạt từ 85% mới được tính là vượt thử thách.
NV-0334,PL-TOA-COO-L3-011,Vượt ải: Hình học tọa độ — cấp 3,Toán,Hình học tọa độ,2,3,Vượt ải,162,"Hoàn thành 12 câu chuyên đề ""Hình học tọa độ"" trong khoảng 14 phút, lần lượt qua 3 chặng: khởi động → rèn luyện → bứt tốc. Đúng từ 9 câu là hoàn thành; đúng từ 11 câu được tính là thành thạo và cộng điểm lên cấp. Tinh thần cấp 3: Ghép nhiều bước và tránh các bẫy quen thuộc.",Phải đạt từ 90% để mở khóa cấp độ tiếp theo của tuyến này.
NV-0335,PL-TOA-COO-L4-001,Khởi động: Hình học tọa độ — cấp 4,Toán,Hình học tọa độ,2,4,Khởi động,84,"Hoàn thành 12 câu chuyên đề ""Hình học tọa độ"" trong khoảng 16 phút, lần lượt qua 3 chặng: khởi động → rèn luyện → bứt tốc. Đúng từ 9 câu là hoàn thành; đúng từ 11 câu được tính là thành thạo và cộng điểm lên cấp. Tinh thần cấp 4: Giữ độ chính xác khi thời gian bắt đầu siết lại.","Không giới hạn thời gian. Mục tiêu là làm đúng, chưa cần nhanh."
NV-0336,PL-TOA-COO-L4-002,Rèn kỹ năng: Hình học tọa độ — cấp 4,Toán,Hình học tọa độ,2,4,Rèn kỹ năng,120,"Hoàn thành 12 câu chuyên đề ""Hình học tọa độ"" trong khoảng 13 phút, lần lượt qua 3 chặng: khởi động → rèn luyện → bứt tốc. Đúng từ 9 câu là hoàn thành; đúng từ 11 câu được tính là thành thạo và cộng điểm lên cấp. Tinh thần cấp 4: Giữ độ chính xác khi thời gian bắt đầu siết lại.","Hoàn thành đủ 3 chặng trong một lượt, không rời phiếu giữa chừng."
NV-0337,PL-TOA-COO-L4-003,Tốc độ: Hình học tọa độ — cấp 4,Toán,Hình học tọa độ,2,4,Tốc độ,132,"Hoàn thành 12 câu chuyên đề ""Hình học tọa độ"" trong khoảng 10 phút, lần lượt qua 3 chặng: khởi động → rèn luyện → bứt tốc. Đúng từ 9 câu là hoàn thành; đúng từ 11 câu được tính là thành thạo và cộng điểm lên cấp. Tinh thần cấp 4: Giữ độ chính xác khi thời gian bắt đầu siết lại.",Thời gian bị siết còn 75% mức chuẩn. Quá giờ vẫn chấm nhưng không tính thành thạo.
NV-0338,PL-TOA-COO-L4-004,Chính xác: Hình học tọa độ — cấp 4,Toán,Hình học tọa độ,2,4,Chính xác,132,"Hoàn thành 12 câu chuyên đề ""Hình học tọa độ"" trong khoảng 15 phút, lần lượt qua 3 chặng: khởi động → rèn luyện → bứt tốc. Đúng từ 9 câu là hoàn thành; đúng từ 11 câu được tính là thành thạo và cộng điểm lên cấp. Tinh thần cấp 4: Giữ độ chính xác khi thời gian bắt đầu siết lại.",Sai quá 2 câu là phải làm lại phiếu trước khi đi tiếp.
NV-0339,PL-TOA-COO-L4-005,Tổng hợp: Hình học tọa độ — cấp 4,Toán,Hình học tọa độ,2,4,Tổng hợp,138,"Hoàn thành 12 câu chuyên đề ""Hình học tọa độ"" trong khoảng 13 phút, lần lượt qua 3 chặng: khởi động → rèn luyện → bứt tốc. Đúng từ 9 câu là hoàn thành; đúng từ 11 câu được tính là thành thạo và cộng điểm lên cấp. Tinh thần cấp 4: Giữ độ chính xác khi thời gian bắt đầu siết lại.",Không được biết trước dạng bài của từng câu.
NV-0340,PL-TOA-COO-L4-006,Ôn lại: Hình học tọa độ — cấp 4,Toán,Hình học tọa độ,2,4,Ôn lại,108,"Hoàn thành 12 câu chuyên đề ""Hình học tọa độ"" trong khoảng 14 phút, lần lượt qua 3 chặng: khởi động → rèn luyện → bứt tốc. Đúng từ 9 câu là hoàn thành; đúng từ 11 câu được tính là thành thạo và cộng điểm lên cấp. Tinh thần cấp 4: Giữ độ chính xác khi thời gian bắt đầu siết lại.",Nên làm sau buổi học chính ít nhất một ngày.
NV-0341,PL-TOA-COO-L4-007,Khởi động: Hình học tọa độ — cấp 4,Toán,Hình học tọa độ,2,4,Khởi động,84,"Hoàn thành 12 câu chuyên đề ""Hình học tọa độ"" trong khoảng 16 phút, lần lượt qua 3 chặng: khởi động → rèn luyện → bứt tốc. Đúng từ 9 câu là hoàn thành; đúng từ 11 câu được tính là thành thạo và cộng điểm lên cấp. Tinh thần cấp 4: Giữ độ chính xác khi thời gian bắt đầu siết lại.","Không giới hạn thời gian. Mục tiêu là làm đúng, chưa cần nhanh."
NV-0342,PL-TOA-COO-L4-008,Rèn kỹ năng: Hình học tọa độ — cấp 4,Toán,Hình học tọa độ,2,4,Rèn kỹ năng,120,"Hoàn thành 12 câu chuyên đề ""Hình học tọa độ"" trong khoảng 13 phút, lần lượt qua 3 chặng: khởi động → rèn luyện → bứt tốc. Đúng từ 9 câu là hoàn thành; đúng từ 11 câu được tính là thành thạo và cộng điểm lên cấp. Tinh thần cấp 4: Giữ độ chính xác khi thời gian bắt đầu siết lại.","Hoàn thành đủ 3 chặng trong một lượt, không rời phiếu giữa chừng."
NV-0343,PL-TOA-COO-L4-009,Tốc độ: Hình học tọa độ — cấp 4,Toán,Hình học tọa độ,2,4,Tốc độ,132,"Hoàn thành 12 câu chuyên đề ""Hình học tọa độ"" trong khoảng 10 phút, lần lượt qua 3 chặng: khởi động → rèn luyện → bứt tốc. Đúng từ 9 câu là hoàn thành; đúng từ 11 câu được tính là thành thạo và cộng điểm lên cấp. Tinh thần cấp 4: Giữ độ chính xác khi thời gian bắt đầu siết lại.",Thời gian bị siết còn 75% mức chuẩn. Quá giờ vẫn chấm nhưng không tính thành thạo.
NV-0344,PL-TOA-COO-L4-010,Thử thách: Hình học tọa độ — cấp 4,Toán,Hình học tọa độ,2,4,Thử thách,168,"Hoàn thành 12 câu chuyên đề ""Hình học tọa độ"" trong khoảng 13 phút, lần lượt qua 3 chặng: khởi động → rèn luyện → bứt tốc. Đúng từ 9 câu là hoàn thành; đúng từ 11 câu được tính là thành thạo và cộng điểm lên cấp. Tinh thần cấp 4: Giữ độ chính xác khi thời gian bắt đầu siết lại.",Đạt từ 85% mới được tính là vượt thử thách.
NV-0345,PL-TOA-COO-L4-011,Vượt ải: Hình học tọa độ — cấp 4,Toán,Hình học tọa độ,2,4,Vượt ải,216,"Hoàn thành 12 câu chuyên đề ""Hình học tọa độ"" trong khoảng 12 phút, lần lượt qua 3 chặng: khởi động → rèn luyện → bứt tốc. Đúng từ 9 câu là hoàn thành; đúng từ 11 câu được tính là thành thạo và cộng điểm lên cấp. Tinh thần cấp 4: Giữ độ chính xác khi thời gian bắt đầu siết lại.",Phải đạt từ 90% để mở khóa cấp độ tiếp theo của tuyến này.
NV-0346,PL-TOA-COO-L5-001,Khởi động: Hình học tọa độ — cấp 5,Toán,Hình học tọa độ,3,5,Khởi động,112,"Hoàn thành 14 câu chuyên đề ""Hình học tọa độ"" trong khoảng 20 phút, lần lượt qua 3 chặng: khởi động → rèn luyện → bứt tốc. Đúng từ 10 câu là hoàn thành; đúng từ 12 câu được tính là thành thạo và cộng điểm lên cấp. Tinh thần cấp 5: Xử lý câu phân loại mà không mất nhịp.","Không giới hạn thời gian. Mục tiêu là làm đúng, chưa cần nhanh."
NV-0347,PL-TOA-COO-L5-002,Rèn kỹ năng: Hình học tọa độ — cấp 5,Toán,Hình học tọa độ,3,5,Rèn kỹ năng,160,"Hoàn thành 14 câu chuyên đề ""Hình học tọa độ"" trong khoảng 16 phút, lần lượt qua 3 chặng: khởi động → rèn luyện → bứt tốc. Đúng từ 10 câu là hoàn thành; đúng từ 12 câu được tính là thành thạo và cộng điểm lên cấp. Tinh thần cấp 5: Xử lý câu phân loại mà không mất nhịp.","Hoàn thành đủ 3 chặng trong một lượt, không rời phiếu giữa chừng."
NV-0348,PL-TOA-COO-L5-003,Tốc độ: Hình học tọa độ — cấp 5,Toán,Hình học tọa độ,3,5,Tốc độ,176,"Hoàn thành 14 câu chuyên đề ""Hình học tọa độ"" trong khoảng 12 phút, lần lượt qua 3 chặng: khởi động → rèn luyện → bứt tốc. Đúng từ 10 câu là hoàn thành; đúng từ 12 câu được tính là thành thạo và cộng điểm lên cấp. Tinh thần cấp 5: Xử lý câu phân loại mà không mất nhịp.",Thời gian bị siết còn 75% mức chuẩn. Quá giờ vẫn chấm nhưng không tính thành thạo.
NV-0349,PL-TOA-COO-L5-004,Chính xác: Hình học tọa độ — cấp 5,Toán,Hình học tọa độ,3,5,Chính xác,176,"Hoàn thành 14 câu chuyên đề ""Hình học tọa độ"" trong khoảng 19 phút, lần lượt qua 3 chặng: khởi động → rèn luyện → bứt tốc. Đúng từ 10 câu là hoàn thành; đúng từ 12 câu được tính là thành thạo và cộng điểm lên cấp. Tinh thần cấp 5: Xử lý câu phân loại mà không mất nhịp.",Sai quá 2 câu là phải làm lại phiếu trước khi đi tiếp.
NV-0350,PL-TOA-COO-L5-005,Tổng hợp: Hình học tọa độ — cấp 5,Toán,Hình học tọa độ,3,5,Tổng hợp,184,"Hoàn thành 14 câu chuyên đề ""Hình học tọa độ"" trong khoảng 16 phút, lần lượt qua 3 chặng: khởi động → rèn luyện → bứt tốc. Đúng từ 10 câu là hoàn thành; đúng từ 12 câu được tính là thành thạo và cộng điểm lên cấp. Tinh thần cấp 5: Xử lý câu phân loại mà không mất nhịp.",Không được biết trước dạng bài của từng câu.
NV-0351,PL-TOA-COO-L5-006,Ôn lại: Hình học tọa độ — cấp 5,Toán,Hình học tọa độ,3,5,Ôn lại,144,"Hoàn thành 14 câu chuyên đề ""Hình học tọa độ"" trong khoảng 18 phút, lần lượt qua 3 chặng: khởi động → rèn luyện → bứt tốc. Đúng từ 10 câu là hoàn thành; đúng từ 12 câu được tính là thành thạo và cộng điểm lên cấp. Tinh thần cấp 5: Xử lý câu phân loại mà không mất nhịp.",Nên làm sau buổi học chính ít nhất một ngày.
NV-0352,PL-TOA-COO-L5-007,Khởi động: Hình học tọa độ — cấp 5,Toán,Hình học tọa độ,3,5,Khởi động,112,"Hoàn thành 14 câu chuyên đề ""Hình học tọa độ"" trong khoảng 20 phút, lần lượt qua 3 chặng: khởi động → rèn luyện → bứt tốc. Đúng từ 10 câu là hoàn thành; đúng từ 12 câu được tính là thành thạo và cộng điểm lên cấp. Tinh thần cấp 5: Xử lý câu phân loại mà không mất nhịp.","Không giới hạn thời gian. Mục tiêu là làm đúng, chưa cần nhanh."
NV-0353,PL-TOA-COO-L5-008,Thử thách: Hình học tọa độ — cấp 5,Toán,Hình học tọa độ,3,5,Thử thách,224,"Hoàn thành 14 câu chuyên đề ""Hình học tọa độ"" trong khoảng 16 phút, lần lượt qua 3 chặng: khởi động → rèn luyện → bứt tốc. Đúng từ 10 câu là hoàn thành; đúng từ 12 câu được tính là thành thạo và cộng điểm lên cấp. Tinh thần cấp 5: Xử lý câu phân loại mà không mất nhịp.",Đạt từ 85% mới được tính là vượt thử thách.
NV-0354,PL-TOA-COO-L5-009,Vượt ải: Hình học tọa độ — cấp 5,Toán,Hình học tọa độ,3,5,Vượt ải,288,"Hoàn thành 14 câu chuyên đề ""Hình học tọa độ"" trong khoảng 16 phút, lần lượt qua 3 chặng: khởi động → rèn luyện → bứt tốc. Đúng từ 10 câu là hoàn thành; đúng từ 13 câu được tính là thành thạo và cộng điểm lên cấp. Tinh thần cấp 5: Xử lý câu phân loại mà không mất nhịp.",Phải đạt từ 90% để mở khóa cấp độ tiếp theo của tuyến này.
NV-0355,PL-TOA-COO-L6-001,Khởi động: Hình học tọa độ — cấp 6,Toán,Hình học tọa độ,3,6,Khởi động,154,"Hoàn thành 15 câu chuyên đề ""Hình học tọa độ"" trong khoảng 19 phút, lần lượt qua 3 chặng: khởi động → rèn luyện → bứt tốc. Đúng từ 11 câu là hoàn thành; đúng từ 13 câu được tính là thành thạo và cộng điểm lên cấp. Tinh thần cấp 6: Tốc độ và độ chính xác của nhóm dẫn đầu phổ điểm.","Không giới hạn thời gian. Mục tiêu là làm đúng, chưa cần nhanh."
NV-0356,PL-TOA-COO-L6-002,Rèn kỹ năng: Hình học tọa độ — cấp 6,Toán,Hình học tọa độ,3,6,Rèn kỹ năng,220,"Hoàn thành 15 câu chuyên đề ""Hình học tọa độ"" trong khoảng 15 phút, lần lượt qua 3 chặng: khởi động → rèn luyện → bứt tốc. Đúng từ 11 câu là hoàn thành; đúng từ 13 câu được tính là thành thạo và cộng điểm lên cấp. Tinh thần cấp 6: Tốc độ và độ chính xác của nhóm dẫn đầu phổ điểm.","Hoàn thành đủ 3 chặng trong một lượt, không rời phiếu giữa chừng."
NV-0357,PL-TOA-COO-L6-003,Tốc độ: Hình học tọa độ — cấp 6,Toán,Hình học tọa độ,3,6,Tốc độ,242,"Hoàn thành 15 câu chuyên đề ""Hình học tọa độ"" trong khoảng 11 phút, lần lượt qua 3 chặng: khởi động → rèn luyện → bứt tốc. Đúng từ 11 câu là hoàn thành; đúng từ 13 câu được tính là thành thạo và cộng điểm lên cấp. Tinh thần cấp 6: Tốc độ và độ chính xác của nhóm dẫn đầu phổ điểm.",Thời gian bị siết còn 75% mức chuẩn. Quá giờ vẫn chấm nhưng không tính thành thạo.
NV-0358,PL-TOA-COO-L6-004,Chính xác: Hình học tọa độ — cấp 6,Toán,Hình học tọa độ,3,6,Chính xác,242,"Hoàn thành 15 câu chuyên đề ""Hình học tọa độ"" trong khoảng 17 phút, lần lượt qua 3 chặng: khởi động → rèn luyện → bứt tốc. Đúng từ 11 câu là hoàn thành; đúng từ 13 câu được tính là thành thạo và cộng điểm lên cấp. Tinh thần cấp 6: Tốc độ và độ chính xác của nhóm dẫn đầu phổ điểm.",Sai quá 2 câu là phải làm lại phiếu trước khi đi tiếp.
NV-0359,PL-TOA-COO-L6-005,Thử thách: Hình học tọa độ — cấp 6,Toán,Hình học tọa độ,3,6,Thử thách,308,"Hoàn thành 15 câu chuyên đề ""Hình học tọa độ"" trong khoảng 15 phút, lần lượt qua 3 chặng: khởi động → rèn luyện → bứt tốc. Đúng từ 11 câu là hoàn thành; đúng từ 13 câu được tính là thành thạo và cộng điểm lên cấp. Tinh thần cấp 6: Tốc độ và độ chính xác của nhóm dẫn đầu phổ điểm.",Đạt từ 85% mới được tính là vượt thử thách.
NV-0360,PL-TOA-COO-L6-006,Vượt ải: Hình học tọa độ — cấp 6,Toán,Hình học tọa độ,3,6,Vượt ải,396,"Hoàn thành 15 câu chuyên đề ""Hình học tọa độ"" trong khoảng 14 phút, lần lượt qua 3 chặng: khởi động → rèn luyện → bứt tốc. Đúng từ 11 câu là hoàn thành; đúng từ 14 câu được tính là thành thạo và cộng điểm lên cấp. Tinh thần cấp 6: Tốc độ và độ chính xác của nhóm dẫn đầu phổ điểm.",Phải đạt từ 90% để mở khóa cấp độ tiếp theo của tuyến này.
NV-0361,PL-TOA-CAL-L1-001,"Khởi động: Đạo hàm, tích phân & khảo sát hàm số — cấp 1",Toán,"Đạo hàm, tích phân & khảo sát hàm số",1,1,Khởi động,28,"Hoàn thành 8 câu chuyên đề ""Đạo hàm, tích phân & khảo sát hàm số"" trong khoảng 10 phút, lần lượt qua 3 chặng: khởi động → rèn luyện → bứt tốc. Đúng từ 6 câu là hoàn thành; đúng từ 7 câu được tính là thành thạo và cộng điểm lên cấp. Tinh thần cấp 1: Nhận diện dạng bài và nhớ lại công thức nền.","Không giới hạn thời gian. Mục tiêu là làm đúng, chưa cần nhanh."
NV-0362,PL-TOA-CAL-L1-002,"Rèn kỹ năng: Đạo hàm, tích phân & khảo sát hàm số — cấp 1",Toán,"Đạo hàm, tích phân & khảo sát hàm số",1,1,Rèn kỹ năng,40,"Hoàn thành 8 câu chuyên đề ""Đạo hàm, tích phân & khảo sát hàm số"" trong khoảng 8 phút, lần lượt qua 3 chặng: khởi động → rèn luyện → bứt tốc. Đúng từ 6 câu là hoàn thành; đúng từ 7 câu được tính là thành thạo và cộng điểm lên cấp. Tinh thần cấp 1: Nhận diện dạng bài và nhớ lại công thức nền.","Hoàn thành đủ 3 chặng trong một lượt, không rời phiếu giữa chừng."
NV-0363,PL-TOA-CAL-L1-003,"Tốc độ: Đạo hàm, tích phân & khảo sát hàm số — cấp 1",Toán,"Đạo hàm, tích phân & khảo sát hàm số",1,1,Tốc độ,44,"Hoàn thành 8 câu chuyên đề ""Đạo hàm, tích phân & khảo sát hàm số"" trong khoảng 6 phút, lần lượt qua 3 chặng: khởi động → rèn luyện → bứt tốc. Đúng từ 6 câu là hoàn thành; đúng từ 7 câu được tính là thành thạo và cộng điểm lên cấp. Tinh thần cấp 1: Nhận diện dạng bài và nhớ lại công thức nền.",Thời gian bị siết còn 75% mức chuẩn. Quá giờ vẫn chấm nhưng không tính thành thạo.
NV-0364,PL-TOA-CAL-L1-004,"Chính xác: Đạo hàm, tích phân & khảo sát hàm số — cấp 1",Toán,"Đạo hàm, tích phân & khảo sát hàm số",1,1,Chính xác,44,"Hoàn thành 8 câu chuyên đề ""Đạo hàm, tích phân & khảo sát hàm số"" trong khoảng 9 phút, lần lượt qua 3 chặng: khởi động → rèn luyện → bứt tốc. Đúng từ 6 câu là hoàn thành; đúng từ 7 câu được tính là thành thạo và cộng điểm lên cấp. Tinh thần cấp 1: Nhận diện dạng bài và nhớ lại công thức nền.",Sai quá 2 câu là phải làm lại phiếu trước khi đi tiếp.
NV-0365,PL-TOA-CAL-L1-005,"Tổng hợp: Đạo hàm, tích phân & khảo sát hàm số — cấp 1",Toán,"Đạo hàm, tích phân & khảo sát hàm số",1,1,Tổng hợp,46,"Hoàn thành 8 câu chuyên đề ""Đạo hàm, tích phân & khảo sát hàm số"" trong khoảng 8 phút, lần lượt qua 3 chặng: khởi động → rèn luyện → bứt tốc. Đúng từ 6 câu là hoàn thành; đúng từ 7 câu được tính là thành thạo và cộng điểm lên cấp. Tinh thần cấp 1: Nhận diện dạng bài và nhớ lại công thức nền.",Không được biết trước dạng bài của từng câu.
NV-0366,PL-TOA-CAL-L1-006,"Ôn lại: Đạo hàm, tích phân & khảo sát hàm số — cấp 1",Toán,"Đạo hàm, tích phân & khảo sát hàm số",1,1,Ôn lại,36,"Hoàn thành 8 câu chuyên đề ""Đạo hàm, tích phân & khảo sát hàm số"" trong khoảng 9 phút, lần lượt qua 3 chặng: khởi động → rèn luyện → bứt tốc. Đúng từ 6 câu là hoàn thành; đúng từ 7 câu được tính là thành thạo và cộng điểm lên cấp. Tinh thần cấp 1: Nhận diện dạng bài và nhớ lại công thức nền.",Nên làm sau buổi học chính ít nhất một ngày.
NV-0367,PL-TOA-CAL-L1-007,"Khởi động: Đạo hàm, tích phân & khảo sát hàm số — cấp 1",Toán,"Đạo hàm, tích phân & khảo sát hàm số",1,1,Khởi động,28,"Hoàn thành 8 câu chuyên đề ""Đạo hàm, tích phân & khảo sát hàm số"" trong khoảng 10 phút, lần lượt qua 3 chặng: khởi động → rèn luyện → bứt tốc. Đúng từ 6 câu là hoàn thành; đúng từ 7 câu được tính là thành thạo và cộng điểm lên cấp. Tinh thần cấp 1: Nhận diện dạng bài và nhớ lại công thức nền.","Không giới hạn thời gian. Mục tiêu là làm đúng, chưa cần nhanh."
NV-0368,PL-TOA-CAL-L1-008,"Rèn kỹ năng: Đạo hàm, tích phân & khảo sát hàm số — cấp 1",Toán,"Đạo hàm, tích phân & khảo sát hàm số",1,1,Rèn kỹ năng,40,"Hoàn thành 8 câu chuyên đề ""Đạo hàm, tích phân & khảo sát hàm số"" trong khoảng 8 phút, lần lượt qua 3 chặng: khởi động → rèn luyện → bứt tốc. Đúng từ 6 câu là hoàn thành; đúng từ 7 câu được tính là thành thạo và cộng điểm lên cấp. Tinh thần cấp 1: Nhận diện dạng bài và nhớ lại công thức nền.","Hoàn thành đủ 3 chặng trong một lượt, không rời phiếu giữa chừng."
NV-0369,PL-TOA-CAL-L1-009,"Tốc độ: Đạo hàm, tích phân & khảo sát hàm số — cấp 1",Toán,"Đạo hàm, tích phân & khảo sát hàm số",1,1,Tốc độ,44,"Hoàn thành 8 câu chuyên đề ""Đạo hàm, tích phân & khảo sát hàm số"" trong khoảng 6 phút, lần lượt qua 3 chặng: khởi động → rèn luyện → bứt tốc. Đúng từ 6 câu là hoàn thành; đúng từ 7 câu được tính là thành thạo và cộng điểm lên cấp. Tinh thần cấp 1: Nhận diện dạng bài và nhớ lại công thức nền.",Thời gian bị siết còn 75% mức chuẩn. Quá giờ vẫn chấm nhưng không tính thành thạo.
NV-0370,PL-TOA-CAL-L1-010,"Chính xác: Đạo hàm, tích phân & khảo sát hàm số — cấp 1",Toán,"Đạo hàm, tích phân & khảo sát hàm số",1,1,Chính xác,44,"Hoàn thành 8 câu chuyên đề ""Đạo hàm, tích phân & khảo sát hàm số"" trong khoảng 9 phút, lần lượt qua 3 chặng: khởi động → rèn luyện → bứt tốc. Đúng từ 6 câu là hoàn thành; đúng từ 7 câu được tính là thành thạo và cộng điểm lên cấp. Tinh thần cấp 1: Nhận diện dạng bài và nhớ lại công thức nền.",Sai quá 2 câu là phải làm lại phiếu trước khi đi tiếp.
NV-0371,PL-TOA-CAL-L1-011,"Tổng hợp: Đạo hàm, tích phân & khảo sát hàm số — cấp 1",Toán,"Đạo hàm, tích phân & khảo sát hàm số",1,1,Tổng hợp,46,"Hoàn thành 8 câu chuyên đề ""Đạo hàm, tích phân & khảo sát hàm số"" trong khoảng 8 phút, lần lượt qua 3 chặng: khởi động → rèn luyện → bứt tốc. Đúng từ 6 câu là hoàn thành; đúng từ 7 câu được tính là thành thạo và cộng điểm lên cấp. Tinh thần cấp 1: Nhận diện dạng bài và nhớ lại công thức nền.",Không được biết trước dạng bài của từng câu.
NV-0372,PL-TOA-CAL-L1-012,"Thử thách: Đạo hàm, tích phân & khảo sát hàm số — cấp 1",Toán,"Đạo hàm, tích phân & khảo sát hàm số",1,1,Thử thách,56,"Hoàn thành 8 câu chuyên đề ""Đạo hàm, tích phân & khảo sát hàm số"" trong khoảng 8 phút, lần lượt qua 3 chặng: khởi động → rèn luyện → bứt tốc. Đúng từ 6 câu là hoàn thành; đúng từ 7 câu được tính là thành thạo và cộng điểm lên cấp. Tinh thần cấp 1: Nhận diện dạng bài và nhớ lại công thức nền.",Đạt từ 85% mới được tính là vượt thử thách.
NV-0373,PL-TOA-CAL-L1-013,"Vượt ải: Đạo hàm, tích phân & khảo sát hàm số — cấp 1",Toán,"Đạo hàm, tích phân & khảo sát hàm số",1,1,Vượt ải,72,"Hoàn thành 8 câu chuyên đề ""Đạo hàm, tích phân & khảo sát hàm số"" trong khoảng 8 phút, lần lượt qua 3 chặng: khởi động → rèn luyện → bứt tốc. Đúng từ 6 câu là hoàn thành; đúng từ 8 câu được tính là thành thạo và cộng điểm lên cấp. Tinh thần cấp 1: Nhận diện dạng bài và nhớ lại công thức nền.",Phải đạt từ 90% để mở khóa cấp độ tiếp theo của tuyến này.
NV-0374,PL-TOA-CAL-L2-001,"Khởi động: Đạo hàm, tích phân & khảo sát hàm số — cấp 2",Toán,"Đạo hàm, tích phân & khảo sát hàm số",1,2,Khởi động,42,"Hoàn thành 10 câu chuyên đề ""Đạo hàm, tích phân & khảo sát hàm số"" trong khoảng 15 phút, lần lượt qua 3 chặng: khởi động → rèn luyện → bứt tốc. Đúng từ 7 câu là hoàn thành; đúng từ 9 câu được tính là thành thạo và cộng điểm lên cấp. Tinh thần cấp 2: Làm đúng dạng chuẩn mà không cần nhìn gợi ý.","Không giới hạn thời gian. Mục tiêu là làm đúng, chưa cần nhanh."
NV-0375,PL-TOA-CAL-L2-002,"Rèn kỹ năng: Đạo hàm, tích phân & khảo sát hàm số — cấp 2",Toán,"Đạo hàm, tích phân & khảo sát hàm số",1,2,Rèn kỹ năng,60,"Hoàn thành 10 câu chuyên đề ""Đạo hàm, tích phân & khảo sát hàm số"" trong khoảng 12 phút, lần lượt qua 3 chặng: khởi động → rèn luyện → bứt tốc. Đúng từ 7 câu là hoàn thành; đúng từ 9 câu được tính là thành thạo và cộng điểm lên cấp. Tinh thần cấp 2: Làm đúng dạng chuẩn mà không cần nhìn gợi ý.","Hoàn thành đủ 3 chặng trong một lượt, không rời phiếu giữa chừng."
NV-0376,PL-TOA-CAL-L2-003,"Tốc độ: Đạo hàm, tích phân & khảo sát hàm số — cấp 2",Toán,"Đạo hàm, tích phân & khảo sát hàm số",1,2,Tốc độ,66,"Hoàn thành 10 câu chuyên đề ""Đạo hàm, tích phân & khảo sát hàm số"" trong khoảng 9 phút, lần lượt qua 3 chặng: khởi động → rèn luyện → bứt tốc. Đúng từ 7 câu là hoàn thành; đúng từ 9 câu được tính là thành thạo và cộng điểm lên cấp. Tinh thần cấp 2: Làm đúng dạng chuẩn mà không cần nhìn gợi ý.",Thời gian bị siết còn 75% mức chuẩn. Quá giờ vẫn chấm nhưng không tính thành thạo.
NV-0377,PL-TOA-CAL-L2-004,"Chính xác: Đạo hàm, tích phân & khảo sát hàm số — cấp 2",Toán,"Đạo hàm, tích phân & khảo sát hàm số",1,2,Chính xác,66,"Hoàn thành 10 câu chuyên đề ""Đạo hàm, tích phân & khảo sát hàm số"" trong khoảng 13 phút, lần lượt qua 3 chặng: khởi động → rèn luyện → bứt tốc. Đúng từ 7 câu là hoàn thành; đúng từ 9 câu được tính là thành thạo và cộng điểm lên cấp. Tinh thần cấp 2: Làm đúng dạng chuẩn mà không cần nhìn gợi ý.",Sai quá 2 câu là phải làm lại phiếu trước khi đi tiếp.
NV-0378,PL-TOA-CAL-L2-005,"Tổng hợp: Đạo hàm, tích phân & khảo sát hàm số — cấp 2",Toán,"Đạo hàm, tích phân & khảo sát hàm số",1,2,Tổng hợp,69,"Hoàn thành 10 câu chuyên đề ""Đạo hàm, tích phân & khảo sát hàm số"" trong khoảng 12 phút, lần lượt qua 3 chặng: khởi động → rèn luyện → bứt tốc. Đúng từ 7 câu là hoàn thành; đúng từ 9 câu được tính là thành thạo và cộng điểm lên cấp. Tinh thần cấp 2: Làm đúng dạng chuẩn mà không cần nhìn gợi ý.",Không được biết trước dạng bài của từng câu.
NV-0379,PL-TOA-CAL-L2-006,"Ôn lại: Đạo hàm, tích phân & khảo sát hàm số — cấp 2",Toán,"Đạo hàm, tích phân & khảo sát hàm số",1,2,Ôn lại,54,"Hoàn thành 10 câu chuyên đề ""Đạo hàm, tích phân & khảo sát hàm số"" trong khoảng 13 phút, lần lượt qua 3 chặng: khởi động → rèn luyện → bứt tốc. Đúng từ 7 câu là hoàn thành; đúng từ 9 câu được tính là thành thạo và cộng điểm lên cấp. Tinh thần cấp 2: Làm đúng dạng chuẩn mà không cần nhìn gợi ý.",Nên làm sau buổi học chính ít nhất một ngày.
NV-0380,PL-TOA-CAL-L2-007,"Khởi động: Đạo hàm, tích phân & khảo sát hàm số — cấp 2",Toán,"Đạo hàm, tích phân & khảo sát hàm số",1,2,Khởi động,42,"Hoàn thành 10 câu chuyên đề ""Đạo hàm, tích phân & khảo sát hàm số"" trong khoảng 15 phút, lần lượt qua 3 chặng: khởi động → rèn luyện → bứt tốc. Đúng từ 7 câu là hoàn thành; đúng từ 9 câu được tính là thành thạo và cộng điểm lên cấp. Tinh thần cấp 2: Làm đúng dạng chuẩn mà không cần nhìn gợi ý.","Không giới hạn thời gian. Mục tiêu là làm đúng, chưa cần nhanh."
NV-0381,PL-TOA-CAL-L2-008,"Rèn kỹ năng: Đạo hàm, tích phân & khảo sát hàm số — cấp 2",Toán,"Đạo hàm, tích phân & khảo sát hàm số",1,2,Rèn kỹ năng,60,"Hoàn thành 10 câu chuyên đề ""Đạo hàm, tích phân & khảo sát hàm số"" trong khoảng 12 phút, lần lượt qua 3 chặng: khởi động → rèn luyện → bứt tốc. Đúng từ 7 câu là hoàn thành; đúng từ 9 câu được tính là thành thạo và cộng điểm lên cấp. Tinh thần cấp 2: Làm đúng dạng chuẩn mà không cần nhìn gợi ý.","Hoàn thành đủ 3 chặng trong một lượt, không rời phiếu giữa chừng."
NV-0382,PL-TOA-CAL-L2-009,"Tốc độ: Đạo hàm, tích phân & khảo sát hàm số — cấp 2",Toán,"Đạo hàm, tích phân & khảo sát hàm số",1,2,Tốc độ,66,"Hoàn thành 10 câu chuyên đề ""Đạo hàm, tích phân & khảo sát hàm số"" trong khoảng 9 phút, lần lượt qua 3 chặng: khởi động → rèn luyện → bứt tốc. Đúng từ 7 câu là hoàn thành; đúng từ 9 câu được tính là thành thạo và cộng điểm lên cấp. Tinh thần cấp 2: Làm đúng dạng chuẩn mà không cần nhìn gợi ý.",Thời gian bị siết còn 75% mức chuẩn. Quá giờ vẫn chấm nhưng không tính thành thạo.
NV-0383,PL-TOA-CAL-L2-010,"Chính xác: Đạo hàm, tích phân & khảo sát hàm số — cấp 2",Toán,"Đạo hàm, tích phân & khảo sát hàm số",1,2,Chính xác,66,"Hoàn thành 10 câu chuyên đề ""Đạo hàm, tích phân & khảo sát hàm số"" trong khoảng 13 phút, lần lượt qua 3 chặng: khởi động → rèn luyện → bứt tốc. Đúng từ 7 câu là hoàn thành; đúng từ 9 câu được tính là thành thạo và cộng điểm lên cấp. Tinh thần cấp 2: Làm đúng dạng chuẩn mà không cần nhìn gợi ý.",Sai quá 2 câu là phải làm lại phiếu trước khi đi tiếp.
NV-0384,PL-TOA-CAL-L2-011,"Tổng hợp: Đạo hàm, tích phân & khảo sát hàm số — cấp 2",Toán,"Đạo hàm, tích phân & khảo sát hàm số",1,2,Tổng hợp,69,"Hoàn thành 10 câu chuyên đề ""Đạo hàm, tích phân & khảo sát hàm số"" trong khoảng 12 phút, lần lượt qua 3 chặng: khởi động → rèn luyện → bứt tốc. Đúng từ 7 câu là hoàn thành; đúng từ 9 câu được tính là thành thạo và cộng điểm lên cấp. Tinh thần cấp 2: Làm đúng dạng chuẩn mà không cần nhìn gợi ý.",Không được biết trước dạng bài của từng câu.
NV-0385,PL-TOA-CAL-L2-012,"Ôn lại: Đạo hàm, tích phân & khảo sát hàm số — cấp 2",Toán,"Đạo hàm, tích phân & khảo sát hàm số",1,2,Ôn lại,54,"Hoàn thành 10 câu chuyên đề ""Đạo hàm, tích phân & khảo sát hàm số"" trong khoảng 13 phút, lần lượt qua 3 chặng: khởi động → rèn luyện → bứt tốc. Đúng từ 7 câu là hoàn thành; đúng từ 9 câu được tính là thành thạo và cộng điểm lên cấp. Tinh thần cấp 2: Làm đúng dạng chuẩn mà không cần nhìn gợi ý.",Nên làm sau buổi học chính ít nhất một ngày.
NV-0386,PL-TOA-CAL-L2-013,"Khởi động: Đạo hàm, tích phân & khảo sát hàm số — cấp 2",Toán,"Đạo hàm, tích phân & khảo sát hàm số",1,2,Khởi động,42,"Hoàn thành 10 câu chuyên đề ""Đạo hàm, tích phân & khảo sát hàm số"" trong khoảng 15 phút, lần lượt qua 3 chặng: khởi động → rèn luyện → bứt tốc. Đúng từ 7 câu là hoàn thành; đúng từ 9 câu được tính là thành thạo và cộng điểm lên cấp. Tinh thần cấp 2: Làm đúng dạng chuẩn mà không cần nhìn gợi ý.","Không giới hạn thời gian. Mục tiêu là làm đúng, chưa cần nhanh."
NV-0387,PL-TOA-CAL-L2-014,"Rèn kỹ năng: Đạo hàm, tích phân & khảo sát hàm số — cấp 2",Toán,"Đạo hàm, tích phân & khảo sát hàm số",1,2,Rèn kỹ năng,60,"Hoàn thành 10 câu chuyên đề ""Đạo hàm, tích phân & khảo sát hàm số"" trong khoảng 12 phút, lần lượt qua 3 chặng: khởi động → rèn luyện → bứt tốc. Đúng từ 7 câu là hoàn thành; đúng từ 9 câu được tính là thành thạo và cộng điểm lên cấp. Tinh thần cấp 2: Làm đúng dạng chuẩn mà không cần nhìn gợi ý.","Hoàn thành đủ 3 chặng trong một lượt, không rời phiếu giữa chừng."
NV-0388,PL-TOA-CAL-L2-015,"Tốc độ: Đạo hàm, tích phân & khảo sát hàm số — cấp 2",Toán,"Đạo hàm, tích phân & khảo sát hàm số",1,2,Tốc độ,66,"Hoàn thành 10 câu chuyên đề ""Đạo hàm, tích phân & khảo sát hàm số"" trong khoảng 9 phút, lần lượt qua 3 chặng: khởi động → rèn luyện → bứt tốc. Đúng từ 7 câu là hoàn thành; đúng từ 9 câu được tính là thành thạo và cộng điểm lên cấp. Tinh thần cấp 2: Làm đúng dạng chuẩn mà không cần nhìn gợi ý.",Thời gian bị siết còn 75% mức chuẩn. Quá giờ vẫn chấm nhưng không tính thành thạo.
NV-0389,PL-TOA-CAL-L2-016,"Thử thách: Đạo hàm, tích phân & khảo sát hàm số — cấp 2",Toán,"Đạo hàm, tích phân & khảo sát hàm số",1,2,Thử thách,84,"Hoàn thành 10 câu chuyên đề ""Đạo hàm, tích phân & khảo sát hàm số"" trong khoảng 12 phút, lần lượt qua 3 chặng: khởi động → rèn luyện → bứt tốc. Đúng từ 7 câu là hoàn thành; đúng từ 9 câu được tính là thành thạo và cộng điểm lên cấp. Tinh thần cấp 2: Làm đúng dạng chuẩn mà không cần nhìn gợi ý.",Đạt từ 85% mới được tính là vượt thử thách.
NV-0390,PL-TOA-CAL-L2-017,"Vượt ải: Đạo hàm, tích phân & khảo sát hàm số — cấp 2",Toán,"Đạo hàm, tích phân & khảo sát hàm số",1,2,Vượt ải,108,"Hoàn thành 10 câu chuyên đề ""Đạo hàm, tích phân & khảo sát hàm số"" trong khoảng 11 phút, lần lượt qua 3 chặng: khởi động → rèn luyện → bứt tốc. Đúng từ 7 câu là hoàn thành; đúng từ 9 câu được tính là thành thạo và cộng điểm lên cấp. Tinh thần cấp 2: Làm đúng dạng chuẩn mà không cần nhìn gợi ý.",Phải đạt từ 90% để mở khóa cấp độ tiếp theo của tuyến này.
NV-0391,PL-TOA-CAL-L3-001,"Khởi động: Đạo hàm, tích phân & khảo sát hàm số — cấp 3",Toán,"Đạo hàm, tích phân & khảo sát hàm số",2,3,Khởi động,63,"Hoàn thành 12 câu chuyên đề ""Đạo hàm, tích phân & khảo sát hàm số"" trong khoảng 19 phút, lần lượt qua 3 chặng: khởi động → rèn luyện → bứt tốc. Đúng từ 9 câu là hoàn thành; đúng từ 11 câu được tính là thành thạo và cộng điểm lên cấp. Tinh thần cấp 3: Ghép nhiều bước và tránh các bẫy quen thuộc.","Không giới hạn thời gian. Mục tiêu là làm đúng, chưa cần nhanh."
NV-0392,PL-TOA-CAL-L3-002,"Rèn kỹ năng: Đạo hàm, tích phân & khảo sát hàm số — cấp 3",Toán,"Đạo hàm, tích phân & khảo sát hàm số",2,3,Rèn kỹ năng,90,"Hoàn thành 12 câu chuyên đề ""Đạo hàm, tích phân & khảo sát hàm số"" trong khoảng 15 phút, lần lượt qua 3 chặng: khởi động → rèn luyện → bứt tốc. Đúng từ 9 câu là hoàn thành; đúng từ 11 câu được tính là thành thạo và cộng điểm lên cấp. Tinh thần cấp 3: Ghép nhiều bước và tránh các bẫy quen thuộc.","Hoàn thành đủ 3 chặng trong một lượt, không rời phiếu giữa chừng."
NV-0393,PL-TOA-CAL-L3-003,"Tốc độ: Đạo hàm, tích phân & khảo sát hàm số — cấp 3",Toán,"Đạo hàm, tích phân & khảo sát hàm số",2,3,Tốc độ,99,"Hoàn thành 12 câu chuyên đề ""Đạo hàm, tích phân & khảo sát hàm số"" trong khoảng 11 phút, lần lượt qua 3 chặng: khởi động → rèn luyện → bứt tốc. Đúng từ 9 câu là hoàn thành; đúng từ 11 câu được tính là thành thạo và cộng điểm lên cấp. Tinh thần cấp 3: Ghép nhiều bước và tránh các bẫy quen thuộc.",Thời gian bị siết còn 75% mức chuẩn. Quá giờ vẫn chấm nhưng không tính thành thạo.
NV-0394,PL-TOA-CAL-L3-004,"Chính xác: Đạo hàm, tích phân & khảo sát hàm số — cấp 3",Toán,"Đạo hàm, tích phân & khảo sát hàm số",2,3,Chính xác,99,"Hoàn thành 12 câu chuyên đề ""Đạo hàm, tích phân & khảo sát hàm số"" trong khoảng 17 phút, lần lượt qua 3 chặng: khởi động → rèn luyện → bứt tốc. Đúng từ 9 câu là hoàn thành; đúng từ 11 câu được tính là thành thạo và cộng điểm lên cấp. Tinh thần cấp 3: Ghép nhiều bước và tránh các bẫy quen thuộc.",Sai quá 2 câu là phải làm lại phiếu trước khi đi tiếp.
NV-0395,PL-TOA-CAL-L3-005,"Tổng hợp: Đạo hàm, tích phân & khảo sát hàm số — cấp 3",Toán,"Đạo hàm, tích phân & khảo sát hàm số",2,3,Tổng hợp,103,"Hoàn thành 12 câu chuyên đề ""Đạo hàm, tích phân & khảo sát hàm số"" trong khoảng 15 phút, lần lượt qua 3 chặng: khởi động → rèn luyện → bứt tốc. Đúng từ 9 câu là hoàn thành; đúng từ 11 câu được tính là thành thạo và cộng điểm lên cấp. Tinh thần cấp 3: Ghép nhiều bước và tránh các bẫy quen thuộc.",Không được biết trước dạng bài của từng câu.
NV-0396,PL-TOA-CAL-L3-006,"Ôn lại: Đạo hàm, tích phân & khảo sát hàm số — cấp 3",Toán,"Đạo hàm, tích phân & khảo sát hàm số",2,3,Ôn lại,81,"Hoàn thành 12 câu chuyên đề ""Đạo hàm, tích phân & khảo sát hàm số"" trong khoảng 17 phút, lần lượt qua 3 chặng: khởi động → rèn luyện → bứt tốc. Đúng từ 9 câu là hoàn thành; đúng từ 11 câu được tính là thành thạo và cộng điểm lên cấp. Tinh thần cấp 3: Ghép nhiều bước và tránh các bẫy quen thuộc.",Nên làm sau buổi học chính ít nhất một ngày.
NV-0397,PL-TOA-CAL-L3-007,"Khởi động: Đạo hàm, tích phân & khảo sát hàm số — cấp 3",Toán,"Đạo hàm, tích phân & khảo sát hàm số",2,3,Khởi động,63,"Hoàn thành 12 câu chuyên đề ""Đạo hàm, tích phân & khảo sát hàm số"" trong khoảng 19 phút, lần lượt qua 3 chặng: khởi động → rèn luyện → bứt tốc. Đúng từ 9 câu là hoàn thành; đúng từ 11 câu được tính là thành thạo và cộng điểm lên cấp. Tinh thần cấp 3: Ghép nhiều bước và tránh các bẫy quen thuộc.","Không giới hạn thời gian. Mục tiêu là làm đúng, chưa cần nhanh."
NV-0398,PL-TOA-CAL-L3-008,"Rèn kỹ năng: Đạo hàm, tích phân & khảo sát hàm số — cấp 3",Toán,"Đạo hàm, tích phân & khảo sát hàm số",2,3,Rèn kỹ năng,90,"Hoàn thành 12 câu chuyên đề ""Đạo hàm, tích phân & khảo sát hàm số"" trong khoảng 15 phút, lần lượt qua 3 chặng: khởi động → rèn luyện → bứt tốc. Đúng từ 9 câu là hoàn thành; đúng từ 11 câu được tính là thành thạo và cộng điểm lên cấp. Tinh thần cấp 3: Ghép nhiều bước và tránh các bẫy quen thuộc.","Hoàn thành đủ 3 chặng trong một lượt, không rời phiếu giữa chừng."
NV-0399,PL-TOA-CAL-L3-009,"Tốc độ: Đạo hàm, tích phân & khảo sát hàm số — cấp 3",Toán,"Đạo hàm, tích phân & khảo sát hàm số",2,3,Tốc độ,99,"Hoàn thành 12 câu chuyên đề ""Đạo hàm, tích phân & khảo sát hàm số"" trong khoảng 11 phút, lần lượt qua 3 chặng: khởi động → rèn luyện → bứt tốc. Đúng từ 9 câu là hoàn thành; đúng từ 11 câu được tính là thành thạo và cộng điểm lên cấp. Tinh thần cấp 3: Ghép nhiều bước và tránh các bẫy quen thuộc.",Thời gian bị siết còn 75% mức chuẩn. Quá giờ vẫn chấm nhưng không tính thành thạo.
NV-0400,PL-TOA-CAL-L3-010,"Chính xác: Đạo hàm, tích phân & khảo sát hàm số — cấp 3",Toán,"Đạo hàm, tích phân & khảo sát hàm số",2,3,Chính xác,99,"Hoàn thành 12 câu chuyên đề ""Đạo hàm, tích phân & khảo sát hàm số"" trong khoảng 17 phút, lần lượt qua 3 chặng: khởi động → rèn luyện → bứt tốc. Đúng từ 9 câu là hoàn thành; đúng từ 11 câu được tính là thành thạo và cộng điểm lên cấp. Tinh thần cấp 3: Ghép nhiều bước và tránh các bẫy quen thuộc.",Sai quá 2 câu là phải làm lại phiếu trước khi đi tiếp.
NV-0401,PL-TOA-CAL-L3-011,"Tổng hợp: Đạo hàm, tích phân & khảo sát hàm số — cấp 3",Toán,"Đạo hàm, tích phân & khảo sát hàm số",2,3,Tổng hợp,103,"Hoàn thành 12 câu chuyên đề ""Đạo hàm, tích phân & khảo sát hàm số"" trong khoảng 15 phút, lần lượt qua 3 chặng: khởi động → rèn luyện → bứt tốc. Đúng từ 9 câu là hoàn thành; đúng từ 11 câu được tính là thành thạo và cộng điểm lên cấp. Tinh thần cấp 3: Ghép nhiều bước và tránh các bẫy quen thuộc.",Không được biết trước dạng bài của từng câu.
NV-0402,PL-TOA-CAL-L3-012,"Ôn lại: Đạo hàm, tích phân & khảo sát hàm số — cấp 3",Toán,"Đạo hàm, tích phân & khảo sát hàm số",2,3,Ôn lại,81,"Hoàn thành 12 câu chuyên đề ""Đạo hàm, tích phân & khảo sát hàm số"" trong khoảng 17 phút, lần lượt qua 3 chặng: khởi động → rèn luyện → bứt tốc. Đúng từ 9 câu là hoàn thành; đúng từ 11 câu được tính là thành thạo và cộng điểm lên cấp. Tinh thần cấp 3: Ghép nhiều bước và tránh các bẫy quen thuộc.",Nên làm sau buổi học chính ít nhất một ngày.
NV-0403,PL-TOA-CAL-L3-013,"Khởi động: Đạo hàm, tích phân & khảo sát hàm số — cấp 3",Toán,"Đạo hàm, tích phân & khảo sát hàm số",2,3,Khởi động,63,"Hoàn thành 12 câu chuyên đề ""Đạo hàm, tích phân & khảo sát hàm số"" trong khoảng 19 phút, lần lượt qua 3 chặng: khởi động → rèn luyện → bứt tốc. Đúng từ 9 câu là hoàn thành; đúng từ 11 câu được tính là thành thạo và cộng điểm lên cấp. Tinh thần cấp 3: Ghép nhiều bước và tránh các bẫy quen thuộc.","Không giới hạn thời gian. Mục tiêu là làm đúng, chưa cần nhanh."
NV-0404,PL-TOA-CAL-L3-014,"Rèn kỹ năng: Đạo hàm, tích phân & khảo sát hàm số — cấp 3",Toán,"Đạo hàm, tích phân & khảo sát hàm số",2,3,Rèn kỹ năng,90,"Hoàn thành 12 câu chuyên đề ""Đạo hàm, tích phân & khảo sát hàm số"" trong khoảng 15 phút, lần lượt qua 3 chặng: khởi động → rèn luyện → bứt tốc. Đúng từ 9 câu là hoàn thành; đúng từ 11 câu được tính là thành thạo và cộng điểm lên cấp. Tinh thần cấp 3: Ghép nhiều bước và tránh các bẫy quen thuộc.","Hoàn thành đủ 3 chặng trong một lượt, không rời phiếu giữa chừng."
NV-0405,PL-TOA-CAL-L3-015,"Tốc độ: Đạo hàm, tích phân & khảo sát hàm số — cấp 3",Toán,"Đạo hàm, tích phân & khảo sát hàm số",2,3,Tốc độ,99,"Hoàn thành 12 câu chuyên đề ""Đạo hàm, tích phân & khảo sát hàm số"" trong khoảng 11 phút, lần lượt qua 3 chặng: khởi động → rèn luyện → bứt tốc. Đúng từ 9 câu là hoàn thành; đúng từ 11 câu được tính là thành thạo và cộng điểm lên cấp. Tinh thần cấp 3: Ghép nhiều bước và tránh các bẫy quen thuộc.",Thời gian bị siết còn 75% mức chuẩn. Quá giờ vẫn chấm nhưng không tính thành thạo.
NV-0406,PL-TOA-CAL-L3-016,"Chính xác: Đạo hàm, tích phân & khảo sát hàm số — cấp 3",Toán,"Đạo hàm, tích phân & khảo sát hàm số",2,3,Chính xác,99,"Hoàn thành 12 câu chuyên đề ""Đạo hàm, tích phân & khảo sát hàm số"" trong khoảng 17 phút, lần lượt qua 3 chặng: khởi động → rèn luyện → bứt tốc. Đúng từ 9 câu là hoàn thành; đúng từ 11 câu được tính là thành thạo và cộng điểm lên cấp. Tinh thần cấp 3: Ghép nhiều bước và tránh các bẫy quen thuộc.",Sai quá 2 câu là phải làm lại phiếu trước khi đi tiếp.
NV-0407,PL-TOA-CAL-L3-017,"Tổng hợp: Đạo hàm, tích phân & khảo sát hàm số — cấp 3",Toán,"Đạo hàm, tích phân & khảo sát hàm số",2,3,Tổng hợp,103,"Hoàn thành 12 câu chuyên đề ""Đạo hàm, tích phân & khảo sát hàm số"" trong khoảng 15 phút, lần lượt qua 3 chặng: khởi động → rèn luyện → bứt tốc. Đúng từ 9 câu là hoàn thành; đúng từ 11 câu được tính là thành thạo và cộng điểm lên cấp. Tinh thần cấp 3: Ghép nhiều bước và tránh các bẫy quen thuộc.",Không được biết trước dạng bài của từng câu.
NV-0408,PL-TOA-CAL-L3-018,"Thử thách: Đạo hàm, tích phân & khảo sát hàm số — cấp 3",Toán,"Đạo hàm, tích phân & khảo sát hàm số",2,3,Thử thách,126,"Hoàn thành 12 câu chuyên đề ""Đạo hàm, tích phân & khảo sát hàm số"" trong khoảng 15 phút, lần lượt qua 3 chặng: khởi động → rèn luyện → bứt tốc. Đúng từ 9 câu là hoàn thành; đúng từ 11 câu được tính là thành thạo và cộng điểm lên cấp. Tinh thần cấp 3: Ghép nhiều bước và tránh các bẫy quen thuộc.",Đạt từ 85% mới được tính là vượt thử thách.
NV-0409,PL-TOA-CAL-L3-019,"Vượt ải: Đạo hàm, tích phân & khảo sát hàm số — cấp 3",Toán,"Đạo hàm, tích phân & khảo sát hàm số",2,3,Vượt ải,162,"Hoàn thành 12 câu chuyên đề ""Đạo hàm, tích phân & khảo sát hàm số"" trong khoảng 14 phút, lần lượt qua 3 chặng: khởi động → rèn luyện → bứt tốc. Đúng từ 9 câu là hoàn thành; đúng từ 11 câu được tính là thành thạo và cộng điểm lên cấp. Tinh thần cấp 3: Ghép nhiều bước và tránh các bẫy quen thuộc.",Phải đạt từ 90% để mở khóa cấp độ tiếp theo của tuyến này.
NV-0410,PL-TOA-CAL-L4-001,"Khởi động: Đạo hàm, tích phân & khảo sát hàm số — cấp 4",Toán,"Đạo hàm, tích phân & khảo sát hàm số",2,4,Khởi động,84,"Hoàn thành 12 câu chuyên đề ""Đạo hàm, tích phân & khảo sát hàm số"" trong khoảng 16 phút, lần lượt qua 3 chặng: khởi động → rèn luyện → bứt tốc. Đúng từ 9 câu là hoàn thành; đúng từ 11 câu được tính là thành thạo và cộng điểm lên cấp. Tinh thần cấp 4: Giữ độ chính xác khi thời gian bắt đầu siết lại.","Không giới hạn thời gian. Mục tiêu là làm đúng, chưa cần nhanh."
NV-0411,PL-TOA-CAL-L4-002,"Rèn kỹ năng: Đạo hàm, tích phân & khảo sát hàm số — cấp 4",Toán,"Đạo hàm, tích phân & khảo sát hàm số",2,4,Rèn kỹ năng,120,"Hoàn thành 12 câu chuyên đề ""Đạo hàm, tích phân & khảo sát hàm số"" trong khoảng 13 phút, lần lượt qua 3 chặng: khởi động → rèn luyện → bứt tốc. Đúng từ 9 câu là hoàn thành; đúng từ 11 câu được tính là thành thạo và cộng điểm lên cấp. Tinh thần cấp 4: Giữ độ chính xác khi thời gian bắt đầu siết lại.","Hoàn thành đủ 3 chặng trong một lượt, không rời phiếu giữa chừng."
NV-0412,PL-TOA-CAL-L4-003,"Tốc độ: Đạo hàm, tích phân & khảo sát hàm số — cấp 4",Toán,"Đạo hàm, tích phân & khảo sát hàm số",2,4,Tốc độ,132,"Hoàn thành 12 câu chuyên đề ""Đạo hàm, tích phân & khảo sát hàm số"" trong khoảng 10 phút, lần lượt qua 3 chặng: khởi động → rèn luyện → bứt tốc. Đúng từ 9 câu là hoàn thành; đúng từ 11 câu được tính là thành thạo và cộng điểm lên cấp. Tinh thần cấp 4: Giữ độ chính xác khi thời gian bắt đầu siết lại.",Thời gian bị siết còn 75% mức chuẩn. Quá giờ vẫn chấm nhưng không tính thành thạo.
NV-0413,PL-TOA-CAL-L4-004,"Chính xác: Đạo hàm, tích phân & khảo sát hàm số — cấp 4",Toán,"Đạo hàm, tích phân & khảo sát hàm số",2,4,Chính xác,132,"Hoàn thành 12 câu chuyên đề ""Đạo hàm, tích phân & khảo sát hàm số"" trong khoảng 15 phút, lần lượt qua 3 chặng: khởi động → rèn luyện → bứt tốc. Đúng từ 9 câu là hoàn thành; đúng từ 11 câu được tính là thành thạo và cộng điểm lên cấp. Tinh thần cấp 4: Giữ độ chính xác khi thời gian bắt đầu siết lại.",Sai quá 2 câu là phải làm lại phiếu trước khi đi tiếp.
NV-0414,PL-TOA-CAL-L4-005,"Tổng hợp: Đạo hàm, tích phân & khảo sát hàm số — cấp 4",Toán,"Đạo hàm, tích phân & khảo sát hàm số",2,4,Tổng hợp,138,"Hoàn thành 12 câu chuyên đề ""Đạo hàm, tích phân & khảo sát hàm số"" trong khoảng 13 phút, lần lượt qua 3 chặng: khởi động → rèn luyện → bứt tốc. Đúng từ 9 câu là hoàn thành; đúng từ 11 câu được tính là thành thạo và cộng điểm lên cấp. Tinh thần cấp 4: Giữ độ chính xác khi thời gian bắt đầu siết lại.",Không được biết trước dạng bài của từng câu.
NV-0415,PL-TOA-CAL-L4-006,"Ôn lại: Đạo hàm, tích phân & khảo sát hàm số — cấp 4",Toán,"Đạo hàm, tích phân & khảo sát hàm số",2,4,Ôn lại,108,"Hoàn thành 12 câu chuyên đề ""Đạo hàm, tích phân & khảo sát hàm số"" trong khoảng 14 phút, lần lượt qua 3 chặng: khởi động → rèn luyện → bứt tốc. Đúng từ 9 câu là hoàn thành; đúng từ 11 câu được tính là thành thạo và cộng điểm lên cấp. Tinh thần cấp 4: Giữ độ chính xác khi thời gian bắt đầu siết lại.",Nên làm sau buổi học chính ít nhất một ngày.
NV-0416,PL-TOA-CAL-L4-007,"Khởi động: Đạo hàm, tích phân & khảo sát hàm số — cấp 4",Toán,"Đạo hàm, tích phân & khảo sát hàm số",2,4,Khởi động,84,"Hoàn thành 12 câu chuyên đề ""Đạo hàm, tích phân & khảo sát hàm số"" trong khoảng 16 phút, lần lượt qua 3 chặng: khởi động → rèn luyện → bứt tốc. Đúng từ 9 câu là hoàn thành; đúng từ 11 câu được tính là thành thạo và cộng điểm lên cấp. Tinh thần cấp 4: Giữ độ chính xác khi thời gian bắt đầu siết lại.","Không giới hạn thời gian. Mục tiêu là làm đúng, chưa cần nhanh."
NV-0417,PL-TOA-CAL-L4-008,"Rèn kỹ năng: Đạo hàm, tích phân & khảo sát hàm số — cấp 4",Toán,"Đạo hàm, tích phân & khảo sát hàm số",2,4,Rèn kỹ năng,120,"Hoàn thành 12 câu chuyên đề ""Đạo hàm, tích phân & khảo sát hàm số"" trong khoảng 13 phút, lần lượt qua 3 chặng: khởi động → rèn luyện → bứt tốc. Đúng từ 9 câu là hoàn thành; đúng từ 11 câu được tính là thành thạo và cộng điểm lên cấp. Tinh thần cấp 4: Giữ độ chính xác khi thời gian bắt đầu siết lại.","Hoàn thành đủ 3 chặng trong một lượt, không rời phiếu giữa chừng."
NV-0418,PL-TOA-CAL-L4-009,"Tốc độ: Đạo hàm, tích phân & khảo sát hàm số — cấp 4",Toán,"Đạo hàm, tích phân & khảo sát hàm số",2,4,Tốc độ,132,"Hoàn thành 12 câu chuyên đề ""Đạo hàm, tích phân & khảo sát hàm số"" trong khoảng 10 phút, lần lượt qua 3 chặng: khởi động → rèn luyện → bứt tốc. Đúng từ 9 câu là hoàn thành; đúng từ 11 câu được tính là thành thạo và cộng điểm lên cấp. Tinh thần cấp 4: Giữ độ chính xác khi thời gian bắt đầu siết lại.",Thời gian bị siết còn 75% mức chuẩn. Quá giờ vẫn chấm nhưng không tính thành thạo.
NV-0419,PL-TOA-CAL-L4-010,"Chính xác: Đạo hàm, tích phân & khảo sát hàm số — cấp 4",Toán,"Đạo hàm, tích phân & khảo sát hàm số",2,4,Chính xác,132,"Hoàn thành 12 câu chuyên đề ""Đạo hàm, tích phân & khảo sát hàm số"" trong khoảng 15 phút, lần lượt qua 3 chặng: khởi động → rèn luyện → bứt tốc. Đúng từ 9 câu là hoàn thành; đúng từ 11 câu được tính là thành thạo và cộng điểm lên cấp. Tinh thần cấp 4: Giữ độ chính xác khi thời gian bắt đầu siết lại.",Sai quá 2 câu là phải làm lại phiếu trước khi đi tiếp.
NV-0420,PL-TOA-CAL-L4-011,"Tổng hợp: Đạo hàm, tích phân & khảo sát hàm số — cấp 4",Toán,"Đạo hàm, tích phân & khảo sát hàm số",2,4,Tổng hợp,138,"Hoàn thành 12 câu chuyên đề ""Đạo hàm, tích phân & khảo sát hàm số"" trong khoảng 13 phút, lần lượt qua 3 chặng: khởi động → rèn luyện → bứt tốc. Đúng từ 9 câu là hoàn thành; đúng từ 11 câu được tính là thành thạo và cộng điểm lên cấp. Tinh thần cấp 4: Giữ độ chính xác khi thời gian bắt đầu siết lại.",Không được biết trước dạng bài của từng câu.
NV-0421,PL-TOA-CAL-L4-012,"Ôn lại: Đạo hàm, tích phân & khảo sát hàm số — cấp 4",Toán,"Đạo hàm, tích phân & khảo sát hàm số",2,4,Ôn lại,108,"Hoàn thành 12 câu chuyên đề ""Đạo hàm, tích phân & khảo sát hàm số"" trong khoảng 14 phút, lần lượt qua 3 chặng: khởi động → rèn luyện → bứt tốc. Đúng từ 9 câu là hoàn thành; đúng từ 11 câu được tính là thành thạo và cộng điểm lên cấp. Tinh thần cấp 4: Giữ độ chính xác khi thời gian bắt đầu siết lại.",Nên làm sau buổi học chính ít nhất một ngày.
NV-0422,PL-TOA-CAL-L4-013,"Khởi động: Đạo hàm, tích phân & khảo sát hàm số — cấp 4",Toán,"Đạo hàm, tích phân & khảo sát hàm số",2,4,Khởi động,84,"Hoàn thành 12 câu chuyên đề ""Đạo hàm, tích phân & khảo sát hàm số"" trong khoảng 16 phút, lần lượt qua 3 chặng: khởi động → rèn luyện → bứt tốc. Đúng từ 9 câu là hoàn thành; đúng từ 11 câu được tính là thành thạo và cộng điểm lên cấp. Tinh thần cấp 4: Giữ độ chính xác khi thời gian bắt đầu siết lại.","Không giới hạn thời gian. Mục tiêu là làm đúng, chưa cần nhanh."
NV-0423,PL-TOA-CAL-L4-014,"Rèn kỹ năng: Đạo hàm, tích phân & khảo sát hàm số — cấp 4",Toán,"Đạo hàm, tích phân & khảo sát hàm số",2,4,Rèn kỹ năng,120,"Hoàn thành 12 câu chuyên đề ""Đạo hàm, tích phân & khảo sát hàm số"" trong khoảng 13 phút, lần lượt qua 3 chặng: khởi động → rèn luyện → bứt tốc. Đúng từ 9 câu là hoàn thành; đúng từ 11 câu được tính là thành thạo và cộng điểm lên cấp. Tinh thần cấp 4: Giữ độ chính xác khi thời gian bắt đầu siết lại.","Hoàn thành đủ 3 chặng trong một lượt, không rời phiếu giữa chừng."
NV-0424,PL-TOA-CAL-L4-015,"Tốc độ: Đạo hàm, tích phân & khảo sát hàm số — cấp 4",Toán,"Đạo hàm, tích phân & khảo sát hàm số",2,4,Tốc độ,132,"Hoàn thành 12 câu chuyên đề ""Đạo hàm, tích phân & khảo sát hàm số"" trong khoảng 10 phút, lần lượt qua 3 chặng: khởi động → rèn luyện → bứt tốc. Đúng từ 9 câu là hoàn thành; đúng từ 11 câu được tính là thành thạo và cộng điểm lên cấp. Tinh thần cấp 4: Giữ độ chính xác khi thời gian bắt đầu siết lại.",Thời gian bị siết còn 75% mức chuẩn. Quá giờ vẫn chấm nhưng không tính thành thạo.
NV-0425,PL-TOA-CAL-L4-016,"Chính xác: Đạo hàm, tích phân & khảo sát hàm số — cấp 4",Toán,"Đạo hàm, tích phân & khảo sát hàm số",2,4,Chính xác,132,"Hoàn thành 12 câu chuyên đề ""Đạo hàm, tích phân & khảo sát hàm số"" trong khoảng 15 phút, lần lượt qua 3 chặng: khởi động → rèn luyện → bứt tốc. Đúng từ 9 câu là hoàn thành; đúng từ 11 câu được tính là thành thạo và cộng điểm lên cấp. Tinh thần cấp 4: Giữ độ chính xác khi thời gian bắt đầu siết lại.",Sai quá 2 câu là phải làm lại phiếu trước khi đi tiếp.
NV-0426,PL-TOA-CAL-L4-017,"Tổng hợp: Đạo hàm, tích phân & khảo sát hàm số — cấp 4",Toán,"Đạo hàm, tích phân & khảo sát hàm số",2,4,Tổng hợp,138,"Hoàn thành 12 câu chuyên đề ""Đạo hàm, tích phân & khảo sát hàm số"" trong khoảng 13 phút, lần lượt qua 3 chặng: khởi động → rèn luyện → bứt tốc. Đúng từ 9 câu là hoàn thành; đúng từ 11 câu được tính là thành thạo và cộng điểm lên cấp. Tinh thần cấp 4: Giữ độ chính xác khi thời gian bắt đầu siết lại.",Không được biết trước dạng bài của từng câu.
NV-0427,PL-TOA-CAL-L4-018,"Thử thách: Đạo hàm, tích phân & khảo sát hàm số — cấp 4",Toán,"Đạo hàm, tích phân & khảo sát hàm số",2,4,Thử thách,168,"Hoàn thành 12 câu chuyên đề ""Đạo hàm, tích phân & khảo sát hàm số"" trong khoảng 13 phút, lần lượt qua 3 chặng: khởi động → rèn luyện → bứt tốc. Đúng từ 9 câu là hoàn thành; đúng từ 11 câu được tính là thành thạo và cộng điểm lên cấp. Tinh thần cấp 4: Giữ độ chính xác khi thời gian bắt đầu siết lại.",Đạt từ 85% mới được tính là vượt thử thách.
NV-0428,PL-TOA-CAL-L4-019,"Vượt ải: Đạo hàm, tích phân & khảo sát hàm số — cấp 4",Toán,"Đạo hàm, tích phân & khảo sát hàm số",2,4,Vượt ải,216,"Hoàn thành 12 câu chuyên đề ""Đạo hàm, tích phân & khảo sát hàm số"" trong khoảng 12 phút, lần lượt qua 3 chặng: khởi động → rèn luyện → bứt tốc. Đúng từ 9 câu là hoàn thành; đúng từ 11 câu được tính là thành thạo và cộng điểm lên cấp. Tinh thần cấp 4: Giữ độ chính xác khi thời gian bắt đầu siết lại.",Phải đạt từ 90% để mở khóa cấp độ tiếp theo của tuyến này.
NV-0429,PL-TOA-CAL-L5-001,"Khởi động: Đạo hàm, tích phân & khảo sát hàm số — cấp 5",Toán,"Đạo hàm, tích phân & khảo sát hàm số",3,5,Khởi động,112,"Hoàn thành 14 câu chuyên đề ""Đạo hàm, tích phân & khảo sát hàm số"" trong khoảng 20 phút, lần lượt qua 3 chặng: khởi động → rèn luyện → bứt tốc. Đúng từ 10 câu là hoàn thành; đúng từ 12 câu được tính là thành thạo và cộng điểm lên cấp. Tinh thần cấp 5: Xử lý câu phân loại mà không mất nhịp.","Không giới hạn thời gian. Mục tiêu là làm đúng, chưa cần nhanh."
NV-0430,PL-TOA-CAL-L5-002,"Rèn kỹ năng: Đạo hàm, tích phân & khảo sát hàm số — cấp 5",Toán,"Đạo hàm, tích phân & khảo sát hàm số",3,5,Rèn kỹ năng,160,"Hoàn thành 14 câu chuyên đề ""Đạo hàm, tích phân & khảo sát hàm số"" trong khoảng 16 phút, lần lượt qua 3 chặng: khởi động → rèn luyện → bứt tốc. Đúng từ 10 câu là hoàn thành; đúng từ 12 câu được tính là thành thạo và cộng điểm lên cấp. Tinh thần cấp 5: Xử lý câu phân loại mà không mất nhịp.","Hoàn thành đủ 3 chặng trong một lượt, không rời phiếu giữa chừng."
NV-0431,PL-TOA-CAL-L5-003,"Tốc độ: Đạo hàm, tích phân & khảo sát hàm số — cấp 5",Toán,"Đạo hàm, tích phân & khảo sát hàm số",3,5,Tốc độ,176,"Hoàn thành 14 câu chuyên đề ""Đạo hàm, tích phân & khảo sát hàm số"" trong khoảng 12 phút, lần lượt qua 3 chặng: khởi động → rèn luyện → bứt tốc. Đúng từ 10 câu là hoàn thành; đúng từ 12 câu được tính là thành thạo và cộng điểm lên cấp. Tinh thần cấp 5: Xử lý câu phân loại mà không mất nhịp.",Thời gian bị siết còn 75% mức chuẩn. Quá giờ vẫn chấm nhưng không tính thành thạo.
NV-0432,PL-TOA-CAL-L5-004,"Chính xác: Đạo hàm, tích phân & khảo sát hàm số — cấp 5",Toán,"Đạo hàm, tích phân & khảo sát hàm số",3,5,Chính xác,176,"Hoàn thành 14 câu chuyên đề ""Đạo hàm, tích phân & khảo sát hàm số"" trong khoảng 19 phút, lần lượt qua 3 chặng: khởi động → rèn luyện → bứt tốc. Đúng từ 10 câu là hoàn thành; đúng từ 12 câu được tính là thành thạo và cộng điểm lên cấp. Tinh thần cấp 5: Xử lý câu phân loại mà không mất nhịp.",Sai quá 2 câu là phải làm lại phiếu trước khi đi tiếp.
NV-0433,PL-TOA-CAL-L5-005,"Tổng hợp: Đạo hàm, tích phân & khảo sát hàm số — cấp 5",Toán,"Đạo hàm, tích phân & khảo sát hàm số",3,5,Tổng hợp,184,"Hoàn thành 14 câu chuyên đề ""Đạo hàm, tích phân & khảo sát hàm số"" trong khoảng 16 phút, lần lượt qua 3 chặng: khởi động → rèn luyện → bứt tốc. Đúng từ 10 câu là hoàn thành; đúng từ 12 câu được tính là thành thạo và cộng điểm lên cấp. Tinh thần cấp 5: Xử lý câu phân loại mà không mất nhịp.",Không được biết trước dạng bài của từng câu.
NV-0434,PL-TOA-CAL-L5-006,"Ôn lại: Đạo hàm, tích phân & khảo sát hàm số — cấp 5",Toán,"Đạo hàm, tích phân & khảo sát hàm số",3,5,Ôn lại,144,"Hoàn thành 14 câu chuyên đề ""Đạo hàm, tích phân & khảo sát hàm số"" trong khoảng 18 phút, lần lượt qua 3 chặng: khởi động → rèn luyện → bứt tốc. Đúng từ 10 câu là hoàn thành; đúng từ 12 câu được tính là thành thạo và cộng điểm lên cấp. Tinh thần cấp 5: Xử lý câu phân loại mà không mất nhịp.",Nên làm sau buổi học chính ít nhất một ngày.
NV-0435,PL-TOA-CAL-L5-007,"Khởi động: Đạo hàm, tích phân & khảo sát hàm số — cấp 5",Toán,"Đạo hàm, tích phân & khảo sát hàm số",3,5,Khởi động,112,"Hoàn thành 14 câu chuyên đề ""Đạo hàm, tích phân & khảo sát hàm số"" trong khoảng 20 phút, lần lượt qua 3 chặng: khởi động → rèn luyện → bứt tốc. Đúng từ 10 câu là hoàn thành; đúng từ 12 câu được tính là thành thạo và cộng điểm lên cấp. Tinh thần cấp 5: Xử lý câu phân loại mà không mất nhịp.","Không giới hạn thời gian. Mục tiêu là làm đúng, chưa cần nhanh."
NV-0436,PL-TOA-CAL-L5-008,"Rèn kỹ năng: Đạo hàm, tích phân & khảo sát hàm số — cấp 5",Toán,"Đạo hàm, tích phân & khảo sát hàm số",3,5,Rèn kỹ năng,160,"Hoàn thành 14 câu chuyên đề ""Đạo hàm, tích phân & khảo sát hàm số"" trong khoảng 16 phút, lần lượt qua 3 chặng: khởi động → rèn luyện → bứt tốc. Đúng từ 10 câu là hoàn thành; đúng từ 12 câu được tính là thành thạo và cộng điểm lên cấp. Tinh thần cấp 5: Xử lý câu phân loại mà không mất nhịp.","Hoàn thành đủ 3 chặng trong một lượt, không rời phiếu giữa chừng."
NV-0437,PL-TOA-CAL-L5-009,"Tốc độ: Đạo hàm, tích phân & khảo sát hàm số — cấp 5",Toán,"Đạo hàm, tích phân & khảo sát hàm số",3,5,Tốc độ,176,"Hoàn thành 14 câu chuyên đề ""Đạo hàm, tích phân & khảo sát hàm số"" trong khoảng 12 phút, lần lượt qua 3 chặng: khởi động → rèn luyện → bứt tốc. Đúng từ 10 câu là hoàn thành; đúng từ 12 câu được tính là thành thạo và cộng điểm lên cấp. Tinh thần cấp 5: Xử lý câu phân loại mà không mất nhịp.",Thời gian bị siết còn 75% mức chuẩn. Quá giờ vẫn chấm nhưng không tính thành thạo.
NV-0438,PL-TOA-CAL-L5-010,"Chính xác: Đạo hàm, tích phân & khảo sát hàm số — cấp 5",Toán,"Đạo hàm, tích phân & khảo sát hàm số",3,5,Chính xác,176,"Hoàn thành 14 câu chuyên đề ""Đạo hàm, tích phân & khảo sát hàm số"" trong khoảng 19 phút, lần lượt qua 3 chặng: khởi động → rèn luyện → bứt tốc. Đúng từ 10 câu là hoàn thành; đúng từ 12 câu được tính là thành thạo và cộng điểm lên cấp. Tinh thần cấp 5: Xử lý câu phân loại mà không mất nhịp.",Sai quá 2 câu là phải làm lại phiếu trước khi đi tiếp.
NV-0439,PL-TOA-CAL-L5-011,"Tổng hợp: Đạo hàm, tích phân & khảo sát hàm số — cấp 5",Toán,"Đạo hàm, tích phân & khảo sát hàm số",3,5,Tổng hợp,184,"Hoàn thành 14 câu chuyên đề ""Đạo hàm, tích phân & khảo sát hàm số"" trong khoảng 16 phút, lần lượt qua 3 chặng: khởi động → rèn luyện → bứt tốc. Đúng từ 10 câu là hoàn thành; đúng từ 12 câu được tính là thành thạo và cộng điểm lên cấp. Tinh thần cấp 5: Xử lý câu phân loại mà không mất nhịp.",Không được biết trước dạng bài của từng câu.
NV-0440,PL-TOA-CAL-L5-012,"Ôn lại: Đạo hàm, tích phân & khảo sát hàm số — cấp 5",Toán,"Đạo hàm, tích phân & khảo sát hàm số",3,5,Ôn lại,144,"Hoàn thành 14 câu chuyên đề ""Đạo hàm, tích phân & khảo sát hàm số"" trong khoảng 18 phút, lần lượt qua 3 chặng: khởi động → rèn luyện → bứt tốc. Đúng từ 10 câu là hoàn thành; đúng từ 12 câu được tính là thành thạo và cộng điểm lên cấp. Tinh thần cấp 5: Xử lý câu phân loại mà không mất nhịp.",Nên làm sau buổi học chính ít nhất một ngày.
NV-0441,PL-TOA-CAL-L5-013,"Khởi động: Đạo hàm, tích phân & khảo sát hàm số — cấp 5",Toán,"Đạo hàm, tích phân & khảo sát hàm số",3,5,Khởi động,112,"Hoàn thành 14 câu chuyên đề ""Đạo hàm, tích phân & khảo sát hàm số"" trong khoảng 20 phút, lần lượt qua 3 chặng: khởi động → rèn luyện → bứt tốc. Đúng từ 10 câu là hoàn thành; đúng từ 12 câu được tính là thành thạo và cộng điểm lên cấp. Tinh thần cấp 5: Xử lý câu phân loại mà không mất nhịp.","Không giới hạn thời gian. Mục tiêu là làm đúng, chưa cần nhanh."
NV-0442,PL-TOA-CAL-L5-014,"Thử thách: Đạo hàm, tích phân & khảo sát hàm số — cấp 5",Toán,"Đạo hàm, tích phân & khảo sát hàm số",3,5,Thử thách,224,"Hoàn thành 14 câu chuyên đề ""Đạo hàm, tích phân & khảo sát hàm số"" trong khoảng 16 phút, lần lượt qua 3 chặng: khởi động → rèn luyện → bứt tốc. Đúng từ 10 câu là hoàn thành; đúng từ 12 câu được tính là thành thạo và cộng điểm lên cấp. Tinh thần cấp 5: Xử lý câu phân loại mà không mất nhịp.",Đạt từ 85% mới được tính là vượt thử thách.
NV-0443,PL-TOA-CAL-L5-015,"Vượt ải: Đạo hàm, tích phân & khảo sát hàm số — cấp 5",Toán,"Đạo hàm, tích phân & khảo sát hàm số",3,5,Vượt ải,288,"Hoàn thành 14 câu chuyên đề ""Đạo hàm, tích phân & khảo sát hàm số"" trong khoảng 16 phút, lần lượt qua 3 chặng: khởi động → rèn luyện → bứt tốc. Đúng từ 10 câu là hoàn thành; đúng từ 13 câu được tính là thành thạo và cộng điểm lên cấp. Tinh thần cấp 5: Xử lý câu phân loại mà không mất nhịp.",Phải đạt từ 90% để mở khóa cấp độ tiếp theo của tuyến này.
NV-0444,PL-TOA-CAL-L6-001,"Khởi động: Đạo hàm, tích phân & khảo sát hàm số — cấp 6",Toán,"Đạo hàm, tích phân & khảo sát hàm số",3,6,Khởi động,154,"Hoàn thành 15 câu chuyên đề ""Đạo hàm, tích phân & khảo sát hàm số"" trong khoảng 19 phút, lần lượt qua 3 chặng: khởi động → rèn luyện → bứt tốc. Đúng từ 11 câu là hoàn thành; đúng từ 13 câu được tính là thành thạo và cộng điểm lên cấp. Tinh thần cấp 6: Tốc độ và độ chính xác của nhóm dẫn đầu phổ điểm.","Không giới hạn thời gian. Mục tiêu là làm đúng, chưa cần nhanh."
NV-0445,PL-TOA-CAL-L6-002,"Rèn kỹ năng: Đạo hàm, tích phân & khảo sát hàm số — cấp 6",Toán,"Đạo hàm, tích phân & khảo sát hàm số",3,6,Rèn kỹ năng,220,"Hoàn thành 15 câu chuyên đề ""Đạo hàm, tích phân & khảo sát hàm số"" trong khoảng 15 phút, lần lượt qua 3 chặng: khởi động → rèn luyện → bứt tốc. Đúng từ 11 câu là hoàn thành; đúng từ 13 câu được tính là thành thạo và cộng điểm lên cấp. Tinh thần cấp 6: Tốc độ và độ chính xác của nhóm dẫn đầu phổ điểm.","Hoàn thành đủ 3 chặng trong một lượt, không rời phiếu giữa chừng."
NV-0446,PL-TOA-CAL-L6-003,"Tốc độ: Đạo hàm, tích phân & khảo sát hàm số — cấp 6",Toán,"Đạo hàm, tích phân & khảo sát hàm số",3,6,Tốc độ,242,"Hoàn thành 15 câu chuyên đề ""Đạo hàm, tích phân & khảo sát hàm số"" trong khoảng 11 phút, lần lượt qua 3 chặng: khởi động → rèn luyện → bứt tốc. Đúng từ 11 câu là hoàn thành; đúng từ 13 câu được tính là thành thạo và cộng điểm lên cấp. Tinh thần cấp 6: Tốc độ và độ chính xác của nhóm dẫn đầu phổ điểm.",Thời gian bị siết còn 75% mức chuẩn. Quá giờ vẫn chấm nhưng không tính thành thạo.
NV-0447,PL-TOA-CAL-L6-004,"Chính xác: Đạo hàm, tích phân & khảo sát hàm số — cấp 6",Toán,"Đạo hàm, tích phân & khảo sát hàm số",3,6,Chính xác,242,"Hoàn thành 15 câu chuyên đề ""Đạo hàm, tích phân & khảo sát hàm số"" trong khoảng 17 phút, lần lượt qua 3 chặng: khởi động → rèn luyện → bứt tốc. Đúng từ 11 câu là hoàn thành; đúng từ 13 câu được tính là thành thạo và cộng điểm lên cấp. Tinh thần cấp 6: Tốc độ và độ chính xác của nhóm dẫn đầu phổ điểm.",Sai quá 2 câu là phải làm lại phiếu trước khi đi tiếp.
NV-0448,PL-TOA-CAL-L6-005,"Tổng hợp: Đạo hàm, tích phân & khảo sát hàm số — cấp 6",Toán,"Đạo hàm, tích phân & khảo sát hàm số",3,6,Tổng hợp,253,"Hoàn thành 15 câu chuyên đề ""Đạo hàm, tích phân & khảo sát hàm số"" trong khoảng 15 phút, lần lượt qua 3 chặng: khởi động → rèn luyện → bứt tốc. Đúng từ 11 câu là hoàn thành; đúng từ 13 câu được tính là thành thạo và cộng điểm lên cấp. Tinh thần cấp 6: Tốc độ và độ chính xác của nhóm dẫn đầu phổ điểm.",Không được biết trước dạng bài của từng câu.
NV-0449,PL-TOA-CAL-L6-006,"Ôn lại: Đạo hàm, tích phân & khảo sát hàm số — cấp 6",Toán,"Đạo hàm, tích phân & khảo sát hàm số",3,6,Ôn lại,198,"Hoàn thành 15 câu chuyên đề ""Đạo hàm, tích phân & khảo sát hàm số"" trong khoảng 17 phút, lần lượt qua 3 chặng: khởi động → rèn luyện → bứt tốc. Đúng từ 11 câu là hoàn thành; đúng từ 13 câu được tính là thành thạo và cộng điểm lên cấp. Tinh thần cấp 6: Tốc độ và độ chính xác của nhóm dẫn đầu phổ điểm.",Nên làm sau buổi học chính ít nhất một ngày.
NV-0450,PL-TOA-CAL-L6-007,"Khởi động: Đạo hàm, tích phân & khảo sát hàm số — cấp 6",Toán,"Đạo hàm, tích phân & khảo sát hàm số",3,6,Khởi động,154,"Hoàn thành 15 câu chuyên đề ""Đạo hàm, tích phân & khảo sát hàm số"" trong khoảng 19 phút, lần lượt qua 3 chặng: khởi động → rèn luyện → bứt tốc. Đúng từ 11 câu là hoàn thành; đúng từ 13 câu được tính là thành thạo và cộng điểm lên cấp. Tinh thần cấp 6: Tốc độ và độ chính xác của nhóm dẫn đầu phổ điểm.","Không giới hạn thời gian. Mục tiêu là làm đúng, chưa cần nhanh."
NV-0451,PL-TOA-CAL-L6-008,"Rèn kỹ năng: Đạo hàm, tích phân & khảo sát hàm số — cấp 6",Toán,"Đạo hàm, tích phân & khảo sát hàm số",3,6,Rèn kỹ năng,220,"Hoàn thành 15 câu chuyên đề ""Đạo hàm, tích phân & khảo sát hàm số"" trong khoảng 15 phút, lần lượt qua 3 chặng: khởi động → rèn luyện → bứt tốc. Đúng từ 11 câu là hoàn thành; đúng từ 13 câu được tính là thành thạo và cộng điểm lên cấp. Tinh thần cấp 6: Tốc độ và độ chính xác của nhóm dẫn đầu phổ điểm.","Hoàn thành đủ 3 chặng trong một lượt, không rời phiếu giữa chừng."
NV-0452,PL-TOA-CAL-L6-009,"Tốc độ: Đạo hàm, tích phân & khảo sát hàm số — cấp 6",Toán,"Đạo hàm, tích phân & khảo sát hàm số",3,6,Tốc độ,242,"Hoàn thành 15 câu chuyên đề ""Đạo hàm, tích phân & khảo sát hàm số"" trong khoảng 11 phút, lần lượt qua 3 chặng: khởi động → rèn luyện → bứt tốc. Đúng từ 11 câu là hoàn thành; đúng từ 13 câu được tính là thành thạo và cộng điểm lên cấp. Tinh thần cấp 6: Tốc độ và độ chính xác của nhóm dẫn đầu phổ điểm.",Thời gian bị siết còn 75% mức chuẩn. Quá giờ vẫn chấm nhưng không tính thành thạo.
NV-0453,PL-TOA-CAL-L6-010,"Thử thách: Đạo hàm, tích phân & khảo sát hàm số — cấp 6",Toán,"Đạo hàm, tích phân & khảo sát hàm số",3,6,Thử thách,308,"Hoàn thành 15 câu chuyên đề ""Đạo hàm, tích phân & khảo sát hàm số"" trong khoảng 15 phút, lần lượt qua 3 chặng: khởi động → rèn luyện → bứt tốc. Đúng từ 11 câu là hoàn thành; đúng từ 13 câu được tính là thành thạo và cộng điểm lên cấp. Tinh thần cấp 6: Tốc độ và độ chính xác của nhóm dẫn đầu phổ điểm.",Đạt từ 85% mới được tính là vượt thử thách.
NV-0454,PL-TOA-CAL-L6-011,"Vượt ải: Đạo hàm, tích phân & khảo sát hàm số — cấp 6",Toán,"Đạo hàm, tích phân & khảo sát hàm số",3,6,Vượt ải,396,"Hoàn thành 15 câu chuyên đề ""Đạo hàm, tích phân & khảo sát hàm số"" trong khoảng 14 phút, lần lượt qua 3 chặng: khởi động → rèn luyện → bứt tốc. Đúng từ 11 câu là hoàn thành; đúng từ 14 câu được tính là thành thạo và cộng điểm lên cấp. Tinh thần cấp 6: Tốc độ và độ chính xác của nhóm dẫn đầu phổ điểm.",Phải đạt từ 90% để mở khóa cấp độ tiếp theo của tuyến này.
NV-0455,PL-TOA-EXP-L1-001,Khởi động: Mũ & logarit — cấp 1,Toán,Mũ & logarit,1,1,Khởi động,28,"Hoàn thành 8 câu chuyên đề ""Mũ & logarit"" trong khoảng 10 phút, lần lượt qua 3 chặng: khởi động → rèn luyện → bứt tốc. Đúng từ 6 câu là hoàn thành; đúng từ 7 câu được tính là thành thạo và cộng điểm lên cấp. Tinh thần cấp 1: Nhận diện dạng bài và nhớ lại công thức nền.","Không giới hạn thời gian. Mục tiêu là làm đúng, chưa cần nhanh."
NV-0456,PL-TOA-EXP-L1-002,Rèn kỹ năng: Mũ & logarit — cấp 1,Toán,Mũ & logarit,1,1,Rèn kỹ năng,40,"Hoàn thành 8 câu chuyên đề ""Mũ & logarit"" trong khoảng 8 phút, lần lượt qua 3 chặng: khởi động → rèn luyện → bứt tốc. Đúng từ 6 câu là hoàn thành; đúng từ 7 câu được tính là thành thạo và cộng điểm lên cấp. Tinh thần cấp 1: Nhận diện dạng bài và nhớ lại công thức nền.","Hoàn thành đủ 3 chặng trong một lượt, không rời phiếu giữa chừng."
NV-0457,PL-TOA-EXP-L1-003,Tốc độ: Mũ & logarit — cấp 1,Toán,Mũ & logarit,1,1,Tốc độ,44,"Hoàn thành 8 câu chuyên đề ""Mũ & logarit"" trong khoảng 6 phút, lần lượt qua 3 chặng: khởi động → rèn luyện → bứt tốc. Đúng từ 6 câu là hoàn thành; đúng từ 7 câu được tính là thành thạo và cộng điểm lên cấp. Tinh thần cấp 1: Nhận diện dạng bài và nhớ lại công thức nền.",Thời gian bị siết còn 75% mức chuẩn. Quá giờ vẫn chấm nhưng không tính thành thạo.
NV-0458,PL-TOA-EXP-L1-004,Chính xác: Mũ & logarit — cấp 1,Toán,Mũ & logarit,1,1,Chính xác,44,"Hoàn thành 8 câu chuyên đề ""Mũ & logarit"" trong khoảng 9 phút, lần lượt qua 3 chặng: khởi động → rèn luyện → bứt tốc. Đúng từ 6 câu là hoàn thành; đúng từ 7 câu được tính là thành thạo và cộng điểm lên cấp. Tinh thần cấp 1: Nhận diện dạng bài và nhớ lại công thức nền.",Sai quá 2 câu là phải làm lại phiếu trước khi đi tiếp.
NV-0459,PL-TOA-EXP-L1-005,Tổng hợp: Mũ & logarit — cấp 1,Toán,Mũ & logarit,1,1,Tổng hợp,46,"Hoàn thành 8 câu chuyên đề ""Mũ & logarit"" trong khoảng 8 phút, lần lượt qua 3 chặng: khởi động → rèn luyện → bứt tốc. Đúng từ 6 câu là hoàn thành; đúng từ 7 câu được tính là thành thạo và cộng điểm lên cấp. Tinh thần cấp 1: Nhận diện dạng bài và nhớ lại công thức nền.",Không được biết trước dạng bài của từng câu.
NV-0460,PL-TOA-EXP-L1-006,Thử thách: Mũ & logarit — cấp 1,Toán,Mũ & logarit,1,1,Thử thách,56,"Hoàn thành 8 câu chuyên đề ""Mũ & logarit"" trong khoảng 8 phút, lần lượt qua 3 chặng: khởi động → rèn luyện → bứt tốc. Đúng từ 6 câu là hoàn thành; đúng từ 7 câu được tính là thành thạo và cộng điểm lên cấp. Tinh thần cấp 1: Nhận diện dạng bài và nhớ lại công thức nền.",Đạt từ 85% mới được tính là vượt thử thách.
NV-0461,PL-TOA-EXP-L1-007,Vượt ải: Mũ & logarit — cấp 1,Toán,Mũ & logarit,1,1,Vượt ải,72,"Hoàn thành 8 câu chuyên đề ""Mũ & logarit"" trong khoảng 8 phút, lần lượt qua 3 chặng: khởi động → rèn luyện → bứt tốc. Đúng từ 6 câu là hoàn thành; đúng từ 8 câu được tính là thành thạo và cộng điểm lên cấp. Tinh thần cấp 1: Nhận diện dạng bài và nhớ lại công thức nền.",Phải đạt từ 90% để mở khóa cấp độ tiếp theo của tuyến này.
NV-0462,PL-TOA-EXP-L2-001,Khởi động: Mũ & logarit — cấp 2,Toán,Mũ & logarit,1,2,Khởi động,42,"Hoàn thành 10 câu chuyên đề ""Mũ & logarit"" trong khoảng 15 phút, lần lượt qua 3 chặng: khởi động → rèn luyện → bứt tốc. Đúng từ 7 câu là hoàn thành; đúng từ 9 câu được tính là thành thạo và cộng điểm lên cấp. Tinh thần cấp 2: Làm đúng dạng chuẩn mà không cần nhìn gợi ý.","Không giới hạn thời gian. Mục tiêu là làm đúng, chưa cần nhanh."
NV-0463,PL-TOA-EXP-L2-002,Rèn kỹ năng: Mũ & logarit — cấp 2,Toán,Mũ & logarit,1,2,Rèn kỹ năng,60,"Hoàn thành 10 câu chuyên đề ""Mũ & logarit"" trong khoảng 12 phút, lần lượt qua 3 chặng: khởi động → rèn luyện → bứt tốc. Đúng từ 7 câu là hoàn thành; đúng từ 9 câu được tính là thành thạo và cộng điểm lên cấp. Tinh thần cấp 2: Làm đúng dạng chuẩn mà không cần nhìn gợi ý.","Hoàn thành đủ 3 chặng trong một lượt, không rời phiếu giữa chừng."
NV-0464,PL-TOA-EXP-L2-003,Tốc độ: Mũ & logarit — cấp 2,Toán,Mũ & logarit,1,2,Tốc độ,66,"Hoàn thành 10 câu chuyên đề ""Mũ & logarit"" trong khoảng 9 phút, lần lượt qua 3 chặng: khởi động → rèn luyện → bứt tốc. Đúng từ 7 câu là hoàn thành; đúng từ 9 câu được tính là thành thạo và cộng điểm lên cấp. Tinh thần cấp 2: Làm đúng dạng chuẩn mà không cần nhìn gợi ý.",Thời gian bị siết còn 75% mức chuẩn. Quá giờ vẫn chấm nhưng không tính thành thạo.
NV-0465,PL-TOA-EXP-L2-004,Chính xác: Mũ & logarit — cấp 2,Toán,Mũ & logarit,1,2,Chính xác,66,"Hoàn thành 10 câu chuyên đề ""Mũ & logarit"" trong khoảng 13 phút, lần lượt qua 3 chặng: khởi động → rèn luyện → bứt tốc. Đúng từ 7 câu là hoàn thành; đúng từ 9 câu được tính là thành thạo và cộng điểm lên cấp. Tinh thần cấp 2: Làm đúng dạng chuẩn mà không cần nhìn gợi ý.",Sai quá 2 câu là phải làm lại phiếu trước khi đi tiếp.
NV-0466,PL-TOA-EXP-L2-005,Tổng hợp: Mũ & logarit — cấp 2,Toán,Mũ & logarit,1,2,Tổng hợp,69,"Hoàn thành 10 câu chuyên đề ""Mũ & logarit"" trong khoảng 12 phút, lần lượt qua 3 chặng: khởi động → rèn luyện → bứt tốc. Đúng từ 7 câu là hoàn thành; đúng từ 9 câu được tính là thành thạo và cộng điểm lên cấp. Tinh thần cấp 2: Làm đúng dạng chuẩn mà không cần nhìn gợi ý.",Không được biết trước dạng bài của từng câu.
NV-0467,PL-TOA-EXP-L2-006,Ôn lại: Mũ & logarit — cấp 2,Toán,Mũ & logarit,1,2,Ôn lại,54,"Hoàn thành 10 câu chuyên đề ""Mũ & logarit"" trong khoảng 13 phút, lần lượt qua 3 chặng: khởi động → rèn luyện → bứt tốc. Đúng từ 7 câu là hoàn thành; đúng từ 9 câu được tính là thành thạo và cộng điểm lên cấp. Tinh thần cấp 2: Làm đúng dạng chuẩn mà không cần nhìn gợi ý.",Nên làm sau buổi học chính ít nhất một ngày.
NV-0468,PL-TOA-EXP-L2-007,Khởi động: Mũ & logarit — cấp 2,Toán,Mũ & logarit,1,2,Khởi động,42,"Hoàn thành 10 câu chuyên đề ""Mũ & logarit"" trong khoảng 15 phút, lần lượt qua 3 chặng: khởi động → rèn luyện → bứt tốc. Đúng từ 7 câu là hoàn thành; đúng từ 9 câu được tính là thành thạo và cộng điểm lên cấp. Tinh thần cấp 2: Làm đúng dạng chuẩn mà không cần nhìn gợi ý.","Không giới hạn thời gian. Mục tiêu là làm đúng, chưa cần nhanh."
NV-0469,PL-TOA-EXP-L2-008,Rèn kỹ năng: Mũ & logarit — cấp 2,Toán,Mũ & logarit,1,2,Rèn kỹ năng,60,"Hoàn thành 10 câu chuyên đề ""Mũ & logarit"" trong khoảng 12 phút, lần lượt qua 3 chặng: khởi động → rèn luyện → bứt tốc. Đúng từ 7 câu là hoàn thành; đúng từ 9 câu được tính là thành thạo và cộng điểm lên cấp. Tinh thần cấp 2: Làm đúng dạng chuẩn mà không cần nhìn gợi ý.","Hoàn thành đủ 3 chặng trong một lượt, không rời phiếu giữa chừng."
NV-0470,PL-TOA-EXP-L2-009,Thử thách: Mũ & logarit — cấp 2,Toán,Mũ & logarit,1,2,Thử thách,84,"Hoàn thành 10 câu chuyên đề ""Mũ & logarit"" trong khoảng 12 phút, lần lượt qua 3 chặng: khởi động → rèn luyện → bứt tốc. Đúng từ 7 câu là hoàn thành; đúng từ 9 câu được tính là thành thạo và cộng điểm lên cấp. Tinh thần cấp 2: Làm đúng dạng chuẩn mà không cần nhìn gợi ý.",Đạt từ 85% mới được tính là vượt thử thách.
NV-0471,PL-TOA-EXP-L2-010,Vượt ải: Mũ & logarit — cấp 2,Toán,Mũ & logarit,1,2,Vượt ải,108,"Hoàn thành 10 câu chuyên đề ""Mũ & logarit"" trong khoảng 11 phút, lần lượt qua 3 chặng: khởi động → rèn luyện → bứt tốc. Đúng từ 7 câu là hoàn thành; đúng từ 9 câu được tính là thành thạo và cộng điểm lên cấp. Tinh thần cấp 2: Làm đúng dạng chuẩn mà không cần nhìn gợi ý.",Phải đạt từ 90% để mở khóa cấp độ tiếp theo của tuyến này.
NV-0472,PL-TOA-EXP-L3-001,Khởi động: Mũ & logarit — cấp 3,Toán,Mũ & logarit,2,3,Khởi động,63,"Hoàn thành 12 câu chuyên đề ""Mũ & logarit"" trong khoảng 19 phút, lần lượt qua 3 chặng: khởi động → rèn luyện → bứt tốc. Đúng từ 9 câu là hoàn thành; đúng từ 11 câu được tính là thành thạo và cộng điểm lên cấp. Tinh thần cấp 3: Ghép nhiều bước và tránh các bẫy quen thuộc.","Không giới hạn thời gian. Mục tiêu là làm đúng, chưa cần nhanh."
NV-0473,PL-TOA-EXP-L3-002,Rèn kỹ năng: Mũ & logarit — cấp 3,Toán,Mũ & logarit,2,3,Rèn kỹ năng,90,"Hoàn thành 12 câu chuyên đề ""Mũ & logarit"" trong khoảng 15 phút, lần lượt qua 3 chặng: khởi động → rèn luyện → bứt tốc. Đúng từ 9 câu là hoàn thành; đúng từ 11 câu được tính là thành thạo và cộng điểm lên cấp. Tinh thần cấp 3: Ghép nhiều bước và tránh các bẫy quen thuộc.","Hoàn thành đủ 3 chặng trong một lượt, không rời phiếu giữa chừng."
NV-0474,PL-TOA-EXP-L3-003,Tốc độ: Mũ & logarit — cấp 3,Toán,Mũ & logarit,2,3,Tốc độ,99,"Hoàn thành 12 câu chuyên đề ""Mũ & logarit"" trong khoảng 11 phút, lần lượt qua 3 chặng: khởi động → rèn luyện → bứt tốc. Đúng từ 9 câu là hoàn thành; đúng từ 11 câu được tính là thành thạo và cộng điểm lên cấp. Tinh thần cấp 3: Ghép nhiều bước và tránh các bẫy quen thuộc.",Thời gian bị siết còn 75% mức chuẩn. Quá giờ vẫn chấm nhưng không tính thành thạo.
NV-0475,PL-TOA-EXP-L3-004,Chính xác: Mũ & logarit — cấp 3,Toán,Mũ & logarit,2,3,Chính xác,99,"Hoàn thành 12 câu chuyên đề ""Mũ & logarit"" trong khoảng 17 phút, lần lượt qua 3 chặng: khởi động → rèn luyện → bứt tốc. Đúng từ 9 câu là hoàn thành; đúng từ 11 câu được tính là thành thạo và cộng điểm lên cấp. Tinh thần cấp 3: Ghép nhiều bước và tránh các bẫy quen thuộc.",Sai quá 2 câu là phải làm lại phiếu trước khi đi tiếp.
NV-0476,PL-TOA-EXP-L3-005,Tổng hợp: Mũ & logarit — cấp 3,Toán,Mũ & logarit,2,3,Tổng hợp,103,"Hoàn thành 12 câu chuyên đề ""Mũ & logarit"" trong khoảng 15 phút, lần lượt qua 3 chặng: khởi động → rèn luyện → bứt tốc. Đúng từ 9 câu là hoàn thành; đúng từ 11 câu được tính là thành thạo và cộng điểm lên cấp. Tinh thần cấp 3: Ghép nhiều bước và tránh các bẫy quen thuộc.",Không được biết trước dạng bài của từng câu.
NV-0477,PL-TOA-EXP-L3-006,Ôn lại: Mũ & logarit — cấp 3,Toán,Mũ & logarit,2,3,Ôn lại,81,"Hoàn thành 12 câu chuyên đề ""Mũ & logarit"" trong khoảng 17 phút, lần lượt qua 3 chặng: khởi động → rèn luyện → bứt tốc. Đúng từ 9 câu là hoàn thành; đúng từ 11 câu được tính là thành thạo và cộng điểm lên cấp. Tinh thần cấp 3: Ghép nhiều bước và tránh các bẫy quen thuộc.",Nên làm sau buổi học chính ít nhất một ngày.
NV-0478,PL-TOA-EXP-L3-007,Khởi động: Mũ & logarit — cấp 3,Toán,Mũ & logarit,2,3,Khởi động,63,"Hoàn thành 12 câu chuyên đề ""Mũ & logarit"" trong khoảng 19 phút, lần lượt qua 3 chặng: khởi động → rèn luyện → bứt tốc. Đúng từ 9 câu là hoàn thành; đúng từ 11 câu được tính là thành thạo và cộng điểm lên cấp. Tinh thần cấp 3: Ghép nhiều bước và tránh các bẫy quen thuộc.","Không giới hạn thời gian. Mục tiêu là làm đúng, chưa cần nhanh."
NV-0479,PL-TOA-EXP-L3-008,Rèn kỹ năng: Mũ & logarit — cấp 3,Toán,Mũ & logarit,2,3,Rèn kỹ năng,90,"Hoàn thành 12 câu chuyên đề ""Mũ & logarit"" trong khoảng 15 phút, lần lượt qua 3 chặng: khởi động → rèn luyện → bứt tốc. Đúng từ 9 câu là hoàn thành; đúng từ 11 câu được tính là thành thạo và cộng điểm lên cấp. Tinh thần cấp 3: Ghép nhiều bước và tránh các bẫy quen thuộc.","Hoàn thành đủ 3 chặng trong một lượt, không rời phiếu giữa chừng."
NV-0480,PL-TOA-EXP-L3-009,Tốc độ: Mũ & logarit — cấp 3,Toán,Mũ & logarit,2,3,Tốc độ,99,"Hoàn thành 12 câu chuyên đề ""Mũ & logarit"" trong khoảng 11 phút, lần lượt qua 3 chặng: khởi động → rèn luyện → bứt tốc. Đúng từ 9 câu là hoàn thành; đúng từ 11 câu được tính là thành thạo và cộng điểm lên cấp. Tinh thần cấp 3: Ghép nhiều bước và tránh các bẫy quen thuộc.",Thời gian bị siết còn 75% mức chuẩn. Quá giờ vẫn chấm nhưng không tính thành thạo.
NV-0481,PL-TOA-EXP-L3-010,Thử thách: Mũ & logarit — cấp 3,Toán,Mũ & logarit,2,3,Thử thách,126,"Hoàn thành 12 câu chuyên đề ""Mũ & logarit"" trong khoảng 15 phút, lần lượt qua 3 chặng: khởi động → rèn luyện → bứt tốc. Đúng từ 9 câu là hoàn thành; đúng từ 11 câu được tính là thành thạo và cộng điểm lên cấp. Tinh thần cấp 3: Ghép nhiều bước và tránh các bẫy quen thuộc.",Đạt từ 85% mới được tính là vượt thử thách.
NV-0482,PL-TOA-EXP-L3-011,Vượt ải: Mũ & logarit — cấp 3,Toán,Mũ & logarit,2,3,Vượt ải,162,"Hoàn thành 12 câu chuyên đề ""Mũ & logarit"" trong khoảng 14 phút, lần lượt qua 3 chặng: khởi động → rèn luyện → bứt tốc. Đúng từ 9 câu là hoàn thành; đúng từ 11 câu được tính là thành thạo và cộng điểm lên cấp. Tinh thần cấp 3: Ghép nhiều bước và tránh các bẫy quen thuộc.",Phải đạt từ 90% để mở khóa cấp độ tiếp theo của tuyến này.
NV-0483,PL-TOA-EXP-L4-001,Khởi động: Mũ & logarit — cấp 4,Toán,Mũ & logarit,2,4,Khởi động,84,"Hoàn thành 12 câu chuyên đề ""Mũ & logarit"" trong khoảng 16 phút, lần lượt qua 3 chặng: khởi động → rèn luyện → bứt tốc. Đúng từ 9 câu là hoàn thành; đúng từ 11 câu được tính là thành thạo và cộng điểm lên cấp. Tinh thần cấp 4: Giữ độ chính xác khi thời gian bắt đầu siết lại.","Không giới hạn thời gian. Mục tiêu là làm đúng, chưa cần nhanh."
NV-0484,PL-TOA-EXP-L4-002,Rèn kỹ năng: Mũ & logarit — cấp 4,Toán,Mũ & logarit,2,4,Rèn kỹ năng,120,"Hoàn thành 12 câu chuyên đề ""Mũ & logarit"" trong khoảng 13 phút, lần lượt qua 3 chặng: khởi động → rèn luyện → bứt tốc. Đúng từ 9 câu là hoàn thành; đúng từ 11 câu được tính là thành thạo và cộng điểm lên cấp. Tinh thần cấp 4: Giữ độ chính xác khi thời gian bắt đầu siết lại.","Hoàn thành đủ 3 chặng trong một lượt, không rời phiếu giữa chừng."
NV-0485,PL-TOA-EXP-L4-003,Tốc độ: Mũ & logarit — cấp 4,Toán,Mũ & logarit,2,4,Tốc độ,132,"Hoàn thành 12 câu chuyên đề ""Mũ & logarit"" trong khoảng 10 phút, lần lượt qua 3 chặng: khởi động → rèn luyện → bứt tốc. Đúng từ 9 câu là hoàn thành; đúng từ 11 câu được tính là thành thạo và cộng điểm lên cấp. Tinh thần cấp 4: Giữ độ chính xác khi thời gian bắt đầu siết lại.",Thời gian bị siết còn 75% mức chuẩn. Quá giờ vẫn chấm nhưng không tính thành thạo.
NV-0486,PL-TOA-EXP-L4-004,Chính xác: Mũ & logarit — cấp 4,Toán,Mũ & logarit,2,4,Chính xác,132,"Hoàn thành 12 câu chuyên đề ""Mũ & logarit"" trong khoảng 15 phút, lần lượt qua 3 chặng: khởi động → rèn luyện → bứt tốc. Đúng từ 9 câu là hoàn thành; đúng từ 11 câu được tính là thành thạo và cộng điểm lên cấp. Tinh thần cấp 4: Giữ độ chính xác khi thời gian bắt đầu siết lại.",Sai quá 2 câu là phải làm lại phiếu trước khi đi tiếp.
NV-0487,PL-TOA-EXP-L4-005,Tổng hợp: Mũ & logarit — cấp 4,Toán,Mũ & logarit,2,4,Tổng hợp,138,"Hoàn thành 12 câu chuyên đề ""Mũ & logarit"" trong khoảng 13 phút, lần lượt qua 3 chặng: khởi động → rèn luyện → bứt tốc. Đúng từ 9 câu là hoàn thành; đúng từ 11 câu được tính là thành thạo và cộng điểm lên cấp. Tinh thần cấp 4: Giữ độ chính xác khi thời gian bắt đầu siết lại.",Không được biết trước dạng bài của từng câu.
NV-0488,PL-TOA-EXP-L4-006,Ôn lại: Mũ & logarit — cấp 4,Toán,Mũ & logarit,2,4,Ôn lại,108,"Hoàn thành 12 câu chuyên đề ""Mũ & logarit"" trong khoảng 14 phút, lần lượt qua 3 chặng: khởi động → rèn luyện → bứt tốc. Đúng từ 9 câu là hoàn thành; đúng từ 11 câu được tính là thành thạo và cộng điểm lên cấp. Tinh thần cấp 4: Giữ độ chính xác khi thời gian bắt đầu siết lại.",Nên làm sau buổi học chính ít nhất một ngày.
NV-0489,PL-TOA-EXP-L4-007,Khởi động: Mũ & logarit — cấp 4,Toán,Mũ & logarit,2,4,Khởi động,84,"Hoàn thành 12 câu chuyên đề ""Mũ & logarit"" trong khoảng 16 phút, lần lượt qua 3 chặng: khởi động → rèn luyện → bứt tốc. Đúng từ 9 câu là hoàn thành; đúng từ 11 câu được tính là thành thạo và cộng điểm lên cấp. Tinh thần cấp 4: Giữ độ chính xác khi thời gian bắt đầu siết lại.","Không giới hạn thời gian. Mục tiêu là làm đúng, chưa cần nhanh."
NV-0490,PL-TOA-EXP-L4-008,Rèn kỹ năng: Mũ & logarit — cấp 4,Toán,Mũ & logarit,2,4,Rèn kỹ năng,120,"Hoàn thành 12 câu chuyên đề ""Mũ & logarit"" trong khoảng 13 phút, lần lượt qua 3 chặng: khởi động → rèn luyện → bứt tốc. Đúng từ 9 câu là hoàn thành; đúng từ 11 câu được tính là thành thạo và cộng điểm lên cấp. Tinh thần cấp 4: Giữ độ chính xác khi thời gian bắt đầu siết lại.","Hoàn thành đủ 3 chặng trong một lượt, không rời phiếu giữa chừng."
NV-0491,PL-TOA-EXP-L4-009,Tốc độ: Mũ & logarit — cấp 4,Toán,Mũ & logarit,2,4,Tốc độ,132,"Hoàn thành 12 câu chuyên đề ""Mũ & logarit"" trong khoảng 10 phút, lần lượt qua 3 chặng: khởi động → rèn luyện → bứt tốc. Đúng từ 9 câu là hoàn thành; đúng từ 11 câu được tính là thành thạo và cộng điểm lên cấp. Tinh thần cấp 4: Giữ độ chính xác khi thời gian bắt đầu siết lại.",Thời gian bị siết còn 75% mức chuẩn. Quá giờ vẫn chấm nhưng không tính thành thạo.
NV-0492,PL-TOA-EXP-L4-010,Thử thách: Mũ & logarit — cấp 4,Toán,Mũ & logarit,2,4,Thử thách,168,"Hoàn thành 12 câu chuyên đề ""Mũ & logarit"" trong khoảng 13 phút, lần lượt qua 3 chặng: khởi động → rèn luyện → bứt tốc. Đúng từ 9 câu là hoàn thành; đúng từ 11 câu được tính là thành thạo và cộng điểm lên cấp. Tinh thần cấp 4: Giữ độ chính xác khi thời gian bắt đầu siết lại.",Đạt từ 85% mới được tính là vượt thử thách.
NV-0493,PL-TOA-EXP-L4-011,Vượt ải: Mũ & logarit — cấp 4,Toán,Mũ & logarit,2,4,Vượt ải,216,"Hoàn thành 12 câu chuyên đề ""Mũ & logarit"" trong khoảng 12 phút, lần lượt qua 3 chặng: khởi động → rèn luyện → bứt tốc. Đúng từ 9 câu là hoàn thành; đúng từ 11 câu được tính là thành thạo và cộng điểm lên cấp. Tinh thần cấp 4: Giữ độ chính xác khi thời gian bắt đầu siết lại.",Phải đạt từ 90% để mở khóa cấp độ tiếp theo của tuyến này.
NV-0494,PL-TOA-EXP-L5-001,Khởi động: Mũ & logarit — cấp 5,Toán,Mũ & logarit,3,5,Khởi động,112,"Hoàn thành 14 câu chuyên đề ""Mũ & logarit"" trong khoảng 20 phút, lần lượt qua 3 chặng: khởi động → rèn luyện → bứt tốc. Đúng từ 10 câu là hoàn thành; đúng từ 12 câu được tính là thành thạo và cộng điểm lên cấp. Tinh thần cấp 5: Xử lý câu phân loại mà không mất nhịp.","Không giới hạn thời gian. Mục tiêu là làm đúng, chưa cần nhanh."
NV-0495,PL-TOA-EXP-L5-002,Rèn kỹ năng: Mũ & logarit — cấp 5,Toán,Mũ & logarit,3,5,Rèn kỹ năng,160,"Hoàn thành 14 câu chuyên đề ""Mũ & logarit"" trong khoảng 16 phút, lần lượt qua 3 chặng: khởi động → rèn luyện → bứt tốc. Đúng từ 10 câu là hoàn thành; đúng từ 12 câu được tính là thành thạo và cộng điểm lên cấp. Tinh thần cấp 5: Xử lý câu phân loại mà không mất nhịp.","Hoàn thành đủ 3 chặng trong một lượt, không rời phiếu giữa chừng."
NV-0496,PL-TOA-EXP-L5-003,Tốc độ: Mũ & logarit — cấp 5,Toán,Mũ & logarit,3,5,Tốc độ,176,"Hoàn thành 14 câu chuyên đề ""Mũ & logarit"" trong khoảng 12 phút, lần lượt qua 3 chặng: khởi động → rèn luyện → bứt tốc. Đúng từ 10 câu là hoàn thành; đúng từ 12 câu được tính là thành thạo và cộng điểm lên cấp. Tinh thần cấp 5: Xử lý câu phân loại mà không mất nhịp.",Thời gian bị siết còn 75% mức chuẩn. Quá giờ vẫn chấm nhưng không tính thành thạo.
NV-0497,PL-TOA-EXP-L5-004,Chính xác: Mũ & logarit — cấp 5,Toán,Mũ & logarit,3,5,Chính xác,176,"Hoàn thành 14 câu chuyên đề ""Mũ & logarit"" trong khoảng 19 phút, lần lượt qua 3 chặng: khởi động → rèn luyện → bứt tốc. Đúng từ 10 câu là hoàn thành; đúng từ 12 câu được tính là thành thạo và cộng điểm lên cấp. Tinh thần cấp 5: Xử lý câu phân loại mà không mất nhịp.",Sai quá 2 câu là phải làm lại phiếu trước khi đi tiếp.
NV-0498,PL-TOA-EXP-L5-005,Tổng hợp: Mũ & logarit — cấp 5,Toán,Mũ & logarit,3,5,Tổng hợp,184,"Hoàn thành 14 câu chuyên đề ""Mũ & logarit"" trong khoảng 16 phút, lần lượt qua 3 chặng: khởi động → rèn luyện → bứt tốc. Đúng từ 10 câu là hoàn thành; đúng từ 12 câu được tính là thành thạo và cộng điểm lên cấp. Tinh thần cấp 5: Xử lý câu phân loại mà không mất nhịp.",Không được biết trước dạng bài của từng câu.
NV-0499,PL-TOA-EXP-L5-006,Ôn lại: Mũ & logarit — cấp 5,Toán,Mũ & logarit,3,5,Ôn lại,144,"Hoàn thành 14 câu chuyên đề ""Mũ & logarit"" trong khoảng 18 phút, lần lượt qua 3 chặng: khởi động → rèn luyện → bứt tốc. Đúng từ 10 câu là hoàn thành; đúng từ 12 câu được tính là thành thạo và cộng điểm lên cấp. Tinh thần cấp 5: Xử lý câu phân loại mà không mất nhịp.",Nên làm sau buổi học chính ít nhất một ngày.
NV-0500,PL-TOA-EXP-L5-007,Khởi động: Mũ & logarit — cấp 5,Toán,Mũ & logarit,3,5,Khởi động,112,"Hoàn thành 14 câu chuyên đề ""Mũ & logarit"" trong khoảng 20 phút, lần lượt qua 3 chặng: khởi động → rèn luyện → bứt tốc. Đúng từ 10 câu là hoàn thành; đúng từ 12 câu được tính là thành thạo và cộng điểm lên cấp. Tinh thần cấp 5: Xử lý câu phân loại mà không mất nhịp.","Không giới hạn thời gian. Mục tiêu là làm đúng, chưa cần nhanh."
NV-0501,PL-TOA-EXP-L5-008,Thử thách: Mũ & logarit — cấp 5,Toán,Mũ & logarit,3,5,Thử thách,224,"Hoàn thành 14 câu chuyên đề ""Mũ & logarit"" trong khoảng 16 phút, lần lượt qua 3 chặng: khởi động → rèn luyện → bứt tốc. Đúng từ 10 câu là hoàn thành; đúng từ 12 câu được tính là thành thạo và cộng điểm lên cấp. Tinh thần cấp 5: Xử lý câu phân loại mà không mất nhịp.",Đạt từ 85% mới được tính là vượt thử thách.
NV-0502,PL-TOA-EXP-L5-009,Vượt ải: Mũ & logarit — cấp 5,Toán,Mũ & logarit,3,5,Vượt ải,288,"Hoàn thành 14 câu chuyên đề ""Mũ & logarit"" trong khoảng 16 phút, lần lượt qua 3 chặng: khởi động → rèn luyện → bứt tốc. Đúng từ 10 câu là hoàn thành; đúng từ 13 câu được tính là thành thạo và cộng điểm lên cấp. Tinh thần cấp 5: Xử lý câu phân loại mà không mất nhịp.",Phải đạt từ 90% để mở khóa cấp độ tiếp theo của tuyến này.
NV-0503,PL-TOA-EXP-L6-001,Khởi động: Mũ & logarit — cấp 6,Toán,Mũ & logarit,3,6,Khởi động,154,"Hoàn thành 15 câu chuyên đề ""Mũ & logarit"" trong khoảng 19 phút, lần lượt qua 3 chặng: khởi động → rèn luyện → bứt tốc. Đúng từ 11 câu là hoàn thành; đúng từ 13 câu được tính là thành thạo và cộng điểm lên cấp. Tinh thần cấp 6: Tốc độ và độ chính xác của nhóm dẫn đầu phổ điểm.","Không giới hạn thời gian. Mục tiêu là làm đúng, chưa cần nhanh."
NV-0504,PL-TOA-EXP-L6-002,Rèn kỹ năng: Mũ & logarit — cấp 6,Toán,Mũ & logarit,3,6,Rèn kỹ năng,220,"Hoàn thành 15 câu chuyên đề ""Mũ & logarit"" trong khoảng 15 phút, lần lượt qua 3 chặng: khởi động → rèn luyện → bứt tốc. Đúng từ 11 câu là hoàn thành; đúng từ 13 câu được tính là thành thạo và cộng điểm lên cấp. Tinh thần cấp 6: Tốc độ và độ chính xác của nhóm dẫn đầu phổ điểm.","Hoàn thành đủ 3 chặng trong một lượt, không rời phiếu giữa chừng."
NV-0505,PL-TOA-EXP-L6-003,Tốc độ: Mũ & logarit — cấp 6,Toán,Mũ & logarit,3,6,Tốc độ,242,"Hoàn thành 15 câu chuyên đề ""Mũ & logarit"" trong khoảng 11 phút, lần lượt qua 3 chặng: khởi động → rèn luyện → bứt tốc. Đúng từ 11 câu là hoàn thành; đúng từ 13 câu được tính là thành thạo và cộng điểm lên cấp. Tinh thần cấp 6: Tốc độ và độ chính xác của nhóm dẫn đầu phổ điểm.",Thời gian bị siết còn 75% mức chuẩn. Quá giờ vẫn chấm nhưng không tính thành thạo.
NV-0506,PL-TOA-EXP-L6-004,Chính xác: Mũ & logarit — cấp 6,Toán,Mũ & logarit,3,6,Chính xác,242,"Hoàn thành 15 câu chuyên đề ""Mũ & logarit"" trong khoảng 17 phút, lần lượt qua 3 chặng: khởi động → rèn luyện → bứt tốc. Đúng từ 11 câu là hoàn thành; đúng từ 13 câu được tính là thành thạo và cộng điểm lên cấp. Tinh thần cấp 6: Tốc độ và độ chính xác của nhóm dẫn đầu phổ điểm.",Sai quá 2 câu là phải làm lại phiếu trước khi đi tiếp.
NV-0507,PL-TOA-EXP-L6-005,Thử thách: Mũ & logarit — cấp 6,Toán,Mũ & logarit,3,6,Thử thách,308,"Hoàn thành 15 câu chuyên đề ""Mũ & logarit"" trong khoảng 15 phút, lần lượt qua 3 chặng: khởi động → rèn luyện → bứt tốc. Đúng từ 11 câu là hoàn thành; đúng từ 13 câu được tính là thành thạo và cộng điểm lên cấp. Tinh thần cấp 6: Tốc độ và độ chính xác của nhóm dẫn đầu phổ điểm.",Đạt từ 85% mới được tính là vượt thử thách.
NV-0508,PL-TOA-EXP-L6-006,Vượt ải: Mũ & logarit — cấp 6,Toán,Mũ & logarit,3,6,Vượt ải,396,"Hoàn thành 15 câu chuyên đề ""Mũ & logarit"" trong khoảng 14 phút, lần lượt qua 3 chặng: khởi động → rèn luyện → bứt tốc. Đúng từ 11 câu là hoàn thành; đúng từ 14 câu được tính là thành thạo và cộng điểm lên cấp. Tinh thần cấp 6: Tốc độ và độ chính xác của nhóm dẫn đầu phổ điểm.",Phải đạt từ 90% để mở khóa cấp độ tiếp theo của tuyến này.
NV-0509,PL-TOA-COM-L1-001,Khởi động: Tổ hợp & xác suất — cấp 1,Toán,Tổ hợp & xác suất,1,1,Khởi động,28,"Hoàn thành 8 câu chuyên đề ""Tổ hợp & xác suất"" trong khoảng 10 phút, lần lượt qua 3 chặng: khởi động → rèn luyện → bứt tốc. Đúng từ 6 câu là hoàn thành; đúng từ 7 câu được tính là thành thạo và cộng điểm lên cấp. Tinh thần cấp 1: Nhận diện dạng bài và nhớ lại công thức nền.","Không giới hạn thời gian. Mục tiêu là làm đúng, chưa cần nhanh."
NV-0510,PL-TOA-COM-L1-002,Rèn kỹ năng: Tổ hợp & xác suất — cấp 1,Toán,Tổ hợp & xác suất,1,1,Rèn kỹ năng,40,"Hoàn thành 8 câu chuyên đề ""Tổ hợp & xác suất"" trong khoảng 8 phút, lần lượt qua 3 chặng: khởi động → rèn luyện → bứt tốc. Đúng từ 6 câu là hoàn thành; đúng từ 7 câu được tính là thành thạo và cộng điểm lên cấp. Tinh thần cấp 1: Nhận diện dạng bài và nhớ lại công thức nền.","Hoàn thành đủ 3 chặng trong một lượt, không rời phiếu giữa chừng."
NV-0511,PL-TOA-COM-L1-003,Tốc độ: Tổ hợp & xác suất — cấp 1,Toán,Tổ hợp & xác suất,1,1,Tốc độ,44,"Hoàn thành 8 câu chuyên đề ""Tổ hợp & xác suất"" trong khoảng 6 phút, lần lượt qua 3 chặng: khởi động → rèn luyện → bứt tốc. Đúng từ 6 câu là hoàn thành; đúng từ 7 câu được tính là thành thạo và cộng điểm lên cấp. Tinh thần cấp 1: Nhận diện dạng bài và nhớ lại công thức nền.",Thời gian bị siết còn 75% mức chuẩn. Quá giờ vẫn chấm nhưng không tính thành thạo.
NV-0512,PL-TOA-COM-L1-004,Chính xác: Tổ hợp & xác suất — cấp 1,Toán,Tổ hợp & xác suất,1,1,Chính xác,44,"Hoàn thành 8 câu chuyên đề ""Tổ hợp & xác suất"" trong khoảng 9 phút, lần lượt qua 3 chặng: khởi động → rèn luyện → bứt tốc. Đúng từ 6 câu là hoàn thành; đúng từ 7 câu được tính là thành thạo và cộng điểm lên cấp. Tinh thần cấp 1: Nhận diện dạng bài và nhớ lại công thức nền.",Sai quá 2 câu là phải làm lại phiếu trước khi đi tiếp.
NV-0513,PL-TOA-COM-L1-005,Tổng hợp: Tổ hợp & xác suất — cấp 1,Toán,Tổ hợp & xác suất,1,1,Tổng hợp,46,"Hoàn thành 8 câu chuyên đề ""Tổ hợp & xác suất"" trong khoảng 8 phút, lần lượt qua 3 chặng: khởi động → rèn luyện → bứt tốc. Đúng từ 6 câu là hoàn thành; đúng từ 7 câu được tính là thành thạo và cộng điểm lên cấp. Tinh thần cấp 1: Nhận diện dạng bài và nhớ lại công thức nền.",Không được biết trước dạng bài của từng câu.
NV-0514,PL-TOA-COM-L1-006,Ôn lại: Tổ hợp & xác suất — cấp 1,Toán,Tổ hợp & xác suất,1,1,Ôn lại,36,"Hoàn thành 8 câu chuyên đề ""Tổ hợp & xác suất"" trong khoảng 9 phút, lần lượt qua 3 chặng: khởi động → rèn luyện → bứt tốc. Đúng từ 6 câu là hoàn thành; đúng từ 7 câu được tính là thành thạo và cộng điểm lên cấp. Tinh thần cấp 1: Nhận diện dạng bài và nhớ lại công thức nền.",Nên làm sau buổi học chính ít nhất một ngày.
NV-0515,PL-TOA-COM-L1-007,Khởi động: Tổ hợp & xác suất — cấp 1,Toán,Tổ hợp & xác suất,1,1,Khởi động,28,"Hoàn thành 8 câu chuyên đề ""Tổ hợp & xác suất"" trong khoảng 10 phút, lần lượt qua 3 chặng: khởi động → rèn luyện → bứt tốc. Đúng từ 6 câu là hoàn thành; đúng từ 7 câu được tính là thành thạo và cộng điểm lên cấp. Tinh thần cấp 1: Nhận diện dạng bài và nhớ lại công thức nền.","Không giới hạn thời gian. Mục tiêu là làm đúng, chưa cần nhanh."
NV-0516,PL-TOA-COM-L1-008,Thử thách: Tổ hợp & xác suất — cấp 1,Toán,Tổ hợp & xác suất,1,1,Thử thách,56,"Hoàn thành 8 câu chuyên đề ""Tổ hợp & xác suất"" trong khoảng 8 phút, lần lượt qua 3 chặng: khởi động → rèn luyện → bứt tốc. Đúng từ 6 câu là hoàn thành; đúng từ 7 câu được tính là thành thạo và cộng điểm lên cấp. Tinh thần cấp 1: Nhận diện dạng bài và nhớ lại công thức nền.",Đạt từ 85% mới được tính là vượt thử thách.
NV-0517,PL-TOA-COM-L1-009,Vượt ải: Tổ hợp & xác suất — cấp 1,Toán,Tổ hợp & xác suất,1,1,Vượt ải,72,"Hoàn thành 8 câu chuyên đề ""Tổ hợp & xác suất"" trong khoảng 8 phút, lần lượt qua 3 chặng: khởi động → rèn luyện → bứt tốc. Đúng từ 6 câu là hoàn thành; đúng từ 8 câu được tính là thành thạo và cộng điểm lên cấp. Tinh thần cấp 1: Nhận diện dạng bài và nhớ lại công thức nền.",Phải đạt từ 90% để mở khóa cấp độ tiếp theo của tuyến này.
NV-0518,PL-TOA-COM-L2-001,Khởi động: Tổ hợp & xác suất — cấp 2,Toán,Tổ hợp & xác suất,1,2,Khởi động,42,"Hoàn thành 10 câu chuyên đề ""Tổ hợp & xác suất"" trong khoảng 15 phút, lần lượt qua 3 chặng: khởi động → rèn luyện → bứt tốc. Đúng từ 7 câu là hoàn thành; đúng từ 9 câu được tính là thành thạo và cộng điểm lên cấp. Tinh thần cấp 2: Làm đúng dạng chuẩn mà không cần nhìn gợi ý.","Không giới hạn thời gian. Mục tiêu là làm đúng, chưa cần nhanh."
NV-0519,PL-TOA-COM-L2-002,Rèn kỹ năng: Tổ hợp & xác suất — cấp 2,Toán,Tổ hợp & xác suất,1,2,Rèn kỹ năng,60,"Hoàn thành 10 câu chuyên đề ""Tổ hợp & xác suất"" trong khoảng 12 phút, lần lượt qua 3 chặng: khởi động → rèn luyện → bứt tốc. Đúng từ 7 câu là hoàn thành; đúng từ 9 câu được tính là thành thạo và cộng điểm lên cấp. Tinh thần cấp 2: Làm đúng dạng chuẩn mà không cần nhìn gợi ý.","Hoàn thành đủ 3 chặng trong một lượt, không rời phiếu giữa chừng."
NV-0520,PL-TOA-COM-L2-003,Tốc độ: Tổ hợp & xác suất — cấp 2,Toán,Tổ hợp & xác suất,1,2,Tốc độ,66,"Hoàn thành 10 câu chuyên đề ""Tổ hợp & xác suất"" trong khoảng 9 phút, lần lượt qua 3 chặng: khởi động → rèn luyện → bứt tốc. Đúng từ 7 câu là hoàn thành; đúng từ 9 câu được tính là thành thạo và cộng điểm lên cấp. Tinh thần cấp 2: Làm đúng dạng chuẩn mà không cần nhìn gợi ý.",Thời gian bị siết còn 75% mức chuẩn. Quá giờ vẫn chấm nhưng không tính thành thạo.
NV-0521,PL-TOA-COM-L2-004,Chính xác: Tổ hợp & xác suất — cấp 2,Toán,Tổ hợp & xác suất,1,2,Chính xác,66,"Hoàn thành 10 câu chuyên đề ""Tổ hợp & xác suất"" trong khoảng 13 phút, lần lượt qua 3 chặng: khởi động → rèn luyện → bứt tốc. Đúng từ 7 câu là hoàn thành; đúng từ 9 câu được tính là thành thạo và cộng điểm lên cấp. Tinh thần cấp 2: Làm đúng dạng chuẩn mà không cần nhìn gợi ý.",Sai quá 2 câu là phải làm lại phiếu trước khi đi tiếp.
NV-0522,PL-TOA-COM-L2-005,Tổng hợp: Tổ hợp & xác suất — cấp 2,Toán,Tổ hợp & xác suất,1,2,Tổng hợp,69,"Hoàn thành 10 câu chuyên đề ""Tổ hợp & xác suất"" trong khoảng 12 phút, lần lượt qua 3 chặng: khởi động → rèn luyện → bứt tốc. Đúng từ 7 câu là hoàn thành; đúng từ 9 câu được tính là thành thạo và cộng điểm lên cấp. Tinh thần cấp 2: Làm đúng dạng chuẩn mà không cần nhìn gợi ý.",Không được biết trước dạng bài của từng câu.
NV-0523,PL-TOA-COM-L2-006,Ôn lại: Tổ hợp & xác suất — cấp 2,Toán,Tổ hợp & xác suất,1,2,Ôn lại,54,"Hoàn thành 10 câu chuyên đề ""Tổ hợp & xác suất"" trong khoảng 13 phút, lần lượt qua 3 chặng: khởi động → rèn luyện → bứt tốc. Đúng từ 7 câu là hoàn thành; đúng từ 9 câu được tính là thành thạo và cộng điểm lên cấp. Tinh thần cấp 2: Làm đúng dạng chuẩn mà không cần nhìn gợi ý.",Nên làm sau buổi học chính ít nhất một ngày.
NV-0524,PL-TOA-COM-L2-007,Khởi động: Tổ hợp & xác suất — cấp 2,Toán,Tổ hợp & xác suất,1,2,Khởi động,42,"Hoàn thành 10 câu chuyên đề ""Tổ hợp & xác suất"" trong khoảng 15 phút, lần lượt qua 3 chặng: khởi động → rèn luyện → bứt tốc. Đúng từ 7 câu là hoàn thành; đúng từ 9 câu được tính là thành thạo và cộng điểm lên cấp. Tinh thần cấp 2: Làm đúng dạng chuẩn mà không cần nhìn gợi ý.","Không giới hạn thời gian. Mục tiêu là làm đúng, chưa cần nhanh."
NV-0525,PL-TOA-COM-L2-008,Rèn kỹ năng: Tổ hợp & xác suất — cấp 2,Toán,Tổ hợp & xác suất,1,2,Rèn kỹ năng,60,"Hoàn thành 10 câu chuyên đề ""Tổ hợp & xác suất"" trong khoảng 12 phút, lần lượt qua 3 chặng: khởi động → rèn luyện → bứt tốc. Đúng từ 7 câu là hoàn thành; đúng từ 9 câu được tính là thành thạo và cộng điểm lên cấp. Tinh thần cấp 2: Làm đúng dạng chuẩn mà không cần nhìn gợi ý.","Hoàn thành đủ 3 chặng trong một lượt, không rời phiếu giữa chừng."
NV-0526,PL-TOA-COM-L2-009,Tốc độ: Tổ hợp & xác suất — cấp 2,Toán,Tổ hợp & xác suất,1,2,Tốc độ,66,"Hoàn thành 10 câu chuyên đề ""Tổ hợp & xác suất"" trong khoảng 9 phút, lần lượt qua 3 chặng: khởi động → rèn luyện → bứt tốc. Đúng từ 7 câu là hoàn thành; đúng từ 9 câu được tính là thành thạo và cộng điểm lên cấp. Tinh thần cấp 2: Làm đúng dạng chuẩn mà không cần nhìn gợi ý.",Thời gian bị siết còn 75% mức chuẩn. Quá giờ vẫn chấm nhưng không tính thành thạo.
NV-0527,PL-TOA-COM-L2-010,Chính xác: Tổ hợp & xác suất — cấp 2,Toán,Tổ hợp & xác suất,1,2,Chính xác,66,"Hoàn thành 10 câu chuyên đề ""Tổ hợp & xác suất"" trong khoảng 13 phút, lần lượt qua 3 chặng: khởi động → rèn luyện → bứt tốc. Đúng từ 7 câu là hoàn thành; đúng từ 9 câu được tính là thành thạo và cộng điểm lên cấp. Tinh thần cấp 2: Làm đúng dạng chuẩn mà không cần nhìn gợi ý.",Sai quá 2 câu là phải làm lại phiếu trước khi đi tiếp.
NV-0528,PL-TOA-COM-L2-011,Thử thách: Tổ hợp & xác suất — cấp 2,Toán,Tổ hợp & xác suất,1,2,Thử thách,84,"Hoàn thành 10 câu chuyên đề ""Tổ hợp & xác suất"" trong khoảng 12 phút, lần lượt qua 3 chặng: khởi động → rèn luyện → bứt tốc. Đúng từ 7 câu là hoàn thành; đúng từ 9 câu được tính là thành thạo và cộng điểm lên cấp. Tinh thần cấp 2: Làm đúng dạng chuẩn mà không cần nhìn gợi ý.",Đạt từ 85% mới được tính là vượt thử thách.
NV-0529,PL-TOA-COM-L2-012,Vượt ải: Tổ hợp & xác suất — cấp 2,Toán,Tổ hợp & xác suất,1,2,Vượt ải,108,"Hoàn thành 10 câu chuyên đề ""Tổ hợp & xác suất"" trong khoảng 11 phút, lần lượt qua 3 chặng: khởi động → rèn luyện → bứt tốc. Đúng từ 7 câu là hoàn thành; đúng từ 9 câu được tính là thành thạo và cộng điểm lên cấp. Tinh thần cấp 2: Làm đúng dạng chuẩn mà không cần nhìn gợi ý.",Phải đạt từ 90% để mở khóa cấp độ tiếp theo của tuyến này.
NV-0530,PL-TOA-COM-L3-001,Khởi động: Tổ hợp & xác suất — cấp 3,Toán,Tổ hợp & xác suất,2,3,Khởi động,63,"Hoàn thành 12 câu chuyên đề ""Tổ hợp & xác suất"" trong khoảng 19 phút, lần lượt qua 3 chặng: khởi động → rèn luyện → bứt tốc. Đúng từ 9 câu là hoàn thành; đúng từ 11 câu được tính là thành thạo và cộng điểm lên cấp. Tinh thần cấp 3: Ghép nhiều bước và tránh các bẫy quen thuộc.","Không giới hạn thời gian. Mục tiêu là làm đúng, chưa cần nhanh."
NV-0531,PL-TOA-COM-L3-002,Rèn kỹ năng: Tổ hợp & xác suất — cấp 3,Toán,Tổ hợp & xác suất,2,3,Rèn kỹ năng,90,"Hoàn thành 12 câu chuyên đề ""Tổ hợp & xác suất"" trong khoảng 15 phút, lần lượt qua 3 chặng: khởi động → rèn luyện → bứt tốc. Đúng từ 9 câu là hoàn thành; đúng từ 11 câu được tính là thành thạo và cộng điểm lên cấp. Tinh thần cấp 3: Ghép nhiều bước và tránh các bẫy quen thuộc.","Hoàn thành đủ 3 chặng trong một lượt, không rời phiếu giữa chừng."
NV-0532,PL-TOA-COM-L3-003,Tốc độ: Tổ hợp & xác suất — cấp 3,Toán,Tổ hợp & xác suất,2,3,Tốc độ,99,"Hoàn thành 12 câu chuyên đề ""Tổ hợp & xác suất"" trong khoảng 11 phút, lần lượt qua 3 chặng: khởi động → rèn luyện → bứt tốc. Đúng từ 9 câu là hoàn thành; đúng từ 11 câu được tính là thành thạo và cộng điểm lên cấp. Tinh thần cấp 3: Ghép nhiều bước và tránh các bẫy quen thuộc.",Thời gian bị siết còn 75% mức chuẩn. Quá giờ vẫn chấm nhưng không tính thành thạo.
NV-0533,PL-TOA-COM-L3-004,Chính xác: Tổ hợp & xác suất — cấp 3,Toán,Tổ hợp & xác suất,2,3,Chính xác,99,"Hoàn thành 12 câu chuyên đề ""Tổ hợp & xác suất"" trong khoảng 17 phút, lần lượt qua 3 chặng: khởi động → rèn luyện → bứt tốc. Đúng từ 9 câu là hoàn thành; đúng từ 11 câu được tính là thành thạo và cộng điểm lên cấp. Tinh thần cấp 3: Ghép nhiều bước và tránh các bẫy quen thuộc.",Sai quá 2 câu là phải làm lại phiếu trước khi đi tiếp.
NV-0534,PL-TOA-COM-L3-005,Tổng hợp: Tổ hợp & xác suất — cấp 3,Toán,Tổ hợp & xác suất,2,3,Tổng hợp,103,"Hoàn thành 12 câu chuyên đề ""Tổ hợp & xác suất"" trong khoảng 15 phút, lần lượt qua 3 chặng: khởi động → rèn luyện → bứt tốc. Đúng từ 9 câu là hoàn thành; đúng từ 11 câu được tính là thành thạo và cộng điểm lên cấp. Tinh thần cấp 3: Ghép nhiều bước và tránh các bẫy quen thuộc.",Không được biết trước dạng bài của từng câu.
NV-0535,PL-TOA-COM-L3-006,Ôn lại: Tổ hợp & xác suất — cấp 3,Toán,Tổ hợp & xác suất,2,3,Ôn lại,81,"Hoàn thành 12 câu chuyên đề ""Tổ hợp & xác suất"" trong khoảng 17 phút, lần lượt qua 3 chặng: khởi động → rèn luyện → bứt tốc. Đúng từ 9 câu là hoàn thành; đúng từ 11 câu được tính là thành thạo và cộng điểm lên cấp. Tinh thần cấp 3: Ghép nhiều bước và tránh các bẫy quen thuộc.",Nên làm sau buổi học chính ít nhất một ngày.
NV-0536,PL-TOA-COM-L3-007,Khởi động: Tổ hợp & xác suất — cấp 3,Toán,Tổ hợp & xác suất,2,3,Khởi động,63,"Hoàn thành 12 câu chuyên đề ""Tổ hợp & xác suất"" trong khoảng 19 phút, lần lượt qua 3 chặng: khởi động → rèn luyện → bứt tốc. Đúng từ 9 câu là hoàn thành; đúng từ 11 câu được tính là thành thạo và cộng điểm lên cấp. Tinh thần cấp 3: Ghép nhiều bước và tránh các bẫy quen thuộc.","Không giới hạn thời gian. Mục tiêu là làm đúng, chưa cần nhanh."
NV-0537,PL-TOA-COM-L3-008,Rèn kỹ năng: Tổ hợp & xác suất — cấp 3,Toán,Tổ hợp & xác suất,2,3,Rèn kỹ năng,90,"Hoàn thành 12 câu chuyên đề ""Tổ hợp & xác suất"" trong khoảng 15 phút, lần lượt qua 3 chặng: khởi động → rèn luyện → bứt tốc. Đúng từ 9 câu là hoàn thành; đúng từ 11 câu được tính là thành thạo và cộng điểm lên cấp. Tinh thần cấp 3: Ghép nhiều bước và tránh các bẫy quen thuộc.","Hoàn thành đủ 3 chặng trong một lượt, không rời phiếu giữa chừng."
NV-0538,PL-TOA-COM-L3-009,Tốc độ: Tổ hợp & xác suất — cấp 3,Toán,Tổ hợp & xác suất,2,3,Tốc độ,99,"Hoàn thành 12 câu chuyên đề ""Tổ hợp & xác suất"" trong khoảng 11 phút, lần lượt qua 3 chặng: khởi động → rèn luyện → bứt tốc. Đúng từ 9 câu là hoàn thành; đúng từ 11 câu được tính là thành thạo và cộng điểm lên cấp. Tinh thần cấp 3: Ghép nhiều bước và tránh các bẫy quen thuộc.",Thời gian bị siết còn 75% mức chuẩn. Quá giờ vẫn chấm nhưng không tính thành thạo.
NV-0539,PL-TOA-COM-L3-010,Chính xác: Tổ hợp & xác suất — cấp 3,Toán,Tổ hợp & xác suất,2,3,Chính xác,99,"Hoàn thành 12 câu chuyên đề ""Tổ hợp & xác suất"" trong khoảng 17 phút, lần lượt qua 3 chặng: khởi động → rèn luyện → bứt tốc. Đúng từ 9 câu là hoàn thành; đúng từ 11 câu được tính là thành thạo và cộng điểm lên cấp. Tinh thần cấp 3: Ghép nhiều bước và tránh các bẫy quen thuộc.",Sai quá 2 câu là phải làm lại phiếu trước khi đi tiếp.
NV-0540,PL-TOA-COM-L3-011,Tổng hợp: Tổ hợp & xác suất — cấp 3,Toán,Tổ hợp & xác suất,2,3,Tổng hợp,103,"Hoàn thành 12 câu chuyên đề ""Tổ hợp & xác suất"" trong khoảng 15 phút, lần lượt qua 3 chặng: khởi động → rèn luyện → bứt tốc. Đúng từ 9 câu là hoàn thành; đúng từ 11 câu được tính là thành thạo và cộng điểm lên cấp. Tinh thần cấp 3: Ghép nhiều bước và tránh các bẫy quen thuộc.",Không được biết trước dạng bài của từng câu.
NV-0541,PL-TOA-COM-L3-012,Thử thách: Tổ hợp & xác suất — cấp 3,Toán,Tổ hợp & xác suất,2,3,Thử thách,126,"Hoàn thành 12 câu chuyên đề ""Tổ hợp & xác suất"" trong khoảng 15 phút, lần lượt qua 3 chặng: khởi động → rèn luyện → bứt tốc. Đúng từ 9 câu là hoàn thành; đúng từ 11 câu được tính là thành thạo và cộng điểm lên cấp. Tinh thần cấp 3: Ghép nhiều bước và tránh các bẫy quen thuộc.",Đạt từ 85% mới được tính là vượt thử thách.
NV-0542,PL-TOA-COM-L3-013,Vượt ải: Tổ hợp & xác suất — cấp 3,Toán,Tổ hợp & xác suất,2,3,Vượt ải,162,"Hoàn thành 12 câu chuyên đề ""Tổ hợp & xác suất"" trong khoảng 14 phút, lần lượt qua 3 chặng: khởi động → rèn luyện → bứt tốc. Đúng từ 9 câu là hoàn thành; đúng từ 11 câu được tính là thành thạo và cộng điểm lên cấp. Tinh thần cấp 3: Ghép nhiều bước và tránh các bẫy quen thuộc.",Phải đạt từ 90% để mở khóa cấp độ tiếp theo của tuyến này.
NV-0543,PL-TOA-COM-L4-001,Khởi động: Tổ hợp & xác suất — cấp 4,Toán,Tổ hợp & xác suất,2,4,Khởi động,84,"Hoàn thành 12 câu chuyên đề ""Tổ hợp & xác suất"" trong khoảng 16 phút, lần lượt qua 3 chặng: khởi động → rèn luyện → bứt tốc. Đúng từ 9 câu là hoàn thành; đúng từ 11 câu được tính là thành thạo và cộng điểm lên cấp. Tinh thần cấp 4: Giữ độ chính xác khi thời gian bắt đầu siết lại.","Không giới hạn thời gian. Mục tiêu là làm đúng, chưa cần nhanh."
NV-0544,PL-TOA-COM-L4-002,Rèn kỹ năng: Tổ hợp & xác suất — cấp 4,Toán,Tổ hợp & xác suất,2,4,Rèn kỹ năng,120,"Hoàn thành 12 câu chuyên đề ""Tổ hợp & xác suất"" trong khoảng 13 phút, lần lượt qua 3 chặng: khởi động → rèn luyện → bứt tốc. Đúng từ 9 câu là hoàn thành; đúng từ 11 câu được tính là thành thạo và cộng điểm lên cấp. Tinh thần cấp 4: Giữ độ chính xác khi thời gian bắt đầu siết lại.","Hoàn thành đủ 3 chặng trong một lượt, không rời phiếu giữa chừng."
NV-0545,PL-TOA-COM-L4-003,Tốc độ: Tổ hợp & xác suất — cấp 4,Toán,Tổ hợp & xác suất,2,4,Tốc độ,132,"Hoàn thành 12 câu chuyên đề ""Tổ hợp & xác suất"" trong khoảng 10 phút, lần lượt qua 3 chặng: khởi động → rèn luyện → bứt tốc. Đúng từ 9 câu là hoàn thành; đúng từ 11 câu được tính là thành thạo và cộng điểm lên cấp. Tinh thần cấp 4: Giữ độ chính xác khi thời gian bắt đầu siết lại.",Thời gian bị siết còn 75% mức chuẩn. Quá giờ vẫn chấm nhưng không tính thành thạo.
NV-0546,PL-TOA-COM-L4-004,Chính xác: Tổ hợp & xác suất — cấp 4,Toán,Tổ hợp & xác suất,2,4,Chính xác,132,"Hoàn thành 12 câu chuyên đề ""Tổ hợp & xác suất"" trong khoảng 15 phút, lần lượt qua 3 chặng: khởi động → rèn luyện → bứt tốc. Đúng từ 9 câu là hoàn thành; đúng từ 11 câu được tính là thành thạo và cộng điểm lên cấp. Tinh thần cấp 4: Giữ độ chính xác khi thời gian bắt đầu siết lại.",Sai quá 2 câu là phải làm lại phiếu trước khi đi tiếp.
NV-0547,PL-TOA-COM-L4-005,Tổng hợp: Tổ hợp & xác suất — cấp 4,Toán,Tổ hợp & xác suất,2,4,Tổng hợp,138,"Hoàn thành 12 câu chuyên đề ""Tổ hợp & xác suất"" trong khoảng 13 phút, lần lượt qua 3 chặng: khởi động → rèn luyện → bứt tốc. Đúng từ 9 câu là hoàn thành; đúng từ 11 câu được tính là thành thạo và cộng điểm lên cấp. Tinh thần cấp 4: Giữ độ chính xác khi thời gian bắt đầu siết lại.",Không được biết trước dạng bài của từng câu.
NV-0548,PL-TOA-COM-L4-006,Ôn lại: Tổ hợp & xác suất — cấp 4,Toán,Tổ hợp & xác suất,2,4,Ôn lại,108,"Hoàn thành 12 câu chuyên đề ""Tổ hợp & xác suất"" trong khoảng 14 phút, lần lượt qua 3 chặng: khởi động → rèn luyện → bứt tốc. Đúng từ 9 câu là hoàn thành; đúng từ 11 câu được tính là thành thạo và cộng điểm lên cấp. Tinh thần cấp 4: Giữ độ chính xác khi thời gian bắt đầu siết lại.",Nên làm sau buổi học chính ít nhất một ngày.
NV-0549,PL-TOA-COM-L4-007,Khởi động: Tổ hợp & xác suất — cấp 4,Toán,Tổ hợp & xác suất,2,4,Khởi động,84,"Hoàn thành 12 câu chuyên đề ""Tổ hợp & xác suất"" trong khoảng 16 phút, lần lượt qua 3 chặng: khởi động → rèn luyện → bứt tốc. Đúng từ 9 câu là hoàn thành; đúng từ 11 câu được tính là thành thạo và cộng điểm lên cấp. Tinh thần cấp 4: Giữ độ chính xác khi thời gian bắt đầu siết lại.","Không giới hạn thời gian. Mục tiêu là làm đúng, chưa cần nhanh."
NV-0550,PL-TOA-COM-L4-008,Rèn kỹ năng: Tổ hợp & xác suất — cấp 4,Toán,Tổ hợp & xác suất,2,4,Rèn kỹ năng,120,"Hoàn thành 12 câu chuyên đề ""Tổ hợp & xác suất"" trong khoảng 13 phút, lần lượt qua 3 chặng: khởi động → rèn luyện → bứt tốc. Đúng từ 9 câu là hoàn thành; đúng từ 11 câu được tính là thành thạo và cộng điểm lên cấp. Tinh thần cấp 4: Giữ độ chính xác khi thời gian bắt đầu siết lại.","Hoàn thành đủ 3 chặng trong một lượt, không rời phiếu giữa chừng."
NV-0551,PL-TOA-COM-L4-009,Tốc độ: Tổ hợp & xác suất — cấp 4,Toán,Tổ hợp & xác suất,2,4,Tốc độ,132,"Hoàn thành 12 câu chuyên đề ""Tổ hợp & xác suất"" trong khoảng 10 phút, lần lượt qua 3 chặng: khởi động → rèn luyện → bứt tốc. Đúng từ 9 câu là hoàn thành; đúng từ 11 câu được tính là thành thạo và cộng điểm lên cấp. Tinh thần cấp 4: Giữ độ chính xác khi thời gian bắt đầu siết lại.",Thời gian bị siết còn 75% mức chuẩn. Quá giờ vẫn chấm nhưng không tính thành thạo.
NV-0552,PL-TOA-COM-L4-010,Chính xác: Tổ hợp & xác suất — cấp 4,Toán,Tổ hợp & xác suất,2,4,Chính xác,132,"Hoàn thành 12 câu chuyên đề ""Tổ hợp & xác suất"" trong khoảng 15 phút, lần lượt qua 3 chặng: khởi động → rèn luyện → bứt tốc. Đúng từ 9 câu là hoàn thành; đúng từ 11 câu được tính là thành thạo và cộng điểm lên cấp. Tinh thần cấp 4: Giữ độ chính xác khi thời gian bắt đầu siết lại.",Sai quá 2 câu là phải làm lại phiếu trước khi đi tiếp.
NV-0553,PL-TOA-COM-L4-011,Tổng hợp: Tổ hợp & xác suất — cấp 4,Toán,Tổ hợp & xác suất,2,4,Tổng hợp,138,"Hoàn thành 12 câu chuyên đề ""Tổ hợp & xác suất"" trong khoảng 13 phút, lần lượt qua 3 chặng: khởi động → rèn luyện → bứt tốc. Đúng từ 9 câu là hoàn thành; đúng từ 11 câu được tính là thành thạo và cộng điểm lên cấp. Tinh thần cấp 4: Giữ độ chính xác khi thời gian bắt đầu siết lại.",Không được biết trước dạng bài của từng câu.
NV-0554,PL-TOA-COM-L4-012,Thử thách: Tổ hợp & xác suất — cấp 4,Toán,Tổ hợp & xác suất,2,4,Thử thách,168,"Hoàn thành 12 câu chuyên đề ""Tổ hợp & xác suất"" trong khoảng 13 phút, lần lượt qua 3 chặng: khởi động → rèn luyện → bứt tốc. Đúng từ 9 câu là hoàn thành; đúng từ 11 câu được tính là thành thạo và cộng điểm lên cấp. Tinh thần cấp 4: Giữ độ chính xác khi thời gian bắt đầu siết lại.",Đạt từ 85% mới được tính là vượt thử thách.
NV-0555,PL-TOA-COM-L4-013,Vượt ải: Tổ hợp & xác suất — cấp 4,Toán,Tổ hợp & xác suất,2,4,Vượt ải,216,"Hoàn thành 12 câu chuyên đề ""Tổ hợp & xác suất"" trong khoảng 12 phút, lần lượt qua 3 chặng: khởi động → rèn luyện → bứt tốc. Đúng từ 9 câu là hoàn thành; đúng từ 11 câu được tính là thành thạo và cộng điểm lên cấp. Tinh thần cấp 4: Giữ độ chính xác khi thời gian bắt đầu siết lại.",Phải đạt từ 90% để mở khóa cấp độ tiếp theo của tuyến này.
NV-0556,PL-TOA-COM-L5-001,Khởi động: Tổ hợp & xác suất — cấp 5,Toán,Tổ hợp & xác suất,3,5,Khởi động,112,"Hoàn thành 14 câu chuyên đề ""Tổ hợp & xác suất"" trong khoảng 20 phút, lần lượt qua 3 chặng: khởi động → rèn luyện → bứt tốc. Đúng từ 10 câu là hoàn thành; đúng từ 12 câu được tính là thành thạo và cộng điểm lên cấp. Tinh thần cấp 5: Xử lý câu phân loại mà không mất nhịp.","Không giới hạn thời gian. Mục tiêu là làm đúng, chưa cần nhanh."
NV-0557,PL-TOA-COM-L5-002,Rèn kỹ năng: Tổ hợp & xác suất — cấp 5,Toán,Tổ hợp & xác suất,3,5,Rèn kỹ năng,160,"Hoàn thành 14 câu chuyên đề ""Tổ hợp & xác suất"" trong khoảng 16 phút, lần lượt qua 3 chặng: khởi động → rèn luyện → bứt tốc. Đúng từ 10 câu là hoàn thành; đúng từ 12 câu được tính là thành thạo và cộng điểm lên cấp. Tinh thần cấp 5: Xử lý câu phân loại mà không mất nhịp.","Hoàn thành đủ 3 chặng trong một lượt, không rời phiếu giữa chừng."
NV-0558,PL-TOA-COM-L5-003,Tốc độ: Tổ hợp & xác suất — cấp 5,Toán,Tổ hợp & xác suất,3,5,Tốc độ,176,"Hoàn thành 14 câu chuyên đề ""Tổ hợp & xác suất"" trong khoảng 12 phút, lần lượt qua 3 chặng: khởi động → rèn luyện → bứt tốc. Đúng từ 10 câu là hoàn thành; đúng từ 12 câu được tính là thành thạo và cộng điểm lên cấp. Tinh thần cấp 5: Xử lý câu phân loại mà không mất nhịp.",Thời gian bị siết còn 75% mức chuẩn. Quá giờ vẫn chấm nhưng không tính thành thạo.
NV-0559,PL-TOA-COM-L5-004,Chính xác: Tổ hợp & xác suất — cấp 5,Toán,Tổ hợp & xác suất,3,5,Chính xác,176,"Hoàn thành 14 câu chuyên đề ""Tổ hợp & xác suất"" trong khoảng 19 phút, lần lượt qua 3 chặng: khởi động → rèn luyện → bứt tốc. Đúng từ 10 câu là hoàn thành; đúng từ 12 câu được tính là thành thạo và cộng điểm lên cấp. Tinh thần cấp 5: Xử lý câu phân loại mà không mất nhịp.",Sai quá 2 câu là phải làm lại phiếu trước khi đi tiếp.
NV-0560,PL-TOA-COM-L5-005,Tổng hợp: Tổ hợp & xác suất — cấp 5,Toán,Tổ hợp & xác suất,3,5,Tổng hợp,184,"Hoàn thành 14 câu chuyên đề ""Tổ hợp & xác suất"" trong khoảng 16 phút, lần lượt qua 3 chặng: khởi động → rèn luyện → bứt tốc. Đúng từ 10 câu là hoàn thành; đúng từ 12 câu được tính là thành thạo và cộng điểm lên cấp. Tinh thần cấp 5: Xử lý câu phân loại mà không mất nhịp.",Không được biết trước dạng bài của từng câu.
NV-0561,PL-TOA-COM-L5-006,Ôn lại: Tổ hợp & xác suất — cấp 5,Toán,Tổ hợp & xác suất,3,5,Ôn lại,144,"Hoàn thành 14 câu chuyên đề ""Tổ hợp & xác suất"" trong khoảng 18 phút, lần lượt qua 3 chặng: khởi động → rèn luyện → bứt tốc. Đúng từ 10 câu là hoàn thành; đúng từ 12 câu được tính là thành thạo và cộng điểm lên cấp. Tinh thần cấp 5: Xử lý câu phân loại mà không mất nhịp.",Nên làm sau buổi học chính ít nhất một ngày.
NV-0562,PL-TOA-COM-L5-007,Khởi động: Tổ hợp & xác suất — cấp 5,Toán,Tổ hợp & xác suất,3,5,Khởi động,112,"Hoàn thành 14 câu chuyên đề ""Tổ hợp & xác suất"" trong khoảng 20 phút, lần lượt qua 3 chặng: khởi động → rèn luyện → bứt tốc. Đúng từ 10 câu là hoàn thành; đúng từ 12 câu được tính là thành thạo và cộng điểm lên cấp. Tinh thần cấp 5: Xử lý câu phân loại mà không mất nhịp.","Không giới hạn thời gian. Mục tiêu là làm đúng, chưa cần nhanh."
NV-0563,PL-TOA-COM-L5-008,Rèn kỹ năng: Tổ hợp & xác suất — cấp 5,Toán,Tổ hợp & xác suất,3,5,Rèn kỹ năng,160,"Hoàn thành 14 câu chuyên đề ""Tổ hợp & xác suất"" trong khoảng 16 phút, lần lượt qua 3 chặng: khởi động → rèn luyện → bứt tốc. Đúng từ 10 câu là hoàn thành; đúng từ 12 câu được tính là thành thạo và cộng điểm lên cấp. Tinh thần cấp 5: Xử lý câu phân loại mà không mất nhịp.","Hoàn thành đủ 3 chặng trong một lượt, không rời phiếu giữa chừng."
NV-0564,PL-TOA-COM-L5-009,Tốc độ: Tổ hợp & xác suất — cấp 5,Toán,Tổ hợp & xác suất,3,5,Tốc độ,176,"Hoàn thành 14 câu chuyên đề ""Tổ hợp & xác suất"" trong khoảng 12 phút, lần lượt qua 3 chặng: khởi động → rèn luyện → bứt tốc. Đúng từ 10 câu là hoàn thành; đúng từ 12 câu được tính là thành thạo và cộng điểm lên cấp. Tinh thần cấp 5: Xử lý câu phân loại mà không mất nhịp.",Thời gian bị siết còn 75% mức chuẩn. Quá giờ vẫn chấm nhưng không tính thành thạo.
NV-0565,PL-TOA-COM-L5-010,Thử thách: Tổ hợp & xác suất — cấp 5,Toán,Tổ hợp & xác suất,3,5,Thử thách,224,"Hoàn thành 14 câu chuyên đề ""Tổ hợp & xác suất"" trong khoảng 16 phút, lần lượt qua 3 chặng: khởi động → rèn luyện → bứt tốc. Đúng từ 10 câu là hoàn thành; đúng từ 12 câu được tính là thành thạo và cộng điểm lên cấp. Tinh thần cấp 5: Xử lý câu phân loại mà không mất nhịp.",Đạt từ 85% mới được tính là vượt thử thách.
NV-0566,PL-TOA-COM-L5-011,Vượt ải: Tổ hợp & xác suất — cấp 5,Toán,Tổ hợp & xác suất,3,5,Vượt ải,288,"Hoàn thành 14 câu chuyên đề ""Tổ hợp & xác suất"" trong khoảng 16 phút, lần lượt qua 3 chặng: khởi động → rèn luyện → bứt tốc. Đúng từ 10 câu là hoàn thành; đúng từ 13 câu được tính là thành thạo và cộng điểm lên cấp. Tinh thần cấp 5: Xử lý câu phân loại mà không mất nhịp.",Phải đạt từ 90% để mở khóa cấp độ tiếp theo của tuyến này.
NV-0567,PL-TOA-COM-L6-001,Khởi động: Tổ hợp & xác suất — cấp 6,Toán,Tổ hợp & xác suất,3,6,Khởi động,154,"Hoàn thành 15 câu chuyên đề ""Tổ hợp & xác suất"" trong khoảng 19 phút, lần lượt qua 3 chặng: khởi động → rèn luyện → bứt tốc. Đúng từ 11 câu là hoàn thành; đúng từ 13 câu được tính là thành thạo và cộng điểm lên cấp. Tinh thần cấp 6: Tốc độ và độ chính xác của nhóm dẫn đầu phổ điểm.","Không giới hạn thời gian. Mục tiêu là làm đúng, chưa cần nhanh."
NV-0568,PL-TOA-COM-L6-002,Rèn kỹ năng: Tổ hợp & xác suất — cấp 6,Toán,Tổ hợp & xác suất,3,6,Rèn kỹ năng,220,"Hoàn thành 15 câu chuyên đề ""Tổ hợp & xác suất"" trong khoảng 15 phút, lần lượt qua 3 chặng: khởi động → rèn luyện → bứt tốc. Đúng từ 11 câu là hoàn thành; đúng từ 13 câu được tính là thành thạo và cộng điểm lên cấp. Tinh thần cấp 6: Tốc độ và độ chính xác của nhóm dẫn đầu phổ điểm.","Hoàn thành đủ 3 chặng trong một lượt, không rời phiếu giữa chừng."
NV-0569,PL-TOA-COM-L6-003,Tốc độ: Tổ hợp & xác suất — cấp 6,Toán,Tổ hợp & xác suất,3,6,Tốc độ,242,"Hoàn thành 15 câu chuyên đề ""Tổ hợp & xác suất"" trong khoảng 11 phút, lần lượt qua 3 chặng: khởi động → rèn luyện → bứt tốc. Đúng từ 11 câu là hoàn thành; đúng từ 13 câu được tính là thành thạo và cộng điểm lên cấp. Tinh thần cấp 6: Tốc độ và độ chính xác của nhóm dẫn đầu phổ điểm.",Thời gian bị siết còn 75% mức chuẩn. Quá giờ vẫn chấm nhưng không tính thành thạo.
NV-0570,PL-TOA-COM-L6-004,Chính xác: Tổ hợp & xác suất — cấp 6,Toán,Tổ hợp & xác suất,3,6,Chính xác,242,"Hoàn thành 15 câu chuyên đề ""Tổ hợp & xác suất"" trong khoảng 17 phút, lần lượt qua 3 chặng: khởi động → rèn luyện → bứt tốc. Đúng từ 11 câu là hoàn thành; đúng từ 13 câu được tính là thành thạo và cộng điểm lên cấp. Tinh thần cấp 6: Tốc độ và độ chính xác của nhóm dẫn đầu phổ điểm.",Sai quá 2 câu là phải làm lại phiếu trước khi đi tiếp.
NV-0571,PL-TOA-COM-L6-005,Tổng hợp: Tổ hợp & xác suất — cấp 6,Toán,Tổ hợp & xác suất,3,6,Tổng hợp,253,"Hoàn thành 15 câu chuyên đề ""Tổ hợp & xác suất"" trong khoảng 15 phút, lần lượt qua 3 chặng: khởi động → rèn luyện → bứt tốc. Đúng từ 11 câu là hoàn thành; đúng từ 13 câu được tính là thành thạo và cộng điểm lên cấp. Tinh thần cấp 6: Tốc độ và độ chính xác của nhóm dẫn đầu phổ điểm.",Không được biết trước dạng bài của từng câu.
NV-0572,PL-TOA-COM-L6-006,Ôn lại: Tổ hợp & xác suất — cấp 6,Toán,Tổ hợp & xác suất,3,6,Ôn lại,198,"Hoàn thành 15 câu chuyên đề ""Tổ hợp & xác suất"" trong khoảng 17 phút, lần lượt qua 3 chặng: khởi động → rèn luyện → bứt tốc. Đúng từ 11 câu là hoàn thành; đúng từ 13 câu được tính là thành thạo và cộng điểm lên cấp. Tinh thần cấp 6: Tốc độ và độ chính xác của nhóm dẫn đầu phổ điểm.",Nên làm sau buổi học chính ít nhất một ngày.
NV-0573,PL-TOA-COM-L6-007,Thử thách: Tổ hợp & xác suất — cấp 6,Toán,Tổ hợp & xác suất,3,6,Thử thách,308,"Hoàn thành 15 câu chuyên đề ""Tổ hợp & xác suất"" trong khoảng 15 phút, lần lượt qua 3 chặng: khởi động → rèn luyện → bứt tốc. Đúng từ 11 câu là hoàn thành; đúng từ 13 câu được tính là thành thạo và cộng điểm lên cấp. Tinh thần cấp 6: Tốc độ và độ chính xác của nhóm dẫn đầu phổ điểm.",Đạt từ 85% mới được tính là vượt thử thách.
NV-0574,PL-TOA-COM-L6-008,Vượt ải: Tổ hợp & xác suất — cấp 6,Toán,Tổ hợp & xác suất,3,6,Vượt ải,396,"Hoàn thành 15 câu chuyên đề ""Tổ hợp & xác suất"" trong khoảng 14 phút, lần lượt qua 3 chặng: khởi động → rèn luyện → bứt tốc. Đúng từ 11 câu là hoàn thành; đúng từ 14 câu được tính là thành thạo và cộng điểm lên cấp. Tinh thần cấp 6: Tốc độ và độ chính xác của nhóm dẫn đầu phổ điểm.",Phải đạt từ 90% để mở khóa cấp độ tiếp theo của tuyến này.
NV-0575,PL-TOA-STA-L1-001,Khởi động: Thống kê & xử lý số liệu — cấp 1,Toán,Thống kê & xử lý số liệu,1,1,Khởi động,28,"Hoàn thành 8 câu chuyên đề ""Thống kê & xử lý số liệu"" trong khoảng 10 phút, lần lượt qua 3 chặng: khởi động → rèn luyện → bứt tốc. Đúng từ 6 câu là hoàn thành; đúng từ 7 câu được tính là thành thạo và cộng điểm lên cấp. Tinh thần cấp 1: Nhận diện dạng bài và nhớ lại công thức nền.","Không giới hạn thời gian. Mục tiêu là làm đúng, chưa cần nhanh."
NV-0576,PL-TOA-STA-L1-002,Rèn kỹ năng: Thống kê & xử lý số liệu — cấp 1,Toán,Thống kê & xử lý số liệu,1,1,Rèn kỹ năng,40,"Hoàn thành 8 câu chuyên đề ""Thống kê & xử lý số liệu"" trong khoảng 8 phút, lần lượt qua 3 chặng: khởi động → rèn luyện → bứt tốc. Đúng từ 6 câu là hoàn thành; đúng từ 7 câu được tính là thành thạo và cộng điểm lên cấp. Tinh thần cấp 1: Nhận diện dạng bài và nhớ lại công thức nền.","Hoàn thành đủ 3 chặng trong một lượt, không rời phiếu giữa chừng."
NV-0577,PL-TOA-STA-L1-003,Tốc độ: Thống kê & xử lý số liệu — cấp 1,Toán,Thống kê & xử lý số liệu,1,1,Tốc độ,44,"Hoàn thành 8 câu chuyên đề ""Thống kê & xử lý số liệu"" trong khoảng 6 phút, lần lượt qua 3 chặng: khởi động → rèn luyện → bứt tốc. Đúng từ 6 câu là hoàn thành; đúng từ 7 câu được tính là thành thạo và cộng điểm lên cấp. Tinh thần cấp 1: Nhận diện dạng bài và nhớ lại công thức nền.",Thời gian bị siết còn 75% mức chuẩn. Quá giờ vẫn chấm nhưng không tính thành thạo.
NV-0578,PL-TOA-STA-L1-004,Chính xác: Thống kê & xử lý số liệu — cấp 1,Toán,Thống kê & xử lý số liệu,1,1,Chính xác,44,"Hoàn thành 8 câu chuyên đề ""Thống kê & xử lý số liệu"" trong khoảng 9 phút, lần lượt qua 3 chặng: khởi động → rèn luyện → bứt tốc. Đúng từ 6 câu là hoàn thành; đúng từ 7 câu được tính là thành thạo và cộng điểm lên cấp. Tinh thần cấp 1: Nhận diện dạng bài và nhớ lại công thức nền.",Sai quá 2 câu là phải làm lại phiếu trước khi đi tiếp.
NV-0579,PL-TOA-STA-L1-005,Tổng hợp: Thống kê & xử lý số liệu — cấp 1,Toán,Thống kê & xử lý số liệu,1,1,Tổng hợp,46,"Hoàn thành 8 câu chuyên đề ""Thống kê & xử lý số liệu"" trong khoảng 8 phút, lần lượt qua 3 chặng: khởi động → rèn luyện → bứt tốc. Đúng từ 6 câu là hoàn thành; đúng từ 7 câu được tính là thành thạo và cộng điểm lên cấp. Tinh thần cấp 1: Nhận diện dạng bài và nhớ lại công thức nền.",Không được biết trước dạng bài của từng câu.
NV-0580,PL-TOA-STA-L1-006,Ôn lại: Thống kê & xử lý số liệu — cấp 1,Toán,Thống kê & xử lý số liệu,1,1,Ôn lại,36,"Hoàn thành 8 câu chuyên đề ""Thống kê & xử lý số liệu"" trong khoảng 9 phút, lần lượt qua 3 chặng: khởi động → rèn luyện → bứt tốc. Đúng từ 6 câu là hoàn thành; đúng từ 7 câu được tính là thành thạo và cộng điểm lên cấp. Tinh thần cấp 1: Nhận diện dạng bài và nhớ lại công thức nền.",Nên làm sau buổi học chính ít nhất một ngày.
NV-0581,PL-TOA-STA-L1-007,Khởi động: Thống kê & xử lý số liệu — cấp 1,Toán,Thống kê & xử lý số liệu,1,1,Khởi động,28,"Hoàn thành 8 câu chuyên đề ""Thống kê & xử lý số liệu"" trong khoảng 10 phút, lần lượt qua 3 chặng: khởi động → rèn luyện → bứt tốc. Đúng từ 6 câu là hoàn thành; đúng từ 7 câu được tính là thành thạo và cộng điểm lên cấp. Tinh thần cấp 1: Nhận diện dạng bài và nhớ lại công thức nền.","Không giới hạn thời gian. Mục tiêu là làm đúng, chưa cần nhanh."
NV-0582,PL-TOA-STA-L1-008,Rèn kỹ năng: Thống kê & xử lý số liệu — cấp 1,Toán,Thống kê & xử lý số liệu,1,1,Rèn kỹ năng,40,"Hoàn thành 8 câu chuyên đề ""Thống kê & xử lý số liệu"" trong khoảng 8 phút, lần lượt qua 3 chặng: khởi động → rèn luyện → bứt tốc. Đúng từ 6 câu là hoàn thành; đúng từ 7 câu được tính là thành thạo và cộng điểm lên cấp. Tinh thần cấp 1: Nhận diện dạng bài và nhớ lại công thức nền.","Hoàn thành đủ 3 chặng trong một lượt, không rời phiếu giữa chừng."
NV-0583,PL-TOA-STA-L1-009,Tốc độ: Thống kê & xử lý số liệu — cấp 1,Toán,Thống kê & xử lý số liệu,1,1,Tốc độ,44,"Hoàn thành 8 câu chuyên đề ""Thống kê & xử lý số liệu"" trong khoảng 6 phút, lần lượt qua 3 chặng: khởi động → rèn luyện → bứt tốc. Đúng từ 6 câu là hoàn thành; đúng từ 7 câu được tính là thành thạo và cộng điểm lên cấp. Tinh thần cấp 1: Nhận diện dạng bài và nhớ lại công thức nền.",Thời gian bị siết còn 75% mức chuẩn. Quá giờ vẫn chấm nhưng không tính thành thạo.
NV-0584,PL-TOA-STA-L1-010,Chính xác: Thống kê & xử lý số liệu — cấp 1,Toán,Thống kê & xử lý số liệu,1,1,Chính xác,44,"Hoàn thành 8 câu chuyên đề ""Thống kê & xử lý số liệu"" trong khoảng 9 phút, lần lượt qua 3 chặng: khởi động → rèn luyện → bứt tốc. Đúng từ 6 câu là hoàn thành; đúng từ 7 câu được tính là thành thạo và cộng điểm lên cấp. Tinh thần cấp 1: Nhận diện dạng bài và nhớ lại công thức nền.",Sai quá 2 câu là phải làm lại phiếu trước khi đi tiếp.
NV-0585,PL-TOA-STA-L1-011,Tổng hợp: Thống kê & xử lý số liệu — cấp 1,Toán,Thống kê & xử lý số liệu,1,1,Tổng hợp,46,"Hoàn thành 8 câu chuyên đề ""Thống kê & xử lý số liệu"" trong khoảng 8 phút, lần lượt qua 3 chặng: khởi động → rèn luyện → bứt tốc. Đúng từ 6 câu là hoàn thành; đúng từ 7 câu được tính là thành thạo và cộng điểm lên cấp. Tinh thần cấp 1: Nhận diện dạng bài và nhớ lại công thức nền.",Không được biết trước dạng bài của từng câu.
NV-0586,PL-TOA-STA-L1-012,Thử thách: Thống kê & xử lý số liệu — cấp 1,Toán,Thống kê & xử lý số liệu,1,1,Thử thách,56,"Hoàn thành 8 câu chuyên đề ""Thống kê & xử lý số liệu"" trong khoảng 8 phút, lần lượt qua 3 chặng: khởi động → rèn luyện → bứt tốc. Đúng từ 6 câu là hoàn thành; đúng từ 7 câu được tính là thành thạo và cộng điểm lên cấp. Tinh thần cấp 1: Nhận diện dạng bài và nhớ lại công thức nền.",Đạt từ 85% mới được tính là vượt thử thách.
NV-0587,PL-TOA-STA-L1-013,Vượt ải: Thống kê & xử lý số liệu — cấp 1,Toán,Thống kê & xử lý số liệu,1,1,Vượt ải,72,"Hoàn thành 8 câu chuyên đề ""Thống kê & xử lý số liệu"" trong khoảng 8 phút, lần lượt qua 3 chặng: khởi động → rèn luyện → bứt tốc. Đúng từ 6 câu là hoàn thành; đúng từ 8 câu được tính là thành thạo và cộng điểm lên cấp. Tinh thần cấp 1: Nhận diện dạng bài và nhớ lại công thức nền.",Phải đạt từ 90% để mở khóa cấp độ tiếp theo của tuyến này.
NV-0588,PL-TOA-STA-L2-001,Khởi động: Thống kê & xử lý số liệu — cấp 2,Toán,Thống kê & xử lý số liệu,1,2,Khởi động,42,"Hoàn thành 10 câu chuyên đề ""Thống kê & xử lý số liệu"" trong khoảng 15 phút, lần lượt qua 3 chặng: khởi động → rèn luyện → bứt tốc. Đúng từ 7 câu là hoàn thành; đúng từ 9 câu được tính là thành thạo và cộng điểm lên cấp. Tinh thần cấp 2: Làm đúng dạng chuẩn mà không cần nhìn gợi ý.","Không giới hạn thời gian. Mục tiêu là làm đúng, chưa cần nhanh."
NV-0589,PL-TOA-STA-L2-002,Rèn kỹ năng: Thống kê & xử lý số liệu — cấp 2,Toán,Thống kê & xử lý số liệu,1,2,Rèn kỹ năng,60,"Hoàn thành 10 câu chuyên đề ""Thống kê & xử lý số liệu"" trong khoảng 12 phút, lần lượt qua 3 chặng: khởi động → rèn luyện → bứt tốc. Đúng từ 7 câu là hoàn thành; đúng từ 9 câu được tính là thành thạo và cộng điểm lên cấp. Tinh thần cấp 2: Làm đúng dạng chuẩn mà không cần nhìn gợi ý.","Hoàn thành đủ 3 chặng trong một lượt, không rời phiếu giữa chừng."
NV-0590,PL-TOA-STA-L2-003,Tốc độ: Thống kê & xử lý số liệu — cấp 2,Toán,Thống kê & xử lý số liệu,1,2,Tốc độ,66,"Hoàn thành 10 câu chuyên đề ""Thống kê & xử lý số liệu"" trong khoảng 9 phút, lần lượt qua 3 chặng: khởi động → rèn luyện → bứt tốc. Đúng từ 7 câu là hoàn thành; đúng từ 9 câu được tính là thành thạo và cộng điểm lên cấp. Tinh thần cấp 2: Làm đúng dạng chuẩn mà không cần nhìn gợi ý.",Thời gian bị siết còn 75% mức chuẩn. Quá giờ vẫn chấm nhưng không tính thành thạo.
NV-0591,PL-TOA-STA-L2-004,Chính xác: Thống kê & xử lý số liệu — cấp 2,Toán,Thống kê & xử lý số liệu,1,2,Chính xác,66,"Hoàn thành 10 câu chuyên đề ""Thống kê & xử lý số liệu"" trong khoảng 13 phút, lần lượt qua 3 chặng: khởi động → rèn luyện → bứt tốc. Đúng từ 7 câu là hoàn thành; đúng từ 9 câu được tính là thành thạo và cộng điểm lên cấp. Tinh thần cấp 2: Làm đúng dạng chuẩn mà không cần nhìn gợi ý.",Sai quá 2 câu là phải làm lại phiếu trước khi đi tiếp.
NV-0592,PL-TOA-STA-L2-005,Tổng hợp: Thống kê & xử lý số liệu — cấp 2,Toán,Thống kê & xử lý số liệu,1,2,Tổng hợp,69,"Hoàn thành 10 câu chuyên đề ""Thống kê & xử lý số liệu"" trong khoảng 12 phút, lần lượt qua 3 chặng: khởi động → rèn luyện → bứt tốc. Đúng từ 7 câu là hoàn thành; đúng từ 9 câu được tính là thành thạo và cộng điểm lên cấp. Tinh thần cấp 2: Làm đúng dạng chuẩn mà không cần nhìn gợi ý.",Không được biết trước dạng bài của từng câu.
NV-0593,PL-TOA-STA-L2-006,Ôn lại: Thống kê & xử lý số liệu — cấp 2,Toán,Thống kê & xử lý số liệu,1,2,Ôn lại,54,"Hoàn thành 10 câu chuyên đề ""Thống kê & xử lý số liệu"" trong khoảng 13 phút, lần lượt qua 3 chặng: khởi động → rèn luyện → bứt tốc. Đúng từ 7 câu là hoàn thành; đúng từ 9 câu được tính là thành thạo và cộng điểm lên cấp. Tinh thần cấp 2: Làm đúng dạng chuẩn mà không cần nhìn gợi ý.",Nên làm sau buổi học chính ít nhất một ngày.
NV-0594,PL-TOA-STA-L2-007,Khởi động: Thống kê & xử lý số liệu — cấp 2,Toán,Thống kê & xử lý số liệu,1,2,Khởi động,42,"Hoàn thành 10 câu chuyên đề ""Thống kê & xử lý số liệu"" trong khoảng 15 phút, lần lượt qua 3 chặng: khởi động → rèn luyện → bứt tốc. Đúng từ 7 câu là hoàn thành; đúng từ 9 câu được tính là thành thạo và cộng điểm lên cấp. Tinh thần cấp 2: Làm đúng dạng chuẩn mà không cần nhìn gợi ý.","Không giới hạn thời gian. Mục tiêu là làm đúng, chưa cần nhanh."
NV-0595,PL-TOA-STA-L2-008,Rèn kỹ năng: Thống kê & xử lý số liệu — cấp 2,Toán,Thống kê & xử lý số liệu,1,2,Rèn kỹ năng,60,"Hoàn thành 10 câu chuyên đề ""Thống kê & xử lý số liệu"" trong khoảng 12 phút, lần lượt qua 3 chặng: khởi động → rèn luyện → bứt tốc. Đúng từ 7 câu là hoàn thành; đúng từ 9 câu được tính là thành thạo và cộng điểm lên cấp. Tinh thần cấp 2: Làm đúng dạng chuẩn mà không cần nhìn gợi ý.","Hoàn thành đủ 3 chặng trong một lượt, không rời phiếu giữa chừng."
NV-0596,PL-TOA-STA-L2-009,Tốc độ: Thống kê & xử lý số liệu — cấp 2,Toán,Thống kê & xử lý số liệu,1,2,Tốc độ,66,"Hoàn thành 10 câu chuyên đề ""Thống kê & xử lý số liệu"" trong khoảng 9 phút, lần lượt qua 3 chặng: khởi động → rèn luyện → bứt tốc. Đúng từ 7 câu là hoàn thành; đúng từ 9 câu được tính là thành thạo và cộng điểm lên cấp. Tinh thần cấp 2: Làm đúng dạng chuẩn mà không cần nhìn gợi ý.",Thời gian bị siết còn 75% mức chuẩn. Quá giờ vẫn chấm nhưng không tính thành thạo.
NV-0597,PL-TOA-STA-L2-010,Chính xác: Thống kê & xử lý số liệu — cấp 2,Toán,Thống kê & xử lý số liệu,1,2,Chính xác,66,"Hoàn thành 10 câu chuyên đề ""Thống kê & xử lý số liệu"" trong khoảng 13 phút, lần lượt qua 3 chặng: khởi động → rèn luyện → bứt tốc. Đúng từ 7 câu là hoàn thành; đúng từ 9 câu được tính là thành thạo và cộng điểm lên cấp. Tinh thần cấp 2: Làm đúng dạng chuẩn mà không cần nhìn gợi ý.",Sai quá 2 câu là phải làm lại phiếu trước khi đi tiếp.
NV-0598,PL-TOA-STA-L2-011,Tổng hợp: Thống kê & xử lý số liệu — cấp 2,Toán,Thống kê & xử lý số liệu,1,2,Tổng hợp,69,"Hoàn thành 10 câu chuyên đề ""Thống kê & xử lý số liệu"" trong khoảng 12 phút, lần lượt qua 3 chặng: khởi động → rèn luyện → bứt tốc. Đúng từ 7 câu là hoàn thành; đúng từ 9 câu được tính là thành thạo và cộng điểm lên cấp. Tinh thần cấp 2: Làm đúng dạng chuẩn mà không cần nhìn gợi ý.",Không được biết trước dạng bài của từng câu.
NV-0599,PL-TOA-STA-L2-012,Ôn lại: Thống kê & xử lý số liệu — cấp 2,Toán,Thống kê & xử lý số liệu,1,2,Ôn lại,54,"Hoàn thành 10 câu chuyên đề ""Thống kê & xử lý số liệu"" trong khoảng 13 phút, lần lượt qua 3 chặng: khởi động → rèn luyện → bứt tốc. Đúng từ 7 câu là hoàn thành; đúng từ 9 câu được tính là thành thạo và cộng điểm lên cấp. Tinh thần cấp 2: Làm đúng dạng chuẩn mà không cần nhìn gợi ý.",Nên làm sau buổi học chính ít nhất một ngày.
NV-0600,PL-TOA-STA-L2-013,Khởi động: Thống kê & xử lý số liệu — cấp 2,Toán,Thống kê & xử lý số liệu,1,2,Khởi động,42,"Hoàn thành 10 câu chuyên đề ""Thống kê & xử lý số liệu"" trong khoảng 15 phút, lần lượt qua 3 chặng: khởi động → rèn luyện → bứt tốc. Đúng từ 7 câu là hoàn thành; đúng từ 9 câu được tính là thành thạo và cộng điểm lên cấp. Tinh thần cấp 2: Làm đúng dạng chuẩn mà không cần nhìn gợi ý.","Không giới hạn thời gian. Mục tiêu là làm đúng, chưa cần nhanh."
NV-0601,PL-TOA-STA-L2-014,Rèn kỹ năng: Thống kê & xử lý số liệu — cấp 2,Toán,Thống kê & xử lý số liệu,1,2,Rèn kỹ năng,60,"Hoàn thành 10 câu chuyên đề ""Thống kê & xử lý số liệu"" trong khoảng 12 phút, lần lượt qua 3 chặng: khởi động → rèn luyện → bứt tốc. Đúng từ 7 câu là hoàn thành; đúng từ 9 câu được tính là thành thạo và cộng điểm lên cấp. Tinh thần cấp 2: Làm đúng dạng chuẩn mà không cần nhìn gợi ý.","Hoàn thành đủ 3 chặng trong một lượt, không rời phiếu giữa chừng."
NV-0602,PL-TOA-STA-L2-015,Tốc độ: Thống kê & xử lý số liệu — cấp 2,Toán,Thống kê & xử lý số liệu,1,2,Tốc độ,66,"Hoàn thành 10 câu chuyên đề ""Thống kê & xử lý số liệu"" trong khoảng 9 phút, lần lượt qua 3 chặng: khởi động → rèn luyện → bứt tốc. Đúng từ 7 câu là hoàn thành; đúng từ 9 câu được tính là thành thạo và cộng điểm lên cấp. Tinh thần cấp 2: Làm đúng dạng chuẩn mà không cần nhìn gợi ý.",Thời gian bị siết còn 75% mức chuẩn. Quá giờ vẫn chấm nhưng không tính thành thạo.
NV-0603,PL-TOA-STA-L2-016,Thử thách: Thống kê & xử lý số liệu — cấp 2,Toán,Thống kê & xử lý số liệu,1,2,Thử thách,84,"Hoàn thành 10 câu chuyên đề ""Thống kê & xử lý số liệu"" trong khoảng 12 phút, lần lượt qua 3 chặng: khởi động → rèn luyện → bứt tốc. Đúng từ 7 câu là hoàn thành; đúng từ 9 câu được tính là thành thạo và cộng điểm lên cấp. Tinh thần cấp 2: Làm đúng dạng chuẩn mà không cần nhìn gợi ý.",Đạt từ 85% mới được tính là vượt thử thách.
NV-0604,PL-TOA-STA-L2-017,Vượt ải: Thống kê & xử lý số liệu — cấp 2,Toán,Thống kê & xử lý số liệu,1,2,Vượt ải,108,"Hoàn thành 10 câu chuyên đề ""Thống kê & xử lý số liệu"" trong khoảng 11 phút, lần lượt qua 3 chặng: khởi động → rèn luyện → bứt tốc. Đúng từ 7 câu là hoàn thành; đúng từ 9 câu được tính là thành thạo và cộng điểm lên cấp. Tinh thần cấp 2: Làm đúng dạng chuẩn mà không cần nhìn gợi ý.",Phải đạt từ 90% để mở khóa cấp độ tiếp theo của tuyến này.
NV-0605,PL-TOA-STA-L3-001,Khởi động: Thống kê & xử lý số liệu — cấp 3,Toán,Thống kê & xử lý số liệu,2,3,Khởi động,63,"Hoàn thành 12 câu chuyên đề ""Thống kê & xử lý số liệu"" trong khoảng 19 phút, lần lượt qua 3 chặng: khởi động → rèn luyện → bứt tốc. Đúng từ 9 câu là hoàn thành; đúng từ 11 câu được tính là thành thạo và cộng điểm lên cấp. Tinh thần cấp 3: Ghép nhiều bước và tránh các bẫy quen thuộc.","Không giới hạn thời gian. Mục tiêu là làm đúng, chưa cần nhanh."
NV-0606,PL-TOA-STA-L3-002,Rèn kỹ năng: Thống kê & xử lý số liệu — cấp 3,Toán,Thống kê & xử lý số liệu,2,3,Rèn kỹ năng,90,"Hoàn thành 12 câu chuyên đề ""Thống kê & xử lý số liệu"" trong khoảng 15 phút, lần lượt qua 3 chặng: khởi động → rèn luyện → bứt tốc. Đúng từ 9 câu là hoàn thành; đúng từ 11 câu được tính là thành thạo và cộng điểm lên cấp. Tinh thần cấp 3: Ghép nhiều bước và tránh các bẫy quen thuộc.","Hoàn thành đủ 3 chặng trong một lượt, không rời phiếu giữa chừng."
NV-0607,PL-TOA-STA-L3-003,Tốc độ: Thống kê & xử lý số liệu — cấp 3,Toán,Thống kê & xử lý số liệu,2,3,Tốc độ,99,"Hoàn thành 12 câu chuyên đề ""Thống kê & xử lý số liệu"" trong khoảng 11 phút, lần lượt qua 3 chặng: khởi động → rèn luyện → bứt tốc. Đúng từ 9 câu là hoàn thành; đúng từ 11 câu được tính là thành thạo và cộng điểm lên cấp. Tinh thần cấp 3: Ghép nhiều bước và tránh các bẫy quen thuộc.",Thời gian bị siết còn 75% mức chuẩn. Quá giờ vẫn chấm nhưng không tính thành thạo.
NV-0608,PL-TOA-STA-L3-004,Chính xác: Thống kê & xử lý số liệu — cấp 3,Toán,Thống kê & xử lý số liệu,2,3,Chính xác,99,"Hoàn thành 12 câu chuyên đề ""Thống kê & xử lý số liệu"" trong khoảng 17 phút, lần lượt qua 3 chặng: khởi động → rèn luyện → bứt tốc. Đúng từ 9 câu là hoàn thành; đúng từ 11 câu được tính là thành thạo và cộng điểm lên cấp. Tinh thần cấp 3: Ghép nhiều bước và tránh các bẫy quen thuộc.",Sai quá 2 câu là phải làm lại phiếu trước khi đi tiếp.
NV-0609,PL-TOA-STA-L3-005,Tổng hợp: Thống kê & xử lý số liệu — cấp 3,Toán,Thống kê & xử lý số liệu,2,3,Tổng hợp,103,"Hoàn thành 12 câu chuyên đề ""Thống kê & xử lý số liệu"" trong khoảng 15 phút, lần lượt qua 3 chặng: khởi động → rèn luyện → bứt tốc. Đúng từ 9 câu là hoàn thành; đúng từ 11 câu được tính là thành thạo và cộng điểm lên cấp. Tinh thần cấp 3: Ghép nhiều bước và tránh các bẫy quen thuộc.",Không được biết trước dạng bài của từng câu.
NV-0610,PL-TOA-STA-L3-006,Ôn lại: Thống kê & xử lý số liệu — cấp 3,Toán,Thống kê & xử lý số liệu,2,3,Ôn lại,81,"Hoàn thành 12 câu chuyên đề ""Thống kê & xử lý số liệu"" trong khoảng 17 phút, lần lượt qua 3 chặng: khởi động → rèn luyện → bứt tốc. Đúng từ 9 câu là hoàn thành; đúng từ 11 câu được tính là thành thạo và cộng điểm lên cấp. Tinh thần cấp 3: Ghép nhiều bước và tránh các bẫy quen thuộc.",Nên làm sau buổi học chính ít nhất một ngày.
NV-0611,PL-TOA-STA-L3-007,Khởi động: Thống kê & xử lý số liệu — cấp 3,Toán,Thống kê & xử lý số liệu,2,3,Khởi động,63,"Hoàn thành 12 câu chuyên đề ""Thống kê & xử lý số liệu"" trong khoảng 19 phút, lần lượt qua 3 chặng: khởi động → rèn luyện → bứt tốc. Đúng từ 9 câu là hoàn thành; đúng từ 11 câu được tính là thành thạo và cộng điểm lên cấp. Tinh thần cấp 3: Ghép nhiều bước và tránh các bẫy quen thuộc.","Không giới hạn thời gian. Mục tiêu là làm đúng, chưa cần nhanh."
NV-0612,PL-TOA-STA-L3-008,Rèn kỹ năng: Thống kê & xử lý số liệu — cấp 3,Toán,Thống kê & xử lý số liệu,2,3,Rèn kỹ năng,90,"Hoàn thành 12 câu chuyên đề ""Thống kê & xử lý số liệu"" trong khoảng 15 phút, lần lượt qua 3 chặng: khởi động → rèn luyện → bứt tốc. Đúng từ 9 câu là hoàn thành; đúng từ 11 câu được tính là thành thạo và cộng điểm lên cấp. Tinh thần cấp 3: Ghép nhiều bước và tránh các bẫy quen thuộc.","Hoàn thành đủ 3 chặng trong một lượt, không rời phiếu giữa chừng."
NV-0613,PL-TOA-STA-L3-009,Tốc độ: Thống kê & xử lý số liệu — cấp 3,Toán,Thống kê & xử lý số liệu,2,3,Tốc độ,99,"Hoàn thành 12 câu chuyên đề ""Thống kê & xử lý số liệu"" trong khoảng 11 phút, lần lượt qua 3 chặng: khởi động → rèn luyện → bứt tốc. Đúng từ 9 câu là hoàn thành; đúng từ 11 câu được tính là thành thạo và cộng điểm lên cấp. Tinh thần cấp 3: Ghép nhiều bước và tránh các bẫy quen thuộc.",Thời gian bị siết còn 75% mức chuẩn. Quá giờ vẫn chấm nhưng không tính thành thạo.
NV-0614,PL-TOA-STA-L3-010,Chính xác: Thống kê & xử lý số liệu — cấp 3,Toán,Thống kê & xử lý số liệu,2,3,Chính xác,99,"Hoàn thành 12 câu chuyên đề ""Thống kê & xử lý số liệu"" trong khoảng 17 phút, lần lượt qua 3 chặng: khởi động → rèn luyện → bứt tốc. Đúng từ 9 câu là hoàn thành; đúng từ 11 câu được tính là thành thạo và cộng điểm lên cấp. Tinh thần cấp 3: Ghép nhiều bước và tránh các bẫy quen thuộc.",Sai quá 2 câu là phải làm lại phiếu trước khi đi tiếp.
NV-0615,PL-TOA-STA-L3-011,Tổng hợp: Thống kê & xử lý số liệu — cấp 3,Toán,Thống kê & xử lý số liệu,2,3,Tổng hợp,103,"Hoàn thành 12 câu chuyên đề ""Thống kê & xử lý số liệu"" trong khoảng 15 phút, lần lượt qua 3 chặng: khởi động → rèn luyện → bứt tốc. Đúng từ 9 câu là hoàn thành; đúng từ 11 câu được tính là thành thạo và cộng điểm lên cấp. Tinh thần cấp 3: Ghép nhiều bước và tránh các bẫy quen thuộc.",Không được biết trước dạng bài của từng câu.
NV-0616,PL-TOA-STA-L3-012,Ôn lại: Thống kê & xử lý số liệu — cấp 3,Toán,Thống kê & xử lý số liệu,2,3,Ôn lại,81,"Hoàn thành 12 câu chuyên đề ""Thống kê & xử lý số liệu"" trong khoảng 17 phút, lần lượt qua 3 chặng: khởi động → rèn luyện → bứt tốc. Đúng từ 9 câu là hoàn thành; đúng từ 11 câu được tính là thành thạo và cộng điểm lên cấp. Tinh thần cấp 3: Ghép nhiều bước và tránh các bẫy quen thuộc.",Nên làm sau buổi học chính ít nhất một ngày.
NV-0617,PL-TOA-STA-L3-013,Khởi động: Thống kê & xử lý số liệu — cấp 3,Toán,Thống kê & xử lý số liệu,2,3,Khởi động,63,"Hoàn thành 12 câu chuyên đề ""Thống kê & xử lý số liệu"" trong khoảng 19 phút, lần lượt qua 3 chặng: khởi động → rèn luyện → bứt tốc. Đúng từ 9 câu là hoàn thành; đúng từ 11 câu được tính là thành thạo và cộng điểm lên cấp. Tinh thần cấp 3: Ghép nhiều bước và tránh các bẫy quen thuộc.","Không giới hạn thời gian. Mục tiêu là làm đúng, chưa cần nhanh."
NV-0618,PL-TOA-STA-L3-014,Rèn kỹ năng: Thống kê & xử lý số liệu — cấp 3,Toán,Thống kê & xử lý số liệu,2,3,Rèn kỹ năng,90,"Hoàn thành 12 câu chuyên đề ""Thống kê & xử lý số liệu"" trong khoảng 15 phút, lần lượt qua 3 chặng: khởi động → rèn luyện → bứt tốc. Đúng từ 9 câu là hoàn thành; đúng từ 11 câu được tính là thành thạo và cộng điểm lên cấp. Tinh thần cấp 3: Ghép nhiều bước và tránh các bẫy quen thuộc.","Hoàn thành đủ 3 chặng trong một lượt, không rời phiếu giữa chừng."
NV-0619,PL-TOA-STA-L3-015,Tốc độ: Thống kê & xử lý số liệu — cấp 3,Toán,Thống kê & xử lý số liệu,2,3,Tốc độ,99,"Hoàn thành 12 câu chuyên đề ""Thống kê & xử lý số liệu"" trong khoảng 11 phút, lần lượt qua 3 chặng: khởi động → rèn luyện → bứt tốc. Đúng từ 9 câu là hoàn thành; đúng từ 11 câu được tính là thành thạo và cộng điểm lên cấp. Tinh thần cấp 3: Ghép nhiều bước và tránh các bẫy quen thuộc.",Thời gian bị siết còn 75% mức chuẩn. Quá giờ vẫn chấm nhưng không tính thành thạo.
NV-0620,PL-TOA-STA-L3-016,Chính xác: Thống kê & xử lý số liệu — cấp 3,Toán,Thống kê & xử lý số liệu,2,3,Chính xác,99,"Hoàn thành 12 câu chuyên đề ""Thống kê & xử lý số liệu"" trong khoảng 17 phút, lần lượt qua 3 chặng: khởi động → rèn luyện → bứt tốc. Đúng từ 9 câu là hoàn thành; đúng từ 11 câu được tính là thành thạo và cộng điểm lên cấp. Tinh thần cấp 3: Ghép nhiều bước và tránh các bẫy quen thuộc.",Sai quá 2 câu là phải làm lại phiếu trước khi đi tiếp.
NV-0621,PL-TOA-STA-L3-017,Tổng hợp: Thống kê & xử lý số liệu — cấp 3,Toán,Thống kê & xử lý số liệu,2,3,Tổng hợp,103,"Hoàn thành 12 câu chuyên đề ""Thống kê & xử lý số liệu"" trong khoảng 15 phút, lần lượt qua 3 chặng: khởi động → rèn luyện → bứt tốc. Đúng từ 9 câu là hoàn thành; đúng từ 11 câu được tính là thành thạo và cộng điểm lên cấp. Tinh thần cấp 3: Ghép nhiều bước và tránh các bẫy quen thuộc.",Không được biết trước dạng bài của từng câu.
NV-0622,PL-TOA-STA-L3-018,Thử thách: Thống kê & xử lý số liệu — cấp 3,Toán,Thống kê & xử lý số liệu,2,3,Thử thách,126,"Hoàn thành 12 câu chuyên đề ""Thống kê & xử lý số liệu"" trong khoảng 15 phút, lần lượt qua 3 chặng: khởi động → rèn luyện → bứt tốc. Đúng từ 9 câu là hoàn thành; đúng từ 11 câu được tính là thành thạo và cộng điểm lên cấp. Tinh thần cấp 3: Ghép nhiều bước và tránh các bẫy quen thuộc.",Đạt từ 85% mới được tính là vượt thử thách.
NV-0623,PL-TOA-STA-L3-019,Vượt ải: Thống kê & xử lý số liệu — cấp 3,Toán,Thống kê & xử lý số liệu,2,3,Vượt ải,162,"Hoàn thành 12 câu chuyên đề ""Thống kê & xử lý số liệu"" trong khoảng 14 phút, lần lượt qua 3 chặng: khởi động → rèn luyện → bứt tốc. Đúng từ 9 câu là hoàn thành; đúng từ 11 câu được tính là thành thạo và cộng điểm lên cấp. Tinh thần cấp 3: Ghép nhiều bước và tránh các bẫy quen thuộc.",Phải đạt từ 90% để mở khóa cấp độ tiếp theo của tuyến này.
NV-0624,PL-TOA-STA-L4-001,Khởi động: Thống kê & xử lý số liệu — cấp 4,Toán,Thống kê & xử lý số liệu,2,4,Khởi động,84,"Hoàn thành 12 câu chuyên đề ""Thống kê & xử lý số liệu"" trong khoảng 16 phút, lần lượt qua 3 chặng: khởi động → rèn luyện → bứt tốc. Đúng từ 9 câu là hoàn thành; đúng từ 11 câu được tính là thành thạo và cộng điểm lên cấp. Tinh thần cấp 4: Giữ độ chính xác khi thời gian bắt đầu siết lại.","Không giới hạn thời gian. Mục tiêu là làm đúng, chưa cần nhanh."
NV-0625,PL-TOA-STA-L4-002,Rèn kỹ năng: Thống kê & xử lý số liệu — cấp 4,Toán,Thống kê & xử lý số liệu,2,4,Rèn kỹ năng,120,"Hoàn thành 12 câu chuyên đề ""Thống kê & xử lý số liệu"" trong khoảng 13 phút, lần lượt qua 3 chặng: khởi động → rèn luyện → bứt tốc. Đúng từ 9 câu là hoàn thành; đúng từ 11 câu được tính là thành thạo và cộng điểm lên cấp. Tinh thần cấp 4: Giữ độ chính xác khi thời gian bắt đầu siết lại.","Hoàn thành đủ 3 chặng trong một lượt, không rời phiếu giữa chừng."
NV-0626,PL-TOA-STA-L4-003,Tốc độ: Thống kê & xử lý số liệu — cấp 4,Toán,Thống kê & xử lý số liệu,2,4,Tốc độ,132,"Hoàn thành 12 câu chuyên đề ""Thống kê & xử lý số liệu"" trong khoảng 10 phút, lần lượt qua 3 chặng: khởi động → rèn luyện → bứt tốc. Đúng từ 9 câu là hoàn thành; đúng từ 11 câu được tính là thành thạo và cộng điểm lên cấp. Tinh thần cấp 4: Giữ độ chính xác khi thời gian bắt đầu siết lại.",Thời gian bị siết còn 75% mức chuẩn. Quá giờ vẫn chấm nhưng không tính thành thạo.
NV-0627,PL-TOA-STA-L4-004,Chính xác: Thống kê & xử lý số liệu — cấp 4,Toán,Thống kê & xử lý số liệu,2,4,Chính xác,132,"Hoàn thành 12 câu chuyên đề ""Thống kê & xử lý số liệu"" trong khoảng 15 phút, lần lượt qua 3 chặng: khởi động → rèn luyện → bứt tốc. Đúng từ 9 câu là hoàn thành; đúng từ 11 câu được tính là thành thạo và cộng điểm lên cấp. Tinh thần cấp 4: Giữ độ chính xác khi thời gian bắt đầu siết lại.",Sai quá 2 câu là phải làm lại phiếu trước khi đi tiếp.
NV-0628,PL-TOA-STA-L4-005,Tổng hợp: Thống kê & xử lý số liệu — cấp 4,Toán,Thống kê & xử lý số liệu,2,4,Tổng hợp,138,"Hoàn thành 12 câu chuyên đề ""Thống kê & xử lý số liệu"" trong khoảng 13 phút, lần lượt qua 3 chặng: khởi động → rèn luyện → bứt tốc. Đúng từ 9 câu là hoàn thành; đúng từ 11 câu được tính là thành thạo và cộng điểm lên cấp. Tinh thần cấp 4: Giữ độ chính xác khi thời gian bắt đầu siết lại.",Không được biết trước dạng bài của từng câu.
NV-0629,PL-TOA-STA-L4-006,Ôn lại: Thống kê & xử lý số liệu — cấp 4,Toán,Thống kê & xử lý số liệu,2,4,Ôn lại,108,"Hoàn thành 12 câu chuyên đề ""Thống kê & xử lý số liệu"" trong khoảng 14 phút, lần lượt qua 3 chặng: khởi động → rèn luyện → bứt tốc. Đúng từ 9 câu là hoàn thành; đúng từ 11 câu được tính là thành thạo và cộng điểm lên cấp. Tinh thần cấp 4: Giữ độ chính xác khi thời gian bắt đầu siết lại.",Nên làm sau buổi học chính ít nhất một ngày.
NV-0630,PL-TOA-STA-L4-007,Khởi động: Thống kê & xử lý số liệu — cấp 4,Toán,Thống kê & xử lý số liệu,2,4,Khởi động,84,"Hoàn thành 12 câu chuyên đề ""Thống kê & xử lý số liệu"" trong khoảng 16 phút, lần lượt qua 3 chặng: khởi động → rèn luyện → bứt tốc. Đúng từ 9 câu là hoàn thành; đúng từ 11 câu được tính là thành thạo và cộng điểm lên cấp. Tinh thần cấp 4: Giữ độ chính xác khi thời gian bắt đầu siết lại.","Không giới hạn thời gian. Mục tiêu là làm đúng, chưa cần nhanh."
NV-0631,PL-TOA-STA-L4-008,Rèn kỹ năng: Thống kê & xử lý số liệu — cấp 4,Toán,Thống kê & xử lý số liệu,2,4,Rèn kỹ năng,120,"Hoàn thành 12 câu chuyên đề ""Thống kê & xử lý số liệu"" trong khoảng 13 phút, lần lượt qua 3 chặng: khởi động → rèn luyện → bứt tốc. Đúng từ 9 câu là hoàn thành; đúng từ 11 câu được tính là thành thạo và cộng điểm lên cấp. Tinh thần cấp 4: Giữ độ chính xác khi thời gian bắt đầu siết lại.","Hoàn thành đủ 3 chặng trong một lượt, không rời phiếu giữa chừng."
NV-0632,PL-TOA-STA-L4-009,Tốc độ: Thống kê & xử lý số liệu — cấp 4,Toán,Thống kê & xử lý số liệu,2,4,Tốc độ,132,"Hoàn thành 12 câu chuyên đề ""Thống kê & xử lý số liệu"" trong khoảng 10 phút, lần lượt qua 3 chặng: khởi động → rèn luyện → bứt tốc. Đúng từ 9 câu là hoàn thành; đúng từ 11 câu được tính là thành thạo và cộng điểm lên cấp. Tinh thần cấp 4: Giữ độ chính xác khi thời gian bắt đầu siết lại.",Thời gian bị siết còn 75% mức chuẩn. Quá giờ vẫn chấm nhưng không tính thành thạo.
NV-0633,PL-TOA-STA-L4-010,Chính xác: Thống kê & xử lý số liệu — cấp 4,Toán,Thống kê & xử lý số liệu,2,4,Chính xác,132,"Hoàn thành 12 câu chuyên đề ""Thống kê & xử lý số liệu"" trong khoảng 15 phút, lần lượt qua 3 chặng: khởi động → rèn luyện → bứt tốc. Đúng từ 9 câu là hoàn thành; đúng từ 11 câu được tính là thành thạo và cộng điểm lên cấp. Tinh thần cấp 4: Giữ độ chính xác khi thời gian bắt đầu siết lại.",Sai quá 2 câu là phải làm lại phiếu trước khi đi tiếp.
NV-0634,PL-TOA-STA-L4-011,Tổng hợp: Thống kê & xử lý số liệu — cấp 4,Toán,Thống kê & xử lý số liệu,2,4,Tổng hợp,138,"Hoàn thành 12 câu chuyên đề ""Thống kê & xử lý số liệu"" trong khoảng 13 phút, lần lượt qua 3 chặng: khởi động → rèn luyện → bứt tốc. Đúng từ 9 câu là hoàn thành; đúng từ 11 câu được tính là thành thạo và cộng điểm lên cấp. Tinh thần cấp 4: Giữ độ chính xác khi thời gian bắt đầu siết lại.",Không được biết trước dạng bài của từng câu.
NV-0635,PL-TOA-STA-L4-012,Ôn lại: Thống kê & xử lý số liệu — cấp 4,Toán,Thống kê & xử lý số liệu,2,4,Ôn lại,108,"Hoàn thành 12 câu chuyên đề ""Thống kê & xử lý số liệu"" trong khoảng 14 phút, lần lượt qua 3 chặng: khởi động → rèn luyện → bứt tốc. Đúng từ 9 câu là hoàn thành; đúng từ 11 câu được tính là thành thạo và cộng điểm lên cấp. Tinh thần cấp 4: Giữ độ chính xác khi thời gian bắt đầu siết lại.",Nên làm sau buổi học chính ít nhất một ngày.
NV-0636,PL-TOA-STA-L4-013,Khởi động: Thống kê & xử lý số liệu — cấp 4,Toán,Thống kê & xử lý số liệu,2,4,Khởi động,84,"Hoàn thành 12 câu chuyên đề ""Thống kê & xử lý số liệu"" trong khoảng 16 phút, lần lượt qua 3 chặng: khởi động → rèn luyện → bứt tốc. Đúng từ 9 câu là hoàn thành; đúng từ 11 câu được tính là thành thạo và cộng điểm lên cấp. Tinh thần cấp 4: Giữ độ chính xác khi thời gian bắt đầu siết lại.","Không giới hạn thời gian. Mục tiêu là làm đúng, chưa cần nhanh."
NV-0637,PL-TOA-STA-L4-014,Rèn kỹ năng: Thống kê & xử lý số liệu — cấp 4,Toán,Thống kê & xử lý số liệu,2,4,Rèn kỹ năng,120,"Hoàn thành 12 câu chuyên đề ""Thống kê & xử lý số liệu"" trong khoảng 13 phút, lần lượt qua 3 chặng: khởi động → rèn luyện → bứt tốc. Đúng từ 9 câu là hoàn thành; đúng từ 11 câu được tính là thành thạo và cộng điểm lên cấp. Tinh thần cấp 4: Giữ độ chính xác khi thời gian bắt đầu siết lại.","Hoàn thành đủ 3 chặng trong một lượt, không rời phiếu giữa chừng."
NV-0638,PL-TOA-STA-L4-015,Tốc độ: Thống kê & xử lý số liệu — cấp 4,Toán,Thống kê & xử lý số liệu,2,4,Tốc độ,132,"Hoàn thành 12 câu chuyên đề ""Thống kê & xử lý số liệu"" trong khoảng 10 phút, lần lượt qua 3 chặng: khởi động → rèn luyện → bứt tốc. Đúng từ 9 câu là hoàn thành; đúng từ 11 câu được tính là thành thạo và cộng điểm lên cấp. Tinh thần cấp 4: Giữ độ chính xác khi thời gian bắt đầu siết lại.",Thời gian bị siết còn 75% mức chuẩn. Quá giờ vẫn chấm nhưng không tính thành thạo.
NV-0639,PL-TOA-STA-L4-016,Chính xác: Thống kê & xử lý số liệu — cấp 4,Toán,Thống kê & xử lý số liệu,2,4,Chính xác,132,"Hoàn thành 12 câu chuyên đề ""Thống kê & xử lý số liệu"" trong khoảng 15 phút, lần lượt qua 3 chặng: khởi động → rèn luyện → bứt tốc. Đúng từ 9 câu là hoàn thành; đúng từ 11 câu được tính là thành thạo và cộng điểm lên cấp. Tinh thần cấp 4: Giữ độ chính xác khi thời gian bắt đầu siết lại.",Sai quá 2 câu là phải làm lại phiếu trước khi đi tiếp.
NV-0640,PL-TOA-STA-L4-017,Tổng hợp: Thống kê & xử lý số liệu — cấp 4,Toán,Thống kê & xử lý số liệu,2,4,Tổng hợp,138,"Hoàn thành 12 câu chuyên đề ""Thống kê & xử lý số liệu"" trong khoảng 13 phút, lần lượt qua 3 chặng: khởi động → rèn luyện → bứt tốc. Đúng từ 9 câu là hoàn thành; đúng từ 11 câu được tính là thành thạo và cộng điểm lên cấp. Tinh thần cấp 4: Giữ độ chính xác khi thời gian bắt đầu siết lại.",Không được biết trước dạng bài của từng câu.
NV-0641,PL-TOA-STA-L4-018,Thử thách: Thống kê & xử lý số liệu — cấp 4,Toán,Thống kê & xử lý số liệu,2,4,Thử thách,168,"Hoàn thành 12 câu chuyên đề ""Thống kê & xử lý số liệu"" trong khoảng 13 phút, lần lượt qua 3 chặng: khởi động → rèn luyện → bứt tốc. Đúng từ 9 câu là hoàn thành; đúng từ 11 câu được tính là thành thạo và cộng điểm lên cấp. Tinh thần cấp 4: Giữ độ chính xác khi thời gian bắt đầu siết lại.",Đạt từ 85% mới được tính là vượt thử thách.
NV-0642,PL-TOA-STA-L4-019,Vượt ải: Thống kê & xử lý số liệu — cấp 4,Toán,Thống kê & xử lý số liệu,2,4,Vượt ải,216,"Hoàn thành 12 câu chuyên đề ""Thống kê & xử lý số liệu"" trong khoảng 12 phút, lần lượt qua 3 chặng: khởi động → rèn luyện → bứt tốc. Đúng từ 9 câu là hoàn thành; đúng từ 11 câu được tính là thành thạo và cộng điểm lên cấp. Tinh thần cấp 4: Giữ độ chính xác khi thời gian bắt đầu siết lại.",Phải đạt từ 90% để mở khóa cấp độ tiếp theo của tuyến này.
NV-0643,PL-TOA-STA-L5-001,Khởi động: Thống kê & xử lý số liệu — cấp 5,Toán,Thống kê & xử lý số liệu,3,5,Khởi động,112,"Hoàn thành 14 câu chuyên đề ""Thống kê & xử lý số liệu"" trong khoảng 20 phút, lần lượt qua 3 chặng: khởi động → rèn luyện → bứt tốc. Đúng từ 10 câu là hoàn thành; đúng từ 12 câu được tính là thành thạo và cộng điểm lên cấp. Tinh thần cấp 5: Xử lý câu phân loại mà không mất nhịp.","Không giới hạn thời gian. Mục tiêu là làm đúng, chưa cần nhanh."
NV-0644,PL-TOA-STA-L5-002,Rèn kỹ năng: Thống kê & xử lý số liệu — cấp 5,Toán,Thống kê & xử lý số liệu,3,5,Rèn kỹ năng,160,"Hoàn thành 14 câu chuyên đề ""Thống kê & xử lý số liệu"" trong khoảng 16 phút, lần lượt qua 3 chặng: khởi động → rèn luyện → bứt tốc. Đúng từ 10 câu là hoàn thành; đúng từ 12 câu được tính là thành thạo và cộng điểm lên cấp. Tinh thần cấp 5: Xử lý câu phân loại mà không mất nhịp.","Hoàn thành đủ 3 chặng trong một lượt, không rời phiếu giữa chừng."
NV-0645,PL-TOA-STA-L5-003,Tốc độ: Thống kê & xử lý số liệu — cấp 5,Toán,Thống kê & xử lý số liệu,3,5,Tốc độ,176,"Hoàn thành 14 câu chuyên đề ""Thống kê & xử lý số liệu"" trong khoảng 12 phút, lần lượt qua 3 chặng: khởi động → rèn luyện → bứt tốc. Đúng từ 10 câu là hoàn thành; đúng từ 12 câu được tính là thành thạo và cộng điểm lên cấp. Tinh thần cấp 5: Xử lý câu phân loại mà không mất nhịp.",Thời gian bị siết còn 75% mức chuẩn. Quá giờ vẫn chấm nhưng không tính thành thạo.
NV-0646,PL-TOA-STA-L5-004,Chính xác: Thống kê & xử lý số liệu — cấp 5,Toán,Thống kê & xử lý số liệu,3,5,Chính xác,176,"Hoàn thành 14 câu chuyên đề ""Thống kê & xử lý số liệu"" trong khoảng 19 phút, lần lượt qua 3 chặng: khởi động → rèn luyện → bứt tốc. Đúng từ 10 câu là hoàn thành; đúng từ 12 câu được tính là thành thạo và cộng điểm lên cấp. Tinh thần cấp 5: Xử lý câu phân loại mà không mất nhịp.",Sai quá 2 câu là phải làm lại phiếu trước khi đi tiếp.
NV-0647,PL-TOA-STA-L5-005,Tổng hợp: Thống kê & xử lý số liệu — cấp 5,Toán,Thống kê & xử lý số liệu,3,5,Tổng hợp,184,"Hoàn thành 14 câu chuyên đề ""Thống kê & xử lý số liệu"" trong khoảng 16 phút, lần lượt qua 3 chặng: khởi động → rèn luyện → bứt tốc. Đúng từ 10 câu là hoàn thành; đúng từ 12 câu được tính là thành thạo và cộng điểm lên cấp. Tinh thần cấp 5: Xử lý câu phân loại mà không mất nhịp.",Không được biết trước dạng bài của từng câu.
NV-0648,PL-TOA-STA-L5-006,Ôn lại: Thống kê & xử lý số liệu — cấp 5,Toán,Thống kê & xử lý số liệu,3,5,Ôn lại,144,"Hoàn thành 14 câu chuyên đề ""Thống kê & xử lý số liệu"" trong khoảng 18 phút, lần lượt qua 3 chặng: khởi động → rèn luyện → bứt tốc. Đúng từ 10 câu là hoàn thành; đúng từ 12 câu được tính là thành thạo và cộng điểm lên cấp. Tinh thần cấp 5: Xử lý câu phân loại mà không mất nhịp.",Nên làm sau buổi học chính ít nhất một ngày.
NV-0649,PL-TOA-STA-L5-007,Khởi động: Thống kê & xử lý số liệu — cấp 5,Toán,Thống kê & xử lý số liệu,3,5,Khởi động,112,"Hoàn thành 14 câu chuyên đề ""Thống kê & xử lý số liệu"" trong khoảng 20 phút, lần lượt qua 3 chặng: khởi động → rèn luyện → bứt tốc. Đúng từ 10 câu là hoàn thành; đúng từ 12 câu được tính là thành thạo và cộng điểm lên cấp. Tinh thần cấp 5: Xử lý câu phân loại mà không mất nhịp.","Không giới hạn thời gian. Mục tiêu là làm đúng, chưa cần nhanh."
NV-0650,PL-TOA-STA-L5-008,Rèn kỹ năng: Thống kê & xử lý số liệu — cấp 5,Toán,Thống kê & xử lý số liệu,3,5,Rèn kỹ năng,160,"Hoàn thành 14 câu chuyên đề ""Thống kê & xử lý số liệu"" trong khoảng 16 phút, lần lượt qua 3 chặng: khởi động → rèn luyện → bứt tốc. Đúng từ 10 câu là hoàn thành; đúng từ 12 câu được tính là thành thạo và cộng điểm lên cấp. Tinh thần cấp 5: Xử lý câu phân loại mà không mất nhịp.","Hoàn thành đủ 3 chặng trong một lượt, không rời phiếu giữa chừng."
NV-0651,PL-TOA-STA-L5-009,Tốc độ: Thống kê & xử lý số liệu — cấp 5,Toán,Thống kê & xử lý số liệu,3,5,Tốc độ,176,"Hoàn thành 14 câu chuyên đề ""Thống kê & xử lý số liệu"" trong khoảng 12 phút, lần lượt qua 3 chặng: khởi động → rèn luyện → bứt tốc. Đúng từ 10 câu là hoàn thành; đúng từ 12 câu được tính là thành thạo và cộng điểm lên cấp. Tinh thần cấp 5: Xử lý câu phân loại mà không mất nhịp.",Thời gian bị siết còn 75% mức chuẩn. Quá giờ vẫn chấm nhưng không tính thành thạo.
NV-0652,PL-TOA-STA-L5-010,Chính xác: Thống kê & xử lý số liệu — cấp 5,Toán,Thống kê & xử lý số liệu,3,5,Chính xác,176,"Hoàn thành 14 câu chuyên đề ""Thống kê & xử lý số liệu"" trong khoảng 19 phút, lần lượt qua 3 chặng: khởi động → rèn luyện → bứt tốc. Đúng từ 10 câu là hoàn thành; đúng từ 12 câu được tính là thành thạo và cộng điểm lên cấp. Tinh thần cấp 5: Xử lý câu phân loại mà không mất nhịp.",Sai quá 2 câu là phải làm lại phiếu trước khi đi tiếp.
NV-0653,PL-TOA-STA-L5-011,Tổng hợp: Thống kê & xử lý số liệu — cấp 5,Toán,Thống kê & xử lý số liệu,3,5,Tổng hợp,184,"Hoàn thành 14 câu chuyên đề ""Thống kê & xử lý số liệu"" trong khoảng 16 phút, lần lượt qua 3 chặng: khởi động → rèn luyện → bứt tốc. Đúng từ 10 câu là hoàn thành; đúng từ 12 câu được tính là thành thạo và cộng điểm lên cấp. Tinh thần cấp 5: Xử lý câu phân loại mà không mất nhịp.",Không được biết trước dạng bài của từng câu.
NV-0654,PL-TOA-STA-L5-012,Ôn lại: Thống kê & xử lý số liệu — cấp 5,Toán,Thống kê & xử lý số liệu,3,5,Ôn lại,144,"Hoàn thành 14 câu chuyên đề ""Thống kê & xử lý số liệu"" trong khoảng 18 phút, lần lượt qua 3 chặng: khởi động → rèn luyện → bứt tốc. Đúng từ 10 câu là hoàn thành; đúng từ 12 câu được tính là thành thạo và cộng điểm lên cấp. Tinh thần cấp 5: Xử lý câu phân loại mà không mất nhịp.",Nên làm sau buổi học chính ít nhất một ngày.
NV-0655,PL-TOA-STA-L5-013,Khởi động: Thống kê & xử lý số liệu — cấp 5,Toán,Thống kê & xử lý số liệu,3,5,Khởi động,112,"Hoàn thành 14 câu chuyên đề ""Thống kê & xử lý số liệu"" trong khoảng 20 phút, lần lượt qua 3 chặng: khởi động → rèn luyện → bứt tốc. Đúng từ 10 câu là hoàn thành; đúng từ 12 câu được tính là thành thạo và cộng điểm lên cấp. Tinh thần cấp 5: Xử lý câu phân loại mà không mất nhịp.","Không giới hạn thời gian. Mục tiêu là làm đúng, chưa cần nhanh."
NV-0656,PL-TOA-STA-L5-014,Thử thách: Thống kê & xử lý số liệu — cấp 5,Toán,Thống kê & xử lý số liệu,3,5,Thử thách,224,"Hoàn thành 14 câu chuyên đề ""Thống kê & xử lý số liệu"" trong khoảng 16 phút, lần lượt qua 3 chặng: khởi động → rèn luyện → bứt tốc. Đúng từ 10 câu là hoàn thành; đúng từ 12 câu được tính là thành thạo và cộng điểm lên cấp. Tinh thần cấp 5: Xử lý câu phân loại mà không mất nhịp.",Đạt từ 85% mới được tính là vượt thử thách.
NV-0657,PL-TOA-STA-L5-015,Vượt ải: Thống kê & xử lý số liệu — cấp 5,Toán,Thống kê & xử lý số liệu,3,5,Vượt ải,288,"Hoàn thành 14 câu chuyên đề ""Thống kê & xử lý số liệu"" trong khoảng 16 phút, lần lượt qua 3 chặng: khởi động → rèn luyện → bứt tốc. Đúng từ 10 câu là hoàn thành; đúng từ 13 câu được tính là thành thạo và cộng điểm lên cấp. Tinh thần cấp 5: Xử lý câu phân loại mà không mất nhịp.",Phải đạt từ 90% để mở khóa cấp độ tiếp theo của tuyến này.
NV-0658,PL-TOA-STA-L6-001,Khởi động: Thống kê & xử lý số liệu — cấp 6,Toán,Thống kê & xử lý số liệu,3,6,Khởi động,154,"Hoàn thành 15 câu chuyên đề ""Thống kê & xử lý số liệu"" trong khoảng 19 phút, lần lượt qua 3 chặng: khởi động → rèn luyện → bứt tốc. Đúng từ 11 câu là hoàn thành; đúng từ 13 câu được tính là thành thạo và cộng điểm lên cấp. Tinh thần cấp 6: Tốc độ và độ chính xác của nhóm dẫn đầu phổ điểm.","Không giới hạn thời gian. Mục tiêu là làm đúng, chưa cần nhanh."
NV-0659,PL-TOA-STA-L6-002,Rèn kỹ năng: Thống kê & xử lý số liệu — cấp 6,Toán,Thống kê & xử lý số liệu,3,6,Rèn kỹ năng,220,"Hoàn thành 15 câu chuyên đề ""Thống kê & xử lý số liệu"" trong khoảng 15 phút, lần lượt qua 3 chặng: khởi động → rèn luyện → bứt tốc. Đúng từ 11 câu là hoàn thành; đúng từ 13 câu được tính là thành thạo và cộng điểm lên cấp. Tinh thần cấp 6: Tốc độ và độ chính xác của nhóm dẫn đầu phổ điểm.","Hoàn thành đủ 3 chặng trong một lượt, không rời phiếu giữa chừng."
NV-0660,PL-TOA-STA-L6-003,Tốc độ: Thống kê & xử lý số liệu — cấp 6,Toán,Thống kê & xử lý số liệu,3,6,Tốc độ,242,"Hoàn thành 15 câu chuyên đề ""Thống kê & xử lý số liệu"" trong khoảng 11 phút, lần lượt qua 3 chặng: khởi động → rèn luyện → bứt tốc. Đúng từ 11 câu là hoàn thành; đúng từ 13 câu được tính là thành thạo và cộng điểm lên cấp. Tinh thần cấp 6: Tốc độ và độ chính xác của nhóm dẫn đầu phổ điểm.",Thời gian bị siết còn 75% mức chuẩn. Quá giờ vẫn chấm nhưng không tính thành thạo.
NV-0661,PL-TOA-STA-L6-004,Chính xác: Thống kê & xử lý số liệu — cấp 6,Toán,Thống kê & xử lý số liệu,3,6,Chính xác,242,"Hoàn thành 15 câu chuyên đề ""Thống kê & xử lý số liệu"" trong khoảng 17 phút, lần lượt qua 3 chặng: khởi động → rèn luyện → bứt tốc. Đúng từ 11 câu là hoàn thành; đúng từ 13 câu được tính là thành thạo và cộng điểm lên cấp. Tinh thần cấp 6: Tốc độ và độ chính xác của nhóm dẫn đầu phổ điểm.",Sai quá 2 câu là phải làm lại phiếu trước khi đi tiếp.
NV-0662,PL-TOA-STA-L6-005,Tổng hợp: Thống kê & xử lý số liệu — cấp 6,Toán,Thống kê & xử lý số liệu,3,6,Tổng hợp,253,"Hoàn thành 15 câu chuyên đề ""Thống kê & xử lý số liệu"" trong khoảng 15 phút, lần lượt qua 3 chặng: khởi động → rèn luyện → bứt tốc. Đúng từ 11 câu là hoàn thành; đúng từ 13 câu được tính là thành thạo và cộng điểm lên cấp. Tinh thần cấp 6: Tốc độ và độ chính xác của nhóm dẫn đầu phổ điểm.",Không được biết trước dạng bài của từng câu.
NV-0663,PL-TOA-STA-L6-006,Ôn lại: Thống kê & xử lý số liệu — cấp 6,Toán,Thống kê & xử lý số liệu,3,6,Ôn lại,198,"Hoàn thành 15 câu chuyên đề ""Thống kê & xử lý số liệu"" trong khoảng 17 phút, lần lượt qua 3 chặng: khởi động → rèn luyện → bứt tốc. Đúng từ 11 câu là hoàn thành; đúng từ 13 câu được tính là thành thạo và cộng điểm lên cấp. Tinh thần cấp 6: Tốc độ và độ chính xác của nhóm dẫn đầu phổ điểm.",Nên làm sau buổi học chính ít nhất một ngày.
NV-0664,PL-TOA-STA-L6-007,Khởi động: Thống kê & xử lý số liệu — cấp 6,Toán,Thống kê & xử lý số liệu,3,6,Khởi động,154,"Hoàn thành 15 câu chuyên đề ""Thống kê & xử lý số liệu"" trong khoảng 19 phút, lần lượt qua 3 chặng: khởi động → rèn luyện → bứt tốc. Đúng từ 11 câu là hoàn thành; đúng từ 13 câu được tính là thành thạo và cộng điểm lên cấp. Tinh thần cấp 6: Tốc độ và độ chính xác của nhóm dẫn đầu phổ điểm.","Không giới hạn thời gian. Mục tiêu là làm đúng, chưa cần nhanh."
NV-0665,PL-TOA-STA-L6-008,Rèn kỹ năng: Thống kê & xử lý số liệu — cấp 6,Toán,Thống kê & xử lý số liệu,3,6,Rèn kỹ năng,220,"Hoàn thành 15 câu chuyên đề ""Thống kê & xử lý số liệu"" trong khoảng 15 phút, lần lượt qua 3 chặng: khởi động → rèn luyện → bứt tốc. Đúng từ 11 câu là hoàn thành; đúng từ 13 câu được tính là thành thạo và cộng điểm lên cấp. Tinh thần cấp 6: Tốc độ và độ chính xác của nhóm dẫn đầu phổ điểm.","Hoàn thành đủ 3 chặng trong một lượt, không rời phiếu giữa chừng."
NV-0666,PL-TOA-STA-L6-009,Tốc độ: Thống kê & xử lý số liệu — cấp 6,Toán,Thống kê & xử lý số liệu,3,6,Tốc độ,242,"Hoàn thành 15 câu chuyên đề ""Thống kê & xử lý số liệu"" trong khoảng 11 phút, lần lượt qua 3 chặng: khởi động → rèn luyện → bứt tốc. Đúng từ 11 câu là hoàn thành; đúng từ 13 câu được tính là thành thạo và cộng điểm lên cấp. Tinh thần cấp 6: Tốc độ và độ chính xác của nhóm dẫn đầu phổ điểm.",Thời gian bị siết còn 75% mức chuẩn. Quá giờ vẫn chấm nhưng không tính thành thạo.
NV-0667,PL-TOA-STA-L6-010,Thử thách: Thống kê & xử lý số liệu — cấp 6,Toán,Thống kê & xử lý số liệu,3,6,Thử thách,308,"Hoàn thành 15 câu chuyên đề ""Thống kê & xử lý số liệu"" trong khoảng 15 phút, lần lượt qua 3 chặng: khởi động → rèn luyện → bứt tốc. Đúng từ 11 câu là hoàn thành; đúng từ 13 câu được tính là thành thạo và cộng điểm lên cấp. Tinh thần cấp 6: Tốc độ và độ chính xác của nhóm dẫn đầu phổ điểm.",Đạt từ 85% mới được tính là vượt thử thách.
NV-0668,PL-TOA-STA-L6-011,Vượt ải: Thống kê & xử lý số liệu — cấp 6,Toán,Thống kê & xử lý số liệu,3,6,Vượt ải,396,"Hoàn thành 15 câu chuyên đề ""Thống kê & xử lý số liệu"" trong khoảng 14 phút, lần lượt qua 3 chặng: khởi động → rèn luyện → bứt tốc. Đúng từ 11 câu là hoàn thành; đúng từ 14 câu được tính là thành thạo và cộng điểm lên cấp. Tinh thần cấp 6: Tốc độ và độ chính xác của nhóm dẫn đầu phổ điểm.",Phải đạt từ 90% để mở khóa cấp độ tiếp theo của tuyến này.
NV-0669,PL-VAN-REA-L1-001,Khởi động: Đọc hiểu văn bản — cấp 1,Văn,Đọc hiểu văn bản,1,1,Khởi động,28,"Hoàn thành 8 câu chuyên đề ""Đọc hiểu văn bản"" trong khoảng 10 phút, lần lượt qua 3 chặng: khởi động → rèn luyện → bứt tốc. Đúng từ 6 câu là hoàn thành; đúng từ 7 câu được tính là thành thạo và cộng điểm lên cấp. Tinh thần cấp 1: Nhận diện dạng bài và nhớ lại công thức nền.","Không giới hạn thời gian. Mục tiêu là làm đúng, chưa cần nhanh."
NV-0670,PL-VAN-REA-L1-002,Rèn kỹ năng: Đọc hiểu văn bản — cấp 1,Văn,Đọc hiểu văn bản,1,1,Rèn kỹ năng,40,"Hoàn thành 8 câu chuyên đề ""Đọc hiểu văn bản"" trong khoảng 8 phút, lần lượt qua 3 chặng: khởi động → rèn luyện → bứt tốc. Đúng từ 6 câu là hoàn thành; đúng từ 7 câu được tính là thành thạo và cộng điểm lên cấp. Tinh thần cấp 1: Nhận diện dạng bài và nhớ lại công thức nền.","Hoàn thành đủ 3 chặng trong một lượt, không rời phiếu giữa chừng."
NV-0671,PL-VAN-REA-L1-003,Tốc độ: Đọc hiểu văn bản — cấp 1,Văn,Đọc hiểu văn bản,1,1,Tốc độ,44,"Hoàn thành 8 câu chuyên đề ""Đọc hiểu văn bản"" trong khoảng 6 phút, lần lượt qua 3 chặng: khởi động → rèn luyện → bứt tốc. Đúng từ 6 câu là hoàn thành; đúng từ 7 câu được tính là thành thạo và cộng điểm lên cấp. Tinh thần cấp 1: Nhận diện dạng bài và nhớ lại công thức nền.",Thời gian bị siết còn 75% mức chuẩn. Quá giờ vẫn chấm nhưng không tính thành thạo.
NV-0672,PL-VAN-REA-L1-004,Chính xác: Đọc hiểu văn bản — cấp 1,Văn,Đọc hiểu văn bản,1,1,Chính xác,44,"Hoàn thành 8 câu chuyên đề ""Đọc hiểu văn bản"" trong khoảng 9 phút, lần lượt qua 3 chặng: khởi động → rèn luyện → bứt tốc. Đúng từ 6 câu là hoàn thành; đúng từ 7 câu được tính là thành thạo và cộng điểm lên cấp. Tinh thần cấp 1: Nhận diện dạng bài và nhớ lại công thức nền.",Sai quá 2 câu là phải làm lại phiếu trước khi đi tiếp.
NV-0673,PL-VAN-REA-L1-005,Tổng hợp: Đọc hiểu văn bản — cấp 1,Văn,Đọc hiểu văn bản,1,1,Tổng hợp,46,"Hoàn thành 8 câu chuyên đề ""Đọc hiểu văn bản"" trong khoảng 8 phút, lần lượt qua 3 chặng: khởi động → rèn luyện → bứt tốc. Đúng từ 6 câu là hoàn thành; đúng từ 7 câu được tính là thành thạo và cộng điểm lên cấp. Tinh thần cấp 1: Nhận diện dạng bài và nhớ lại công thức nền.",Không được biết trước dạng bài của từng câu.
NV-0674,PL-VAN-REA-L1-006,Ôn lại: Đọc hiểu văn bản — cấp 1,Văn,Đọc hiểu văn bản,1,1,Ôn lại,36,"Hoàn thành 8 câu chuyên đề ""Đọc hiểu văn bản"" trong khoảng 9 phút, lần lượt qua 3 chặng: khởi động → rèn luyện → bứt tốc. Đúng từ 6 câu là hoàn thành; đúng từ 7 câu được tính là thành thạo và cộng điểm lên cấp. Tinh thần cấp 1: Nhận diện dạng bài và nhớ lại công thức nền.",Nên làm sau buổi học chính ít nhất một ngày.
NV-0675,PL-VAN-REA-L1-007,Khởi động: Đọc hiểu văn bản — cấp 1,Văn,Đọc hiểu văn bản,1,1,Khởi động,28,"Hoàn thành 8 câu chuyên đề ""Đọc hiểu văn bản"" trong khoảng 10 phút, lần lượt qua 3 chặng: khởi động → rèn luyện → bứt tốc. Đúng từ 6 câu là hoàn thành; đúng từ 7 câu được tính là thành thạo và cộng điểm lên cấp. Tinh thần cấp 1: Nhận diện dạng bài và nhớ lại công thức nền.","Không giới hạn thời gian. Mục tiêu là làm đúng, chưa cần nhanh."
NV-0676,PL-VAN-REA-L1-008,Rèn kỹ năng: Đọc hiểu văn bản — cấp 1,Văn,Đọc hiểu văn bản,1,1,Rèn kỹ năng,40,"Hoàn thành 8 câu chuyên đề ""Đọc hiểu văn bản"" trong khoảng 8 phút, lần lượt qua 3 chặng: khởi động → rèn luyện → bứt tốc. Đúng từ 6 câu là hoàn thành; đúng từ 7 câu được tính là thành thạo và cộng điểm lên cấp. Tinh thần cấp 1: Nhận diện dạng bài và nhớ lại công thức nền.","Hoàn thành đủ 3 chặng trong một lượt, không rời phiếu giữa chừng."
NV-0677,PL-VAN-REA-L1-009,Tốc độ: Đọc hiểu văn bản — cấp 1,Văn,Đọc hiểu văn bản,1,1,Tốc độ,44,"Hoàn thành 8 câu chuyên đề ""Đọc hiểu văn bản"" trong khoảng 6 phút, lần lượt qua 3 chặng: khởi động → rèn luyện → bứt tốc. Đúng từ 6 câu là hoàn thành; đúng từ 7 câu được tính là thành thạo và cộng điểm lên cấp. Tinh thần cấp 1: Nhận diện dạng bài và nhớ lại công thức nền.",Thời gian bị siết còn 75% mức chuẩn. Quá giờ vẫn chấm nhưng không tính thành thạo.
NV-0678,PL-VAN-REA-L1-010,Chính xác: Đọc hiểu văn bản — cấp 1,Văn,Đọc hiểu văn bản,1,1,Chính xác,44,"Hoàn thành 8 câu chuyên đề ""Đọc hiểu văn bản"" trong khoảng 9 phút, lần lượt qua 3 chặng: khởi động → rèn luyện → bứt tốc. Đúng từ 6 câu là hoàn thành; đúng từ 7 câu được tính là thành thạo và cộng điểm lên cấp. Tinh thần cấp 1: Nhận diện dạng bài và nhớ lại công thức nền.",Sai quá 2 câu là phải làm lại phiếu trước khi đi tiếp.
NV-0679,PL-VAN-REA-L1-011,Tổng hợp: Đọc hiểu văn bản — cấp 1,Văn,Đọc hiểu văn bản,1,1,Tổng hợp,46,"Hoàn thành 8 câu chuyên đề ""Đọc hiểu văn bản"" trong khoảng 8 phút, lần lượt qua 3 chặng: khởi động → rèn luyện → bứt tốc. Đúng từ 6 câu là hoàn thành; đúng từ 7 câu được tính là thành thạo và cộng điểm lên cấp. Tinh thần cấp 1: Nhận diện dạng bài và nhớ lại công thức nền.",Không được biết trước dạng bài của từng câu.
NV-0680,PL-VAN-REA-L1-012,Ôn lại: Đọc hiểu văn bản — cấp 1,Văn,Đọc hiểu văn bản,1,1,Ôn lại,36,"Hoàn thành 8 câu chuyên đề ""Đọc hiểu văn bản"" trong khoảng 9 phút, lần lượt qua 3 chặng: khởi động → rèn luyện → bứt tốc. Đúng từ 6 câu là hoàn thành; đúng từ 7 câu được tính là thành thạo và cộng điểm lên cấp. Tinh thần cấp 1: Nhận diện dạng bài và nhớ lại công thức nền.",Nên làm sau buổi học chính ít nhất một ngày.
NV-0681,PL-VAN-REA-L1-013,Khởi động: Đọc hiểu văn bản — cấp 1,Văn,Đọc hiểu văn bản,1,1,Khởi động,28,"Hoàn thành 8 câu chuyên đề ""Đọc hiểu văn bản"" trong khoảng 10 phút, lần lượt qua 3 chặng: khởi động → rèn luyện → bứt tốc. Đúng từ 6 câu là hoàn thành; đúng từ 7 câu được tính là thành thạo và cộng điểm lên cấp. Tinh thần cấp 1: Nhận diện dạng bài và nhớ lại công thức nền.","Không giới hạn thời gian. Mục tiêu là làm đúng, chưa cần nhanh."
NV-0682,PL-VAN-REA-L1-014,Rèn kỹ năng: Đọc hiểu văn bản — cấp 1,Văn,Đọc hiểu văn bản,1,1,Rèn kỹ năng,40,"Hoàn thành 8 câu chuyên đề ""Đọc hiểu văn bản"" trong khoảng 8 phút, lần lượt qua 3 chặng: khởi động → rèn luyện → bứt tốc. Đúng từ 6 câu là hoàn thành; đúng từ 7 câu được tính là thành thạo và cộng điểm lên cấp. Tinh thần cấp 1: Nhận diện dạng bài và nhớ lại công thức nền.","Hoàn thành đủ 3 chặng trong một lượt, không rời phiếu giữa chừng."
NV-0683,PL-VAN-REA-L1-015,Tốc độ: Đọc hiểu văn bản — cấp 1,Văn,Đọc hiểu văn bản,1,1,Tốc độ,44,"Hoàn thành 8 câu chuyên đề ""Đọc hiểu văn bản"" trong khoảng 6 phút, lần lượt qua 3 chặng: khởi động → rèn luyện → bứt tốc. Đúng từ 6 câu là hoàn thành; đúng từ 7 câu được tính là thành thạo và cộng điểm lên cấp. Tinh thần cấp 1: Nhận diện dạng bài và nhớ lại công thức nền.",Thời gian bị siết còn 75% mức chuẩn. Quá giờ vẫn chấm nhưng không tính thành thạo.
NV-0684,PL-VAN-REA-L1-016,Chính xác: Đọc hiểu văn bản — cấp 1,Văn,Đọc hiểu văn bản,1,1,Chính xác,44,"Hoàn thành 8 câu chuyên đề ""Đọc hiểu văn bản"" trong khoảng 9 phút, lần lượt qua 3 chặng: khởi động → rèn luyện → bứt tốc. Đúng từ 6 câu là hoàn thành; đúng từ 7 câu được tính là thành thạo và cộng điểm lên cấp. Tinh thần cấp 1: Nhận diện dạng bài và nhớ lại công thức nền.",Sai quá 2 câu là phải làm lại phiếu trước khi đi tiếp.
NV-0685,PL-VAN-REA-L1-017,Tổng hợp: Đọc hiểu văn bản — cấp 1,Văn,Đọc hiểu văn bản,1,1,Tổng hợp,46,"Hoàn thành 8 câu chuyên đề ""Đọc hiểu văn bản"" trong khoảng 8 phút, lần lượt qua 3 chặng: khởi động → rèn luyện → bứt tốc. Đúng từ 6 câu là hoàn thành; đúng từ 7 câu được tính là thành thạo và cộng điểm lên cấp. Tinh thần cấp 1: Nhận diện dạng bài và nhớ lại công thức nền.",Không được biết trước dạng bài của từng câu.
NV-0686,PL-VAN-REA-L1-018,Ôn lại: Đọc hiểu văn bản — cấp 1,Văn,Đọc hiểu văn bản,1,1,Ôn lại,36,"Hoàn thành 8 câu chuyên đề ""Đọc hiểu văn bản"" trong khoảng 9 phút, lần lượt qua 3 chặng: khởi động → rèn luyện → bứt tốc. Đúng từ 6 câu là hoàn thành; đúng từ 7 câu được tính là thành thạo và cộng điểm lên cấp. Tinh thần cấp 1: Nhận diện dạng bài và nhớ lại công thức nền.",Nên làm sau buổi học chính ít nhất một ngày.
NV-0687,PL-VAN-REA-L1-019,Khởi động: Đọc hiểu văn bản — cấp 1,Văn,Đọc hiểu văn bản,1,1,Khởi động,28,"Hoàn thành 8 câu chuyên đề ""Đọc hiểu văn bản"" trong khoảng 10 phút, lần lượt qua 3 chặng: khởi động → rèn luyện → bứt tốc. Đúng từ 6 câu là hoàn thành; đúng từ 7 câu được tính là thành thạo và cộng điểm lên cấp. Tinh thần cấp 1: Nhận diện dạng bài và nhớ lại công thức nền.","Không giới hạn thời gian. Mục tiêu là làm đúng, chưa cần nhanh."
NV-0688,PL-VAN-REA-L1-020,Rèn kỹ năng: Đọc hiểu văn bản — cấp 1,Văn,Đọc hiểu văn bản,1,1,Rèn kỹ năng,40,"Hoàn thành 8 câu chuyên đề ""Đọc hiểu văn bản"" trong khoảng 8 phút, lần lượt qua 3 chặng: khởi động → rèn luyện → bứt tốc. Đúng từ 6 câu là hoàn thành; đúng từ 7 câu được tính là thành thạo và cộng điểm lên cấp. Tinh thần cấp 1: Nhận diện dạng bài và nhớ lại công thức nền.","Hoàn thành đủ 3 chặng trong một lượt, không rời phiếu giữa chừng."
NV-0689,PL-VAN-REA-L1-021,Tốc độ: Đọc hiểu văn bản — cấp 1,Văn,Đọc hiểu văn bản,1,1,Tốc độ,44,"Hoàn thành 8 câu chuyên đề ""Đọc hiểu văn bản"" trong khoảng 6 phút, lần lượt qua 3 chặng: khởi động → rèn luyện → bứt tốc. Đúng từ 6 câu là hoàn thành; đúng từ 7 câu được tính là thành thạo và cộng điểm lên cấp. Tinh thần cấp 1: Nhận diện dạng bài và nhớ lại công thức nền.",Thời gian bị siết còn 75% mức chuẩn. Quá giờ vẫn chấm nhưng không tính thành thạo.
NV-0690,PL-VAN-REA-L1-022,Chính xác: Đọc hiểu văn bản — cấp 1,Văn,Đọc hiểu văn bản,1,1,Chính xác,44,"Hoàn thành 8 câu chuyên đề ""Đọc hiểu văn bản"" trong khoảng 9 phút, lần lượt qua 3 chặng: khởi động → rèn luyện → bứt tốc. Đúng từ 6 câu là hoàn thành; đúng từ 7 câu được tính là thành thạo và cộng điểm lên cấp. Tinh thần cấp 1: Nhận diện dạng bài và nhớ lại công thức nền.",Sai quá 2 câu là phải làm lại phiếu trước khi đi tiếp.
NV-0691,PL-VAN-REA-L1-023,Tổng hợp: Đọc hiểu văn bản — cấp 1,Văn,Đọc hiểu văn bản,1,1,Tổng hợp,46,"Hoàn thành 8 câu chuyên đề ""Đọc hiểu văn bản"" trong khoảng 8 phút, lần lượt qua 3 chặng: khởi động → rèn luyện → bứt tốc. Đúng từ 6 câu là hoàn thành; đúng từ 7 câu được tính là thành thạo và cộng điểm lên cấp. Tinh thần cấp 1: Nhận diện dạng bài và nhớ lại công thức nền.",Không được biết trước dạng bài của từng câu.
NV-0692,PL-VAN-REA-L1-024,Ôn lại: Đọc hiểu văn bản — cấp 1,Văn,Đọc hiểu văn bản,1,1,Ôn lại,36,"Hoàn thành 8 câu chuyên đề ""Đọc hiểu văn bản"" trong khoảng 9 phút, lần lượt qua 3 chặng: khởi động → rèn luyện → bứt tốc. Đúng từ 6 câu là hoàn thành; đúng từ 7 câu được tính là thành thạo và cộng điểm lên cấp. Tinh thần cấp 1: Nhận diện dạng bài và nhớ lại công thức nền.",Nên làm sau buổi học chính ít nhất một ngày.
NV-0693,PL-VAN-REA-L1-025,Thử thách: Đọc hiểu văn bản — cấp 1,Văn,Đọc hiểu văn bản,1,1,Thử thách,56,"Hoàn thành 8 câu chuyên đề ""Đọc hiểu văn bản"" trong khoảng 8 phút, lần lượt qua 3 chặng: khởi động → rèn luyện → bứt tốc. Đúng từ 6 câu là hoàn thành; đúng từ 7 câu được tính là thành thạo và cộng điểm lên cấp. Tinh thần cấp 1: Nhận diện dạng bài và nhớ lại công thức nền.",Đạt từ 85% mới được tính là vượt thử thách.
NV-0694,PL-VAN-REA-L1-026,Vượt ải: Đọc hiểu văn bản — cấp 1,Văn,Đọc hiểu văn bản,1,1,Vượt ải,72,"Hoàn thành 8 câu chuyên đề ""Đọc hiểu văn bản"" trong khoảng 8 phút, lần lượt qua 3 chặng: khởi động → rèn luyện → bứt tốc. Đúng từ 6 câu là hoàn thành; đúng từ 8 câu được tính là thành thạo và cộng điểm lên cấp. Tinh thần cấp 1: Nhận diện dạng bài và nhớ lại công thức nền.",Phải đạt từ 90% để mở khóa cấp độ tiếp theo của tuyến này.
NV-0695,PL-VAN-REA-L2-001,Khởi động: Đọc hiểu văn bản — cấp 2,Văn,Đọc hiểu văn bản,1,2,Khởi động,42,"Hoàn thành 10 câu chuyên đề ""Đọc hiểu văn bản"" trong khoảng 15 phút, lần lượt qua 3 chặng: khởi động → rèn luyện → bứt tốc. Đúng từ 7 câu là hoàn thành; đúng từ 9 câu được tính là thành thạo và cộng điểm lên cấp. Tinh thần cấp 2: Làm đúng dạng chuẩn mà không cần nhìn gợi ý.","Không giới hạn thời gian. Mục tiêu là làm đúng, chưa cần nhanh."
NV-0696,PL-VAN-REA-L2-002,Rèn kỹ năng: Đọc hiểu văn bản — cấp 2,Văn,Đọc hiểu văn bản,1,2,Rèn kỹ năng,60,"Hoàn thành 10 câu chuyên đề ""Đọc hiểu văn bản"" trong khoảng 12 phút, lần lượt qua 3 chặng: khởi động → rèn luyện → bứt tốc. Đúng từ 7 câu là hoàn thành; đúng từ 9 câu được tính là thành thạo và cộng điểm lên cấp. Tinh thần cấp 2: Làm đúng dạng chuẩn mà không cần nhìn gợi ý.","Hoàn thành đủ 3 chặng trong một lượt, không rời phiếu giữa chừng."
NV-0697,PL-VAN-REA-L2-003,Tốc độ: Đọc hiểu văn bản — cấp 2,Văn,Đọc hiểu văn bản,1,2,Tốc độ,66,"Hoàn thành 10 câu chuyên đề ""Đọc hiểu văn bản"" trong khoảng 9 phút, lần lượt qua 3 chặng: khởi động → rèn luyện → bứt tốc. Đúng từ 7 câu là hoàn thành; đúng từ 9 câu được tính là thành thạo và cộng điểm lên cấp. Tinh thần cấp 2: Làm đúng dạng chuẩn mà không cần nhìn gợi ý.",Thời gian bị siết còn 75% mức chuẩn. Quá giờ vẫn chấm nhưng không tính thành thạo.
NV-0698,PL-VAN-REA-L2-004,Chính xác: Đọc hiểu văn bản — cấp 2,Văn,Đọc hiểu văn bản,1,2,Chính xác,66,"Hoàn thành 10 câu chuyên đề ""Đọc hiểu văn bản"" trong khoảng 13 phút, lần lượt qua 3 chặng: khởi động → rèn luyện → bứt tốc. Đúng từ 7 câu là hoàn thành; đúng từ 9 câu được tính là thành thạo và cộng điểm lên cấp. Tinh thần cấp 2: Làm đúng dạng chuẩn mà không cần nhìn gợi ý.",Sai quá 2 câu là phải làm lại phiếu trước khi đi tiếp.
NV-0699,PL-VAN-REA-L2-005,Tổng hợp: Đọc hiểu văn bản — cấp 2,Văn,Đọc hiểu văn bản,1,2,Tổng hợp,69,"Hoàn thành 10 câu chuyên đề ""Đọc hiểu văn bản"" trong khoảng 12 phút, lần lượt qua 3 chặng: khởi động → rèn luyện → bứt tốc. Đúng từ 7 câu là hoàn thành; đúng từ 9 câu được tính là thành thạo và cộng điểm lên cấp. Tinh thần cấp 2: Làm đúng dạng chuẩn mà không cần nhìn gợi ý.",Không được biết trước dạng bài của từng câu.
NV-0700,PL-VAN-REA-L2-006,Ôn lại: Đọc hiểu văn bản — cấp 2,Văn,Đọc hiểu văn bản,1,2,Ôn lại,54,"Hoàn thành 10 câu chuyên đề ""Đọc hiểu văn bản"" trong khoảng 13 phút, lần lượt qua 3 chặng: khởi động → rèn luyện → bứt tốc. Đúng từ 7 câu là hoàn thành; đúng từ 9 câu được tính là thành thạo và cộng điểm lên cấp. Tinh thần cấp 2: Làm đúng dạng chuẩn mà không cần nhìn gợi ý.",Nên làm sau buổi học chính ít nhất một ngày.
NV-0701,PL-VAN-REA-L2-007,Khởi động: Đọc hiểu văn bản — cấp 2,Văn,Đọc hiểu văn bản,1,2,Khởi động,42,"Hoàn thành 10 câu chuyên đề ""Đọc hiểu văn bản"" trong khoảng 15 phút, lần lượt qua 3 chặng: khởi động → rèn luyện → bứt tốc. Đúng từ 7 câu là hoàn thành; đúng từ 9 câu được tính là thành thạo và cộng điểm lên cấp. Tinh thần cấp 2: Làm đúng dạng chuẩn mà không cần nhìn gợi ý.","Không giới hạn thời gian. Mục tiêu là làm đúng, chưa cần nhanh."
NV-0702,PL-VAN-REA-L2-008,Rèn kỹ năng: Đọc hiểu văn bản — cấp 2,Văn,Đọc hiểu văn bản,1,2,Rèn kỹ năng,60,"Hoàn thành 10 câu chuyên đề ""Đọc hiểu văn bản"" trong khoảng 12 phút, lần lượt qua 3 chặng: khởi động → rèn luyện → bứt tốc. Đúng từ 7 câu là hoàn thành; đúng từ 9 câu được tính là thành thạo và cộng điểm lên cấp. Tinh thần cấp 2: Làm đúng dạng chuẩn mà không cần nhìn gợi ý.","Hoàn thành đủ 3 chặng trong một lượt, không rời phiếu giữa chừng."
NV-0703,PL-VAN-REA-L2-009,Tốc độ: Đọc hiểu văn bản — cấp 2,Văn,Đọc hiểu văn bản,1,2,Tốc độ,66,"Hoàn thành 10 câu chuyên đề ""Đọc hiểu văn bản"" trong khoảng 9 phút, lần lượt qua 3 chặng: khởi động → rèn luyện → bứt tốc. Đúng từ 7 câu là hoàn thành; đúng từ 9 câu được tính là thành thạo và cộng điểm lên cấp. Tinh thần cấp 2: Làm đúng dạng chuẩn mà không cần nhìn gợi ý.",Thời gian bị siết còn 75% mức chuẩn. Quá giờ vẫn chấm nhưng không tính thành thạo.
NV-0704,PL-VAN-REA-L2-010,Chính xác: Đọc hiểu văn bản — cấp 2,Văn,Đọc hiểu văn bản,1,2,Chính xác,66,"Hoàn thành 10 câu chuyên đề ""Đọc hiểu văn bản"" trong khoảng 13 phút, lần lượt qua 3 chặng: khởi động → rèn luyện → bứt tốc. Đúng từ 7 câu là hoàn thành; đúng từ 9 câu được tính là thành thạo và cộng điểm lên cấp. Tinh thần cấp 2: Làm đúng dạng chuẩn mà không cần nhìn gợi ý.",Sai quá 2 câu là phải làm lại phiếu trước khi đi tiếp.
NV-0705,PL-VAN-REA-L2-011,Tổng hợp: Đọc hiểu văn bản — cấp 2,Văn,Đọc hiểu văn bản,1,2,Tổng hợp,69,"Hoàn thành 10 câu chuyên đề ""Đọc hiểu văn bản"" trong khoảng 12 phút, lần lượt qua 3 chặng: khởi động → rèn luyện → bứt tốc. Đúng từ 7 câu là hoàn thành; đúng từ 9 câu được tính là thành thạo và cộng điểm lên cấp. Tinh thần cấp 2: Làm đúng dạng chuẩn mà không cần nhìn gợi ý.",Không được biết trước dạng bài của từng câu.
NV-0706,PL-VAN-REA-L2-012,Ôn lại: Đọc hiểu văn bản — cấp 2,Văn,Đọc hiểu văn bản,1,2,Ôn lại,54,"Hoàn thành 10 câu chuyên đề ""Đọc hiểu văn bản"" trong khoảng 13 phút, lần lượt qua 3 chặng: khởi động → rèn luyện → bứt tốc. Đúng từ 7 câu là hoàn thành; đúng từ 9 câu được tính là thành thạo và cộng điểm lên cấp. Tinh thần cấp 2: Làm đúng dạng chuẩn mà không cần nhìn gợi ý.",Nên làm sau buổi học chính ít nhất một ngày.
NV-0707,PL-VAN-REA-L2-013,Khởi động: Đọc hiểu văn bản — cấp 2,Văn,Đọc hiểu văn bản,1,2,Khởi động,42,"Hoàn thành 10 câu chuyên đề ""Đọc hiểu văn bản"" trong khoảng 15 phút, lần lượt qua 3 chặng: khởi động → rèn luyện → bứt tốc. Đúng từ 7 câu là hoàn thành; đúng từ 9 câu được tính là thành thạo và cộng điểm lên cấp. Tinh thần cấp 2: Làm đúng dạng chuẩn mà không cần nhìn gợi ý.","Không giới hạn thời gian. Mục tiêu là làm đúng, chưa cần nhanh."
NV-0708,PL-VAN-REA-L2-014,Rèn kỹ năng: Đọc hiểu văn bản — cấp 2,Văn,Đọc hiểu văn bản,1,2,Rèn kỹ năng,60,"Hoàn thành 10 câu chuyên đề ""Đọc hiểu văn bản"" trong khoảng 12 phút, lần lượt qua 3 chặng: khởi động → rèn luyện → bứt tốc. Đúng từ 7 câu là hoàn thành; đúng từ 9 câu được tính là thành thạo và cộng điểm lên cấp. Tinh thần cấp 2: Làm đúng dạng chuẩn mà không cần nhìn gợi ý.","Hoàn thành đủ 3 chặng trong một lượt, không rời phiếu giữa chừng."
NV-0709,PL-VAN-REA-L2-015,Tốc độ: Đọc hiểu văn bản — cấp 2,Văn,Đọc hiểu văn bản,1,2,Tốc độ,66,"Hoàn thành 10 câu chuyên đề ""Đọc hiểu văn bản"" trong khoảng 9 phút, lần lượt qua 3 chặng: khởi động → rèn luyện → bứt tốc. Đúng từ 7 câu là hoàn thành; đúng từ 9 câu được tính là thành thạo và cộng điểm lên cấp. Tinh thần cấp 2: Làm đúng dạng chuẩn mà không cần nhìn gợi ý.",Thời gian bị siết còn 75% mức chuẩn. Quá giờ vẫn chấm nhưng không tính thành thạo.
NV-0710,PL-VAN-REA-L2-016,Chính xác: Đọc hiểu văn bản — cấp 2,Văn,Đọc hiểu văn bản,1,2,Chính xác,66,"Hoàn thành 10 câu chuyên đề ""Đọc hiểu văn bản"" trong khoảng 13 phút, lần lượt qua 3 chặng: khởi động → rèn luyện → bứt tốc. Đúng từ 7 câu là hoàn thành; đúng từ 9 câu được tính là thành thạo và cộng điểm lên cấp. Tinh thần cấp 2: Làm đúng dạng chuẩn mà không cần nhìn gợi ý.",Sai quá 2 câu là phải làm lại phiếu trước khi đi tiếp.
NV-0711,PL-VAN-REA-L2-017,Tổng hợp: Đọc hiểu văn bản — cấp 2,Văn,Đọc hiểu văn bản,1,2,Tổng hợp,69,"Hoàn thành 10 câu chuyên đề ""Đọc hiểu văn bản"" trong khoảng 12 phút, lần lượt qua 3 chặng: khởi động → rèn luyện → bứt tốc. Đúng từ 7 câu là hoàn thành; đúng từ 9 câu được tính là thành thạo và cộng điểm lên cấp. Tinh thần cấp 2: Làm đúng dạng chuẩn mà không cần nhìn gợi ý.",Không được biết trước dạng bài của từng câu.
NV-0712,PL-VAN-REA-L2-018,Ôn lại: Đọc hiểu văn bản — cấp 2,Văn,Đọc hiểu văn bản,1,2,Ôn lại,54,"Hoàn thành 10 câu chuyên đề ""Đọc hiểu văn bản"" trong khoảng 13 phút, lần lượt qua 3 chặng: khởi động → rèn luyện → bứt tốc. Đúng từ 7 câu là hoàn thành; đúng từ 9 câu được tính là thành thạo và cộng điểm lên cấp. Tinh thần cấp 2: Làm đúng dạng chuẩn mà không cần nhìn gợi ý.",Nên làm sau buổi học chính ít nhất một ngày.
NV-0713,PL-VAN-REA-L2-019,Khởi động: Đọc hiểu văn bản — cấp 2,Văn,Đọc hiểu văn bản,1,2,Khởi động,42,"Hoàn thành 10 câu chuyên đề ""Đọc hiểu văn bản"" trong khoảng 15 phút, lần lượt qua 3 chặng: khởi động → rèn luyện → bứt tốc. Đúng từ 7 câu là hoàn thành; đúng từ 9 câu được tính là thành thạo và cộng điểm lên cấp. Tinh thần cấp 2: Làm đúng dạng chuẩn mà không cần nhìn gợi ý.","Không giới hạn thời gian. Mục tiêu là làm đúng, chưa cần nhanh."
NV-0714,PL-VAN-REA-L2-020,Rèn kỹ năng: Đọc hiểu văn bản — cấp 2,Văn,Đọc hiểu văn bản,1,2,Rèn kỹ năng,60,"Hoàn thành 10 câu chuyên đề ""Đọc hiểu văn bản"" trong khoảng 12 phút, lần lượt qua 3 chặng: khởi động → rèn luyện → bứt tốc. Đúng từ 7 câu là hoàn thành; đúng từ 9 câu được tính là thành thạo và cộng điểm lên cấp. Tinh thần cấp 2: Làm đúng dạng chuẩn mà không cần nhìn gợi ý.","Hoàn thành đủ 3 chặng trong một lượt, không rời phiếu giữa chừng."
NV-0715,PL-VAN-REA-L2-021,Tốc độ: Đọc hiểu văn bản — cấp 2,Văn,Đọc hiểu văn bản,1,2,Tốc độ,66,"Hoàn thành 10 câu chuyên đề ""Đọc hiểu văn bản"" trong khoảng 9 phút, lần lượt qua 3 chặng: khởi động → rèn luyện → bứt tốc. Đúng từ 7 câu là hoàn thành; đúng từ 9 câu được tính là thành thạo và cộng điểm lên cấp. Tinh thần cấp 2: Làm đúng dạng chuẩn mà không cần nhìn gợi ý.",Thời gian bị siết còn 75% mức chuẩn. Quá giờ vẫn chấm nhưng không tính thành thạo.
NV-0716,PL-VAN-REA-L2-022,Chính xác: Đọc hiểu văn bản — cấp 2,Văn,Đọc hiểu văn bản,1,2,Chính xác,66,"Hoàn thành 10 câu chuyên đề ""Đọc hiểu văn bản"" trong khoảng 13 phút, lần lượt qua 3 chặng: khởi động → rèn luyện → bứt tốc. Đúng từ 7 câu là hoàn thành; đúng từ 9 câu được tính là thành thạo và cộng điểm lên cấp. Tinh thần cấp 2: Làm đúng dạng chuẩn mà không cần nhìn gợi ý.",Sai quá 2 câu là phải làm lại phiếu trước khi đi tiếp.
NV-0717,PL-VAN-REA-L2-023,Tổng hợp: Đọc hiểu văn bản — cấp 2,Văn,Đọc hiểu văn bản,1,2,Tổng hợp,69,"Hoàn thành 10 câu chuyên đề ""Đọc hiểu văn bản"" trong khoảng 12 phút, lần lượt qua 3 chặng: khởi động → rèn luyện → bứt tốc. Đúng từ 7 câu là hoàn thành; đúng từ 9 câu được tính là thành thạo và cộng điểm lên cấp. Tinh thần cấp 2: Làm đúng dạng chuẩn mà không cần nhìn gợi ý.",Không được biết trước dạng bài của từng câu.
NV-0718,PL-VAN-REA-L2-024,Ôn lại: Đọc hiểu văn bản — cấp 2,Văn,Đọc hiểu văn bản,1,2,Ôn lại,54,"Hoàn thành 10 câu chuyên đề ""Đọc hiểu văn bản"" trong khoảng 13 phút, lần lượt qua 3 chặng: khởi động → rèn luyện → bứt tốc. Đúng từ 7 câu là hoàn thành; đúng từ 9 câu được tính là thành thạo và cộng điểm lên cấp. Tinh thần cấp 2: Làm đúng dạng chuẩn mà không cần nhìn gợi ý.",Nên làm sau buổi học chính ít nhất một ngày.
NV-0719,PL-VAN-REA-L2-025,Khởi động: Đọc hiểu văn bản — cấp 2,Văn,Đọc hiểu văn bản,1,2,Khởi động,42,"Hoàn thành 10 câu chuyên đề ""Đọc hiểu văn bản"" trong khoảng 15 phút, lần lượt qua 3 chặng: khởi động → rèn luyện → bứt tốc. Đúng từ 7 câu là hoàn thành; đúng từ 9 câu được tính là thành thạo và cộng điểm lên cấp. Tinh thần cấp 2: Làm đúng dạng chuẩn mà không cần nhìn gợi ý.","Không giới hạn thời gian. Mục tiêu là làm đúng, chưa cần nhanh."
NV-0720,PL-VAN-REA-L2-026,Rèn kỹ năng: Đọc hiểu văn bản — cấp 2,Văn,Đọc hiểu văn bản,1,2,Rèn kỹ năng,60,"Hoàn thành 10 câu chuyên đề ""Đọc hiểu văn bản"" trong khoảng 12 phút, lần lượt qua 3 chặng: khởi động → rèn luyện → bứt tốc. Đúng từ 7 câu là hoàn thành; đúng từ 9 câu được tính là thành thạo và cộng điểm lên cấp. Tinh thần cấp 2: Làm đúng dạng chuẩn mà không cần nhìn gợi ý.","Hoàn thành đủ 3 chặng trong một lượt, không rời phiếu giữa chừng."
NV-0721,PL-VAN-REA-L2-027,Tốc độ: Đọc hiểu văn bản — cấp 2,Văn,Đọc hiểu văn bản,1,2,Tốc độ,66,"Hoàn thành 10 câu chuyên đề ""Đọc hiểu văn bản"" trong khoảng 9 phút, lần lượt qua 3 chặng: khởi động → rèn luyện → bứt tốc. Đúng từ 7 câu là hoàn thành; đúng từ 9 câu được tính là thành thạo và cộng điểm lên cấp. Tinh thần cấp 2: Làm đúng dạng chuẩn mà không cần nhìn gợi ý.",Thời gian bị siết còn 75% mức chuẩn. Quá giờ vẫn chấm nhưng không tính thành thạo.
NV-0722,PL-VAN-REA-L2-028,Chính xác: Đọc hiểu văn bản — cấp 2,Văn,Đọc hiểu văn bản,1,2,Chính xác,66,"Hoàn thành 10 câu chuyên đề ""Đọc hiểu văn bản"" trong khoảng 13 phút, lần lượt qua 3 chặng: khởi động → rèn luyện → bứt tốc. Đúng từ 7 câu là hoàn thành; đúng từ 9 câu được tính là thành thạo và cộng điểm lên cấp. Tinh thần cấp 2: Làm đúng dạng chuẩn mà không cần nhìn gợi ý.",Sai quá 2 câu là phải làm lại phiếu trước khi đi tiếp.
NV-0723,PL-VAN-REA-L2-029,Tổng hợp: Đọc hiểu văn bản — cấp 2,Văn,Đọc hiểu văn bản,1,2,Tổng hợp,69,"Hoàn thành 10 câu chuyên đề ""Đọc hiểu văn bản"" trong khoảng 12 phút, lần lượt qua 3 chặng: khởi động → rèn luyện → bứt tốc. Đúng từ 7 câu là hoàn thành; đúng từ 9 câu được tính là thành thạo và cộng điểm lên cấp. Tinh thần cấp 2: Làm đúng dạng chuẩn mà không cần nhìn gợi ý.",Không được biết trước dạng bài của từng câu.
NV-0724,PL-VAN-REA-L2-030,Ôn lại: Đọc hiểu văn bản — cấp 2,Văn,Đọc hiểu văn bản,1,2,Ôn lại,54,"Hoàn thành 10 câu chuyên đề ""Đọc hiểu văn bản"" trong khoảng 13 phút, lần lượt qua 3 chặng: khởi động → rèn luyện → bứt tốc. Đúng từ 7 câu là hoàn thành; đúng từ 9 câu được tính là thành thạo và cộng điểm lên cấp. Tinh thần cấp 2: Làm đúng dạng chuẩn mà không cần nhìn gợi ý.",Nên làm sau buổi học chính ít nhất một ngày.
NV-0725,PL-VAN-REA-L2-031,Khởi động: Đọc hiểu văn bản — cấp 2,Văn,Đọc hiểu văn bản,1,2,Khởi động,42,"Hoàn thành 10 câu chuyên đề ""Đọc hiểu văn bản"" trong khoảng 15 phút, lần lượt qua 3 chặng: khởi động → rèn luyện → bứt tốc. Đúng từ 7 câu là hoàn thành; đúng từ 9 câu được tính là thành thạo và cộng điểm lên cấp. Tinh thần cấp 2: Làm đúng dạng chuẩn mà không cần nhìn gợi ý.","Không giới hạn thời gian. Mục tiêu là làm đúng, chưa cần nhanh."
NV-0726,PL-VAN-REA-L2-032,Rèn kỹ năng: Đọc hiểu văn bản — cấp 2,Văn,Đọc hiểu văn bản,1,2,Rèn kỹ năng,60,"Hoàn thành 10 câu chuyên đề ""Đọc hiểu văn bản"" trong khoảng 12 phút, lần lượt qua 3 chặng: khởi động → rèn luyện → bứt tốc. Đúng từ 7 câu là hoàn thành; đúng từ 9 câu được tính là thành thạo và cộng điểm lên cấp. Tinh thần cấp 2: Làm đúng dạng chuẩn mà không cần nhìn gợi ý.","Hoàn thành đủ 3 chặng trong một lượt, không rời phiếu giữa chừng."
NV-0727,PL-VAN-REA-L2-033,Thử thách: Đọc hiểu văn bản — cấp 2,Văn,Đọc hiểu văn bản,1,2,Thử thách,84,"Hoàn thành 10 câu chuyên đề ""Đọc hiểu văn bản"" trong khoảng 12 phút, lần lượt qua 3 chặng: khởi động → rèn luyện → bứt tốc. Đúng từ 7 câu là hoàn thành; đúng từ 9 câu được tính là thành thạo và cộng điểm lên cấp. Tinh thần cấp 2: Làm đúng dạng chuẩn mà không cần nhìn gợi ý.",Đạt từ 85% mới được tính là vượt thử thách.
NV-0728,PL-VAN-REA-L2-034,Vượt ải: Đọc hiểu văn bản — cấp 2,Văn,Đọc hiểu văn bản,1,2,Vượt ải,108,"Hoàn thành 10 câu chuyên đề ""Đọc hiểu văn bản"" trong khoảng 11 phút, lần lượt qua 3 chặng: khởi động → rèn luyện → bứt tốc. Đúng từ 7 câu là hoàn thành; đúng từ 9 câu được tính là thành thạo và cộng điểm lên cấp. Tinh thần cấp 2: Làm đúng dạng chuẩn mà không cần nhìn gợi ý.",Phải đạt từ 90% để mở khóa cấp độ tiếp theo của tuyến này.
NV-0729,PL-VAN-REA-L3-001,Khởi động: Đọc hiểu văn bản — cấp 3,Văn,Đọc hiểu văn bản,2,3,Khởi động,63,"Hoàn thành 12 câu chuyên đề ""Đọc hiểu văn bản"" trong khoảng 19 phút, lần lượt qua 3 chặng: khởi động → rèn luyện → bứt tốc. Đúng từ 9 câu là hoàn thành; đúng từ 11 câu được tính là thành thạo và cộng điểm lên cấp. Tinh thần cấp 3: Ghép nhiều bước và tránh các bẫy quen thuộc.","Không giới hạn thời gian. Mục tiêu là làm đúng, chưa cần nhanh."
NV-0730,PL-VAN-REA-L3-002,Rèn kỹ năng: Đọc hiểu văn bản — cấp 3,Văn,Đọc hiểu văn bản,2,3,Rèn kỹ năng,90,"Hoàn thành 12 câu chuyên đề ""Đọc hiểu văn bản"" trong khoảng 15 phút, lần lượt qua 3 chặng: khởi động → rèn luyện → bứt tốc. Đúng từ 9 câu là hoàn thành; đúng từ 11 câu được tính là thành thạo và cộng điểm lên cấp. Tinh thần cấp 3: Ghép nhiều bước và tránh các bẫy quen thuộc.","Hoàn thành đủ 3 chặng trong một lượt, không rời phiếu giữa chừng."
NV-0731,PL-VAN-REA-L3-003,Tốc độ: Đọc hiểu văn bản — cấp 3,Văn,Đọc hiểu văn bản,2,3,Tốc độ,99,"Hoàn thành 12 câu chuyên đề ""Đọc hiểu văn bản"" trong khoảng 11 phút, lần lượt qua 3 chặng: khởi động → rèn luyện → bứt tốc. Đúng từ 9 câu là hoàn thành; đúng từ 11 câu được tính là thành thạo và cộng điểm lên cấp. Tinh thần cấp 3: Ghép nhiều bước và tránh các bẫy quen thuộc.",Thời gian bị siết còn 75% mức chuẩn. Quá giờ vẫn chấm nhưng không tính thành thạo.
NV-0732,PL-VAN-REA-L3-004,Chính xác: Đọc hiểu văn bản — cấp 3,Văn,Đọc hiểu văn bản,2,3,Chính xác,99,"Hoàn thành 12 câu chuyên đề ""Đọc hiểu văn bản"" trong khoảng 17 phút, lần lượt qua 3 chặng: khởi động → rèn luyện → bứt tốc. Đúng từ 9 câu là hoàn thành; đúng từ 11 câu được tính là thành thạo và cộng điểm lên cấp. Tinh thần cấp 3: Ghép nhiều bước và tránh các bẫy quen thuộc.",Sai quá 2 câu là phải làm lại phiếu trước khi đi tiếp.
NV-0733,PL-VAN-REA-L3-005,Tổng hợp: Đọc hiểu văn bản — cấp 3,Văn,Đọc hiểu văn bản,2,3,Tổng hợp,103,"Hoàn thành 12 câu chuyên đề ""Đọc hiểu văn bản"" trong khoảng 15 phút, lần lượt qua 3 chặng: khởi động → rèn luyện → bứt tốc. Đúng từ 9 câu là hoàn thành; đúng từ 11 câu được tính là thành thạo và cộng điểm lên cấp. Tinh thần cấp 3: Ghép nhiều bước và tránh các bẫy quen thuộc.",Không được biết trước dạng bài của từng câu.
NV-0734,PL-VAN-REA-L3-006,Ôn lại: Đọc hiểu văn bản — cấp 3,Văn,Đọc hiểu văn bản,2,3,Ôn lại,81,"Hoàn thành 12 câu chuyên đề ""Đọc hiểu văn bản"" trong khoảng 17 phút, lần lượt qua 3 chặng: khởi động → rèn luyện → bứt tốc. Đúng từ 9 câu là hoàn thành; đúng từ 11 câu được tính là thành thạo và cộng điểm lên cấp. Tinh thần cấp 3: Ghép nhiều bước và tránh các bẫy quen thuộc.",Nên làm sau buổi học chính ít nhất một ngày.
NV-0735,PL-VAN-REA-L3-007,Khởi động: Đọc hiểu văn bản — cấp 3,Văn,Đọc hiểu văn bản,2,3,Khởi động,63,"Hoàn thành 12 câu chuyên đề ""Đọc hiểu văn bản"" trong khoảng 19 phút, lần lượt qua 3 chặng: khởi động → rèn luyện → bứt tốc. Đúng từ 9 câu là hoàn thành; đúng từ 11 câu được tính là thành thạo và cộng điểm lên cấp. Tinh thần cấp 3: Ghép nhiều bước và tránh các bẫy quen thuộc.","Không giới hạn thời gian. Mục tiêu là làm đúng, chưa cần nhanh."
NV-0736,PL-VAN-REA-L3-008,Rèn kỹ năng: Đọc hiểu văn bản — cấp 3,Văn,Đọc hiểu văn bản,2,3,Rèn kỹ năng,90,"Hoàn thành 12 câu chuyên đề ""Đọc hiểu văn bản"" trong khoảng 15 phút, lần lượt qua 3 chặng: khởi động → rèn luyện → bứt tốc. Đúng từ 9 câu là hoàn thành; đúng từ 11 câu được tính là thành thạo và cộng điểm lên cấp. Tinh thần cấp 3: Ghép nhiều bước và tránh các bẫy quen thuộc.","Hoàn thành đủ 3 chặng trong một lượt, không rời phiếu giữa chừng."
NV-0737,PL-VAN-REA-L3-009,Tốc độ: Đọc hiểu văn bản — cấp 3,Văn,Đọc hiểu văn bản,2,3,Tốc độ,99,"Hoàn thành 12 câu chuyên đề ""Đọc hiểu văn bản"" trong khoảng 11 phút, lần lượt qua 3 chặng: khởi động → rèn luyện → bứt tốc. Đúng từ 9 câu là hoàn thành; đúng từ 11 câu được tính là thành thạo và cộng điểm lên cấp. Tinh thần cấp 3: Ghép nhiều bước và tránh các bẫy quen thuộc.",Thời gian bị siết còn 75% mức chuẩn. Quá giờ vẫn chấm nhưng không tính thành thạo.
NV-0738,PL-VAN-REA-L3-010,Chính xác: Đọc hiểu văn bản — cấp 3,Văn,Đọc hiểu văn bản,2,3,Chính xác,99,"Hoàn thành 12 câu chuyên đề ""Đọc hiểu văn bản"" trong khoảng 17 phút, lần lượt qua 3 chặng: khởi động → rèn luyện → bứt tốc. Đúng từ 9 câu là hoàn thành; đúng từ 11 câu được tính là thành thạo và cộng điểm lên cấp. Tinh thần cấp 3: Ghép nhiều bước và tránh các bẫy quen thuộc.",Sai quá 2 câu là phải làm lại phiếu trước khi đi tiếp.
NV-0739,PL-VAN-REA-L3-011,Tổng hợp: Đọc hiểu văn bản — cấp 3,Văn,Đọc hiểu văn bản,2,3,Tổng hợp,103,"Hoàn thành 12 câu chuyên đề ""Đọc hiểu văn bản"" trong khoảng 15 phút, lần lượt qua 3 chặng: khởi động → rèn luyện → bứt tốc. Đúng từ 9 câu là hoàn thành; đúng từ 11 câu được tính là thành thạo và cộng điểm lên cấp. Tinh thần cấp 3: Ghép nhiều bước và tránh các bẫy quen thuộc.",Không được biết trước dạng bài của từng câu.
NV-0740,PL-VAN-REA-L3-012,Ôn lại: Đọc hiểu văn bản — cấp 3,Văn,Đọc hiểu văn bản,2,3,Ôn lại,81,"Hoàn thành 12 câu chuyên đề ""Đọc hiểu văn bản"" trong khoảng 17 phút, lần lượt qua 3 chặng: khởi động → rèn luyện → bứt tốc. Đúng từ 9 câu là hoàn thành; đúng từ 11 câu được tính là thành thạo và cộng điểm lên cấp. Tinh thần cấp 3: Ghép nhiều bước và tránh các bẫy quen thuộc.",Nên làm sau buổi học chính ít nhất một ngày.
NV-0741,PL-VAN-REA-L3-013,Khởi động: Đọc hiểu văn bản — cấp 3,Văn,Đọc hiểu văn bản,2,3,Khởi động,63,"Hoàn thành 12 câu chuyên đề ""Đọc hiểu văn bản"" trong khoảng 19 phút, lần lượt qua 3 chặng: khởi động → rèn luyện → bứt tốc. Đúng từ 9 câu là hoàn thành; đúng từ 11 câu được tính là thành thạo và cộng điểm lên cấp. Tinh thần cấp 3: Ghép nhiều bước và tránh các bẫy quen thuộc.","Không giới hạn thời gian. Mục tiêu là làm đúng, chưa cần nhanh."
NV-0742,PL-VAN-REA-L3-014,Rèn kỹ năng: Đọc hiểu văn bản — cấp 3,Văn,Đọc hiểu văn bản,2,3,Rèn kỹ năng,90,"Hoàn thành 12 câu chuyên đề ""Đọc hiểu văn bản"" trong khoảng 15 phút, lần lượt qua 3 chặng: khởi động → rèn luyện → bứt tốc. Đúng từ 9 câu là hoàn thành; đúng từ 11 câu được tính là thành thạo và cộng điểm lên cấp. Tinh thần cấp 3: Ghép nhiều bước và tránh các bẫy quen thuộc.","Hoàn thành đủ 3 chặng trong một lượt, không rời phiếu giữa chừng."
NV-0743,PL-VAN-REA-L3-015,Tốc độ: Đọc hiểu văn bản — cấp 3,Văn,Đọc hiểu văn bản,2,3,Tốc độ,99,"Hoàn thành 12 câu chuyên đề ""Đọc hiểu văn bản"" trong khoảng 11 phút, lần lượt qua 3 chặng: khởi động → rèn luyện → bứt tốc. Đúng từ 9 câu là hoàn thành; đúng từ 11 câu được tính là thành thạo và cộng điểm lên cấp. Tinh thần cấp 3: Ghép nhiều bước và tránh các bẫy quen thuộc.",Thời gian bị siết còn 75% mức chuẩn. Quá giờ vẫn chấm nhưng không tính thành thạo.
NV-0744,PL-VAN-REA-L3-016,Chính xác: Đọc hiểu văn bản — cấp 3,Văn,Đọc hiểu văn bản,2,3,Chính xác,99,"Hoàn thành 12 câu chuyên đề ""Đọc hiểu văn bản"" trong khoảng 17 phút, lần lượt qua 3 chặng: khởi động → rèn luyện → bứt tốc. Đúng từ 9 câu là hoàn thành; đúng từ 11 câu được tính là thành thạo và cộng điểm lên cấp. Tinh thần cấp 3: Ghép nhiều bước và tránh các bẫy quen thuộc.",Sai quá 2 câu là phải làm lại phiếu trước khi đi tiếp.
NV-0745,PL-VAN-REA-L3-017,Tổng hợp: Đọc hiểu văn bản — cấp 3,Văn,Đọc hiểu văn bản,2,3,Tổng hợp,103,"Hoàn thành 12 câu chuyên đề ""Đọc hiểu văn bản"" trong khoảng 15 phút, lần lượt qua 3 chặng: khởi động → rèn luyện → bứt tốc. Đúng từ 9 câu là hoàn thành; đúng từ 11 câu được tính là thành thạo và cộng điểm lên cấp. Tinh thần cấp 3: Ghép nhiều bước và tránh các bẫy quen thuộc.",Không được biết trước dạng bài của từng câu.
NV-0746,PL-VAN-REA-L3-018,Ôn lại: Đọc hiểu văn bản — cấp 3,Văn,Đọc hiểu văn bản,2,3,Ôn lại,81,"Hoàn thành 12 câu chuyên đề ""Đọc hiểu văn bản"" trong khoảng 17 phút, lần lượt qua 3 chặng: khởi động → rèn luyện → bứt tốc. Đúng từ 9 câu là hoàn thành; đúng từ 11 câu được tính là thành thạo và cộng điểm lên cấp. Tinh thần cấp 3: Ghép nhiều bước và tránh các bẫy quen thuộc.",Nên làm sau buổi học chính ít nhất một ngày.
NV-0747,PL-VAN-REA-L3-019,Khởi động: Đọc hiểu văn bản — cấp 3,Văn,Đọc hiểu văn bản,2,3,Khởi động,63,"Hoàn thành 12 câu chuyên đề ""Đọc hiểu văn bản"" trong khoảng 19 phút, lần lượt qua 3 chặng: khởi động → rèn luyện → bứt tốc. Đúng từ 9 câu là hoàn thành; đúng từ 11 câu được tính là thành thạo và cộng điểm lên cấp. Tinh thần cấp 3: Ghép nhiều bước và tránh các bẫy quen thuộc.","Không giới hạn thời gian. Mục tiêu là làm đúng, chưa cần nhanh."
NV-0748,PL-VAN-REA-L3-020,Rèn kỹ năng: Đọc hiểu văn bản — cấp 3,Văn,Đọc hiểu văn bản,2,3,Rèn kỹ năng,90,"Hoàn thành 12 câu chuyên đề ""Đọc hiểu văn bản"" trong khoảng 15 phút, lần lượt qua 3 chặng: khởi động → rèn luyện → bứt tốc. Đúng từ 9 câu là hoàn thành; đúng từ 11 câu được tính là thành thạo và cộng điểm lên cấp. Tinh thần cấp 3: Ghép nhiều bước và tránh các bẫy quen thuộc.","Hoàn thành đủ 3 chặng trong một lượt, không rời phiếu giữa chừng."
NV-0749,PL-VAN-REA-L3-021,Tốc độ: Đọc hiểu văn bản — cấp 3,Văn,Đọc hiểu văn bản,2,3,Tốc độ,99,"Hoàn thành 12 câu chuyên đề ""Đọc hiểu văn bản"" trong khoảng 11 phút, lần lượt qua 3 chặng: khởi động → rèn luyện → bứt tốc. Đúng từ 9 câu là hoàn thành; đúng từ 11 câu được tính là thành thạo và cộng điểm lên cấp. Tinh thần cấp 3: Ghép nhiều bước và tránh các bẫy quen thuộc.",Thời gian bị siết còn 75% mức chuẩn. Quá giờ vẫn chấm nhưng không tính thành thạo.
NV-0750,PL-VAN-REA-L3-022,Chính xác: Đọc hiểu văn bản — cấp 3,Văn,Đọc hiểu văn bản,2,3,Chính xác,99,"Hoàn thành 12 câu chuyên đề ""Đọc hiểu văn bản"" trong khoảng 17 phút, lần lượt qua 3 chặng: khởi động → rèn luyện → bứt tốc. Đúng từ 9 câu là hoàn thành; đúng từ 11 câu được tính là thành thạo và cộng điểm lên cấp. Tinh thần cấp 3: Ghép nhiều bước và tránh các bẫy quen thuộc.",Sai quá 2 câu là phải làm lại phiếu trước khi đi tiếp.
NV-0751,PL-VAN-REA-L3-023,Tổng hợp: Đọc hiểu văn bản — cấp 3,Văn,Đọc hiểu văn bản,2,3,Tổng hợp,103,"Hoàn thành 12 câu chuyên đề ""Đọc hiểu văn bản"" trong khoảng 15 phút, lần lượt qua 3 chặng: khởi động → rèn luyện → bứt tốc. Đúng từ 9 câu là hoàn thành; đúng từ 11 câu được tính là thành thạo và cộng điểm lên cấp. Tinh thần cấp 3: Ghép nhiều bước và tránh các bẫy quen thuộc.",Không được biết trước dạng bài của từng câu.
NV-0752,PL-VAN-REA-L3-024,Ôn lại: Đọc hiểu văn bản — cấp 3,Văn,Đọc hiểu văn bản,2,3,Ôn lại,81,"Hoàn thành 12 câu chuyên đề ""Đọc hiểu văn bản"" trong khoảng 17 phút, lần lượt qua 3 chặng: khởi động → rèn luyện → bứt tốc. Đúng từ 9 câu là hoàn thành; đúng từ 11 câu được tính là thành thạo và cộng điểm lên cấp. Tinh thần cấp 3: Ghép nhiều bước và tránh các bẫy quen thuộc.",Nên làm sau buổi học chính ít nhất một ngày.
NV-0753,PL-VAN-REA-L3-025,Khởi động: Đọc hiểu văn bản — cấp 3,Văn,Đọc hiểu văn bản,2,3,Khởi động,63,"Hoàn thành 12 câu chuyên đề ""Đọc hiểu văn bản"" trong khoảng 19 phút, lần lượt qua 3 chặng: khởi động → rèn luyện → bứt tốc. Đúng từ 9 câu là hoàn thành; đúng từ 11 câu được tính là thành thạo và cộng điểm lên cấp. Tinh thần cấp 3: Ghép nhiều bước và tránh các bẫy quen thuộc.","Không giới hạn thời gian. Mục tiêu là làm đúng, chưa cần nhanh."
NV-0754,PL-VAN-REA-L3-026,Rèn kỹ năng: Đọc hiểu văn bản — cấp 3,Văn,Đọc hiểu văn bản,2,3,Rèn kỹ năng,90,"Hoàn thành 12 câu chuyên đề ""Đọc hiểu văn bản"" trong khoảng 15 phút, lần lượt qua 3 chặng: khởi động → rèn luyện → bứt tốc. Đúng từ 9 câu là hoàn thành; đúng từ 11 câu được tính là thành thạo và cộng điểm lên cấp. Tinh thần cấp 3: Ghép nhiều bước và tránh các bẫy quen thuộc.","Hoàn thành đủ 3 chặng trong một lượt, không rời phiếu giữa chừng."
NV-0755,PL-VAN-REA-L3-027,Tốc độ: Đọc hiểu văn bản — cấp 3,Văn,Đọc hiểu văn bản,2,3,Tốc độ,99,"Hoàn thành 12 câu chuyên đề ""Đọc hiểu văn bản"" trong khoảng 11 phút, lần lượt qua 3 chặng: khởi động → rèn luyện → bứt tốc. Đúng từ 9 câu là hoàn thành; đúng từ 11 câu được tính là thành thạo và cộng điểm lên cấp. Tinh thần cấp 3: Ghép nhiều bước và tránh các bẫy quen thuộc.",Thời gian bị siết còn 75% mức chuẩn. Quá giờ vẫn chấm nhưng không tính thành thạo.
NV-0756,PL-VAN-REA-L3-028,Chính xác: Đọc hiểu văn bản — cấp 3,Văn,Đọc hiểu văn bản,2,3,Chính xác,99,"Hoàn thành 12 câu chuyên đề ""Đọc hiểu văn bản"" trong khoảng 17 phút, lần lượt qua 3 chặng: khởi động → rèn luyện → bứt tốc. Đúng từ 9 câu là hoàn thành; đúng từ 11 câu được tính là thành thạo và cộng điểm lên cấp. Tinh thần cấp 3: Ghép nhiều bước và tránh các bẫy quen thuộc.",Sai quá 2 câu là phải làm lại phiếu trước khi đi tiếp.
NV-0757,PL-VAN-REA-L3-029,Tổng hợp: Đọc hiểu văn bản — cấp 3,Văn,Đọc hiểu văn bản,2,3,Tổng hợp,103,"Hoàn thành 12 câu chuyên đề ""Đọc hiểu văn bản"" trong khoảng 15 phút, lần lượt qua 3 chặng: khởi động → rèn luyện → bứt tốc. Đúng từ 9 câu là hoàn thành; đúng từ 11 câu được tính là thành thạo và cộng điểm lên cấp. Tinh thần cấp 3: Ghép nhiều bước và tránh các bẫy quen thuộc.",Không được biết trước dạng bài của từng câu.
NV-0758,PL-VAN-REA-L3-030,Ôn lại: Đọc hiểu văn bản — cấp 3,Văn,Đọc hiểu văn bản,2,3,Ôn lại,81,"Hoàn thành 12 câu chuyên đề ""Đọc hiểu văn bản"" trong khoảng 17 phút, lần lượt qua 3 chặng: khởi động → rèn luyện → bứt tốc. Đúng từ 9 câu là hoàn thành; đúng từ 11 câu được tính là thành thạo và cộng điểm lên cấp. Tinh thần cấp 3: Ghép nhiều bước và tránh các bẫy quen thuộc.",Nên làm sau buổi học chính ít nhất một ngày.
NV-0759,PL-VAN-REA-L3-031,Khởi động: Đọc hiểu văn bản — cấp 3,Văn,Đọc hiểu văn bản,2,3,Khởi động,63,"Hoàn thành 12 câu chuyên đề ""Đọc hiểu văn bản"" trong khoảng 19 phút, lần lượt qua 3 chặng: khởi động → rèn luyện → bứt tốc. Đúng từ 9 câu là hoàn thành; đúng từ 11 câu được tính là thành thạo và cộng điểm lên cấp. Tinh thần cấp 3: Ghép nhiều bước và tránh các bẫy quen thuộc.","Không giới hạn thời gian. Mục tiêu là làm đúng, chưa cần nhanh."
NV-0760,PL-VAN-REA-L3-032,Rèn kỹ năng: Đọc hiểu văn bản — cấp 3,Văn,Đọc hiểu văn bản,2,3,Rèn kỹ năng,90,"Hoàn thành 12 câu chuyên đề ""Đọc hiểu văn bản"" trong khoảng 15 phút, lần lượt qua 3 chặng: khởi động → rèn luyện → bứt tốc. Đúng từ 9 câu là hoàn thành; đúng từ 11 câu được tính là thành thạo và cộng điểm lên cấp. Tinh thần cấp 3: Ghép nhiều bước và tránh các bẫy quen thuộc.","Hoàn thành đủ 3 chặng trong một lượt, không rời phiếu giữa chừng."
NV-0761,PL-VAN-REA-L3-033,Tốc độ: Đọc hiểu văn bản — cấp 3,Văn,Đọc hiểu văn bản,2,3,Tốc độ,99,"Hoàn thành 12 câu chuyên đề ""Đọc hiểu văn bản"" trong khoảng 11 phút, lần lượt qua 3 chặng: khởi động → rèn luyện → bứt tốc. Đúng từ 9 câu là hoàn thành; đúng từ 11 câu được tính là thành thạo và cộng điểm lên cấp. Tinh thần cấp 3: Ghép nhiều bước và tránh các bẫy quen thuộc.",Thời gian bị siết còn 75% mức chuẩn. Quá giờ vẫn chấm nhưng không tính thành thạo.
NV-0762,PL-VAN-REA-L3-034,Chính xác: Đọc hiểu văn bản — cấp 3,Văn,Đọc hiểu văn bản,2,3,Chính xác,99,"Hoàn thành 12 câu chuyên đề ""Đọc hiểu văn bản"" trong khoảng 17 phút, lần lượt qua 3 chặng: khởi động → rèn luyện → bứt tốc. Đúng từ 9 câu là hoàn thành; đúng từ 11 câu được tính là thành thạo và cộng điểm lên cấp. Tinh thần cấp 3: Ghép nhiều bước và tránh các bẫy quen thuộc.",Sai quá 2 câu là phải làm lại phiếu trước khi đi tiếp.
NV-0763,PL-VAN-REA-L3-035,Tổng hợp: Đọc hiểu văn bản — cấp 3,Văn,Đọc hiểu văn bản,2,3,Tổng hợp,103,"Hoàn thành 12 câu chuyên đề ""Đọc hiểu văn bản"" trong khoảng 15 phút, lần lượt qua 3 chặng: khởi động → rèn luyện → bứt tốc. Đúng từ 9 câu là hoàn thành; đúng từ 11 câu được tính là thành thạo và cộng điểm lên cấp. Tinh thần cấp 3: Ghép nhiều bước và tránh các bẫy quen thuộc.",Không được biết trước dạng bài của từng câu.
NV-0764,PL-VAN-REA-L3-036,Thử thách: Đọc hiểu văn bản — cấp 3,Văn,Đọc hiểu văn bản,2,3,Thử thách,126,"Hoàn thành 12 câu chuyên đề ""Đọc hiểu văn bản"" trong khoảng 15 phút, lần lượt qua 3 chặng: khởi động → rèn luyện → bứt tốc. Đúng từ 9 câu là hoàn thành; đúng từ 11 câu được tính là thành thạo và cộng điểm lên cấp. Tinh thần cấp 3: Ghép nhiều bước và tránh các bẫy quen thuộc.",Đạt từ 85% mới được tính là vượt thử thách.
NV-0765,PL-VAN-REA-L3-037,Vượt ải: Đọc hiểu văn bản — cấp 3,Văn,Đọc hiểu văn bản,2,3,Vượt ải,162,"Hoàn thành 12 câu chuyên đề ""Đọc hiểu văn bản"" trong khoảng 14 phút, lần lượt qua 3 chặng: khởi động → rèn luyện → bứt tốc. Đúng từ 9 câu là hoàn thành; đúng từ 11 câu được tính là thành thạo và cộng điểm lên cấp. Tinh thần cấp 3: Ghép nhiều bước và tránh các bẫy quen thuộc.",Phải đạt từ 90% để mở khóa cấp độ tiếp theo của tuyến này.
NV-0766,PL-VAN-REA-L4-001,Khởi động: Đọc hiểu văn bản — cấp 4,Văn,Đọc hiểu văn bản,2,4,Khởi động,84,"Hoàn thành 12 câu chuyên đề ""Đọc hiểu văn bản"" trong khoảng 16 phút, lần lượt qua 3 chặng: khởi động → rèn luyện → bứt tốc. Đúng từ 9 câu là hoàn thành; đúng từ 11 câu được tính là thành thạo và cộng điểm lên cấp. Tinh thần cấp 4: Giữ độ chính xác khi thời gian bắt đầu siết lại.","Không giới hạn thời gian. Mục tiêu là làm đúng, chưa cần nhanh."
NV-0767,PL-VAN-REA-L4-002,Rèn kỹ năng: Đọc hiểu văn bản — cấp 4,Văn,Đọc hiểu văn bản,2,4,Rèn kỹ năng,120,"Hoàn thành 12 câu chuyên đề ""Đọc hiểu văn bản"" trong khoảng 13 phút, lần lượt qua 3 chặng: khởi động → rèn luyện → bứt tốc. Đúng từ 9 câu là hoàn thành; đúng từ 11 câu được tính là thành thạo và cộng điểm lên cấp. Tinh thần cấp 4: Giữ độ chính xác khi thời gian bắt đầu siết lại.","Hoàn thành đủ 3 chặng trong một lượt, không rời phiếu giữa chừng."
NV-0768,PL-VAN-REA-L4-003,Tốc độ: Đọc hiểu văn bản — cấp 4,Văn,Đọc hiểu văn bản,2,4,Tốc độ,132,"Hoàn thành 12 câu chuyên đề ""Đọc hiểu văn bản"" trong khoảng 10 phút, lần lượt qua 3 chặng: khởi động → rèn luyện → bứt tốc. Đúng từ 9 câu là hoàn thành; đúng từ 11 câu được tính là thành thạo và cộng điểm lên cấp. Tinh thần cấp 4: Giữ độ chính xác khi thời gian bắt đầu siết lại.",Thời gian bị siết còn 75% mức chuẩn. Quá giờ vẫn chấm nhưng không tính thành thạo.
NV-0769,PL-VAN-REA-L4-004,Chính xác: Đọc hiểu văn bản — cấp 4,Văn,Đọc hiểu văn bản,2,4,Chính xác,132,"Hoàn thành 12 câu chuyên đề ""Đọc hiểu văn bản"" trong khoảng 15 phút, lần lượt qua 3 chặng: khởi động → rèn luyện → bứt tốc. Đúng từ 9 câu là hoàn thành; đúng từ 11 câu được tính là thành thạo và cộng điểm lên cấp. Tinh thần cấp 4: Giữ độ chính xác khi thời gian bắt đầu siết lại.",Sai quá 2 câu là phải làm lại phiếu trước khi đi tiếp.
NV-0770,PL-VAN-REA-L4-005,Tổng hợp: Đọc hiểu văn bản — cấp 4,Văn,Đọc hiểu văn bản,2,4,Tổng hợp,138,"Hoàn thành 12 câu chuyên đề ""Đọc hiểu văn bản"" trong khoảng 13 phút, lần lượt qua 3 chặng: khởi động → rèn luyện → bứt tốc. Đúng từ 9 câu là hoàn thành; đúng từ 11 câu được tính là thành thạo và cộng điểm lên cấp. Tinh thần cấp 4: Giữ độ chính xác khi thời gian bắt đầu siết lại.",Không được biết trước dạng bài của từng câu.
NV-0771,PL-VAN-REA-L4-006,Ôn lại: Đọc hiểu văn bản — cấp 4,Văn,Đọc hiểu văn bản,2,4,Ôn lại,108,"Hoàn thành 12 câu chuyên đề ""Đọc hiểu văn bản"" trong khoảng 14 phút, lần lượt qua 3 chặng: khởi động → rèn luyện → bứt tốc. Đúng từ 9 câu là hoàn thành; đúng từ 11 câu được tính là thành thạo và cộng điểm lên cấp. Tinh thần cấp 4: Giữ độ chính xác khi thời gian bắt đầu siết lại.",Nên làm sau buổi học chính ít nhất một ngày.
NV-0772,PL-VAN-REA-L4-007,Khởi động: Đọc hiểu văn bản — cấp 4,Văn,Đọc hiểu văn bản,2,4,Khởi động,84,"Hoàn thành 12 câu chuyên đề ""Đọc hiểu văn bản"" trong khoảng 16 phút, lần lượt qua 3 chặng: khởi động → rèn luyện → bứt tốc. Đúng từ 9 câu là hoàn thành; đúng từ 11 câu được tính là thành thạo và cộng điểm lên cấp. Tinh thần cấp 4: Giữ độ chính xác khi thời gian bắt đầu siết lại.","Không giới hạn thời gian. Mục tiêu là làm đúng, chưa cần nhanh."
NV-0773,PL-VAN-REA-L4-008,Rèn kỹ năng: Đọc hiểu văn bản — cấp 4,Văn,Đọc hiểu văn bản,2,4,Rèn kỹ năng,120,"Hoàn thành 12 câu chuyên đề ""Đọc hiểu văn bản"" trong khoảng 13 phút, lần lượt qua 3 chặng: khởi động → rèn luyện → bứt tốc. Đúng từ 9 câu là hoàn thành; đúng từ 11 câu được tính là thành thạo và cộng điểm lên cấp. Tinh thần cấp 4: Giữ độ chính xác khi thời gian bắt đầu siết lại.","Hoàn thành đủ 3 chặng trong một lượt, không rời phiếu giữa chừng."
NV-0774,PL-VAN-REA-L4-009,Tốc độ: Đọc hiểu văn bản — cấp 4,Văn,Đọc hiểu văn bản,2,4,Tốc độ,132,"Hoàn thành 12 câu chuyên đề ""Đọc hiểu văn bản"" trong khoảng 10 phút, lần lượt qua 3 chặng: khởi động → rèn luyện → bứt tốc. Đúng từ 9 câu là hoàn thành; đúng từ 11 câu được tính là thành thạo và cộng điểm lên cấp. Tinh thần cấp 4: Giữ độ chính xác khi thời gian bắt đầu siết lại.",Thời gian bị siết còn 75% mức chuẩn. Quá giờ vẫn chấm nhưng không tính thành thạo.
NV-0775,PL-VAN-REA-L4-010,Chính xác: Đọc hiểu văn bản — cấp 4,Văn,Đọc hiểu văn bản,2,4,Chính xác,132,"Hoàn thành 12 câu chuyên đề ""Đọc hiểu văn bản"" trong khoảng 15 phút, lần lượt qua 3 chặng: khởi động → rèn luyện → bứt tốc. Đúng từ 9 câu là hoàn thành; đúng từ 11 câu được tính là thành thạo và cộng điểm lên cấp. Tinh thần cấp 4: Giữ độ chính xác khi thời gian bắt đầu siết lại.",Sai quá 2 câu là phải làm lại phiếu trước khi đi tiếp.
NV-0776,PL-VAN-REA-L4-011,Tổng hợp: Đọc hiểu văn bản — cấp 4,Văn,Đọc hiểu văn bản,2,4,Tổng hợp,138,"Hoàn thành 12 câu chuyên đề ""Đọc hiểu văn bản"" trong khoảng 13 phút, lần lượt qua 3 chặng: khởi động → rèn luyện → bứt tốc. Đúng từ 9 câu là hoàn thành; đúng từ 11 câu được tính là thành thạo và cộng điểm lên cấp. Tinh thần cấp 4: Giữ độ chính xác khi thời gian bắt đầu siết lại.",Không được biết trước dạng bài của từng câu.
NV-0777,PL-VAN-REA-L4-012,Ôn lại: Đọc hiểu văn bản — cấp 4,Văn,Đọc hiểu văn bản,2,4,Ôn lại,108,"Hoàn thành 12 câu chuyên đề ""Đọc hiểu văn bản"" trong khoảng 14 phút, lần lượt qua 3 chặng: khởi động → rèn luyện → bứt tốc. Đúng từ 9 câu là hoàn thành; đúng từ 11 câu được tính là thành thạo và cộng điểm lên cấp. Tinh thần cấp 4: Giữ độ chính xác khi thời gian bắt đầu siết lại.",Nên làm sau buổi học chính ít nhất một ngày.
NV-0778,PL-VAN-REA-L4-013,Khởi động: Đọc hiểu văn bản — cấp 4,Văn,Đọc hiểu văn bản,2,4,Khởi động,84,"Hoàn thành 12 câu chuyên đề ""Đọc hiểu văn bản"" trong khoảng 16 phút, lần lượt qua 3 chặng: khởi động → rèn luyện → bứt tốc. Đúng từ 9 câu là hoàn thành; đúng từ 11 câu được tính là thành thạo và cộng điểm lên cấp. Tinh thần cấp 4: Giữ độ chính xác khi thời gian bắt đầu siết lại.","Không giới hạn thời gian. Mục tiêu là làm đúng, chưa cần nhanh."
NV-0779,PL-VAN-REA-L4-014,Rèn kỹ năng: Đọc hiểu văn bản — cấp 4,Văn,Đọc hiểu văn bản,2,4,Rèn kỹ năng,120,"Hoàn thành 12 câu chuyên đề ""Đọc hiểu văn bản"" trong khoảng 13 phút, lần lượt qua 3 chặng: khởi động → rèn luyện → bứt tốc. Đúng từ 9 câu là hoàn thành; đúng từ 11 câu được tính là thành thạo và cộng điểm lên cấp. Tinh thần cấp 4: Giữ độ chính xác khi thời gian bắt đầu siết lại.","Hoàn thành đủ 3 chặng trong một lượt, không rời phiếu giữa chừng."
NV-0780,PL-VAN-REA-L4-015,Tốc độ: Đọc hiểu văn bản — cấp 4,Văn,Đọc hiểu văn bản,2,4,Tốc độ,132,"Hoàn thành 12 câu chuyên đề ""Đọc hiểu văn bản"" trong khoảng 10 phút, lần lượt qua 3 chặng: khởi động → rèn luyện → bứt tốc. Đúng từ 9 câu là hoàn thành; đúng từ 11 câu được tính là thành thạo và cộng điểm lên cấp. Tinh thần cấp 4: Giữ độ chính xác khi thời gian bắt đầu siết lại.",Thời gian bị siết còn 75% mức chuẩn. Quá giờ vẫn chấm nhưng không tính thành thạo.
NV-0781,PL-VAN-REA-L4-016,Chính xác: Đọc hiểu văn bản — cấp 4,Văn,Đọc hiểu văn bản,2,4,Chính xác,132,"Hoàn thành 12 câu chuyên đề ""Đọc hiểu văn bản"" trong khoảng 15 phút, lần lượt qua 3 chặng: khởi động → rèn luyện → bứt tốc. Đúng từ 9 câu là hoàn thành; đúng từ 11 câu được tính là thành thạo và cộng điểm lên cấp. Tinh thần cấp 4: Giữ độ chính xác khi thời gian bắt đầu siết lại.",Sai quá 2 câu là phải làm lại phiếu trước khi đi tiếp.
NV-0782,PL-VAN-REA-L4-017,Tổng hợp: Đọc hiểu văn bản — cấp 4,Văn,Đọc hiểu văn bản,2,4,Tổng hợp,138,"Hoàn thành 12 câu chuyên đề ""Đọc hiểu văn bản"" trong khoảng 13 phút, lần lượt qua 3 chặng: khởi động → rèn luyện → bứt tốc. Đúng từ 9 câu là hoàn thành; đúng từ 11 câu được tính là thành thạo và cộng điểm lên cấp. Tinh thần cấp 4: Giữ độ chính xác khi thời gian bắt đầu siết lại.",Không được biết trước dạng bài của từng câu.
NV-0783,PL-VAN-REA-L4-018,Ôn lại: Đọc hiểu văn bản — cấp 4,Văn,Đọc hiểu văn bản,2,4,Ôn lại,108,"Hoàn thành 12 câu chuyên đề ""Đọc hiểu văn bản"" trong khoảng 14 phút, lần lượt qua 3 chặng: khởi động → rèn luyện → bứt tốc. Đúng từ 9 câu là hoàn thành; đúng từ 11 câu được tính là thành thạo và cộng điểm lên cấp. Tinh thần cấp 4: Giữ độ chính xác khi thời gian bắt đầu siết lại.",Nên làm sau buổi học chính ít nhất một ngày.
NV-0784,PL-VAN-REA-L4-019,Khởi động: Đọc hiểu văn bản — cấp 4,Văn,Đọc hiểu văn bản,2,4,Khởi động,84,"Hoàn thành 12 câu chuyên đề ""Đọc hiểu văn bản"" trong khoảng 16 phút, lần lượt qua 3 chặng: khởi động → rèn luyện → bứt tốc. Đúng từ 9 câu là hoàn thành; đúng từ 11 câu được tính là thành thạo và cộng điểm lên cấp. Tinh thần cấp 4: Giữ độ chính xác khi thời gian bắt đầu siết lại.","Không giới hạn thời gian. Mục tiêu là làm đúng, chưa cần nhanh."
NV-0785,PL-VAN-REA-L4-020,Rèn kỹ năng: Đọc hiểu văn bản — cấp 4,Văn,Đọc hiểu văn bản,2,4,Rèn kỹ năng,120,"Hoàn thành 12 câu chuyên đề ""Đọc hiểu văn bản"" trong khoảng 13 phút, lần lượt qua 3 chặng: khởi động → rèn luyện → bứt tốc. Đúng từ 9 câu là hoàn thành; đúng từ 11 câu được tính là thành thạo và cộng điểm lên cấp. Tinh thần cấp 4: Giữ độ chính xác khi thời gian bắt đầu siết lại.","Hoàn thành đủ 3 chặng trong một lượt, không rời phiếu giữa chừng."
NV-0786,PL-VAN-REA-L4-021,Tốc độ: Đọc hiểu văn bản — cấp 4,Văn,Đọc hiểu văn bản,2,4,Tốc độ,132,"Hoàn thành 12 câu chuyên đề ""Đọc hiểu văn bản"" trong khoảng 10 phút, lần lượt qua 3 chặng: khởi động → rèn luyện → bứt tốc. Đúng từ 9 câu là hoàn thành; đúng từ 11 câu được tính là thành thạo và cộng điểm lên cấp. Tinh thần cấp 4: Giữ độ chính xác khi thời gian bắt đầu siết lại.",Thời gian bị siết còn 75% mức chuẩn. Quá giờ vẫn chấm nhưng không tính thành thạo.
NV-0787,PL-VAN-REA-L4-022,Chính xác: Đọc hiểu văn bản — cấp 4,Văn,Đọc hiểu văn bản,2,4,Chính xác,132,"Hoàn thành 12 câu chuyên đề ""Đọc hiểu văn bản"" trong khoảng 15 phút, lần lượt qua 3 chặng: khởi động → rèn luyện → bứt tốc. Đúng từ 9 câu là hoàn thành; đúng từ 11 câu được tính là thành thạo và cộng điểm lên cấp. Tinh thần cấp 4: Giữ độ chính xác khi thời gian bắt đầu siết lại.",Sai quá 2 câu là phải làm lại phiếu trước khi đi tiếp.
NV-0788,PL-VAN-REA-L4-023,Tổng hợp: Đọc hiểu văn bản — cấp 4,Văn,Đọc hiểu văn bản,2,4,Tổng hợp,138,"Hoàn thành 12 câu chuyên đề ""Đọc hiểu văn bản"" trong khoảng 13 phút, lần lượt qua 3 chặng: khởi động → rèn luyện → bứt tốc. Đúng từ 9 câu là hoàn thành; đúng từ 11 câu được tính là thành thạo và cộng điểm lên cấp. Tinh thần cấp 4: Giữ độ chính xác khi thời gian bắt đầu siết lại.",Không được biết trước dạng bài của từng câu.
NV-0789,PL-VAN-REA-L4-024,Ôn lại: Đọc hiểu văn bản — cấp 4,Văn,Đọc hiểu văn bản,2,4,Ôn lại,108,"Hoàn thành 12 câu chuyên đề ""Đọc hiểu văn bản"" trong khoảng 14 phút, lần lượt qua 3 chặng: khởi động → rèn luyện → bứt tốc. Đúng từ 9 câu là hoàn thành; đúng từ 11 câu được tính là thành thạo và cộng điểm lên cấp. Tinh thần cấp 4: Giữ độ chính xác khi thời gian bắt đầu siết lại.",Nên làm sau buổi học chính ít nhất một ngày.
NV-0790,PL-VAN-REA-L4-025,Khởi động: Đọc hiểu văn bản — cấp 4,Văn,Đọc hiểu văn bản,2,4,Khởi động,84,"Hoàn thành 12 câu chuyên đề ""Đọc hiểu văn bản"" trong khoảng 16 phút, lần lượt qua 3 chặng: khởi động → rèn luyện → bứt tốc. Đúng từ 9 câu là hoàn thành; đúng từ 11 câu được tính là thành thạo và cộng điểm lên cấp. Tinh thần cấp 4: Giữ độ chính xác khi thời gian bắt đầu siết lại.","Không giới hạn thời gian. Mục tiêu là làm đúng, chưa cần nhanh."
NV-0791,PL-VAN-REA-L4-026,Rèn kỹ năng: Đọc hiểu văn bản — cấp 4,Văn,Đọc hiểu văn bản,2,4,Rèn kỹ năng,120,"Hoàn thành 12 câu chuyên đề ""Đọc hiểu văn bản"" trong khoảng 13 phút, lần lượt qua 3 chặng: khởi động → rèn luyện → bứt tốc. Đúng từ 9 câu là hoàn thành; đúng từ 11 câu được tính là thành thạo và cộng điểm lên cấp. Tinh thần cấp 4: Giữ độ chính xác khi thời gian bắt đầu siết lại.","Hoàn thành đủ 3 chặng trong một lượt, không rời phiếu giữa chừng."
NV-0792,PL-VAN-REA-L4-027,Tốc độ: Đọc hiểu văn bản — cấp 4,Văn,Đọc hiểu văn bản,2,4,Tốc độ,132,"Hoàn thành 12 câu chuyên đề ""Đọc hiểu văn bản"" trong khoảng 10 phút, lần lượt qua 3 chặng: khởi động → rèn luyện → bứt tốc. Đúng từ 9 câu là hoàn thành; đúng từ 11 câu được tính là thành thạo và cộng điểm lên cấp. Tinh thần cấp 4: Giữ độ chính xác khi thời gian bắt đầu siết lại.",Thời gian bị siết còn 75% mức chuẩn. Quá giờ vẫn chấm nhưng không tính thành thạo.
NV-0793,PL-VAN-REA-L4-028,Chính xác: Đọc hiểu văn bản — cấp 4,Văn,Đọc hiểu văn bản,2,4,Chính xác,132,"Hoàn thành 12 câu chuyên đề ""Đọc hiểu văn bản"" trong khoảng 15 phút, lần lượt qua 3 chặng: khởi động → rèn luyện → bứt tốc. Đúng từ 9 câu là hoàn thành; đúng từ 11 câu được tính là thành thạo và cộng điểm lên cấp. Tinh thần cấp 4: Giữ độ chính xác khi thời gian bắt đầu siết lại.",Sai quá 2 câu là phải làm lại phiếu trước khi đi tiếp.
NV-0794,PL-VAN-REA-L4-029,Tổng hợp: Đọc hiểu văn bản — cấp 4,Văn,Đọc hiểu văn bản,2,4,Tổng hợp,138,"Hoàn thành 12 câu chuyên đề ""Đọc hiểu văn bản"" trong khoảng 13 phút, lần lượt qua 3 chặng: khởi động → rèn luyện → bứt tốc. Đúng từ 9 câu là hoàn thành; đúng từ 11 câu được tính là thành thạo và cộng điểm lên cấp. Tinh thần cấp 4: Giữ độ chính xác khi thời gian bắt đầu siết lại.",Không được biết trước dạng bài của từng câu.
NV-0795,PL-VAN-REA-L4-030,Ôn lại: Đọc hiểu văn bản — cấp 4,Văn,Đọc hiểu văn bản,2,4,Ôn lại,108,"Hoàn thành 12 câu chuyên đề ""Đọc hiểu văn bản"" trong khoảng 14 phút, lần lượt qua 3 chặng: khởi động → rèn luyện → bứt tốc. Đúng từ 9 câu là hoàn thành; đúng từ 11 câu được tính là thành thạo và cộng điểm lên cấp. Tinh thần cấp 4: Giữ độ chính xác khi thời gian bắt đầu siết lại.",Nên làm sau buổi học chính ít nhất một ngày.
NV-0796,PL-VAN-REA-L4-031,Khởi động: Đọc hiểu văn bản — cấp 4,Văn,Đọc hiểu văn bản,2,4,Khởi động,84,"Hoàn thành 12 câu chuyên đề ""Đọc hiểu văn bản"" trong khoảng 16 phút, lần lượt qua 3 chặng: khởi động → rèn luyện → bứt tốc. Đúng từ 9 câu là hoàn thành; đúng từ 11 câu được tính là thành thạo và cộng điểm lên cấp. Tinh thần cấp 4: Giữ độ chính xác khi thời gian bắt đầu siết lại.","Không giới hạn thời gian. Mục tiêu là làm đúng, chưa cần nhanh."
NV-0797,PL-VAN-REA-L4-032,Rèn kỹ năng: Đọc hiểu văn bản — cấp 4,Văn,Đọc hiểu văn bản,2,4,Rèn kỹ năng,120,"Hoàn thành 12 câu chuyên đề ""Đọc hiểu văn bản"" trong khoảng 13 phút, lần lượt qua 3 chặng: khởi động → rèn luyện → bứt tốc. Đúng từ 9 câu là hoàn thành; đúng từ 11 câu được tính là thành thạo và cộng điểm lên cấp. Tinh thần cấp 4: Giữ độ chính xác khi thời gian bắt đầu siết lại.","Hoàn thành đủ 3 chặng trong một lượt, không rời phiếu giữa chừng."
NV-0798,PL-VAN-REA-L4-033,Tốc độ: Đọc hiểu văn bản — cấp 4,Văn,Đọc hiểu văn bản,2,4,Tốc độ,132,"Hoàn thành 12 câu chuyên đề ""Đọc hiểu văn bản"" trong khoảng 10 phút, lần lượt qua 3 chặng: khởi động → rèn luyện → bứt tốc. Đúng từ 9 câu là hoàn thành; đúng từ 11 câu được tính là thành thạo và cộng điểm lên cấp. Tinh thần cấp 4: Giữ độ chính xác khi thời gian bắt đầu siết lại.",Thời gian bị siết còn 75% mức chuẩn. Quá giờ vẫn chấm nhưng không tính thành thạo.
NV-0799,PL-VAN-REA-L4-034,Chính xác: Đọc hiểu văn bản — cấp 4,Văn,Đọc hiểu văn bản,2,4,Chính xác,132,"Hoàn thành 12 câu chuyên đề ""Đọc hiểu văn bản"" trong khoảng 15 phút, lần lượt qua 3 chặng: khởi động → rèn luyện → bứt tốc. Đúng từ 9 câu là hoàn thành; đúng từ 11 câu được tính là thành thạo và cộng điểm lên cấp. Tinh thần cấp 4: Giữ độ chính xác khi thời gian bắt đầu siết lại.",Sai quá 2 câu là phải làm lại phiếu trước khi đi tiếp.
NV-0800,PL-VAN-REA-L4-035,Tổng hợp: Đọc hiểu văn bản — cấp 4,Văn,Đọc hiểu văn bản,2,4,Tổng hợp,138,"Hoàn thành 12 câu chuyên đề ""Đọc hiểu văn bản"" trong khoảng 13 phút, lần lượt qua 3 chặng: khởi động → rèn luyện → bứt tốc. Đúng từ 9 câu là hoàn thành; đúng từ 11 câu được tính là thành thạo và cộng điểm lên cấp. Tinh thần cấp 4: Giữ độ chính xác khi thời gian bắt đầu siết lại.",Không được biết trước dạng bài của từng câu.
NV-0801,PL-VAN-REA-L4-036,Thử thách: Đọc hiểu văn bản — cấp 4,Văn,Đọc hiểu văn bản,2,4,Thử thách,168,"Hoàn thành 12 câu chuyên đề ""Đọc hiểu văn bản"" trong khoảng 13 phút, lần lượt qua 3 chặng: khởi động → rèn luyện → bứt tốc. Đúng từ 9 câu là hoàn thành; đúng từ 11 câu được tính là thành thạo và cộng điểm lên cấp. Tinh thần cấp 4: Giữ độ chính xác khi thời gian bắt đầu siết lại.",Đạt từ 85% mới được tính là vượt thử thách.
NV-0802,PL-VAN-REA-L4-037,Vượt ải: Đọc hiểu văn bản — cấp 4,Văn,Đọc hiểu văn bản,2,4,Vượt ải,216,"Hoàn thành 12 câu chuyên đề ""Đọc hiểu văn bản"" trong khoảng 12 phút, lần lượt qua 3 chặng: khởi động → rèn luyện → bứt tốc. Đúng từ 9 câu là hoàn thành; đúng từ 11 câu được tính là thành thạo và cộng điểm lên cấp. Tinh thần cấp 4: Giữ độ chính xác khi thời gian bắt đầu siết lại.",Phải đạt từ 90% để mở khóa cấp độ tiếp theo của tuyến này.
NV-0803,PL-VAN-REA-L5-001,Khởi động: Đọc hiểu văn bản — cấp 5,Văn,Đọc hiểu văn bản,3,5,Khởi động,112,"Hoàn thành 14 câu chuyên đề ""Đọc hiểu văn bản"" trong khoảng 20 phút, lần lượt qua 3 chặng: khởi động → rèn luyện → bứt tốc. Đúng từ 10 câu là hoàn thành; đúng từ 12 câu được tính là thành thạo và cộng điểm lên cấp. Tinh thần cấp 5: Xử lý câu phân loại mà không mất nhịp.","Không giới hạn thời gian. Mục tiêu là làm đúng, chưa cần nhanh."
NV-0804,PL-VAN-REA-L5-002,Rèn kỹ năng: Đọc hiểu văn bản — cấp 5,Văn,Đọc hiểu văn bản,3,5,Rèn kỹ năng,160,"Hoàn thành 14 câu chuyên đề ""Đọc hiểu văn bản"" trong khoảng 16 phút, lần lượt qua 3 chặng: khởi động → rèn luyện → bứt tốc. Đúng từ 10 câu là hoàn thành; đúng từ 12 câu được tính là thành thạo và cộng điểm lên cấp. Tinh thần cấp 5: Xử lý câu phân loại mà không mất nhịp.","Hoàn thành đủ 3 chặng trong một lượt, không rời phiếu giữa chừng."
NV-0805,PL-VAN-REA-L5-003,Tốc độ: Đọc hiểu văn bản — cấp 5,Văn,Đọc hiểu văn bản,3,5,Tốc độ,176,"Hoàn thành 14 câu chuyên đề ""Đọc hiểu văn bản"" trong khoảng 12 phút, lần lượt qua 3 chặng: khởi động → rèn luyện → bứt tốc. Đúng từ 10 câu là hoàn thành; đúng từ 12 câu được tính là thành thạo và cộng điểm lên cấp. Tinh thần cấp 5: Xử lý câu phân loại mà không mất nhịp.",Thời gian bị siết còn 75% mức chuẩn. Quá giờ vẫn chấm nhưng không tính thành thạo.
NV-0806,PL-VAN-REA-L5-004,Chính xác: Đọc hiểu văn bản — cấp 5,Văn,Đọc hiểu văn bản,3,5,Chính xác,176,"Hoàn thành 14 câu chuyên đề ""Đọc hiểu văn bản"" trong khoảng 19 phút, lần lượt qua 3 chặng: khởi động → rèn luyện → bứt tốc. Đúng từ 10 câu là hoàn thành; đúng từ 12 câu được tính là thành thạo và cộng điểm lên cấp. Tinh thần cấp 5: Xử lý câu phân loại mà không mất nhịp.",Sai quá 2 câu là phải làm lại phiếu trước khi đi tiếp.
NV-0807,PL-VAN-REA-L5-005,Tổng hợp: Đọc hiểu văn bản — cấp 5,Văn,Đọc hiểu văn bản,3,5,Tổng hợp,184,"Hoàn thành 14 câu chuyên đề ""Đọc hiểu văn bản"" trong khoảng 16 phút, lần lượt qua 3 chặng: khởi động → rèn luyện → bứt tốc. Đúng từ 10 câu là hoàn thành; đúng từ 12 câu được tính là thành thạo và cộng điểm lên cấp. Tinh thần cấp 5: Xử lý câu phân loại mà không mất nhịp.",Không được biết trước dạng bài của từng câu.
NV-0808,PL-VAN-REA-L5-006,Ôn lại: Đọc hiểu văn bản — cấp 5,Văn,Đọc hiểu văn bản,3,5,Ôn lại,144,"Hoàn thành 14 câu chuyên đề ""Đọc hiểu văn bản"" trong khoảng 18 phút, lần lượt qua 3 chặng: khởi động → rèn luyện → bứt tốc. Đúng từ 10 câu là hoàn thành; đúng từ 12 câu được tính là thành thạo và cộng điểm lên cấp. Tinh thần cấp 5: Xử lý câu phân loại mà không mất nhịp.",Nên làm sau buổi học chính ít nhất một ngày.
NV-0809,PL-VAN-REA-L5-007,Khởi động: Đọc hiểu văn bản — cấp 5,Văn,Đọc hiểu văn bản,3,5,Khởi động,112,"Hoàn thành 14 câu chuyên đề ""Đọc hiểu văn bản"" trong khoảng 20 phút, lần lượt qua 3 chặng: khởi động → rèn luyện → bứt tốc. Đúng từ 10 câu là hoàn thành; đúng từ 12 câu được tính là thành thạo và cộng điểm lên cấp. Tinh thần cấp 5: Xử lý câu phân loại mà không mất nhịp.","Không giới hạn thời gian. Mục tiêu là làm đúng, chưa cần nhanh."
NV-0810,PL-VAN-REA-L5-008,Rèn kỹ năng: Đọc hiểu văn bản — cấp 5,Văn,Đọc hiểu văn bản,3,5,Rèn kỹ năng,160,"Hoàn thành 14 câu chuyên đề ""Đọc hiểu văn bản"" trong khoảng 16 phút, lần lượt qua 3 chặng: khởi động → rèn luyện → bứt tốc. Đúng từ 10 câu là hoàn thành; đúng từ 12 câu được tính là thành thạo và cộng điểm lên cấp. Tinh thần cấp 5: Xử lý câu phân loại mà không mất nhịp.","Hoàn thành đủ 3 chặng trong một lượt, không rời phiếu giữa chừng."
NV-0811,PL-VAN-REA-L5-009,Tốc độ: Đọc hiểu văn bản — cấp 5,Văn,Đọc hiểu văn bản,3,5,Tốc độ,176,"Hoàn thành 14 câu chuyên đề ""Đọc hiểu văn bản"" trong khoảng 12 phút, lần lượt qua 3 chặng: khởi động → rèn luyện → bứt tốc. Đúng từ 10 câu là hoàn thành; đúng từ 12 câu được tính là thành thạo và cộng điểm lên cấp. Tinh thần cấp 5: Xử lý câu phân loại mà không mất nhịp.",Thời gian bị siết còn 75% mức chuẩn. Quá giờ vẫn chấm nhưng không tính thành thạo.
NV-0812,PL-VAN-REA-L5-010,Chính xác: Đọc hiểu văn bản — cấp 5,Văn,Đọc hiểu văn bản,3,5,Chính xác,176,"Hoàn thành 14 câu chuyên đề ""Đọc hiểu văn bản"" trong khoảng 19 phút, lần lượt qua 3 chặng: khởi động → rèn luyện → bứt tốc. Đúng từ 10 câu là hoàn thành; đúng từ 12 câu được tính là thành thạo và cộng điểm lên cấp. Tinh thần cấp 5: Xử lý câu phân loại mà không mất nhịp.",Sai quá 2 câu là phải làm lại phiếu trước khi đi tiếp.
NV-0813,PL-VAN-REA-L5-011,Tổng hợp: Đọc hiểu văn bản — cấp 5,Văn,Đọc hiểu văn bản,3,5,Tổng hợp,184,"Hoàn thành 14 câu chuyên đề ""Đọc hiểu văn bản"" trong khoảng 16 phút, lần lượt qua 3 chặng: khởi động → rèn luyện → bứt tốc. Đúng từ 10 câu là hoàn thành; đúng từ 12 câu được tính là thành thạo và cộng điểm lên cấp. Tinh thần cấp 5: Xử lý câu phân loại mà không mất nhịp.",Không được biết trước dạng bài của từng câu.
NV-0814,PL-VAN-REA-L5-012,Ôn lại: Đọc hiểu văn bản — cấp 5,Văn,Đọc hiểu văn bản,3,5,Ôn lại,144,"Hoàn thành 14 câu chuyên đề ""Đọc hiểu văn bản"" trong khoảng 18 phút, lần lượt qua 3 chặng: khởi động → rèn luyện → bứt tốc. Đúng từ 10 câu là hoàn thành; đúng từ 12 câu được tính là thành thạo và cộng điểm lên cấp. Tinh thần cấp 5: Xử lý câu phân loại mà không mất nhịp.",Nên làm sau buổi học chính ít nhất một ngày.
NV-0815,PL-VAN-REA-L5-013,Khởi động: Đọc hiểu văn bản — cấp 5,Văn,Đọc hiểu văn bản,3,5,Khởi động,112,"Hoàn thành 14 câu chuyên đề ""Đọc hiểu văn bản"" trong khoảng 20 phút, lần lượt qua 3 chặng: khởi động → rèn luyện → bứt tốc. Đúng từ 10 câu là hoàn thành; đúng từ 12 câu được tính là thành thạo và cộng điểm lên cấp. Tinh thần cấp 5: Xử lý câu phân loại mà không mất nhịp.","Không giới hạn thời gian. Mục tiêu là làm đúng, chưa cần nhanh."
NV-0816,PL-VAN-REA-L5-014,Rèn kỹ năng: Đọc hiểu văn bản — cấp 5,Văn,Đọc hiểu văn bản,3,5,Rèn kỹ năng,160,"Hoàn thành 14 câu chuyên đề ""Đọc hiểu văn bản"" trong khoảng 16 phút, lần lượt qua 3 chặng: khởi động → rèn luyện → bứt tốc. Đúng từ 10 câu là hoàn thành; đúng từ 12 câu được tính là thành thạo và cộng điểm lên cấp. Tinh thần cấp 5: Xử lý câu phân loại mà không mất nhịp.","Hoàn thành đủ 3 chặng trong một lượt, không rời phiếu giữa chừng."
NV-0817,PL-VAN-REA-L5-015,Tốc độ: Đọc hiểu văn bản — cấp 5,Văn,Đọc hiểu văn bản,3,5,Tốc độ,176,"Hoàn thành 14 câu chuyên đề ""Đọc hiểu văn bản"" trong khoảng 12 phút, lần lượt qua 3 chặng: khởi động → rèn luyện → bứt tốc. Đúng từ 10 câu là hoàn thành; đúng từ 12 câu được tính là thành thạo và cộng điểm lên cấp. Tinh thần cấp 5: Xử lý câu phân loại mà không mất nhịp.",Thời gian bị siết còn 75% mức chuẩn. Quá giờ vẫn chấm nhưng không tính thành thạo.
NV-0818,PL-VAN-REA-L5-016,Chính xác: Đọc hiểu văn bản — cấp 5,Văn,Đọc hiểu văn bản,3,5,Chính xác,176,"Hoàn thành 14 câu chuyên đề ""Đọc hiểu văn bản"" trong khoảng 19 phút, lần lượt qua 3 chặng: khởi động → rèn luyện → bứt tốc. Đúng từ 10 câu là hoàn thành; đúng từ 12 câu được tính là thành thạo và cộng điểm lên cấp. Tinh thần cấp 5: Xử lý câu phân loại mà không mất nhịp.",Sai quá 2 câu là phải làm lại phiếu trước khi đi tiếp.
NV-0819,PL-VAN-REA-L5-017,Tổng hợp: Đọc hiểu văn bản — cấp 5,Văn,Đọc hiểu văn bản,3,5,Tổng hợp,184,"Hoàn thành 14 câu chuyên đề ""Đọc hiểu văn bản"" trong khoảng 16 phút, lần lượt qua 3 chặng: khởi động → rèn luyện → bứt tốc. Đúng từ 10 câu là hoàn thành; đúng từ 12 câu được tính là thành thạo và cộng điểm lên cấp. Tinh thần cấp 5: Xử lý câu phân loại mà không mất nhịp.",Không được biết trước dạng bài của từng câu.
NV-0820,PL-VAN-REA-L5-018,Ôn lại: Đọc hiểu văn bản — cấp 5,Văn,Đọc hiểu văn bản,3,5,Ôn lại,144,"Hoàn thành 14 câu chuyên đề ""Đọc hiểu văn bản"" trong khoảng 18 phút, lần lượt qua 3 chặng: khởi động → rèn luyện → bứt tốc. Đúng từ 10 câu là hoàn thành; đúng từ 12 câu được tính là thành thạo và cộng điểm lên cấp. Tinh thần cấp 5: Xử lý câu phân loại mà không mất nhịp.",Nên làm sau buổi học chính ít nhất một ngày.
NV-0821,PL-VAN-REA-L5-019,Khởi động: Đọc hiểu văn bản — cấp 5,Văn,Đọc hiểu văn bản,3,5,Khởi động,112,"Hoàn thành 14 câu chuyên đề ""Đọc hiểu văn bản"" trong khoảng 20 phút, lần lượt qua 3 chặng: khởi động → rèn luyện → bứt tốc. Đúng từ 10 câu là hoàn thành; đúng từ 12 câu được tính là thành thạo và cộng điểm lên cấp. Tinh thần cấp 5: Xử lý câu phân loại mà không mất nhịp.","Không giới hạn thời gian. Mục tiêu là làm đúng, chưa cần nhanh."
NV-0822,PL-VAN-REA-L5-020,Rèn kỹ năng: Đọc hiểu văn bản — cấp 5,Văn,Đọc hiểu văn bản,3,5,Rèn kỹ năng,160,"Hoàn thành 14 câu chuyên đề ""Đọc hiểu văn bản"" trong khoảng 16 phút, lần lượt qua 3 chặng: khởi động → rèn luyện → bứt tốc. Đúng từ 10 câu là hoàn thành; đúng từ 12 câu được tính là thành thạo và cộng điểm lên cấp. Tinh thần cấp 5: Xử lý câu phân loại mà không mất nhịp.","Hoàn thành đủ 3 chặng trong một lượt, không rời phiếu giữa chừng."
NV-0823,PL-VAN-REA-L5-021,Tốc độ: Đọc hiểu văn bản — cấp 5,Văn,Đọc hiểu văn bản,3,5,Tốc độ,176,"Hoàn thành 14 câu chuyên đề ""Đọc hiểu văn bản"" trong khoảng 12 phút, lần lượt qua 3 chặng: khởi động → rèn luyện → bứt tốc. Đúng từ 10 câu là hoàn thành; đúng từ 12 câu được tính là thành thạo và cộng điểm lên cấp. Tinh thần cấp 5: Xử lý câu phân loại mà không mất nhịp.",Thời gian bị siết còn 75% mức chuẩn. Quá giờ vẫn chấm nhưng không tính thành thạo.
NV-0824,PL-VAN-REA-L5-022,Chính xác: Đọc hiểu văn bản — cấp 5,Văn,Đọc hiểu văn bản,3,5,Chính xác,176,"Hoàn thành 14 câu chuyên đề ""Đọc hiểu văn bản"" trong khoảng 19 phút, lần lượt qua 3 chặng: khởi động → rèn luyện → bứt tốc. Đúng từ 10 câu là hoàn thành; đúng từ 12 câu được tính là thành thạo và cộng điểm lên cấp. Tinh thần cấp 5: Xử lý câu phân loại mà không mất nhịp.",Sai quá 2 câu là phải làm lại phiếu trước khi đi tiếp.
NV-0825,PL-VAN-REA-L5-023,Tổng hợp: Đọc hiểu văn bản — cấp 5,Văn,Đọc hiểu văn bản,3,5,Tổng hợp,184,"Hoàn thành 14 câu chuyên đề ""Đọc hiểu văn bản"" trong khoảng 16 phút, lần lượt qua 3 chặng: khởi động → rèn luyện → bứt tốc. Đúng từ 10 câu là hoàn thành; đúng từ 12 câu được tính là thành thạo và cộng điểm lên cấp. Tinh thần cấp 5: Xử lý câu phân loại mà không mất nhịp.",Không được biết trước dạng bài của từng câu.
NV-0826,PL-VAN-REA-L5-024,Ôn lại: Đọc hiểu văn bản — cấp 5,Văn,Đọc hiểu văn bản,3,5,Ôn lại,144,"Hoàn thành 14 câu chuyên đề ""Đọc hiểu văn bản"" trong khoảng 18 phút, lần lượt qua 3 chặng: khởi động → rèn luyện → bứt tốc. Đúng từ 10 câu là hoàn thành; đúng từ 12 câu được tính là thành thạo và cộng điểm lên cấp. Tinh thần cấp 5: Xử lý câu phân loại mà không mất nhịp.",Nên làm sau buổi học chính ít nhất một ngày.
NV-0827,PL-VAN-REA-L5-025,Khởi động: Đọc hiểu văn bản — cấp 5,Văn,Đọc hiểu văn bản,3,5,Khởi động,112,"Hoàn thành 14 câu chuyên đề ""Đọc hiểu văn bản"" trong khoảng 20 phút, lần lượt qua 3 chặng: khởi động → rèn luyện → bứt tốc. Đúng từ 10 câu là hoàn thành; đúng từ 12 câu được tính là thành thạo và cộng điểm lên cấp. Tinh thần cấp 5: Xử lý câu phân loại mà không mất nhịp.","Không giới hạn thời gian. Mục tiêu là làm đúng, chưa cần nhanh."
NV-0828,PL-VAN-REA-L5-026,Rèn kỹ năng: Đọc hiểu văn bản — cấp 5,Văn,Đọc hiểu văn bản,3,5,Rèn kỹ năng,160,"Hoàn thành 14 câu chuyên đề ""Đọc hiểu văn bản"" trong khoảng 16 phút, lần lượt qua 3 chặng: khởi động → rèn luyện → bứt tốc. Đúng từ 10 câu là hoàn thành; đúng từ 12 câu được tính là thành thạo và cộng điểm lên cấp. Tinh thần cấp 5: Xử lý câu phân loại mà không mất nhịp.","Hoàn thành đủ 3 chặng trong một lượt, không rời phiếu giữa chừng."
NV-0829,PL-VAN-REA-L5-027,Tốc độ: Đọc hiểu văn bản — cấp 5,Văn,Đọc hiểu văn bản,3,5,Tốc độ,176,"Hoàn thành 14 câu chuyên đề ""Đọc hiểu văn bản"" trong khoảng 12 phút, lần lượt qua 3 chặng: khởi động → rèn luyện → bứt tốc. Đúng từ 10 câu là hoàn thành; đúng từ 12 câu được tính là thành thạo và cộng điểm lên cấp. Tinh thần cấp 5: Xử lý câu phân loại mà không mất nhịp.",Thời gian bị siết còn 75% mức chuẩn. Quá giờ vẫn chấm nhưng không tính thành thạo.
NV-0830,PL-VAN-REA-L5-028,Chính xác: Đọc hiểu văn bản — cấp 5,Văn,Đọc hiểu văn bản,3,5,Chính xác,176,"Hoàn thành 14 câu chuyên đề ""Đọc hiểu văn bản"" trong khoảng 19 phút, lần lượt qua 3 chặng: khởi động → rèn luyện → bứt tốc. Đúng từ 10 câu là hoàn thành; đúng từ 12 câu được tính là thành thạo và cộng điểm lên cấp. Tinh thần cấp 5: Xử lý câu phân loại mà không mất nhịp.",Sai quá 2 câu là phải làm lại phiếu trước khi đi tiếp.
NV-0831,PL-VAN-REA-L5-029,Thử thách: Đọc hiểu văn bản — cấp 5,Văn,Đọc hiểu văn bản,3,5,Thử thách,224,"Hoàn thành 14 câu chuyên đề ""Đọc hiểu văn bản"" trong khoảng 16 phút, lần lượt qua 3 chặng: khởi động → rèn luyện → bứt tốc. Đúng từ 10 câu là hoàn thành; đúng từ 12 câu được tính là thành thạo và cộng điểm lên cấp. Tinh thần cấp 5: Xử lý câu phân loại mà không mất nhịp.",Đạt từ 85% mới được tính là vượt thử thách.
NV-0832,PL-VAN-REA-L5-030,Vượt ải: Đọc hiểu văn bản — cấp 5,Văn,Đọc hiểu văn bản,3,5,Vượt ải,288,"Hoàn thành 14 câu chuyên đề ""Đọc hiểu văn bản"" trong khoảng 16 phút, lần lượt qua 3 chặng: khởi động → rèn luyện → bứt tốc. Đúng từ 10 câu là hoàn thành; đúng từ 13 câu được tính là thành thạo và cộng điểm lên cấp. Tinh thần cấp 5: Xử lý câu phân loại mà không mất nhịp.",Phải đạt từ 90% để mở khóa cấp độ tiếp theo của tuyến này.
NV-0833,PL-VAN-REA-L6-001,Khởi động: Đọc hiểu văn bản — cấp 6,Văn,Đọc hiểu văn bản,3,6,Khởi động,154,"Hoàn thành 15 câu chuyên đề ""Đọc hiểu văn bản"" trong khoảng 19 phút, lần lượt qua 3 chặng: khởi động → rèn luyện → bứt tốc. Đúng từ 11 câu là hoàn thành; đúng từ 13 câu được tính là thành thạo và cộng điểm lên cấp. Tinh thần cấp 6: Tốc độ và độ chính xác của nhóm dẫn đầu phổ điểm.","Không giới hạn thời gian. Mục tiêu là làm đúng, chưa cần nhanh."
NV-0834,PL-VAN-REA-L6-002,Rèn kỹ năng: Đọc hiểu văn bản — cấp 6,Văn,Đọc hiểu văn bản,3,6,Rèn kỹ năng,220,"Hoàn thành 15 câu chuyên đề ""Đọc hiểu văn bản"" trong khoảng 15 phút, lần lượt qua 3 chặng: khởi động → rèn luyện → bứt tốc. Đúng từ 11 câu là hoàn thành; đúng từ 13 câu được tính là thành thạo và cộng điểm lên cấp. Tinh thần cấp 6: Tốc độ và độ chính xác của nhóm dẫn đầu phổ điểm.","Hoàn thành đủ 3 chặng trong một lượt, không rời phiếu giữa chừng."
NV-0835,PL-VAN-REA-L6-003,Tốc độ: Đọc hiểu văn bản — cấp 6,Văn,Đọc hiểu văn bản,3,6,Tốc độ,242,"Hoàn thành 15 câu chuyên đề ""Đọc hiểu văn bản"" trong khoảng 11 phút, lần lượt qua 3 chặng: khởi động → rèn luyện → bứt tốc. Đúng từ 11 câu là hoàn thành; đúng từ 13 câu được tính là thành thạo và cộng điểm lên cấp. Tinh thần cấp 6: Tốc độ và độ chính xác của nhóm dẫn đầu phổ điểm.",Thời gian bị siết còn 75% mức chuẩn. Quá giờ vẫn chấm nhưng không tính thành thạo.
NV-0836,PL-VAN-REA-L6-004,Chính xác: Đọc hiểu văn bản — cấp 6,Văn,Đọc hiểu văn bản,3,6,Chính xác,242,"Hoàn thành 15 câu chuyên đề ""Đọc hiểu văn bản"" trong khoảng 17 phút, lần lượt qua 3 chặng: khởi động → rèn luyện → bứt tốc. Đúng từ 11 câu là hoàn thành; đúng từ 13 câu được tính là thành thạo và cộng điểm lên cấp. Tinh thần cấp 6: Tốc độ và độ chính xác của nhóm dẫn đầu phổ điểm.",Sai quá 2 câu là phải làm lại phiếu trước khi đi tiếp.
NV-0837,PL-VAN-REA-L6-005,Tổng hợp: Đọc hiểu văn bản — cấp 6,Văn,Đọc hiểu văn bản,3,6,Tổng hợp,253,"Hoàn thành 15 câu chuyên đề ""Đọc hiểu văn bản"" trong khoảng 15 phút, lần lượt qua 3 chặng: khởi động → rèn luyện → bứt tốc. Đúng từ 11 câu là hoàn thành; đúng từ 13 câu được tính là thành thạo và cộng điểm lên cấp. Tinh thần cấp 6: Tốc độ và độ chính xác của nhóm dẫn đầu phổ điểm.",Không được biết trước dạng bài của từng câu.
NV-0838,PL-VAN-REA-L6-006,Ôn lại: Đọc hiểu văn bản — cấp 6,Văn,Đọc hiểu văn bản,3,6,Ôn lại,198,"Hoàn thành 15 câu chuyên đề ""Đọc hiểu văn bản"" trong khoảng 17 phút, lần lượt qua 3 chặng: khởi động → rèn luyện → bứt tốc. Đúng từ 11 câu là hoàn thành; đúng từ 13 câu được tính là thành thạo và cộng điểm lên cấp. Tinh thần cấp 6: Tốc độ và độ chính xác của nhóm dẫn đầu phổ điểm.",Nên làm sau buổi học chính ít nhất một ngày.
NV-0839,PL-VAN-REA-L6-007,Khởi động: Đọc hiểu văn bản — cấp 6,Văn,Đọc hiểu văn bản,3,6,Khởi động,154,"Hoàn thành 15 câu chuyên đề ""Đọc hiểu văn bản"" trong khoảng 19 phút, lần lượt qua 3 chặng: khởi động → rèn luyện → bứt tốc. Đúng từ 11 câu là hoàn thành; đúng từ 13 câu được tính là thành thạo và cộng điểm lên cấp. Tinh thần cấp 6: Tốc độ và độ chính xác của nhóm dẫn đầu phổ điểm.","Không giới hạn thời gian. Mục tiêu là làm đúng, chưa cần nhanh."
NV-0840,PL-VAN-REA-L6-008,Rèn kỹ năng: Đọc hiểu văn bản — cấp 6,Văn,Đọc hiểu văn bản,3,6,Rèn kỹ năng,220,"Hoàn thành 15 câu chuyên đề ""Đọc hiểu văn bản"" trong khoảng 15 phút, lần lượt qua 3 chặng: khởi động → rèn luyện → bứt tốc. Đúng từ 11 câu là hoàn thành; đúng từ 13 câu được tính là thành thạo và cộng điểm lên cấp. Tinh thần cấp 6: Tốc độ và độ chính xác của nhóm dẫn đầu phổ điểm.","Hoàn thành đủ 3 chặng trong một lượt, không rời phiếu giữa chừng."
NV-0841,PL-VAN-REA-L6-009,Tốc độ: Đọc hiểu văn bản — cấp 6,Văn,Đọc hiểu văn bản,3,6,Tốc độ,242,"Hoàn thành 15 câu chuyên đề ""Đọc hiểu văn bản"" trong khoảng 11 phút, lần lượt qua 3 chặng: khởi động → rèn luyện → bứt tốc. Đúng từ 11 câu là hoàn thành; đúng từ 13 câu được tính là thành thạo và cộng điểm lên cấp. Tinh thần cấp 6: Tốc độ và độ chính xác của nhóm dẫn đầu phổ điểm.",Thời gian bị siết còn 75% mức chuẩn. Quá giờ vẫn chấm nhưng không tính thành thạo.
NV-0842,PL-VAN-REA-L6-010,Chính xác: Đọc hiểu văn bản — cấp 6,Văn,Đọc hiểu văn bản,3,6,Chính xác,242,"Hoàn thành 15 câu chuyên đề ""Đọc hiểu văn bản"" trong khoảng 17 phút, lần lượt qua 3 chặng: khởi động → rèn luyện → bứt tốc. Đúng từ 11 câu là hoàn thành; đúng từ 13 câu được tính là thành thạo và cộng điểm lên cấp. Tinh thần cấp 6: Tốc độ và độ chính xác của nhóm dẫn đầu phổ điểm.",Sai quá 2 câu là phải làm lại phiếu trước khi đi tiếp.
NV-0843,PL-VAN-REA-L6-011,Tổng hợp: Đọc hiểu văn bản — cấp 6,Văn,Đọc hiểu văn bản,3,6,Tổng hợp,253,"Hoàn thành 15 câu chuyên đề ""Đọc hiểu văn bản"" trong khoảng 15 phút, lần lượt qua 3 chặng: khởi động → rèn luyện → bứt tốc. Đúng từ 11 câu là hoàn thành; đúng từ 13 câu được tính là thành thạo và cộng điểm lên cấp. Tinh thần cấp 6: Tốc độ và độ chính xác của nhóm dẫn đầu phổ điểm.",Không được biết trước dạng bài của từng câu.
NV-0844,PL-VAN-REA-L6-012,Ôn lại: Đọc hiểu văn bản — cấp 6,Văn,Đọc hiểu văn bản,3,6,Ôn lại,198,"Hoàn thành 15 câu chuyên đề ""Đọc hiểu văn bản"" trong khoảng 17 phút, lần lượt qua 3 chặng: khởi động → rèn luyện → bứt tốc. Đúng từ 11 câu là hoàn thành; đúng từ 13 câu được tính là thành thạo và cộng điểm lên cấp. Tinh thần cấp 6: Tốc độ và độ chính xác của nhóm dẫn đầu phổ điểm.",Nên làm sau buổi học chính ít nhất một ngày.
NV-0845,PL-VAN-REA-L6-013,Khởi động: Đọc hiểu văn bản — cấp 6,Văn,Đọc hiểu văn bản,3,6,Khởi động,154,"Hoàn thành 15 câu chuyên đề ""Đọc hiểu văn bản"" trong khoảng 19 phút, lần lượt qua 3 chặng: khởi động → rèn luyện → bứt tốc. Đúng từ 11 câu là hoàn thành; đúng từ 13 câu được tính là thành thạo và cộng điểm lên cấp. Tinh thần cấp 6: Tốc độ và độ chính xác của nhóm dẫn đầu phổ điểm.","Không giới hạn thời gian. Mục tiêu là làm đúng, chưa cần nhanh."
NV-0846,PL-VAN-REA-L6-014,Rèn kỹ năng: Đọc hiểu văn bản — cấp 6,Văn,Đọc hiểu văn bản,3,6,Rèn kỹ năng,220,"Hoàn thành 15 câu chuyên đề ""Đọc hiểu văn bản"" trong khoảng 15 phút, lần lượt qua 3 chặng: khởi động → rèn luyện → bứt tốc. Đúng từ 11 câu là hoàn thành; đúng từ 13 câu được tính là thành thạo và cộng điểm lên cấp. Tinh thần cấp 6: Tốc độ và độ chính xác của nhóm dẫn đầu phổ điểm.","Hoàn thành đủ 3 chặng trong một lượt, không rời phiếu giữa chừng."
NV-0847,PL-VAN-REA-L6-015,Tốc độ: Đọc hiểu văn bản — cấp 6,Văn,Đọc hiểu văn bản,3,6,Tốc độ,242,"Hoàn thành 15 câu chuyên đề ""Đọc hiểu văn bản"" trong khoảng 11 phút, lần lượt qua 3 chặng: khởi động → rèn luyện → bứt tốc. Đúng từ 11 câu là hoàn thành; đúng từ 13 câu được tính là thành thạo và cộng điểm lên cấp. Tinh thần cấp 6: Tốc độ và độ chính xác của nhóm dẫn đầu phổ điểm.",Thời gian bị siết còn 75% mức chuẩn. Quá giờ vẫn chấm nhưng không tính thành thạo.
NV-0848,PL-VAN-REA-L6-016,Chính xác: Đọc hiểu văn bản — cấp 6,Văn,Đọc hiểu văn bản,3,6,Chính xác,242,"Hoàn thành 15 câu chuyên đề ""Đọc hiểu văn bản"" trong khoảng 17 phút, lần lượt qua 3 chặng: khởi động → rèn luyện → bứt tốc. Đúng từ 11 câu là hoàn thành; đúng từ 13 câu được tính là thành thạo và cộng điểm lên cấp. Tinh thần cấp 6: Tốc độ và độ chính xác của nhóm dẫn đầu phổ điểm.",Sai quá 2 câu là phải làm lại phiếu trước khi đi tiếp.
NV-0849,PL-VAN-REA-L6-017,Tổng hợp: Đọc hiểu văn bản — cấp 6,Văn,Đọc hiểu văn bản,3,6,Tổng hợp,253,"Hoàn thành 15 câu chuyên đề ""Đọc hiểu văn bản"" trong khoảng 15 phút, lần lượt qua 3 chặng: khởi động → rèn luyện → bứt tốc. Đúng từ 11 câu là hoàn thành; đúng từ 13 câu được tính là thành thạo và cộng điểm lên cấp. Tinh thần cấp 6: Tốc độ và độ chính xác của nhóm dẫn đầu phổ điểm.",Không được biết trước dạng bài của từng câu.
NV-0850,PL-VAN-REA-L6-018,Ôn lại: Đọc hiểu văn bản — cấp 6,Văn,Đọc hiểu văn bản,3,6,Ôn lại,198,"Hoàn thành 15 câu chuyên đề ""Đọc hiểu văn bản"" trong khoảng 17 phút, lần lượt qua 3 chặng: khởi động → rèn luyện → bứt tốc. Đúng từ 11 câu là hoàn thành; đúng từ 13 câu được tính là thành thạo và cộng điểm lên cấp. Tinh thần cấp 6: Tốc độ và độ chính xác của nhóm dẫn đầu phổ điểm.",Nên làm sau buổi học chính ít nhất một ngày.
NV-0851,PL-VAN-REA-L6-019,Khởi động: Đọc hiểu văn bản — cấp 6,Văn,Đọc hiểu văn bản,3,6,Khởi động,154,"Hoàn thành 15 câu chuyên đề ""Đọc hiểu văn bản"" trong khoảng 19 phút, lần lượt qua 3 chặng: khởi động → rèn luyện → bứt tốc. Đúng từ 11 câu là hoàn thành; đúng từ 13 câu được tính là thành thạo và cộng điểm lên cấp. Tinh thần cấp 6: Tốc độ và độ chính xác của nhóm dẫn đầu phổ điểm.","Không giới hạn thời gian. Mục tiêu là làm đúng, chưa cần nhanh."
NV-0852,PL-VAN-REA-L6-020,Rèn kỹ năng: Đọc hiểu văn bản — cấp 6,Văn,Đọc hiểu văn bản,3,6,Rèn kỹ năng,220,"Hoàn thành 15 câu chuyên đề ""Đọc hiểu văn bản"" trong khoảng 15 phút, lần lượt qua 3 chặng: khởi động → rèn luyện → bứt tốc. Đúng từ 11 câu là hoàn thành; đúng từ 13 câu được tính là thành thạo và cộng điểm lên cấp. Tinh thần cấp 6: Tốc độ và độ chính xác của nhóm dẫn đầu phổ điểm.","Hoàn thành đủ 3 chặng trong một lượt, không rời phiếu giữa chừng."
NV-0853,PL-VAN-REA-L6-021,Thử thách: Đọc hiểu văn bản — cấp 6,Văn,Đọc hiểu văn bản,3,6,Thử thách,308,"Hoàn thành 15 câu chuyên đề ""Đọc hiểu văn bản"" trong khoảng 15 phút, lần lượt qua 3 chặng: khởi động → rèn luyện → bứt tốc. Đúng từ 11 câu là hoàn thành; đúng từ 13 câu được tính là thành thạo và cộng điểm lên cấp. Tinh thần cấp 6: Tốc độ và độ chính xác của nhóm dẫn đầu phổ điểm.",Đạt từ 85% mới được tính là vượt thử thách.
NV-0854,PL-VAN-REA-L6-022,Vượt ải: Đọc hiểu văn bản — cấp 6,Văn,Đọc hiểu văn bản,3,6,Vượt ải,396,"Hoàn thành 15 câu chuyên đề ""Đọc hiểu văn bản"" trong khoảng 14 phút, lần lượt qua 3 chặng: khởi động → rèn luyện → bứt tốc. Đúng từ 11 câu là hoàn thành; đúng từ 14 câu được tính là thành thạo và cộng điểm lên cấp. Tinh thần cấp 6: Tốc độ và độ chính xác của nhóm dẫn đầu phổ điểm.",Phải đạt từ 90% để mở khóa cấp độ tiếp theo của tuyến này.
NV-0855,PL-VAN-LIT-L1-001,"Khởi động: Tác giả, tác phẩm & giai đoạn văn học — cấp 1",Văn,"Tác giả, tác phẩm & giai đoạn văn học",1,1,Khởi động,28,"Hoàn thành 8 câu chuyên đề ""Tác giả, tác phẩm & giai đoạn văn học"" trong khoảng 10 phút, lần lượt qua 3 chặng: khởi động → rèn luyện → bứt tốc. Đúng từ 6 câu là hoàn thành; đúng từ 7 câu được tính là thành thạo và cộng điểm lên cấp. Tinh thần cấp 1: Nhận diện dạng bài và nhớ lại công thức nền.","Không giới hạn thời gian. Mục tiêu là làm đúng, chưa cần nhanh."
NV-0856,PL-VAN-LIT-L1-002,"Rèn kỹ năng: Tác giả, tác phẩm & giai đoạn văn học — cấp 1",Văn,"Tác giả, tác phẩm & giai đoạn văn học",1,1,Rèn kỹ năng,40,"Hoàn thành 8 câu chuyên đề ""Tác giả, tác phẩm & giai đoạn văn học"" trong khoảng 8 phút, lần lượt qua 3 chặng: khởi động → rèn luyện → bứt tốc. Đúng từ 6 câu là hoàn thành; đúng từ 7 câu được tính là thành thạo và cộng điểm lên cấp. Tinh thần cấp 1: Nhận diện dạng bài và nhớ lại công thức nền.","Hoàn thành đủ 3 chặng trong một lượt, không rời phiếu giữa chừng."
NV-0857,PL-VAN-LIT-L1-003,"Tốc độ: Tác giả, tác phẩm & giai đoạn văn học — cấp 1",Văn,"Tác giả, tác phẩm & giai đoạn văn học",1,1,Tốc độ,44,"Hoàn thành 8 câu chuyên đề ""Tác giả, tác phẩm & giai đoạn văn học"" trong khoảng 6 phút, lần lượt qua 3 chặng: khởi động → rèn luyện → bứt tốc. Đúng từ 6 câu là hoàn thành; đúng từ 7 câu được tính là thành thạo và cộng điểm lên cấp. Tinh thần cấp 1: Nhận diện dạng bài và nhớ lại công thức nền.",Thời gian bị siết còn 75% mức chuẩn. Quá giờ vẫn chấm nhưng không tính thành thạo.
NV-0858,PL-VAN-LIT-L1-004,"Chính xác: Tác giả, tác phẩm & giai đoạn văn học — cấp 1",Văn,"Tác giả, tác phẩm & giai đoạn văn học",1,1,Chính xác,44,"Hoàn thành 8 câu chuyên đề ""Tác giả, tác phẩm & giai đoạn văn học"" trong khoảng 9 phút, lần lượt qua 3 chặng: khởi động → rèn luyện → bứt tốc. Đúng từ 6 câu là hoàn thành; đúng từ 7 câu được tính là thành thạo và cộng điểm lên cấp. Tinh thần cấp 1: Nhận diện dạng bài và nhớ lại công thức nền.",Sai quá 2 câu là phải làm lại phiếu trước khi đi tiếp.
NV-0859,PL-VAN-LIT-L1-005,"Tổng hợp: Tác giả, tác phẩm & giai đoạn văn học — cấp 1",Văn,"Tác giả, tác phẩm & giai đoạn văn học",1,1,Tổng hợp,46,"Hoàn thành 8 câu chuyên đề ""Tác giả, tác phẩm & giai đoạn văn học"" trong khoảng 8 phút, lần lượt qua 3 chặng: khởi động → rèn luyện → bứt tốc. Đúng từ 6 câu là hoàn thành; đúng từ 7 câu được tính là thành thạo và cộng điểm lên cấp. Tinh thần cấp 1: Nhận diện dạng bài và nhớ lại công thức nền.",Không được biết trước dạng bài của từng câu.
NV-0860,PL-VAN-LIT-L1-006,"Ôn lại: Tác giả, tác phẩm & giai đoạn văn học — cấp 1",Văn,"Tác giả, tác phẩm & giai đoạn văn học",1,1,Ôn lại,36,"Hoàn thành 8 câu chuyên đề ""Tác giả, tác phẩm & giai đoạn văn học"" trong khoảng 9 phút, lần lượt qua 3 chặng: khởi động → rèn luyện → bứt tốc. Đúng từ 6 câu là hoàn thành; đúng từ 7 câu được tính là thành thạo và cộng điểm lên cấp. Tinh thần cấp 1: Nhận diện dạng bài và nhớ lại công thức nền.",Nên làm sau buổi học chính ít nhất một ngày.
NV-0861,PL-VAN-LIT-L1-007,"Khởi động: Tác giả, tác phẩm & giai đoạn văn học — cấp 1",Văn,"Tác giả, tác phẩm & giai đoạn văn học",1,1,Khởi động,28,"Hoàn thành 8 câu chuyên đề ""Tác giả, tác phẩm & giai đoạn văn học"" trong khoảng 10 phút, lần lượt qua 3 chặng: khởi động → rèn luyện → bứt tốc. Đúng từ 6 câu là hoàn thành; đúng từ 7 câu được tính là thành thạo và cộng điểm lên cấp. Tinh thần cấp 1: Nhận diện dạng bài và nhớ lại công thức nền.","Không giới hạn thời gian. Mục tiêu là làm đúng, chưa cần nhanh."
NV-0862,PL-VAN-LIT-L1-008,"Rèn kỹ năng: Tác giả, tác phẩm & giai đoạn văn học — cấp 1",Văn,"Tác giả, tác phẩm & giai đoạn văn học",1,1,Rèn kỹ năng,40,"Hoàn thành 8 câu chuyên đề ""Tác giả, tác phẩm & giai đoạn văn học"" trong khoảng 8 phút, lần lượt qua 3 chặng: khởi động → rèn luyện → bứt tốc. Đúng từ 6 câu là hoàn thành; đúng từ 7 câu được tính là thành thạo và cộng điểm lên cấp. Tinh thần cấp 1: Nhận diện dạng bài và nhớ lại công thức nền.","Hoàn thành đủ 3 chặng trong một lượt, không rời phiếu giữa chừng."
NV-0863,PL-VAN-LIT-L1-009,"Tốc độ: Tác giả, tác phẩm & giai đoạn văn học — cấp 1",Văn,"Tác giả, tác phẩm & giai đoạn văn học",1,1,Tốc độ,44,"Hoàn thành 8 câu chuyên đề ""Tác giả, tác phẩm & giai đoạn văn học"" trong khoảng 6 phút, lần lượt qua 3 chặng: khởi động → rèn luyện → bứt tốc. Đúng từ 6 câu là hoàn thành; đúng từ 7 câu được tính là thành thạo và cộng điểm lên cấp. Tinh thần cấp 1: Nhận diện dạng bài và nhớ lại công thức nền.",Thời gian bị siết còn 75% mức chuẩn. Quá giờ vẫn chấm nhưng không tính thành thạo.
NV-0864,PL-VAN-LIT-L1-010,"Chính xác: Tác giả, tác phẩm & giai đoạn văn học — cấp 1",Văn,"Tác giả, tác phẩm & giai đoạn văn học",1,1,Chính xác,44,"Hoàn thành 8 câu chuyên đề ""Tác giả, tác phẩm & giai đoạn văn học"" trong khoảng 9 phút, lần lượt qua 3 chặng: khởi động → rèn luyện → bứt tốc. Đúng từ 6 câu là hoàn thành; đúng từ 7 câu được tính là thành thạo và cộng điểm lên cấp. Tinh thần cấp 1: Nhận diện dạng bài và nhớ lại công thức nền.",Sai quá 2 câu là phải làm lại phiếu trước khi đi tiếp.
NV-0865,PL-VAN-LIT-L1-011,"Tổng hợp: Tác giả, tác phẩm & giai đoạn văn học — cấp 1",Văn,"Tác giả, tác phẩm & giai đoạn văn học",1,1,Tổng hợp,46,"Hoàn thành 8 câu chuyên đề ""Tác giả, tác phẩm & giai đoạn văn học"" trong khoảng 8 phút, lần lượt qua 3 chặng: khởi động → rèn luyện → bứt tốc. Đúng từ 6 câu là hoàn thành; đúng từ 7 câu được tính là thành thạo và cộng điểm lên cấp. Tinh thần cấp 1: Nhận diện dạng bài và nhớ lại công thức nền.",Không được biết trước dạng bài của từng câu.
NV-0866,PL-VAN-LIT-L1-012,"Ôn lại: Tác giả, tác phẩm & giai đoạn văn học — cấp 1",Văn,"Tác giả, tác phẩm & giai đoạn văn học",1,1,Ôn lại,36,"Hoàn thành 8 câu chuyên đề ""Tác giả, tác phẩm & giai đoạn văn học"" trong khoảng 9 phút, lần lượt qua 3 chặng: khởi động → rèn luyện → bứt tốc. Đúng từ 6 câu là hoàn thành; đúng từ 7 câu được tính là thành thạo và cộng điểm lên cấp. Tinh thần cấp 1: Nhận diện dạng bài và nhớ lại công thức nền.",Nên làm sau buổi học chính ít nhất một ngày.
NV-0867,PL-VAN-LIT-L1-013,"Khởi động: Tác giả, tác phẩm & giai đoạn văn học — cấp 1",Văn,"Tác giả, tác phẩm & giai đoạn văn học",1,1,Khởi động,28,"Hoàn thành 8 câu chuyên đề ""Tác giả, tác phẩm & giai đoạn văn học"" trong khoảng 10 phút, lần lượt qua 3 chặng: khởi động → rèn luyện → bứt tốc. Đúng từ 6 câu là hoàn thành; đúng từ 7 câu được tính là thành thạo và cộng điểm lên cấp. Tinh thần cấp 1: Nhận diện dạng bài và nhớ lại công thức nền.","Không giới hạn thời gian. Mục tiêu là làm đúng, chưa cần nhanh."
NV-0868,PL-VAN-LIT-L1-014,"Rèn kỹ năng: Tác giả, tác phẩm & giai đoạn văn học — cấp 1",Văn,"Tác giả, tác phẩm & giai đoạn văn học",1,1,Rèn kỹ năng,40,"Hoàn thành 8 câu chuyên đề ""Tác giả, tác phẩm & giai đoạn văn học"" trong khoảng 8 phút, lần lượt qua 3 chặng: khởi động → rèn luyện → bứt tốc. Đúng từ 6 câu là hoàn thành; đúng từ 7 câu được tính là thành thạo và cộng điểm lên cấp. Tinh thần cấp 1: Nhận diện dạng bài và nhớ lại công thức nền.","Hoàn thành đủ 3 chặng trong một lượt, không rời phiếu giữa chừng."
NV-0869,PL-VAN-LIT-L1-015,"Tốc độ: Tác giả, tác phẩm & giai đoạn văn học — cấp 1",Văn,"Tác giả, tác phẩm & giai đoạn văn học",1,1,Tốc độ,44,"Hoàn thành 8 câu chuyên đề ""Tác giả, tác phẩm & giai đoạn văn học"" trong khoảng 6 phút, lần lượt qua 3 chặng: khởi động → rèn luyện → bứt tốc. Đúng từ 6 câu là hoàn thành; đúng từ 7 câu được tính là thành thạo và cộng điểm lên cấp. Tinh thần cấp 1: Nhận diện dạng bài và nhớ lại công thức nền.",Thời gian bị siết còn 75% mức chuẩn. Quá giờ vẫn chấm nhưng không tính thành thạo.
NV-0870,PL-VAN-LIT-L1-016,"Thử thách: Tác giả, tác phẩm & giai đoạn văn học — cấp 1",Văn,"Tác giả, tác phẩm & giai đoạn văn học",1,1,Thử thách,56,"Hoàn thành 8 câu chuyên đề ""Tác giả, tác phẩm & giai đoạn văn học"" trong khoảng 8 phút, lần lượt qua 3 chặng: khởi động → rèn luyện → bứt tốc. Đúng từ 6 câu là hoàn thành; đúng từ 7 câu được tính là thành thạo và cộng điểm lên cấp. Tinh thần cấp 1: Nhận diện dạng bài và nhớ lại công thức nền.",Đạt từ 85% mới được tính là vượt thử thách.
NV-0871,PL-VAN-LIT-L1-017,"Vượt ải: Tác giả, tác phẩm & giai đoạn văn học — cấp 1",Văn,"Tác giả, tác phẩm & giai đoạn văn học",1,1,Vượt ải,72,"Hoàn thành 8 câu chuyên đề ""Tác giả, tác phẩm & giai đoạn văn học"" trong khoảng 8 phút, lần lượt qua 3 chặng: khởi động → rèn luyện → bứt tốc. Đúng từ 6 câu là hoàn thành; đúng từ 8 câu được tính là thành thạo và cộng điểm lên cấp. Tinh thần cấp 1: Nhận diện dạng bài và nhớ lại công thức nền.",Phải đạt từ 90% để mở khóa cấp độ tiếp theo của tuyến này.
NV-0872,PL-VAN-LIT-L2-001,"Khởi động: Tác giả, tác phẩm & giai đoạn văn học — cấp 2",Văn,"Tác giả, tác phẩm & giai đoạn văn học",1,2,Khởi động,42,"Hoàn thành 10 câu chuyên đề ""Tác giả, tác phẩm & giai đoạn văn học"" trong khoảng 15 phút, lần lượt qua 3 chặng: khởi động → rèn luyện → bứt tốc. Đúng từ 7 câu là hoàn thành; đúng từ 9 câu được tính là thành thạo và cộng điểm lên cấp. Tinh thần cấp 2: Làm đúng dạng chuẩn mà không cần nhìn gợi ý.","Không giới hạn thời gian. Mục tiêu là làm đúng, chưa cần nhanh."
NV-0873,PL-VAN-LIT-L2-002,"Rèn kỹ năng: Tác giả, tác phẩm & giai đoạn văn học — cấp 2",Văn,"Tác giả, tác phẩm & giai đoạn văn học",1,2,Rèn kỹ năng,60,"Hoàn thành 10 câu chuyên đề ""Tác giả, tác phẩm & giai đoạn văn học"" trong khoảng 12 phút, lần lượt qua 3 chặng: khởi động → rèn luyện → bứt tốc. Đúng từ 7 câu là hoàn thành; đúng từ 9 câu được tính là thành thạo và cộng điểm lên cấp. Tinh thần cấp 2: Làm đúng dạng chuẩn mà không cần nhìn gợi ý.","Hoàn thành đủ 3 chặng trong một lượt, không rời phiếu giữa chừng."
NV-0874,PL-VAN-LIT-L2-003,"Tốc độ: Tác giả, tác phẩm & giai đoạn văn học — cấp 2",Văn,"Tác giả, tác phẩm & giai đoạn văn học",1,2,Tốc độ,66,"Hoàn thành 10 câu chuyên đề ""Tác giả, tác phẩm & giai đoạn văn học"" trong khoảng 9 phút, lần lượt qua 3 chặng: khởi động → rèn luyện → bứt tốc. Đúng từ 7 câu là hoàn thành; đúng từ 9 câu được tính là thành thạo và cộng điểm lên cấp. Tinh thần cấp 2: Làm đúng dạng chuẩn mà không cần nhìn gợi ý.",Thời gian bị siết còn 75% mức chuẩn. Quá giờ vẫn chấm nhưng không tính thành thạo.
NV-0875,PL-VAN-LIT-L2-004,"Chính xác: Tác giả, tác phẩm & giai đoạn văn học — cấp 2",Văn,"Tác giả, tác phẩm & giai đoạn văn học",1,2,Chính xác,66,"Hoàn thành 10 câu chuyên đề ""Tác giả, tác phẩm & giai đoạn văn học"" trong khoảng 13 phút, lần lượt qua 3 chặng: khởi động → rèn luyện → bứt tốc. Đúng từ 7 câu là hoàn thành; đúng từ 9 câu được tính là thành thạo và cộng điểm lên cấp. Tinh thần cấp 2: Làm đúng dạng chuẩn mà không cần nhìn gợi ý.",Sai quá 2 câu là phải làm lại phiếu trước khi đi tiếp.
NV-0876,PL-VAN-LIT-L2-005,"Tổng hợp: Tác giả, tác phẩm & giai đoạn văn học — cấp 2",Văn,"Tác giả, tác phẩm & giai đoạn văn học",1,2,Tổng hợp,69,"Hoàn thành 10 câu chuyên đề ""Tác giả, tác phẩm & giai đoạn văn học"" trong khoảng 12 phút, lần lượt qua 3 chặng: khởi động → rèn luyện → bứt tốc. Đúng từ 7 câu là hoàn thành; đúng từ 9 câu được tính là thành thạo và cộng điểm lên cấp. Tinh thần cấp 2: Làm đúng dạng chuẩn mà không cần nhìn gợi ý.",Không được biết trước dạng bài của từng câu.
NV-0877,PL-VAN-LIT-L2-006,"Ôn lại: Tác giả, tác phẩm & giai đoạn văn học — cấp 2",Văn,"Tác giả, tác phẩm & giai đoạn văn học",1,2,Ôn lại,54,"Hoàn thành 10 câu chuyên đề ""Tác giả, tác phẩm & giai đoạn văn học"" trong khoảng 13 phút, lần lượt qua 3 chặng: khởi động → rèn luyện → bứt tốc. Đúng từ 7 câu là hoàn thành; đúng từ 9 câu được tính là thành thạo và cộng điểm lên cấp. Tinh thần cấp 2: Làm đúng dạng chuẩn mà không cần nhìn gợi ý.",Nên làm sau buổi học chính ít nhất một ngày.
NV-0878,PL-VAN-LIT-L2-007,"Khởi động: Tác giả, tác phẩm & giai đoạn văn học — cấp 2",Văn,"Tác giả, tác phẩm & giai đoạn văn học",1,2,Khởi động,42,"Hoàn thành 10 câu chuyên đề ""Tác giả, tác phẩm & giai đoạn văn học"" trong khoảng 15 phút, lần lượt qua 3 chặng: khởi động → rèn luyện → bứt tốc. Đúng từ 7 câu là hoàn thành; đúng từ 9 câu được tính là thành thạo và cộng điểm lên cấp. Tinh thần cấp 2: Làm đúng dạng chuẩn mà không cần nhìn gợi ý.","Không giới hạn thời gian. Mục tiêu là làm đúng, chưa cần nhanh."
NV-0879,PL-VAN-LIT-L2-008,"Rèn kỹ năng: Tác giả, tác phẩm & giai đoạn văn học — cấp 2",Văn,"Tác giả, tác phẩm & giai đoạn văn học",1,2,Rèn kỹ năng,60,"Hoàn thành 10 câu chuyên đề ""Tác giả, tác phẩm & giai đoạn văn học"" trong khoảng 12 phút, lần lượt qua 3 chặng: khởi động → rèn luyện → bứt tốc. Đúng từ 7 câu là hoàn thành; đúng từ 9 câu được tính là thành thạo và cộng điểm lên cấp. Tinh thần cấp 2: Làm đúng dạng chuẩn mà không cần nhìn gợi ý.","Hoàn thành đủ 3 chặng trong một lượt, không rời phiếu giữa chừng."
NV-0880,PL-VAN-LIT-L2-009,"Tốc độ: Tác giả, tác phẩm & giai đoạn văn học — cấp 2",Văn,"Tác giả, tác phẩm & giai đoạn văn học",1,2,Tốc độ,66,"Hoàn thành 10 câu chuyên đề ""Tác giả, tác phẩm & giai đoạn văn học"" trong khoảng 9 phút, lần lượt qua 3 chặng: khởi động → rèn luyện → bứt tốc. Đúng từ 7 câu là hoàn thành; đúng từ 9 câu được tính là thành thạo và cộng điểm lên cấp. Tinh thần cấp 2: Làm đúng dạng chuẩn mà không cần nhìn gợi ý.",Thời gian bị siết còn 75% mức chuẩn. Quá giờ vẫn chấm nhưng không tính thành thạo.
NV-0881,PL-VAN-LIT-L2-010,"Chính xác: Tác giả, tác phẩm & giai đoạn văn học — cấp 2",Văn,"Tác giả, tác phẩm & giai đoạn văn học",1,2,Chính xác,66,"Hoàn thành 10 câu chuyên đề ""Tác giả, tác phẩm & giai đoạn văn học"" trong khoảng 13 phút, lần lượt qua 3 chặng: khởi động → rèn luyện → bứt tốc. Đúng từ 7 câu là hoàn thành; đúng từ 9 câu được tính là thành thạo và cộng điểm lên cấp. Tinh thần cấp 2: Làm đúng dạng chuẩn mà không cần nhìn gợi ý.",Sai quá 2 câu là phải làm lại phiếu trước khi đi tiếp.
NV-0882,PL-VAN-LIT-L2-011,"Tổng hợp: Tác giả, tác phẩm & giai đoạn văn học — cấp 2",Văn,"Tác giả, tác phẩm & giai đoạn văn học",1,2,Tổng hợp,69,"Hoàn thành 10 câu chuyên đề ""Tác giả, tác phẩm & giai đoạn văn học"" trong khoảng 12 phút, lần lượt qua 3 chặng: khởi động → rèn luyện → bứt tốc. Đúng từ 7 câu là hoàn thành; đúng từ 9 câu được tính là thành thạo và cộng điểm lên cấp. Tinh thần cấp 2: Làm đúng dạng chuẩn mà không cần nhìn gợi ý.",Không được biết trước dạng bài của từng câu.
NV-0883,PL-VAN-LIT-L2-012,"Ôn lại: Tác giả, tác phẩm & giai đoạn văn học — cấp 2",Văn,"Tác giả, tác phẩm & giai đoạn văn học",1,2,Ôn lại,54,"Hoàn thành 10 câu chuyên đề ""Tác giả, tác phẩm & giai đoạn văn học"" trong khoảng 13 phút, lần lượt qua 3 chặng: khởi động → rèn luyện → bứt tốc. Đúng từ 7 câu là hoàn thành; đúng từ 9 câu được tính là thành thạo và cộng điểm lên cấp. Tinh thần cấp 2: Làm đúng dạng chuẩn mà không cần nhìn gợi ý.",Nên làm sau buổi học chính ít nhất một ngày.
NV-0884,PL-VAN-LIT-L2-013,"Khởi động: Tác giả, tác phẩm & giai đoạn văn học — cấp 2",Văn,"Tác giả, tác phẩm & giai đoạn văn học",1,2,Khởi động,42,"Hoàn thành 10 câu chuyên đề ""Tác giả, tác phẩm & giai đoạn văn học"" trong khoảng 15 phút, lần lượt qua 3 chặng: khởi động → rèn luyện → bứt tốc. Đúng từ 7 câu là hoàn thành; đúng từ 9 câu được tính là thành thạo và cộng điểm lên cấp. Tinh thần cấp 2: Làm đúng dạng chuẩn mà không cần nhìn gợi ý.","Không giới hạn thời gian. Mục tiêu là làm đúng, chưa cần nhanh."
NV-0885,PL-VAN-LIT-L2-014,"Rèn kỹ năng: Tác giả, tác phẩm & giai đoạn văn học — cấp 2",Văn,"Tác giả, tác phẩm & giai đoạn văn học",1,2,Rèn kỹ năng,60,"Hoàn thành 10 câu chuyên đề ""Tác giả, tác phẩm & giai đoạn văn học"" trong khoảng 12 phút, lần lượt qua 3 chặng: khởi động → rèn luyện → bứt tốc. Đúng từ 7 câu là hoàn thành; đúng từ 9 câu được tính là thành thạo và cộng điểm lên cấp. Tinh thần cấp 2: Làm đúng dạng chuẩn mà không cần nhìn gợi ý.","Hoàn thành đủ 3 chặng trong một lượt, không rời phiếu giữa chừng."
NV-0886,PL-VAN-LIT-L2-015,"Tốc độ: Tác giả, tác phẩm & giai đoạn văn học — cấp 2",Văn,"Tác giả, tác phẩm & giai đoạn văn học",1,2,Tốc độ,66,"Hoàn thành 10 câu chuyên đề ""Tác giả, tác phẩm & giai đoạn văn học"" trong khoảng 9 phút, lần lượt qua 3 chặng: khởi động → rèn luyện → bứt tốc. Đúng từ 7 câu là hoàn thành; đúng từ 9 câu được tính là thành thạo và cộng điểm lên cấp. Tinh thần cấp 2: Làm đúng dạng chuẩn mà không cần nhìn gợi ý.",Thời gian bị siết còn 75% mức chuẩn. Quá giờ vẫn chấm nhưng không tính thành thạo.
NV-0887,PL-VAN-LIT-L2-016,"Chính xác: Tác giả, tác phẩm & giai đoạn văn học — cấp 2",Văn,"Tác giả, tác phẩm & giai đoạn văn học",1,2,Chính xác,66,"Hoàn thành 10 câu chuyên đề ""Tác giả, tác phẩm & giai đoạn văn học"" trong khoảng 13 phút, lần lượt qua 3 chặng: khởi động → rèn luyện → bứt tốc. Đúng từ 7 câu là hoàn thành; đúng từ 9 câu được tính là thành thạo và cộng điểm lên cấp. Tinh thần cấp 2: Làm đúng dạng chuẩn mà không cần nhìn gợi ý.",Sai quá 2 câu là phải làm lại phiếu trước khi đi tiếp.
NV-0888,PL-VAN-LIT-L2-017,"Tổng hợp: Tác giả, tác phẩm & giai đoạn văn học — cấp 2",Văn,"Tác giả, tác phẩm & giai đoạn văn học",1,2,Tổng hợp,69,"Hoàn thành 10 câu chuyên đề ""Tác giả, tác phẩm & giai đoạn văn học"" trong khoảng 12 phút, lần lượt qua 3 chặng: khởi động → rèn luyện → bứt tốc. Đúng từ 7 câu là hoàn thành; đúng từ 9 câu được tính là thành thạo và cộng điểm lên cấp. Tinh thần cấp 2: Làm đúng dạng chuẩn mà không cần nhìn gợi ý.",Không được biết trước dạng bài của từng câu.
NV-0889,PL-VAN-LIT-L2-018,"Ôn lại: Tác giả, tác phẩm & giai đoạn văn học — cấp 2",Văn,"Tác giả, tác phẩm & giai đoạn văn học",1,2,Ôn lại,54,"Hoàn thành 10 câu chuyên đề ""Tác giả, tác phẩm & giai đoạn văn học"" trong khoảng 13 phút, lần lượt qua 3 chặng: khởi động → rèn luyện → bứt tốc. Đúng từ 7 câu là hoàn thành; đúng từ 9 câu được tính là thành thạo và cộng điểm lên cấp. Tinh thần cấp 2: Làm đúng dạng chuẩn mà không cần nhìn gợi ý.",Nên làm sau buổi học chính ít nhất một ngày.
NV-0890,PL-VAN-LIT-L2-019,"Khởi động: Tác giả, tác phẩm & giai đoạn văn học — cấp 2",Văn,"Tác giả, tác phẩm & giai đoạn văn học",1,2,Khởi động,42,"Hoàn thành 10 câu chuyên đề ""Tác giả, tác phẩm & giai đoạn văn học"" trong khoảng 15 phút, lần lượt qua 3 chặng: khởi động → rèn luyện → bứt tốc. Đúng từ 7 câu là hoàn thành; đúng từ 9 câu được tính là thành thạo và cộng điểm lên cấp. Tinh thần cấp 2: Làm đúng dạng chuẩn mà không cần nhìn gợi ý.","Không giới hạn thời gian. Mục tiêu là làm đúng, chưa cần nhanh."
NV-0891,PL-VAN-LIT-L2-020,"Rèn kỹ năng: Tác giả, tác phẩm & giai đoạn văn học — cấp 2",Văn,"Tác giả, tác phẩm & giai đoạn văn học",1,2,Rèn kỹ năng,60,"Hoàn thành 10 câu chuyên đề ""Tác giả, tác phẩm & giai đoạn văn học"" trong khoảng 12 phút, lần lượt qua 3 chặng: khởi động → rèn luyện → bứt tốc. Đúng từ 7 câu là hoàn thành; đúng từ 9 câu được tính là thành thạo và cộng điểm lên cấp. Tinh thần cấp 2: Làm đúng dạng chuẩn mà không cần nhìn gợi ý.","Hoàn thành đủ 3 chặng trong một lượt, không rời phiếu giữa chừng."
NV-0892,PL-VAN-LIT-L2-021,"Thử thách: Tác giả, tác phẩm & giai đoạn văn học — cấp 2",Văn,"Tác giả, tác phẩm & giai đoạn văn học",1,2,Thử thách,84,"Hoàn thành 10 câu chuyên đề ""Tác giả, tác phẩm & giai đoạn văn học"" trong khoảng 12 phút, lần lượt qua 3 chặng: khởi động → rèn luyện → bứt tốc. Đúng từ 7 câu là hoàn thành; đúng từ 9 câu được tính là thành thạo và cộng điểm lên cấp. Tinh thần cấp 2: Làm đúng dạng chuẩn mà không cần nhìn gợi ý.",Đạt từ 85% mới được tính là vượt thử thách.
NV-0893,PL-VAN-LIT-L2-022,"Vượt ải: Tác giả, tác phẩm & giai đoạn văn học — cấp 2",Văn,"Tác giả, tác phẩm & giai đoạn văn học",1,2,Vượt ải,108,"Hoàn thành 10 câu chuyên đề ""Tác giả, tác phẩm & giai đoạn văn học"" trong khoảng 11 phút, lần lượt qua 3 chặng: khởi động → rèn luyện → bứt tốc. Đúng từ 7 câu là hoàn thành; đúng từ 9 câu được tính là thành thạo và cộng điểm lên cấp. Tinh thần cấp 2: Làm đúng dạng chuẩn mà không cần nhìn gợi ý.",Phải đạt từ 90% để mở khóa cấp độ tiếp theo của tuyến này.
NV-0894,PL-VAN-LIT-L3-001,"Khởi động: Tác giả, tác phẩm & giai đoạn văn học — cấp 3",Văn,"Tác giả, tác phẩm & giai đoạn văn học",2,3,Khởi động,63,"Hoàn thành 12 câu chuyên đề ""Tác giả, tác phẩm & giai đoạn văn học"" trong khoảng 19 phút, lần lượt qua 3 chặng: khởi động → rèn luyện → bứt tốc. Đúng từ 9 câu là hoàn thành; đúng từ 11 câu được tính là thành thạo và cộng điểm lên cấp. Tinh thần cấp 3: Ghép nhiều bước và tránh các bẫy quen thuộc.","Không giới hạn thời gian. Mục tiêu là làm đúng, chưa cần nhanh."
NV-0895,PL-VAN-LIT-L3-002,"Rèn kỹ năng: Tác giả, tác phẩm & giai đoạn văn học — cấp 3",Văn,"Tác giả, tác phẩm & giai đoạn văn học",2,3,Rèn kỹ năng,90,"Hoàn thành 12 câu chuyên đề ""Tác giả, tác phẩm & giai đoạn văn học"" trong khoảng 15 phút, lần lượt qua 3 chặng: khởi động → rèn luyện → bứt tốc. Đúng từ 9 câu là hoàn thành; đúng từ 11 câu được tính là thành thạo và cộng điểm lên cấp. Tinh thần cấp 3: Ghép nhiều bước và tránh các bẫy quen thuộc.","Hoàn thành đủ 3 chặng trong một lượt, không rời phiếu giữa chừng."
NV-0896,PL-VAN-LIT-L3-003,"Tốc độ: Tác giả, tác phẩm & giai đoạn văn học — cấp 3",Văn,"Tác giả, tác phẩm & giai đoạn văn học",2,3,Tốc độ,99,"Hoàn thành 12 câu chuyên đề ""Tác giả, tác phẩm & giai đoạn văn học"" trong khoảng 11 phút, lần lượt qua 3 chặng: khởi động → rèn luyện → bứt tốc. Đúng từ 9 câu là hoàn thành; đúng từ 11 câu được tính là thành thạo và cộng điểm lên cấp. Tinh thần cấp 3: Ghép nhiều bước và tránh các bẫy quen thuộc.",Thời gian bị siết còn 75% mức chuẩn. Quá giờ vẫn chấm nhưng không tính thành thạo.
NV-0897,PL-VAN-LIT-L3-004,"Chính xác: Tác giả, tác phẩm & giai đoạn văn học — cấp 3",Văn,"Tác giả, tác phẩm & giai đoạn văn học",2,3,Chính xác,99,"Hoàn thành 12 câu chuyên đề ""Tác giả, tác phẩm & giai đoạn văn học"" trong khoảng 17 phút, lần lượt qua 3 chặng: khởi động → rèn luyện → bứt tốc. Đúng từ 9 câu là hoàn thành; đúng từ 11 câu được tính là thành thạo và cộng điểm lên cấp. Tinh thần cấp 3: Ghép nhiều bước và tránh các bẫy quen thuộc.",Sai quá 2 câu là phải làm lại phiếu trước khi đi tiếp.
NV-0898,PL-VAN-LIT-L3-005,"Tổng hợp: Tác giả, tác phẩm & giai đoạn văn học — cấp 3",Văn,"Tác giả, tác phẩm & giai đoạn văn học",2,3,Tổng hợp,103,"Hoàn thành 12 câu chuyên đề ""Tác giả, tác phẩm & giai đoạn văn học"" trong khoảng 15 phút, lần lượt qua 3 chặng: khởi động → rèn luyện → bứt tốc. Đúng từ 9 câu là hoàn thành; đúng từ 11 câu được tính là thành thạo và cộng điểm lên cấp. Tinh thần cấp 3: Ghép nhiều bước và tránh các bẫy quen thuộc.",Không được biết trước dạng bài của từng câu.
NV-0899,PL-VAN-LIT-L3-006,"Ôn lại: Tác giả, tác phẩm & giai đoạn văn học — cấp 3",Văn,"Tác giả, tác phẩm & giai đoạn văn học",2,3,Ôn lại,81,"Hoàn thành 12 câu chuyên đề ""Tác giả, tác phẩm & giai đoạn văn học"" trong khoảng 17 phút, lần lượt qua 3 chặng: khởi động → rèn luyện → bứt tốc. Đúng từ 9 câu là hoàn thành; đúng từ 11 câu được tính là thành thạo và cộng điểm lên cấp. Tinh thần cấp 3: Ghép nhiều bước và tránh các bẫy quen thuộc.",Nên làm sau buổi học chính ít nhất một ngày.
NV-0900,PL-VAN-LIT-L3-007,"Khởi động: Tác giả, tác phẩm & giai đoạn văn học — cấp 3",Văn,"Tác giả, tác phẩm & giai đoạn văn học",2,3,Khởi động,63,"Hoàn thành 12 câu chuyên đề ""Tác giả, tác phẩm & giai đoạn văn học"" trong khoảng 19 phút, lần lượt qua 3 chặng: khởi động → rèn luyện → bứt tốc. Đúng từ 9 câu là hoàn thành; đúng từ 11 câu được tính là thành thạo và cộng điểm lên cấp. Tinh thần cấp 3: Ghép nhiều bước và tránh các bẫy quen thuộc.","Không giới hạn thời gian. Mục tiêu là làm đúng, chưa cần nhanh."
NV-0901,PL-VAN-LIT-L3-008,"Rèn kỹ năng: Tác giả, tác phẩm & giai đoạn văn học — cấp 3",Văn,"Tác giả, tác phẩm & giai đoạn văn học",2,3,Rèn kỹ năng,90,"Hoàn thành 12 câu chuyên đề ""Tác giả, tác phẩm & giai đoạn văn học"" trong khoảng 15 phút, lần lượt qua 3 chặng: khởi động → rèn luyện → bứt tốc. Đúng từ 9 câu là hoàn thành; đúng từ 11 câu được tính là thành thạo và cộng điểm lên cấp. Tinh thần cấp 3: Ghép nhiều bước và tránh các bẫy quen thuộc.","Hoàn thành đủ 3 chặng trong một lượt, không rời phiếu giữa chừng."
NV-0902,PL-VAN-LIT-L3-009,"Tốc độ: Tác giả, tác phẩm & giai đoạn văn học — cấp 3",Văn,"Tác giả, tác phẩm & giai đoạn văn học",2,3,Tốc độ,99,"Hoàn thành 12 câu chuyên đề ""Tác giả, tác phẩm & giai đoạn văn học"" trong khoảng 11 phút, lần lượt qua 3 chặng: khởi động → rèn luyện → bứt tốc. Đúng từ 9 câu là hoàn thành; đúng từ 11 câu được tính là thành thạo và cộng điểm lên cấp. Tinh thần cấp 3: Ghép nhiều bước và tránh các bẫy quen thuộc.",Thời gian bị siết còn 75% mức chuẩn. Quá giờ vẫn chấm nhưng không tính thành thạo.
NV-0903,PL-VAN-LIT-L3-010,"Chính xác: Tác giả, tác phẩm & giai đoạn văn học — cấp 3",Văn,"Tác giả, tác phẩm & giai đoạn văn học",2,3,Chính xác,99,"Hoàn thành 12 câu chuyên đề ""Tác giả, tác phẩm & giai đoạn văn học"" trong khoảng 17 phút, lần lượt qua 3 chặng: khởi động → rèn luyện → bứt tốc. Đúng từ 9 câu là hoàn thành; đúng từ 11 câu được tính là thành thạo và cộng điểm lên cấp. Tinh thần cấp 3: Ghép nhiều bước và tránh các bẫy quen thuộc.",Sai quá 2 câu là phải làm lại phiếu trước khi đi tiếp.
NV-0904,PL-VAN-LIT-L3-011,"Tổng hợp: Tác giả, tác phẩm & giai đoạn văn học — cấp 3",Văn,"Tác giả, tác phẩm & giai đoạn văn học",2,3,Tổng hợp,103,"Hoàn thành 12 câu chuyên đề ""Tác giả, tác phẩm & giai đoạn văn học"" trong khoảng 15 phút, lần lượt qua 3 chặng: khởi động → rèn luyện → bứt tốc. Đúng từ 9 câu là hoàn thành; đúng từ 11 câu được tính là thành thạo và cộng điểm lên cấp. Tinh thần cấp 3: Ghép nhiều bước và tránh các bẫy quen thuộc.",Không được biết trước dạng bài của từng câu.
NV-0905,PL-VAN-LIT-L3-012,"Ôn lại: Tác giả, tác phẩm & giai đoạn văn học — cấp 3",Văn,"Tác giả, tác phẩm & giai đoạn văn học",2,3,Ôn lại,81,"Hoàn thành 12 câu chuyên đề ""Tác giả, tác phẩm & giai đoạn văn học"" trong khoảng 17 phút, lần lượt qua 3 chặng: khởi động → rèn luyện → bứt tốc. Đúng từ 9 câu là hoàn thành; đúng từ 11 câu được tính là thành thạo và cộng điểm lên cấp. Tinh thần cấp 3: Ghép nhiều bước và tránh các bẫy quen thuộc.",Nên làm sau buổi học chính ít nhất một ngày.
NV-0906,PL-VAN-LIT-L3-013,"Khởi động: Tác giả, tác phẩm & giai đoạn văn học — cấp 3",Văn,"Tác giả, tác phẩm & giai đoạn văn học",2,3,Khởi động,63,"Hoàn thành 12 câu chuyên đề ""Tác giả, tác phẩm & giai đoạn văn học"" trong khoảng 19 phút, lần lượt qua 3 chặng: khởi động → rèn luyện → bứt tốc. Đúng từ 9 câu là hoàn thành; đúng từ 11 câu được tính là thành thạo và cộng điểm lên cấp. Tinh thần cấp 3: Ghép nhiều bước và tránh các bẫy quen thuộc.","Không giới hạn thời gian. Mục tiêu là làm đúng, chưa cần nhanh."
NV-0907,PL-VAN-LIT-L3-014,"Rèn kỹ năng: Tác giả, tác phẩm & giai đoạn văn học — cấp 3",Văn,"Tác giả, tác phẩm & giai đoạn văn học",2,3,Rèn kỹ năng,90,"Hoàn thành 12 câu chuyên đề ""Tác giả, tác phẩm & giai đoạn văn học"" trong khoảng 15 phút, lần lượt qua 3 chặng: khởi động → rèn luyện → bứt tốc. Đúng từ 9 câu là hoàn thành; đúng từ 11 câu được tính là thành thạo và cộng điểm lên cấp. Tinh thần cấp 3: Ghép nhiều bước và tránh các bẫy quen thuộc.","Hoàn thành đủ 3 chặng trong một lượt, không rời phiếu giữa chừng."
NV-0908,PL-VAN-LIT-L3-015,"Tốc độ: Tác giả, tác phẩm & giai đoạn văn học — cấp 3",Văn,"Tác giả, tác phẩm & giai đoạn văn học",2,3,Tốc độ,99,"Hoàn thành 12 câu chuyên đề ""Tác giả, tác phẩm & giai đoạn văn học"" trong khoảng 11 phút, lần lượt qua 3 chặng: khởi động → rèn luyện → bứt tốc. Đúng từ 9 câu là hoàn thành; đúng từ 11 câu được tính là thành thạo và cộng điểm lên cấp. Tinh thần cấp 3: Ghép nhiều bước và tránh các bẫy quen thuộc.",Thời gian bị siết còn 75% mức chuẩn. Quá giờ vẫn chấm nhưng không tính thành thạo.
NV-0909,PL-VAN-LIT-L3-016,"Chính xác: Tác giả, tác phẩm & giai đoạn văn học — cấp 3",Văn,"Tác giả, tác phẩm & giai đoạn văn học",2,3,Chính xác,99,"Hoàn thành 12 câu chuyên đề ""Tác giả, tác phẩm & giai đoạn văn học"" trong khoảng 17 phút, lần lượt qua 3 chặng: khởi động → rèn luyện → bứt tốc. Đúng từ 9 câu là hoàn thành; đúng từ 11 câu được tính là thành thạo và cộng điểm lên cấp. Tinh thần cấp 3: Ghép nhiều bước và tránh các bẫy quen thuộc.",Sai quá 2 câu là phải làm lại phiếu trước khi đi tiếp.
NV-0910,PL-VAN-LIT-L3-017,"Tổng hợp: Tác giả, tác phẩm & giai đoạn văn học — cấp 3",Văn,"Tác giả, tác phẩm & giai đoạn văn học",2,3,Tổng hợp,103,"Hoàn thành 12 câu chuyên đề ""Tác giả, tác phẩm & giai đoạn văn học"" trong khoảng 15 phút, lần lượt qua 3 chặng: khởi động → rèn luyện → bứt tốc. Đúng từ 9 câu là hoàn thành; đúng từ 11 câu được tính là thành thạo và cộng điểm lên cấp. Tinh thần cấp 3: Ghép nhiều bước và tránh các bẫy quen thuộc.",Không được biết trước dạng bài của từng câu.
NV-0911,PL-VAN-LIT-L3-018,"Ôn lại: Tác giả, tác phẩm & giai đoạn văn học — cấp 3",Văn,"Tác giả, tác phẩm & giai đoạn văn học",2,3,Ôn lại,81,"Hoàn thành 12 câu chuyên đề ""Tác giả, tác phẩm & giai đoạn văn học"" trong khoảng 17 phút, lần lượt qua 3 chặng: khởi động → rèn luyện → bứt tốc. Đúng từ 9 câu là hoàn thành; đúng từ 11 câu được tính là thành thạo và cộng điểm lên cấp. Tinh thần cấp 3: Ghép nhiều bước và tránh các bẫy quen thuộc.",Nên làm sau buổi học chính ít nhất một ngày.
NV-0912,PL-VAN-LIT-L3-019,"Khởi động: Tác giả, tác phẩm & giai đoạn văn học — cấp 3",Văn,"Tác giả, tác phẩm & giai đoạn văn học",2,3,Khởi động,63,"Hoàn thành 12 câu chuyên đề ""Tác giả, tác phẩm & giai đoạn văn học"" trong khoảng 19 phút, lần lượt qua 3 chặng: khởi động → rèn luyện → bứt tốc. Đúng từ 9 câu là hoàn thành; đúng từ 11 câu được tính là thành thạo và cộng điểm lên cấp. Tinh thần cấp 3: Ghép nhiều bước và tránh các bẫy quen thuộc.","Không giới hạn thời gian. Mục tiêu là làm đúng, chưa cần nhanh."
NV-0913,PL-VAN-LIT-L3-020,"Rèn kỹ năng: Tác giả, tác phẩm & giai đoạn văn học — cấp 3",Văn,"Tác giả, tác phẩm & giai đoạn văn học",2,3,Rèn kỹ năng,90,"Hoàn thành 12 câu chuyên đề ""Tác giả, tác phẩm & giai đoạn văn học"" trong khoảng 15 phút, lần lượt qua 3 chặng: khởi động → rèn luyện → bứt tốc. Đúng từ 9 câu là hoàn thành; đúng từ 11 câu được tính là thành thạo và cộng điểm lên cấp. Tinh thần cấp 3: Ghép nhiều bước và tránh các bẫy quen thuộc.","Hoàn thành đủ 3 chặng trong một lượt, không rời phiếu giữa chừng."
NV-0914,PL-VAN-LIT-L3-021,"Tốc độ: Tác giả, tác phẩm & giai đoạn văn học — cấp 3",Văn,"Tác giả, tác phẩm & giai đoạn văn học",2,3,Tốc độ,99,"Hoàn thành 12 câu chuyên đề ""Tác giả, tác phẩm & giai đoạn văn học"" trong khoảng 11 phút, lần lượt qua 3 chặng: khởi động → rèn luyện → bứt tốc. Đúng từ 9 câu là hoàn thành; đúng từ 11 câu được tính là thành thạo và cộng điểm lên cấp. Tinh thần cấp 3: Ghép nhiều bước và tránh các bẫy quen thuộc.",Thời gian bị siết còn 75% mức chuẩn. Quá giờ vẫn chấm nhưng không tính thành thạo.
NV-0915,PL-VAN-LIT-L3-022,"Chính xác: Tác giả, tác phẩm & giai đoạn văn học — cấp 3",Văn,"Tác giả, tác phẩm & giai đoạn văn học",2,3,Chính xác,99,"Hoàn thành 12 câu chuyên đề ""Tác giả, tác phẩm & giai đoạn văn học"" trong khoảng 17 phút, lần lượt qua 3 chặng: khởi động → rèn luyện → bứt tốc. Đúng từ 9 câu là hoàn thành; đúng từ 11 câu được tính là thành thạo và cộng điểm lên cấp. Tinh thần cấp 3: Ghép nhiều bước và tránh các bẫy quen thuộc.",Sai quá 2 câu là phải làm lại phiếu trước khi đi tiếp.
NV-0916,PL-VAN-LIT-L3-023,"Thử thách: Tác giả, tác phẩm & giai đoạn văn học — cấp 3",Văn,"Tác giả, tác phẩm & giai đoạn văn học",2,3,Thử thách,126,"Hoàn thành 12 câu chuyên đề ""Tác giả, tác phẩm & giai đoạn văn học"" trong khoảng 15 phút, lần lượt qua 3 chặng: khởi động → rèn luyện → bứt tốc. Đúng từ 9 câu là hoàn thành; đúng từ 11 câu được tính là thành thạo và cộng điểm lên cấp. Tinh thần cấp 3: Ghép nhiều bước và tránh các bẫy quen thuộc.",Đạt từ 85% mới được tính là vượt thử thách.
NV-0917,PL-VAN-LIT-L3-024,"Vượt ải: Tác giả, tác phẩm & giai đoạn văn học — cấp 3",Văn,"Tác giả, tác phẩm & giai đoạn văn học",2,3,Vượt ải,162,"Hoàn thành 12 câu chuyên đề ""Tác giả, tác phẩm & giai đoạn văn học"" trong khoảng 14 phút, lần lượt qua 3 chặng: khởi động → rèn luyện → bứt tốc. Đúng từ 9 câu là hoàn thành; đúng từ 11 câu được tính là thành thạo và cộng điểm lên cấp. Tinh thần cấp 3: Ghép nhiều bước và tránh các bẫy quen thuộc.",Phải đạt từ 90% để mở khóa cấp độ tiếp theo của tuyến này.
NV-0918,PL-VAN-LIT-L4-001,"Khởi động: Tác giả, tác phẩm & giai đoạn văn học — cấp 4",Văn,"Tác giả, tác phẩm & giai đoạn văn học",2,4,Khởi động,84,"Hoàn thành 12 câu chuyên đề ""Tác giả, tác phẩm & giai đoạn văn học"" trong khoảng 16 phút, lần lượt qua 3 chặng: khởi động → rèn luyện → bứt tốc. Đúng từ 9 câu là hoàn thành; đúng từ 11 câu được tính là thành thạo và cộng điểm lên cấp. Tinh thần cấp 4: Giữ độ chính xác khi thời gian bắt đầu siết lại.","Không giới hạn thời gian. Mục tiêu là làm đúng, chưa cần nhanh."
NV-0919,PL-VAN-LIT-L4-002,"Rèn kỹ năng: Tác giả, tác phẩm & giai đoạn văn học — cấp 4",Văn,"Tác giả, tác phẩm & giai đoạn văn học",2,4,Rèn kỹ năng,120,"Hoàn thành 12 câu chuyên đề ""Tác giả, tác phẩm & giai đoạn văn học"" trong khoảng 13 phút, lần lượt qua 3 chặng: khởi động → rèn luyện → bứt tốc. Đúng từ 9 câu là hoàn thành; đúng từ 11 câu được tính là thành thạo và cộng điểm lên cấp. Tinh thần cấp 4: Giữ độ chính xác khi thời gian bắt đầu siết lại.","Hoàn thành đủ 3 chặng trong một lượt, không rời phiếu giữa chừng."
NV-0920,PL-VAN-LIT-L4-003,"Tốc độ: Tác giả, tác phẩm & giai đoạn văn học — cấp 4",Văn,"Tác giả, tác phẩm & giai đoạn văn học",2,4,Tốc độ,132,"Hoàn thành 12 câu chuyên đề ""Tác giả, tác phẩm & giai đoạn văn học"" trong khoảng 10 phút, lần lượt qua 3 chặng: khởi động → rèn luyện → bứt tốc. Đúng từ 9 câu là hoàn thành; đúng từ 11 câu được tính là thành thạo và cộng điểm lên cấp. Tinh thần cấp 4: Giữ độ chính xác khi thời gian bắt đầu siết lại.",Thời gian bị siết còn 75% mức chuẩn. Quá giờ vẫn chấm nhưng không tính thành thạo.
NV-0921,PL-VAN-LIT-L4-004,"Chính xác: Tác giả, tác phẩm & giai đoạn văn học — cấp 4",Văn,"Tác giả, tác phẩm & giai đoạn văn học",2,4,Chính xác,132,"Hoàn thành 12 câu chuyên đề ""Tác giả, tác phẩm & giai đoạn văn học"" trong khoảng 15 phút, lần lượt qua 3 chặng: khởi động → rèn luyện → bứt tốc. Đúng từ 9 câu là hoàn thành; đúng từ 11 câu được tính là thành thạo và cộng điểm lên cấp. Tinh thần cấp 4: Giữ độ chính xác khi thời gian bắt đầu siết lại.",Sai quá 2 câu là phải làm lại phiếu trước khi đi tiếp.
NV-0922,PL-VAN-LIT-L4-005,"Tổng hợp: Tác giả, tác phẩm & giai đoạn văn học — cấp 4",Văn,"Tác giả, tác phẩm & giai đoạn văn học",2,4,Tổng hợp,138,"Hoàn thành 12 câu chuyên đề ""Tác giả, tác phẩm & giai đoạn văn học"" trong khoảng 13 phút, lần lượt qua 3 chặng: khởi động → rèn luyện → bứt tốc. Đúng từ 9 câu là hoàn thành; đúng từ 11 câu được tính là thành thạo và cộng điểm lên cấp. Tinh thần cấp 4: Giữ độ chính xác khi thời gian bắt đầu siết lại.",Không được biết trước dạng bài của từng câu.
NV-0923,PL-VAN-LIT-L4-006,"Ôn lại: Tác giả, tác phẩm & giai đoạn văn học — cấp 4",Văn,"Tác giả, tác phẩm & giai đoạn văn học",2,4,Ôn lại,108,"Hoàn thành 12 câu chuyên đề ""Tác giả, tác phẩm & giai đoạn văn học"" trong khoảng 14 phút, lần lượt qua 3 chặng: khởi động → rèn luyện → bứt tốc. Đúng từ 9 câu là hoàn thành; đúng từ 11 câu được tính là thành thạo và cộng điểm lên cấp. Tinh thần cấp 4: Giữ độ chính xác khi thời gian bắt đầu siết lại.",Nên làm sau buổi học chính ít nhất một ngày.
NV-0924,PL-VAN-LIT-L4-007,"Khởi động: Tác giả, tác phẩm & giai đoạn văn học — cấp 4",Văn,"Tác giả, tác phẩm & giai đoạn văn học",2,4,Khởi động,84,"Hoàn thành 12 câu chuyên đề ""Tác giả, tác phẩm & giai đoạn văn học"" trong khoảng 16 phút, lần lượt qua 3 chặng: khởi động → rèn luyện → bứt tốc. Đúng từ 9 câu là hoàn thành; đúng từ 11 câu được tính là thành thạo và cộng điểm lên cấp. Tinh thần cấp 4: Giữ độ chính xác khi thời gian bắt đầu siết lại.","Không giới hạn thời gian. Mục tiêu là làm đúng, chưa cần nhanh."
NV-0925,PL-VAN-LIT-L4-008,"Rèn kỹ năng: Tác giả, tác phẩm & giai đoạn văn học — cấp 4",Văn,"Tác giả, tác phẩm & giai đoạn văn học",2,4,Rèn kỹ năng,120,"Hoàn thành 12 câu chuyên đề ""Tác giả, tác phẩm & giai đoạn văn học"" trong khoảng 13 phút, lần lượt qua 3 chặng: khởi động → rèn luyện → bứt tốc. Đúng từ 9 câu là hoàn thành; đúng từ 11 câu được tính là thành thạo và cộng điểm lên cấp. Tinh thần cấp 4: Giữ độ chính xác khi thời gian bắt đầu siết lại.","Hoàn thành đủ 3 chặng trong một lượt, không rời phiếu giữa chừng."
NV-0926,PL-VAN-LIT-L4-009,"Tốc độ: Tác giả, tác phẩm & giai đoạn văn học — cấp 4",Văn,"Tác giả, tác phẩm & giai đoạn văn học",2,4,Tốc độ,132,"Hoàn thành 12 câu chuyên đề ""Tác giả, tác phẩm & giai đoạn văn học"" trong khoảng 10 phút, lần lượt qua 3 chặng: khởi động → rèn luyện → bứt tốc. Đúng từ 9 câu là hoàn thành; đúng từ 11 câu được tính là thành thạo và cộng điểm lên cấp. Tinh thần cấp 4: Giữ độ chính xác khi thời gian bắt đầu siết lại.",Thời gian bị siết còn 75% mức chuẩn. Quá giờ vẫn chấm nhưng không tính thành thạo.
NV-0927,PL-VAN-LIT-L4-010,"Chính xác: Tác giả, tác phẩm & giai đoạn văn học — cấp 4",Văn,"Tác giả, tác phẩm & giai đoạn văn học",2,4,Chính xác,132,"Hoàn thành 12 câu chuyên đề ""Tác giả, tác phẩm & giai đoạn văn học"" trong khoảng 15 phút, lần lượt qua 3 chặng: khởi động → rèn luyện → bứt tốc. Đúng từ 9 câu là hoàn thành; đúng từ 11 câu được tính là thành thạo và cộng điểm lên cấp. Tinh thần cấp 4: Giữ độ chính xác khi thời gian bắt đầu siết lại.",Sai quá 2 câu là phải làm lại phiếu trước khi đi tiếp.
NV-0928,PL-VAN-LIT-L4-011,"Tổng hợp: Tác giả, tác phẩm & giai đoạn văn học — cấp 4",Văn,"Tác giả, tác phẩm & giai đoạn văn học",2,4,Tổng hợp,138,"Hoàn thành 12 câu chuyên đề ""Tác giả, tác phẩm & giai đoạn văn học"" trong khoảng 13 phút, lần lượt qua 3 chặng: khởi động → rèn luyện → bứt tốc. Đúng từ 9 câu là hoàn thành; đúng từ 11 câu được tính là thành thạo và cộng điểm lên cấp. Tinh thần cấp 4: Giữ độ chính xác khi thời gian bắt đầu siết lại.",Không được biết trước dạng bài của từng câu.
NV-0929,PL-VAN-LIT-L4-012,"Ôn lại: Tác giả, tác phẩm & giai đoạn văn học — cấp 4",Văn,"Tác giả, tác phẩm & giai đoạn văn học",2,4,Ôn lại,108,"Hoàn thành 12 câu chuyên đề ""Tác giả, tác phẩm & giai đoạn văn học"" trong khoảng 14 phút, lần lượt qua 3 chặng: khởi động → rèn luyện → bứt tốc. Đúng từ 9 câu là hoàn thành; đúng từ 11 câu được tính là thành thạo và cộng điểm lên cấp. Tinh thần cấp 4: Giữ độ chính xác khi thời gian bắt đầu siết lại.",Nên làm sau buổi học chính ít nhất một ngày.
NV-0930,PL-VAN-LIT-L4-013,"Khởi động: Tác giả, tác phẩm & giai đoạn văn học — cấp 4",Văn,"Tác giả, tác phẩm & giai đoạn văn học",2,4,Khởi động,84,"Hoàn thành 12 câu chuyên đề ""Tác giả, tác phẩm & giai đoạn văn học"" trong khoảng 16 phút, lần lượt qua 3 chặng: khởi động → rèn luyện → bứt tốc. Đúng từ 9 câu là hoàn thành; đúng từ 11 câu được tính là thành thạo và cộng điểm lên cấp. Tinh thần cấp 4: Giữ độ chính xác khi thời gian bắt đầu siết lại.","Không giới hạn thời gian. Mục tiêu là làm đúng, chưa cần nhanh."
NV-0931,PL-VAN-LIT-L4-014,"Rèn kỹ năng: Tác giả, tác phẩm & giai đoạn văn học — cấp 4",Văn,"Tác giả, tác phẩm & giai đoạn văn học",2,4,Rèn kỹ năng,120,"Hoàn thành 12 câu chuyên đề ""Tác giả, tác phẩm & giai đoạn văn học"" trong khoảng 13 phút, lần lượt qua 3 chặng: khởi động → rèn luyện → bứt tốc. Đúng từ 9 câu là hoàn thành; đúng từ 11 câu được tính là thành thạo và cộng điểm lên cấp. Tinh thần cấp 4: Giữ độ chính xác khi thời gian bắt đầu siết lại.","Hoàn thành đủ 3 chặng trong một lượt, không rời phiếu giữa chừng."
NV-0932,PL-VAN-LIT-L4-015,"Tốc độ: Tác giả, tác phẩm & giai đoạn văn học — cấp 4",Văn,"Tác giả, tác phẩm & giai đoạn văn học",2,4,Tốc độ,132,"Hoàn thành 12 câu chuyên đề ""Tác giả, tác phẩm & giai đoạn văn học"" trong khoảng 10 phút, lần lượt qua 3 chặng: khởi động → rèn luyện → bứt tốc. Đúng từ 9 câu là hoàn thành; đúng từ 11 câu được tính là thành thạo và cộng điểm lên cấp. Tinh thần cấp 4: Giữ độ chính xác khi thời gian bắt đầu siết lại.",Thời gian bị siết còn 75% mức chuẩn. Quá giờ vẫn chấm nhưng không tính thành thạo.
NV-0933,PL-VAN-LIT-L4-016,"Chính xác: Tác giả, tác phẩm & giai đoạn văn học — cấp 4",Văn,"Tác giả, tác phẩm & giai đoạn văn học",2,4,Chính xác,132,"Hoàn thành 12 câu chuyên đề ""Tác giả, tác phẩm & giai đoạn văn học"" trong khoảng 15 phút, lần lượt qua 3 chặng: khởi động → rèn luyện → bứt tốc. Đúng từ 9 câu là hoàn thành; đúng từ 11 câu được tính là thành thạo và cộng điểm lên cấp. Tinh thần cấp 4: Giữ độ chính xác khi thời gian bắt đầu siết lại.",Sai quá 2 câu là phải làm lại phiếu trước khi đi tiếp.
NV-0934,PL-VAN-LIT-L4-017,"Tổng hợp: Tác giả, tác phẩm & giai đoạn văn học — cấp 4",Văn,"Tác giả, tác phẩm & giai đoạn văn học",2,4,Tổng hợp,138,"Hoàn thành 12 câu chuyên đề ""Tác giả, tác phẩm & giai đoạn văn học"" trong khoảng 13 phút, lần lượt qua 3 chặng: khởi động → rèn luyện → bứt tốc. Đúng từ 9 câu là hoàn thành; đúng từ 11 câu được tính là thành thạo và cộng điểm lên cấp. Tinh thần cấp 4: Giữ độ chính xác khi thời gian bắt đầu siết lại.",Không được biết trước dạng bài của từng câu.
NV-0935,PL-VAN-LIT-L4-018,"Ôn lại: Tác giả, tác phẩm & giai đoạn văn học — cấp 4",Văn,"Tác giả, tác phẩm & giai đoạn văn học",2,4,Ôn lại,108,"Hoàn thành 12 câu chuyên đề ""Tác giả, tác phẩm & giai đoạn văn học"" trong khoảng 14 phút, lần lượt qua 3 chặng: khởi động → rèn luyện → bứt tốc. Đúng từ 9 câu là hoàn thành; đúng từ 11 câu được tính là thành thạo và cộng điểm lên cấp. Tinh thần cấp 4: Giữ độ chính xác khi thời gian bắt đầu siết lại.",Nên làm sau buổi học chính ít nhất một ngày.
NV-0936,PL-VAN-LIT-L4-019,"Khởi động: Tác giả, tác phẩm & giai đoạn văn học — cấp 4",Văn,"Tác giả, tác phẩm & giai đoạn văn học",2,4,Khởi động,84,"Hoàn thành 12 câu chuyên đề ""Tác giả, tác phẩm & giai đoạn văn học"" trong khoảng 16 phút, lần lượt qua 3 chặng: khởi động → rèn luyện → bứt tốc. Đúng từ 9 câu là hoàn thành; đúng từ 11 câu được tính là thành thạo và cộng điểm lên cấp. Tinh thần cấp 4: Giữ độ chính xác khi thời gian bắt đầu siết lại.","Không giới hạn thời gian. Mục tiêu là làm đúng, chưa cần nhanh."
NV-0937,PL-VAN-LIT-L4-020,"Rèn kỹ năng: Tác giả, tác phẩm & giai đoạn văn học — cấp 4",Văn,"Tác giả, tác phẩm & giai đoạn văn học",2,4,Rèn kỹ năng,120,"Hoàn thành 12 câu chuyên đề ""Tác giả, tác phẩm & giai đoạn văn học"" trong khoảng 13 phút, lần lượt qua 3 chặng: khởi động → rèn luyện → bứt tốc. Đúng từ 9 câu là hoàn thành; đúng từ 11 câu được tính là thành thạo và cộng điểm lên cấp. Tinh thần cấp 4: Giữ độ chính xác khi thời gian bắt đầu siết lại.","Hoàn thành đủ 3 chặng trong một lượt, không rời phiếu giữa chừng."
NV-0938,PL-VAN-LIT-L4-021,"Tốc độ: Tác giả, tác phẩm & giai đoạn văn học — cấp 4",Văn,"Tác giả, tác phẩm & giai đoạn văn học",2,4,Tốc độ,132,"Hoàn thành 12 câu chuyên đề ""Tác giả, tác phẩm & giai đoạn văn học"" trong khoảng 10 phút, lần lượt qua 3 chặng: khởi động → rèn luyện → bứt tốc. Đúng từ 9 câu là hoàn thành; đúng từ 11 câu được tính là thành thạo và cộng điểm lên cấp. Tinh thần cấp 4: Giữ độ chính xác khi thời gian bắt đầu siết lại.",Thời gian bị siết còn 75% mức chuẩn. Quá giờ vẫn chấm nhưng không tính thành thạo.
NV-0939,PL-VAN-LIT-L4-022,"Chính xác: Tác giả, tác phẩm & giai đoạn văn học — cấp 4",Văn,"Tác giả, tác phẩm & giai đoạn văn học",2,4,Chính xác,132,"Hoàn thành 12 câu chuyên đề ""Tác giả, tác phẩm & giai đoạn văn học"" trong khoảng 15 phút, lần lượt qua 3 chặng: khởi động → rèn luyện → bứt tốc. Đúng từ 9 câu là hoàn thành; đúng từ 11 câu được tính là thành thạo và cộng điểm lên cấp. Tinh thần cấp 4: Giữ độ chính xác khi thời gian bắt đầu siết lại.",Sai quá 2 câu là phải làm lại phiếu trước khi đi tiếp.
NV-0940,PL-VAN-LIT-L4-023,"Thử thách: Tác giả, tác phẩm & giai đoạn văn học — cấp 4",Văn,"Tác giả, tác phẩm & giai đoạn văn học",2,4,Thử thách,168,"Hoàn thành 12 câu chuyên đề ""Tác giả, tác phẩm & giai đoạn văn học"" trong khoảng 13 phút, lần lượt qua 3 chặng: khởi động → rèn luyện → bứt tốc. Đúng từ 9 câu là hoàn thành; đúng từ 11 câu được tính là thành thạo và cộng điểm lên cấp. Tinh thần cấp 4: Giữ độ chính xác khi thời gian bắt đầu siết lại.",Đạt từ 85% mới được tính là vượt thử thách.
NV-0941,PL-VAN-LIT-L4-024,"Vượt ải: Tác giả, tác phẩm & giai đoạn văn học — cấp 4",Văn,"Tác giả, tác phẩm & giai đoạn văn học",2,4,Vượt ải,216,"Hoàn thành 12 câu chuyên đề ""Tác giả, tác phẩm & giai đoạn văn học"" trong khoảng 12 phút, lần lượt qua 3 chặng: khởi động → rèn luyện → bứt tốc. Đúng từ 9 câu là hoàn thành; đúng từ 11 câu được tính là thành thạo và cộng điểm lên cấp. Tinh thần cấp 4: Giữ độ chính xác khi thời gian bắt đầu siết lại.",Phải đạt từ 90% để mở khóa cấp độ tiếp theo của tuyến này.
NV-0942,PL-VAN-LIT-L5-001,"Khởi động: Tác giả, tác phẩm & giai đoạn văn học — cấp 5",Văn,"Tác giả, tác phẩm & giai đoạn văn học",3,5,Khởi động,112,"Hoàn thành 14 câu chuyên đề ""Tác giả, tác phẩm & giai đoạn văn học"" trong khoảng 20 phút, lần lượt qua 3 chặng: khởi động → rèn luyện → bứt tốc. Đúng từ 10 câu là hoàn thành; đúng từ 12 câu được tính là thành thạo và cộng điểm lên cấp. Tinh thần cấp 5: Xử lý câu phân loại mà không mất nhịp.","Không giới hạn thời gian. Mục tiêu là làm đúng, chưa cần nhanh."
NV-0943,PL-VAN-LIT-L5-002,"Rèn kỹ năng: Tác giả, tác phẩm & giai đoạn văn học — cấp 5",Văn,"Tác giả, tác phẩm & giai đoạn văn học",3,5,Rèn kỹ năng,160,"Hoàn thành 14 câu chuyên đề ""Tác giả, tác phẩm & giai đoạn văn học"" trong khoảng 16 phút, lần lượt qua 3 chặng: khởi động → rèn luyện → bứt tốc. Đúng từ 10 câu là hoàn thành; đúng từ 12 câu được tính là thành thạo và cộng điểm lên cấp. Tinh thần cấp 5: Xử lý câu phân loại mà không mất nhịp.","Hoàn thành đủ 3 chặng trong một lượt, không rời phiếu giữa chừng."
NV-0944,PL-VAN-LIT-L5-003,"Tốc độ: Tác giả, tác phẩm & giai đoạn văn học — cấp 5",Văn,"Tác giả, tác phẩm & giai đoạn văn học",3,5,Tốc độ,176,"Hoàn thành 14 câu chuyên đề ""Tác giả, tác phẩm & giai đoạn văn học"" trong khoảng 12 phút, lần lượt qua 3 chặng: khởi động → rèn luyện → bứt tốc. Đúng từ 10 câu là hoàn thành; đúng từ 12 câu được tính là thành thạo và cộng điểm lên cấp. Tinh thần cấp 5: Xử lý câu phân loại mà không mất nhịp.",Thời gian bị siết còn 75% mức chuẩn. Quá giờ vẫn chấm nhưng không tính thành thạo.
NV-0945,PL-VAN-LIT-L5-004,"Chính xác: Tác giả, tác phẩm & giai đoạn văn học — cấp 5",Văn,"Tác giả, tác phẩm & giai đoạn văn học",3,5,Chính xác,176,"Hoàn thành 14 câu chuyên đề ""Tác giả, tác phẩm & giai đoạn văn học"" trong khoảng 19 phút, lần lượt qua 3 chặng: khởi động → rèn luyện → bứt tốc. Đúng từ 10 câu là hoàn thành; đúng từ 12 câu được tính là thành thạo và cộng điểm lên cấp. Tinh thần cấp 5: Xử lý câu phân loại mà không mất nhịp.",Sai quá 2 câu là phải làm lại phiếu trước khi đi tiếp.
NV-0946,PL-VAN-LIT-L5-005,"Tổng hợp: Tác giả, tác phẩm & giai đoạn văn học — cấp 5",Văn,"Tác giả, tác phẩm & giai đoạn văn học",3,5,Tổng hợp,184,"Hoàn thành 14 câu chuyên đề ""Tác giả, tác phẩm & giai đoạn văn học"" trong khoảng 16 phút, lần lượt qua 3 chặng: khởi động → rèn luyện → bứt tốc. Đúng từ 10 câu là hoàn thành; đúng từ 12 câu được tính là thành thạo và cộng điểm lên cấp. Tinh thần cấp 5: Xử lý câu phân loại mà không mất nhịp.",Không được biết trước dạng bài của từng câu.
NV-0947,PL-VAN-LIT-L5-006,"Ôn lại: Tác giả, tác phẩm & giai đoạn văn học — cấp 5",Văn,"Tác giả, tác phẩm & giai đoạn văn học",3,5,Ôn lại,144,"Hoàn thành 14 câu chuyên đề ""Tác giả, tác phẩm & giai đoạn văn học"" trong khoảng 18 phút, lần lượt qua 3 chặng: khởi động → rèn luyện → bứt tốc. Đúng từ 10 câu là hoàn thành; đúng từ 12 câu được tính là thành thạo và cộng điểm lên cấp. Tinh thần cấp 5: Xử lý câu phân loại mà không mất nhịp.",Nên làm sau buổi học chính ít nhất một ngày.
NV-0948,PL-VAN-LIT-L5-007,"Khởi động: Tác giả, tác phẩm & giai đoạn văn học — cấp 5",Văn,"Tác giả, tác phẩm & giai đoạn văn học",3,5,Khởi động,112,"Hoàn thành 14 câu chuyên đề ""Tác giả, tác phẩm & giai đoạn văn học"" trong khoảng 20 phút, lần lượt qua 3 chặng: khởi động → rèn luyện → bứt tốc. Đúng từ 10 câu là hoàn thành; đúng từ 12 câu được tính là thành thạo và cộng điểm lên cấp. Tinh thần cấp 5: Xử lý câu phân loại mà không mất nhịp.","Không giới hạn thời gian. Mục tiêu là làm đúng, chưa cần nhanh."
NV-0949,PL-VAN-LIT-L5-008,"Rèn kỹ năng: Tác giả, tác phẩm & giai đoạn văn học — cấp 5",Văn,"Tác giả, tác phẩm & giai đoạn văn học",3,5,Rèn kỹ năng,160,"Hoàn thành 14 câu chuyên đề ""Tác giả, tác phẩm & giai đoạn văn học"" trong khoảng 16 phút, lần lượt qua 3 chặng: khởi động → rèn luyện → bứt tốc. Đúng từ 10 câu là hoàn thành; đúng từ 12 câu được tính là thành thạo và cộng điểm lên cấp. Tinh thần cấp 5: Xử lý câu phân loại mà không mất nhịp.","Hoàn thành đủ 3 chặng trong một lượt, không rời phiếu giữa chừng."
NV-0950,PL-VAN-LIT-L5-009,"Tốc độ: Tác giả, tác phẩm & giai đoạn văn học — cấp 5",Văn,"Tác giả, tác phẩm & giai đoạn văn học",3,5,Tốc độ,176,"Hoàn thành 14 câu chuyên đề ""Tác giả, tác phẩm & giai đoạn văn học"" trong khoảng 12 phút, lần lượt qua 3 chặng: khởi động → rèn luyện → bứt tốc. Đúng từ 10 câu là hoàn thành; đúng từ 12 câu được tính là thành thạo và cộng điểm lên cấp. Tinh thần cấp 5: Xử lý câu phân loại mà không mất nhịp.",Thời gian bị siết còn 75% mức chuẩn. Quá giờ vẫn chấm nhưng không tính thành thạo.
NV-0951,PL-VAN-LIT-L5-010,"Chính xác: Tác giả, tác phẩm & giai đoạn văn học — cấp 5",Văn,"Tác giả, tác phẩm & giai đoạn văn học",3,5,Chính xác,176,"Hoàn thành 14 câu chuyên đề ""Tác giả, tác phẩm & giai đoạn văn học"" trong khoảng 19 phút, lần lượt qua 3 chặng: khởi động → rèn luyện → bứt tốc. Đúng từ 10 câu là hoàn thành; đúng từ 12 câu được tính là thành thạo và cộng điểm lên cấp. Tinh thần cấp 5: Xử lý câu phân loại mà không mất nhịp.",Sai quá 2 câu là phải làm lại phiếu trước khi đi tiếp.
NV-0952,PL-VAN-LIT-L5-011,"Tổng hợp: Tác giả, tác phẩm & giai đoạn văn học — cấp 5",Văn,"Tác giả, tác phẩm & giai đoạn văn học",3,5,Tổng hợp,184,"Hoàn thành 14 câu chuyên đề ""Tác giả, tác phẩm & giai đoạn văn học"" trong khoảng 16 phút, lần lượt qua 3 chặng: khởi động → rèn luyện → bứt tốc. Đúng từ 10 câu là hoàn thành; đúng từ 12 câu được tính là thành thạo và cộng điểm lên cấp. Tinh thần cấp 5: Xử lý câu phân loại mà không mất nhịp.",Không được biết trước dạng bài của từng câu.
NV-0953,PL-VAN-LIT-L5-012,"Ôn lại: Tác giả, tác phẩm & giai đoạn văn học — cấp 5",Văn,"Tác giả, tác phẩm & giai đoạn văn học",3,5,Ôn lại,144,"Hoàn thành 14 câu chuyên đề ""Tác giả, tác phẩm & giai đoạn văn học"" trong khoảng 18 phút, lần lượt qua 3 chặng: khởi động → rèn luyện → bứt tốc. Đúng từ 10 câu là hoàn thành; đúng từ 12 câu được tính là thành thạo và cộng điểm lên cấp. Tinh thần cấp 5: Xử lý câu phân loại mà không mất nhịp.",Nên làm sau buổi học chính ít nhất một ngày.
NV-0954,PL-VAN-LIT-L5-013,"Khởi động: Tác giả, tác phẩm & giai đoạn văn học — cấp 5",Văn,"Tác giả, tác phẩm & giai đoạn văn học",3,5,Khởi động,112,"Hoàn thành 14 câu chuyên đề ""Tác giả, tác phẩm & giai đoạn văn học"" trong khoảng 20 phút, lần lượt qua 3 chặng: khởi động → rèn luyện → bứt tốc. Đúng từ 10 câu là hoàn thành; đúng từ 12 câu được tính là thành thạo và cộng điểm lên cấp. Tinh thần cấp 5: Xử lý câu phân loại mà không mất nhịp.","Không giới hạn thời gian. Mục tiêu là làm đúng, chưa cần nhanh."
NV-0955,PL-VAN-LIT-L5-014,"Rèn kỹ năng: Tác giả, tác phẩm & giai đoạn văn học — cấp 5",Văn,"Tác giả, tác phẩm & giai đoạn văn học",3,5,Rèn kỹ năng,160,"Hoàn thành 14 câu chuyên đề ""Tác giả, tác phẩm & giai đoạn văn học"" trong khoảng 16 phút, lần lượt qua 3 chặng: khởi động → rèn luyện → bứt tốc. Đúng từ 10 câu là hoàn thành; đúng từ 12 câu được tính là thành thạo và cộng điểm lên cấp. Tinh thần cấp 5: Xử lý câu phân loại mà không mất nhịp.","Hoàn thành đủ 3 chặng trong một lượt, không rời phiếu giữa chừng."
NV-0956,PL-VAN-LIT-L5-015,"Tốc độ: Tác giả, tác phẩm & giai đoạn văn học — cấp 5",Văn,"Tác giả, tác phẩm & giai đoạn văn học",3,5,Tốc độ,176,"Hoàn thành 14 câu chuyên đề ""Tác giả, tác phẩm & giai đoạn văn học"" trong khoảng 12 phút, lần lượt qua 3 chặng: khởi động → rèn luyện → bứt tốc. Đúng từ 10 câu là hoàn thành; đúng từ 12 câu được tính là thành thạo và cộng điểm lên cấp. Tinh thần cấp 5: Xử lý câu phân loại mà không mất nhịp.",Thời gian bị siết còn 75% mức chuẩn. Quá giờ vẫn chấm nhưng không tính thành thạo.
NV-0957,PL-VAN-LIT-L5-016,"Chính xác: Tác giả, tác phẩm & giai đoạn văn học — cấp 5",Văn,"Tác giả, tác phẩm & giai đoạn văn học",3,5,Chính xác,176,"Hoàn thành 14 câu chuyên đề ""Tác giả, tác phẩm & giai đoạn văn học"" trong khoảng 19 phút, lần lượt qua 3 chặng: khởi động → rèn luyện → bứt tốc. Đúng từ 10 câu là hoàn thành; đúng từ 12 câu được tính là thành thạo và cộng điểm lên cấp. Tinh thần cấp 5: Xử lý câu phân loại mà không mất nhịp.",Sai quá 2 câu là phải làm lại phiếu trước khi đi tiếp.
NV-0958,PL-VAN-LIT-L5-017,"Tổng hợp: Tác giả, tác phẩm & giai đoạn văn học — cấp 5",Văn,"Tác giả, tác phẩm & giai đoạn văn học",3,5,Tổng hợp,184,"Hoàn thành 14 câu chuyên đề ""Tác giả, tác phẩm & giai đoạn văn học"" trong khoảng 16 phút, lần lượt qua 3 chặng: khởi động → rèn luyện → bứt tốc. Đúng từ 10 câu là hoàn thành; đúng từ 12 câu được tính là thành thạo và cộng điểm lên cấp. Tinh thần cấp 5: Xử lý câu phân loại mà không mất nhịp.",Không được biết trước dạng bài của từng câu.
NV-0959,PL-VAN-LIT-L5-018,"Thử thách: Tác giả, tác phẩm & giai đoạn văn học — cấp 5",Văn,"Tác giả, tác phẩm & giai đoạn văn học",3,5,Thử thách,224,"Hoàn thành 14 câu chuyên đề ""Tác giả, tác phẩm & giai đoạn văn học"" trong khoảng 16 phút, lần lượt qua 3 chặng: khởi động → rèn luyện → bứt tốc. Đúng từ 10 câu là hoàn thành; đúng từ 12 câu được tính là thành thạo và cộng điểm lên cấp. Tinh thần cấp 5: Xử lý câu phân loại mà không mất nhịp.",Đạt từ 85% mới được tính là vượt thử thách.
NV-0960,PL-VAN-LIT-L5-019,"Vượt ải: Tác giả, tác phẩm & giai đoạn văn học — cấp 5",Văn,"Tác giả, tác phẩm & giai đoạn văn học",3,5,Vượt ải,288,"Hoàn thành 14 câu chuyên đề ""Tác giả, tác phẩm & giai đoạn văn học"" trong khoảng 16 phút, lần lượt qua 3 chặng: khởi động → rèn luyện → bứt tốc. Đúng từ 10 câu là hoàn thành; đúng từ 13 câu được tính là thành thạo và cộng điểm lên cấp. Tinh thần cấp 5: Xử lý câu phân loại mà không mất nhịp.",Phải đạt từ 90% để mở khóa cấp độ tiếp theo của tuyến này.
NV-0961,PL-VAN-LIT-L6-001,"Khởi động: Tác giả, tác phẩm & giai đoạn văn học — cấp 6",Văn,"Tác giả, tác phẩm & giai đoạn văn học",3,6,Khởi động,154,"Hoàn thành 15 câu chuyên đề ""Tác giả, tác phẩm & giai đoạn văn học"" trong khoảng 19 phút, lần lượt qua 3 chặng: khởi động → rèn luyện → bứt tốc. Đúng từ 11 câu là hoàn thành; đúng từ 13 câu được tính là thành thạo và cộng điểm lên cấp. Tinh thần cấp 6: Tốc độ và độ chính xác của nhóm dẫn đầu phổ điểm.","Không giới hạn thời gian. Mục tiêu là làm đúng, chưa cần nhanh."
NV-0962,PL-VAN-LIT-L6-002,"Rèn kỹ năng: Tác giả, tác phẩm & giai đoạn văn học — cấp 6",Văn,"Tác giả, tác phẩm & giai đoạn văn học",3,6,Rèn kỹ năng,220,"Hoàn thành 15 câu chuyên đề ""Tác giả, tác phẩm & giai đoạn văn học"" trong khoảng 15 phút, lần lượt qua 3 chặng: khởi động → rèn luyện → bứt tốc. Đúng từ 11 câu là hoàn thành; đúng từ 13 câu được tính là thành thạo và cộng điểm lên cấp. Tinh thần cấp 6: Tốc độ và độ chính xác của nhóm dẫn đầu phổ điểm.","Hoàn thành đủ 3 chặng trong một lượt, không rời phiếu giữa chừng."
NV-0963,PL-VAN-LIT-L6-003,"Tốc độ: Tác giả, tác phẩm & giai đoạn văn học — cấp 6",Văn,"Tác giả, tác phẩm & giai đoạn văn học",3,6,Tốc độ,242,"Hoàn thành 15 câu chuyên đề ""Tác giả, tác phẩm & giai đoạn văn học"" trong khoảng 11 phút, lần lượt qua 3 chặng: khởi động → rèn luyện → bứt tốc. Đúng từ 11 câu là hoàn thành; đúng từ 13 câu được tính là thành thạo và cộng điểm lên cấp. Tinh thần cấp 6: Tốc độ và độ chính xác của nhóm dẫn đầu phổ điểm.",Thời gian bị siết còn 75% mức chuẩn. Quá giờ vẫn chấm nhưng không tính thành thạo.
NV-0964,PL-VAN-LIT-L6-004,"Chính xác: Tác giả, tác phẩm & giai đoạn văn học — cấp 6",Văn,"Tác giả, tác phẩm & giai đoạn văn học",3,6,Chính xác,242,"Hoàn thành 15 câu chuyên đề ""Tác giả, tác phẩm & giai đoạn văn học"" trong khoảng 17 phút, lần lượt qua 3 chặng: khởi động → rèn luyện → bứt tốc. Đúng từ 11 câu là hoàn thành; đúng từ 13 câu được tính là thành thạo và cộng điểm lên cấp. Tinh thần cấp 6: Tốc độ và độ chính xác của nhóm dẫn đầu phổ điểm.",Sai quá 2 câu là phải làm lại phiếu trước khi đi tiếp.
NV-0965,PL-VAN-LIT-L6-005,"Tổng hợp: Tác giả, tác phẩm & giai đoạn văn học — cấp 6",Văn,"Tác giả, tác phẩm & giai đoạn văn học",3,6,Tổng hợp,253,"Hoàn thành 15 câu chuyên đề ""Tác giả, tác phẩm & giai đoạn văn học"" trong khoảng 15 phút, lần lượt qua 3 chặng: khởi động → rèn luyện → bứt tốc. Đúng từ 11 câu là hoàn thành; đúng từ 13 câu được tính là thành thạo và cộng điểm lên cấp. Tinh thần cấp 6: Tốc độ và độ chính xác của nhóm dẫn đầu phổ điểm.",Không được biết trước dạng bài của từng câu.
NV-0966,PL-VAN-LIT-L6-006,"Ôn lại: Tác giả, tác phẩm & giai đoạn văn học — cấp 6",Văn,"Tác giả, tác phẩm & giai đoạn văn học",3,6,Ôn lại,198,"Hoàn thành 15 câu chuyên đề ""Tác giả, tác phẩm & giai đoạn văn học"" trong khoảng 17 phút, lần lượt qua 3 chặng: khởi động → rèn luyện → bứt tốc. Đúng từ 11 câu là hoàn thành; đúng từ 13 câu được tính là thành thạo và cộng điểm lên cấp. Tinh thần cấp 6: Tốc độ và độ chính xác của nhóm dẫn đầu phổ điểm.",Nên làm sau buổi học chính ít nhất một ngày.
NV-0967,PL-VAN-LIT-L6-007,"Khởi động: Tác giả, tác phẩm & giai đoạn văn học — cấp 6",Văn,"Tác giả, tác phẩm & giai đoạn văn học",3,6,Khởi động,154,"Hoàn thành 15 câu chuyên đề ""Tác giả, tác phẩm & giai đoạn văn học"" trong khoảng 19 phút, lần lượt qua 3 chặng: khởi động → rèn luyện → bứt tốc. Đúng từ 11 câu là hoàn thành; đúng từ 13 câu được tính là thành thạo và cộng điểm lên cấp. Tinh thần cấp 6: Tốc độ và độ chính xác của nhóm dẫn đầu phổ điểm.","Không giới hạn thời gian. Mục tiêu là làm đúng, chưa cần nhanh."
NV-0968,PL-VAN-LIT-L6-008,"Rèn kỹ năng: Tác giả, tác phẩm & giai đoạn văn học — cấp 6",Văn,"Tác giả, tác phẩm & giai đoạn văn học",3,6,Rèn kỹ năng,220,"Hoàn thành 15 câu chuyên đề ""Tác giả, tác phẩm & giai đoạn văn học"" trong khoảng 15 phút, lần lượt qua 3 chặng: khởi động → rèn luyện → bứt tốc. Đúng từ 11 câu là hoàn thành; đúng từ 13 câu được tính là thành thạo và cộng điểm lên cấp. Tinh thần cấp 6: Tốc độ và độ chính xác của nhóm dẫn đầu phổ điểm.","Hoàn thành đủ 3 chặng trong một lượt, không rời phiếu giữa chừng."
NV-0969,PL-VAN-LIT-L6-009,"Tốc độ: Tác giả, tác phẩm & giai đoạn văn học — cấp 6",Văn,"Tác giả, tác phẩm & giai đoạn văn học",3,6,Tốc độ,242,"Hoàn thành 15 câu chuyên đề ""Tác giả, tác phẩm & giai đoạn văn học"" trong khoảng 11 phút, lần lượt qua 3 chặng: khởi động → rèn luyện → bứt tốc. Đúng từ 11 câu là hoàn thành; đúng từ 13 câu được tính là thành thạo và cộng điểm lên cấp. Tinh thần cấp 6: Tốc độ và độ chính xác của nhóm dẫn đầu phổ điểm.",Thời gian bị siết còn 75% mức chuẩn. Quá giờ vẫn chấm nhưng không tính thành thạo.
NV-0970,PL-VAN-LIT-L6-010,"Chính xác: Tác giả, tác phẩm & giai đoạn văn học — cấp 6",Văn,"Tác giả, tác phẩm & giai đoạn văn học",3,6,Chính xác,242,"Hoàn thành 15 câu chuyên đề ""Tác giả, tác phẩm & giai đoạn văn học"" trong khoảng 17 phút, lần lượt qua 3 chặng: khởi động → rèn luyện → bứt tốc. Đúng từ 11 câu là hoàn thành; đúng từ 13 câu được tính là thành thạo và cộng điểm lên cấp. Tinh thần cấp 6: Tốc độ và độ chính xác của nhóm dẫn đầu phổ điểm.",Sai quá 2 câu là phải làm lại phiếu trước khi đi tiếp.
NV-0971,PL-VAN-LIT-L6-011,"Tổng hợp: Tác giả, tác phẩm & giai đoạn văn học — cấp 6",Văn,"Tác giả, tác phẩm & giai đoạn văn học",3,6,Tổng hợp,253,"Hoàn thành 15 câu chuyên đề ""Tác giả, tác phẩm & giai đoạn văn học"" trong khoảng 15 phút, lần lượt qua 3 chặng: khởi động → rèn luyện → bứt tốc. Đúng từ 11 câu là hoàn thành; đúng từ 13 câu được tính là thành thạo và cộng điểm lên cấp. Tinh thần cấp 6: Tốc độ và độ chính xác của nhóm dẫn đầu phổ điểm.",Không được biết trước dạng bài của từng câu.
NV-0972,PL-VAN-LIT-L6-012,"Ôn lại: Tác giả, tác phẩm & giai đoạn văn học — cấp 6",Văn,"Tác giả, tác phẩm & giai đoạn văn học",3,6,Ôn lại,198,"Hoàn thành 15 câu chuyên đề ""Tác giả, tác phẩm & giai đoạn văn học"" trong khoảng 17 phút, lần lượt qua 3 chặng: khởi động → rèn luyện → bứt tốc. Đúng từ 11 câu là hoàn thành; đúng từ 13 câu được tính là thành thạo và cộng điểm lên cấp. Tinh thần cấp 6: Tốc độ và độ chính xác của nhóm dẫn đầu phổ điểm.",Nên làm sau buổi học chính ít nhất một ngày.
NV-0973,PL-VAN-LIT-L6-013,"Thử thách: Tác giả, tác phẩm & giai đoạn văn học — cấp 6",Văn,"Tác giả, tác phẩm & giai đoạn văn học",3,6,Thử thách,308,"Hoàn thành 15 câu chuyên đề ""Tác giả, tác phẩm & giai đoạn văn học"" trong khoảng 15 phút, lần lượt qua 3 chặng: khởi động → rèn luyện → bứt tốc. Đúng từ 11 câu là hoàn thành; đúng từ 13 câu được tính là thành thạo và cộng điểm lên cấp. Tinh thần cấp 6: Tốc độ và độ chính xác của nhóm dẫn đầu phổ điểm.",Đạt từ 85% mới được tính là vượt thử thách.
NV-0974,PL-VAN-LIT-L6-014,"Vượt ải: Tác giả, tác phẩm & giai đoạn văn học — cấp 6",Văn,"Tác giả, tác phẩm & giai đoạn văn học",3,6,Vượt ải,396,"Hoàn thành 15 câu chuyên đề ""Tác giả, tác phẩm & giai đoạn văn học"" trong khoảng 14 phút, lần lượt qua 3 chặng: khởi động → rèn luyện → bứt tốc. Đúng từ 11 câu là hoàn thành; đúng từ 14 câu được tính là thành thạo và cộng điểm lên cấp. Tinh thần cấp 6: Tốc độ và độ chính xác của nhóm dẫn đầu phổ điểm.",Phải đạt từ 90% để mở khóa cấp độ tiếp theo của tuyến này.
NV-0975,PL-VAN-GRA-L1-001,Khởi động: Ngữ pháp & lỗi sai trong câu — cấp 1,Văn,Ngữ pháp & lỗi sai trong câu,1,1,Khởi động,28,"Hoàn thành 8 câu chuyên đề ""Ngữ pháp & lỗi sai trong câu"" trong khoảng 10 phút, lần lượt qua 3 chặng: khởi động → rèn luyện → bứt tốc. Đúng từ 6 câu là hoàn thành; đúng từ 7 câu được tính là thành thạo và cộng điểm lên cấp. Tinh thần cấp 1: Nhận diện dạng bài và nhớ lại công thức nền.","Không giới hạn thời gian. Mục tiêu là làm đúng, chưa cần nhanh."
NV-0976,PL-VAN-GRA-L1-002,Rèn kỹ năng: Ngữ pháp & lỗi sai trong câu — cấp 1,Văn,Ngữ pháp & lỗi sai trong câu,1,1,Rèn kỹ năng,40,"Hoàn thành 8 câu chuyên đề ""Ngữ pháp & lỗi sai trong câu"" trong khoảng 8 phút, lần lượt qua 3 chặng: khởi động → rèn luyện → bứt tốc. Đúng từ 6 câu là hoàn thành; đúng từ 7 câu được tính là thành thạo và cộng điểm lên cấp. Tinh thần cấp 1: Nhận diện dạng bài và nhớ lại công thức nền.","Hoàn thành đủ 3 chặng trong một lượt, không rời phiếu giữa chừng."
NV-0977,PL-VAN-GRA-L1-003,Tốc độ: Ngữ pháp & lỗi sai trong câu — cấp 1,Văn,Ngữ pháp & lỗi sai trong câu,1,1,Tốc độ,44,"Hoàn thành 8 câu chuyên đề ""Ngữ pháp & lỗi sai trong câu"" trong khoảng 6 phút, lần lượt qua 3 chặng: khởi động → rèn luyện → bứt tốc. Đúng từ 6 câu là hoàn thành; đúng từ 7 câu được tính là thành thạo và cộng điểm lên cấp. Tinh thần cấp 1: Nhận diện dạng bài và nhớ lại công thức nền.",Thời gian bị siết còn 75% mức chuẩn. Quá giờ vẫn chấm nhưng không tính thành thạo.
NV-0978,PL-VAN-GRA-L1-004,Chính xác: Ngữ pháp & lỗi sai trong câu — cấp 1,Văn,Ngữ pháp & lỗi sai trong câu,1,1,Chính xác,44,"Hoàn thành 8 câu chuyên đề ""Ngữ pháp & lỗi sai trong câu"" trong khoảng 9 phút, lần lượt qua 3 chặng: khởi động → rèn luyện → bứt tốc. Đúng từ 6 câu là hoàn thành; đúng từ 7 câu được tính là thành thạo và cộng điểm lên cấp. Tinh thần cấp 1: Nhận diện dạng bài và nhớ lại công thức nền.",Sai quá 2 câu là phải làm lại phiếu trước khi đi tiếp.
NV-0979,PL-VAN-GRA-L1-005,Tổng hợp: Ngữ pháp & lỗi sai trong câu — cấp 1,Văn,Ngữ pháp & lỗi sai trong câu,1,1,Tổng hợp,46,"Hoàn thành 8 câu chuyên đề ""Ngữ pháp & lỗi sai trong câu"" trong khoảng 8 phút, lần lượt qua 3 chặng: khởi động → rèn luyện → bứt tốc. Đúng từ 6 câu là hoàn thành; đúng từ 7 câu được tính là thành thạo và cộng điểm lên cấp. Tinh thần cấp 1: Nhận diện dạng bài và nhớ lại công thức nền.",Không được biết trước dạng bài của từng câu.
NV-0980,PL-VAN-GRA-L1-006,Ôn lại: Ngữ pháp & lỗi sai trong câu — cấp 1,Văn,Ngữ pháp & lỗi sai trong câu,1,1,Ôn lại,36,"Hoàn thành 8 câu chuyên đề ""Ngữ pháp & lỗi sai trong câu"" trong khoảng 9 phút, lần lượt qua 3 chặng: khởi động → rèn luyện → bứt tốc. Đúng từ 6 câu là hoàn thành; đúng từ 7 câu được tính là thành thạo và cộng điểm lên cấp. Tinh thần cấp 1: Nhận diện dạng bài và nhớ lại công thức nền.",Nên làm sau buổi học chính ít nhất một ngày.
NV-0981,PL-VAN-GRA-L1-007,Khởi động: Ngữ pháp & lỗi sai trong câu — cấp 1,Văn,Ngữ pháp & lỗi sai trong câu,1,1,Khởi động,28,"Hoàn thành 8 câu chuyên đề ""Ngữ pháp & lỗi sai trong câu"" trong khoảng 10 phút, lần lượt qua 3 chặng: khởi động → rèn luyện → bứt tốc. Đúng từ 6 câu là hoàn thành; đúng từ 7 câu được tính là thành thạo và cộng điểm lên cấp. Tinh thần cấp 1: Nhận diện dạng bài và nhớ lại công thức nền.","Không giới hạn thời gian. Mục tiêu là làm đúng, chưa cần nhanh."
NV-0982,PL-VAN-GRA-L1-008,Rèn kỹ năng: Ngữ pháp & lỗi sai trong câu — cấp 1,Văn,Ngữ pháp & lỗi sai trong câu,1,1,Rèn kỹ năng,40,"Hoàn thành 8 câu chuyên đề ""Ngữ pháp & lỗi sai trong câu"" trong khoảng 8 phút, lần lượt qua 3 chặng: khởi động → rèn luyện → bứt tốc. Đúng từ 6 câu là hoàn thành; đúng từ 7 câu được tính là thành thạo và cộng điểm lên cấp. Tinh thần cấp 1: Nhận diện dạng bài và nhớ lại công thức nền.","Hoàn thành đủ 3 chặng trong một lượt, không rời phiếu giữa chừng."
NV-0983,PL-VAN-GRA-L1-009,Tốc độ: Ngữ pháp & lỗi sai trong câu — cấp 1,Văn,Ngữ pháp & lỗi sai trong câu,1,1,Tốc độ,44,"Hoàn thành 8 câu chuyên đề ""Ngữ pháp & lỗi sai trong câu"" trong khoảng 6 phút, lần lượt qua 3 chặng: khởi động → rèn luyện → bứt tốc. Đúng từ 6 câu là hoàn thành; đúng từ 7 câu được tính là thành thạo và cộng điểm lên cấp. Tinh thần cấp 1: Nhận diện dạng bài và nhớ lại công thức nền.",Thời gian bị siết còn 75% mức chuẩn. Quá giờ vẫn chấm nhưng không tính thành thạo.
NV-0984,PL-VAN-GRA-L1-010,Chính xác: Ngữ pháp & lỗi sai trong câu — cấp 1,Văn,Ngữ pháp & lỗi sai trong câu,1,1,Chính xác,44,"Hoàn thành 8 câu chuyên đề ""Ngữ pháp & lỗi sai trong câu"" trong khoảng 9 phút, lần lượt qua 3 chặng: khởi động → rèn luyện → bứt tốc. Đúng từ 6 câu là hoàn thành; đúng từ 7 câu được tính là thành thạo và cộng điểm lên cấp. Tinh thần cấp 1: Nhận diện dạng bài và nhớ lại công thức nền.",Sai quá 2 câu là phải làm lại phiếu trước khi đi tiếp.
NV-0985,PL-VAN-GRA-L1-011,Tổng hợp: Ngữ pháp & lỗi sai trong câu — cấp 1,Văn,Ngữ pháp & lỗi sai trong câu,1,1,Tổng hợp,46,"Hoàn thành 8 câu chuyên đề ""Ngữ pháp & lỗi sai trong câu"" trong khoảng 8 phút, lần lượt qua 3 chặng: khởi động → rèn luyện → bứt tốc. Đúng từ 6 câu là hoàn thành; đúng từ 7 câu được tính là thành thạo và cộng điểm lên cấp. Tinh thần cấp 1: Nhận diện dạng bài và nhớ lại công thức nền.",Không được biết trước dạng bài của từng câu.
NV-0986,PL-VAN-GRA-L1-012,Ôn lại: Ngữ pháp & lỗi sai trong câu — cấp 1,Văn,Ngữ pháp & lỗi sai trong câu,1,1,Ôn lại,36,"Hoàn thành 8 câu chuyên đề ""Ngữ pháp & lỗi sai trong câu"" trong khoảng 9 phút, lần lượt qua 3 chặng: khởi động → rèn luyện → bứt tốc. Đúng từ 6 câu là hoàn thành; đúng từ 7 câu được tính là thành thạo và cộng điểm lên cấp. Tinh thần cấp 1: Nhận diện dạng bài và nhớ lại công thức nền.",Nên làm sau buổi học chính ít nhất một ngày.
NV-0987,PL-VAN-GRA-L1-013,Khởi động: Ngữ pháp & lỗi sai trong câu — cấp 1,Văn,Ngữ pháp & lỗi sai trong câu,1,1,Khởi động,28,"Hoàn thành 8 câu chuyên đề ""Ngữ pháp & lỗi sai trong câu"" trong khoảng 10 phút, lần lượt qua 3 chặng: khởi động → rèn luyện → bứt tốc. Đúng từ 6 câu là hoàn thành; đúng từ 7 câu được tính là thành thạo và cộng điểm lên cấp. Tinh thần cấp 1: Nhận diện dạng bài và nhớ lại công thức nền.","Không giới hạn thời gian. Mục tiêu là làm đúng, chưa cần nhanh."
NV-0988,PL-VAN-GRA-L1-014,Thử thách: Ngữ pháp & lỗi sai trong câu — cấp 1,Văn,Ngữ pháp & lỗi sai trong câu,1,1,Thử thách,56,"Hoàn thành 8 câu chuyên đề ""Ngữ pháp & lỗi sai trong câu"" trong khoảng 8 phút, lần lượt qua 3 chặng: khởi động → rèn luyện → bứt tốc. Đúng từ 6 câu là hoàn thành; đúng từ 7 câu được tính là thành thạo và cộng điểm lên cấp. Tinh thần cấp 1: Nhận diện dạng bài và nhớ lại công thức nền.",Đạt từ 85% mới được tính là vượt thử thách.
NV-0989,PL-VAN-GRA-L1-015,Vượt ải: Ngữ pháp & lỗi sai trong câu — cấp 1,Văn,Ngữ pháp & lỗi sai trong câu,1,1,Vượt ải,72,"Hoàn thành 8 câu chuyên đề ""Ngữ pháp & lỗi sai trong câu"" trong khoảng 8 phút, lần lượt qua 3 chặng: khởi động → rèn luyện → bứt tốc. Đúng từ 6 câu là hoàn thành; đúng từ 8 câu được tính là thành thạo và cộng điểm lên cấp. Tinh thần cấp 1: Nhận diện dạng bài và nhớ lại công thức nền.",Phải đạt từ 90% để mở khóa cấp độ tiếp theo của tuyến này.
NV-0990,PL-VAN-GRA-L2-001,Khởi động: Ngữ pháp & lỗi sai trong câu — cấp 2,Văn,Ngữ pháp & lỗi sai trong câu,1,2,Khởi động,42,"Hoàn thành 10 câu chuyên đề ""Ngữ pháp & lỗi sai trong câu"" trong khoảng 15 phút, lần lượt qua 3 chặng: khởi động → rèn luyện → bứt tốc. Đúng từ 7 câu là hoàn thành; đúng từ 9 câu được tính là thành thạo và cộng điểm lên cấp. Tinh thần cấp 2: Làm đúng dạng chuẩn mà không cần nhìn gợi ý.","Không giới hạn thời gian. Mục tiêu là làm đúng, chưa cần nhanh."
NV-0991,PL-VAN-GRA-L2-002,Rèn kỹ năng: Ngữ pháp & lỗi sai trong câu — cấp 2,Văn,Ngữ pháp & lỗi sai trong câu,1,2,Rèn kỹ năng,60,"Hoàn thành 10 câu chuyên đề ""Ngữ pháp & lỗi sai trong câu"" trong khoảng 12 phút, lần lượt qua 3 chặng: khởi động → rèn luyện → bứt tốc. Đúng từ 7 câu là hoàn thành; đúng từ 9 câu được tính là thành thạo và cộng điểm lên cấp. Tinh thần cấp 2: Làm đúng dạng chuẩn mà không cần nhìn gợi ý.","Hoàn thành đủ 3 chặng trong một lượt, không rời phiếu giữa chừng."
NV-0992,PL-VAN-GRA-L2-003,Tốc độ: Ngữ pháp & lỗi sai trong câu — cấp 2,Văn,Ngữ pháp & lỗi sai trong câu,1,2,Tốc độ,66,"Hoàn thành 10 câu chuyên đề ""Ngữ pháp & lỗi sai trong câu"" trong khoảng 9 phút, lần lượt qua 3 chặng: khởi động → rèn luyện → bứt tốc. Đúng từ 7 câu là hoàn thành; đúng từ 9 câu được tính là thành thạo và cộng điểm lên cấp. Tinh thần cấp 2: Làm đúng dạng chuẩn mà không cần nhìn gợi ý.",Thời gian bị siết còn 75% mức chuẩn. Quá giờ vẫn chấm nhưng không tính thành thạo.
NV-0993,PL-VAN-GRA-L2-004,Chính xác: Ngữ pháp & lỗi sai trong câu — cấp 2,Văn,Ngữ pháp & lỗi sai trong câu,1,2,Chính xác,66,"Hoàn thành 10 câu chuyên đề ""Ngữ pháp & lỗi sai trong câu"" trong khoảng 13 phút, lần lượt qua 3 chặng: khởi động → rèn luyện → bứt tốc. Đúng từ 7 câu là hoàn thành; đúng từ 9 câu được tính là thành thạo và cộng điểm lên cấp. Tinh thần cấp 2: Làm đúng dạng chuẩn mà không cần nhìn gợi ý.",Sai quá 2 câu là phải làm lại phiếu trước khi đi tiếp.
NV-0994,PL-VAN-GRA-L2-005,Tổng hợp: Ngữ pháp & lỗi sai trong câu — cấp 2,Văn,Ngữ pháp & lỗi sai trong câu,1,2,Tổng hợp,69,"Hoàn thành 10 câu chuyên đề ""Ngữ pháp & lỗi sai trong câu"" trong khoảng 12 phút, lần lượt qua 3 chặng: khởi động → rèn luyện → bứt tốc. Đúng từ 7 câu là hoàn thành; đúng từ 9 câu được tính là thành thạo và cộng điểm lên cấp. Tinh thần cấp 2: Làm đúng dạng chuẩn mà không cần nhìn gợi ý.",Không được biết trước dạng bài của từng câu.
NV-0995,PL-VAN-GRA-L2-006,Ôn lại: Ngữ pháp & lỗi sai trong câu — cấp 2,Văn,Ngữ pháp & lỗi sai trong câu,1,2,Ôn lại,54,"Hoàn thành 10 câu chuyên đề ""Ngữ pháp & lỗi sai trong câu"" trong khoảng 13 phút, lần lượt qua 3 chặng: khởi động → rèn luyện → bứt tốc. Đúng từ 7 câu là hoàn thành; đúng từ 9 câu được tính là thành thạo và cộng điểm lên cấp. Tinh thần cấp 2: Làm đúng dạng chuẩn mà không cần nhìn gợi ý.",Nên làm sau buổi học chính ít nhất một ngày.
NV-0996,PL-VAN-GRA-L2-007,Khởi động: Ngữ pháp & lỗi sai trong câu — cấp 2,Văn,Ngữ pháp & lỗi sai trong câu,1,2,Khởi động,42,"Hoàn thành 10 câu chuyên đề ""Ngữ pháp & lỗi sai trong câu"" trong khoảng 15 phút, lần lượt qua 3 chặng: khởi động → rèn luyện → bứt tốc. Đúng từ 7 câu là hoàn thành; đúng từ 9 câu được tính là thành thạo và cộng điểm lên cấp. Tinh thần cấp 2: Làm đúng dạng chuẩn mà không cần nhìn gợi ý.","Không giới hạn thời gian. Mục tiêu là làm đúng, chưa cần nhanh."
NV-0997,PL-VAN-GRA-L2-008,Rèn kỹ năng: Ngữ pháp & lỗi sai trong câu — cấp 2,Văn,Ngữ pháp & lỗi sai trong câu,1,2,Rèn kỹ năng,60,"Hoàn thành 10 câu chuyên đề ""Ngữ pháp & lỗi sai trong câu"" trong khoảng 12 phút, lần lượt qua 3 chặng: khởi động → rèn luyện → bứt tốc. Đúng từ 7 câu là hoàn thành; đúng từ 9 câu được tính là thành thạo và cộng điểm lên cấp. Tinh thần cấp 2: Làm đúng dạng chuẩn mà không cần nhìn gợi ý.","Hoàn thành đủ 3 chặng trong một lượt, không rời phiếu giữa chừng."
NV-0998,PL-VAN-GRA-L2-009,Tốc độ: Ngữ pháp & lỗi sai trong câu — cấp 2,Văn,Ngữ pháp & lỗi sai trong câu,1,2,Tốc độ,66,"Hoàn thành 10 câu chuyên đề ""Ngữ pháp & lỗi sai trong câu"" trong khoảng 9 phút, lần lượt qua 3 chặng: khởi động → rèn luyện → bứt tốc. Đúng từ 7 câu là hoàn thành; đúng từ 9 câu được tính là thành thạo và cộng điểm lên cấp. Tinh thần cấp 2: Làm đúng dạng chuẩn mà không cần nhìn gợi ý.",Thời gian bị siết còn 75% mức chuẩn. Quá giờ vẫn chấm nhưng không tính thành thạo.
NV-0999,PL-VAN-GRA-L2-010,Chính xác: Ngữ pháp & lỗi sai trong câu — cấp 2,Văn,Ngữ pháp & lỗi sai trong câu,1,2,Chính xác,66,"Hoàn thành 10 câu chuyên đề ""Ngữ pháp & lỗi sai trong câu"" trong khoảng 13 phút, lần lượt qua 3 chặng: khởi động → rèn luyện → bứt tốc. Đúng từ 7 câu là hoàn thành; đúng từ 9 câu được tính là thành thạo và cộng điểm lên cấp. Tinh thần cấp 2: Làm đúng dạng chuẩn mà không cần nhìn gợi ý.",Sai quá 2 câu là phải làm lại phiếu trước khi đi tiếp.
NV-1000,PL-VAN-GRA-L2-011,Tổng hợp: Ngữ pháp & lỗi sai trong câu — cấp 2,Văn,Ngữ pháp & lỗi sai trong câu,1,2,Tổng hợp,69,"Hoàn thành 10 câu chuyên đề ""Ngữ pháp & lỗi sai trong câu"" trong khoảng 12 phút, lần lượt qua 3 chặng: khởi động → rèn luyện → bứt tốc. Đúng từ 7 câu là hoàn thành; đúng từ 9 câu được tính là thành thạo và cộng điểm lên cấp. Tinh thần cấp 2: Làm đúng dạng chuẩn mà không cần nhìn gợi ý.",Không được biết trước dạng bài của từng câu.
NV-1001,PL-VAN-GRA-L2-012,Ôn lại: Ngữ pháp & lỗi sai trong câu — cấp 2,Văn,Ngữ pháp & lỗi sai trong câu,1,2,Ôn lại,54,"Hoàn thành 10 câu chuyên đề ""Ngữ pháp & lỗi sai trong câu"" trong khoảng 13 phút, lần lượt qua 3 chặng: khởi động → rèn luyện → bứt tốc. Đúng từ 7 câu là hoàn thành; đúng từ 9 câu được tính là thành thạo và cộng điểm lên cấp. Tinh thần cấp 2: Làm đúng dạng chuẩn mà không cần nhìn gợi ý.",Nên làm sau buổi học chính ít nhất một ngày.
NV-1002,PL-VAN-GRA-L2-013,Khởi động: Ngữ pháp & lỗi sai trong câu — cấp 2,Văn,Ngữ pháp & lỗi sai trong câu,1,2,Khởi động,42,"Hoàn thành 10 câu chuyên đề ""Ngữ pháp & lỗi sai trong câu"" trong khoảng 15 phút, lần lượt qua 3 chặng: khởi động → rèn luyện → bứt tốc. Đúng từ 7 câu là hoàn thành; đúng từ 9 câu được tính là thành thạo và cộng điểm lên cấp. Tinh thần cấp 2: Làm đúng dạng chuẩn mà không cần nhìn gợi ý.","Không giới hạn thời gian. Mục tiêu là làm đúng, chưa cần nhanh."
NV-1003,PL-VAN-GRA-L2-014,Rèn kỹ năng: Ngữ pháp & lỗi sai trong câu — cấp 2,Văn,Ngữ pháp & lỗi sai trong câu,1,2,Rèn kỹ năng,60,"Hoàn thành 10 câu chuyên đề ""Ngữ pháp & lỗi sai trong câu"" trong khoảng 12 phút, lần lượt qua 3 chặng: khởi động → rèn luyện → bứt tốc. Đúng từ 7 câu là hoàn thành; đúng từ 9 câu được tính là thành thạo và cộng điểm lên cấp. Tinh thần cấp 2: Làm đúng dạng chuẩn mà không cần nhìn gợi ý.","Hoàn thành đủ 3 chặng trong một lượt, không rời phiếu giữa chừng."
NV-1004,PL-VAN-GRA-L2-015,Tốc độ: Ngữ pháp & lỗi sai trong câu — cấp 2,Văn,Ngữ pháp & lỗi sai trong câu,1,2,Tốc độ,66,"Hoàn thành 10 câu chuyên đề ""Ngữ pháp & lỗi sai trong câu"" trong khoảng 9 phút, lần lượt qua 3 chặng: khởi động → rèn luyện → bứt tốc. Đúng từ 7 câu là hoàn thành; đúng từ 9 câu được tính là thành thạo và cộng điểm lên cấp. Tinh thần cấp 2: Làm đúng dạng chuẩn mà không cần nhìn gợi ý.",Thời gian bị siết còn 75% mức chuẩn. Quá giờ vẫn chấm nhưng không tính thành thạo.
NV-1005,PL-VAN-GRA-L2-016,Chính xác: Ngữ pháp & lỗi sai trong câu — cấp 2,Văn,Ngữ pháp & lỗi sai trong câu,1,2,Chính xác,66,"Hoàn thành 10 câu chuyên đề ""Ngữ pháp & lỗi sai trong câu"" trong khoảng 13 phút, lần lượt qua 3 chặng: khởi động → rèn luyện → bứt tốc. Đúng từ 7 câu là hoàn thành; đúng từ 9 câu được tính là thành thạo và cộng điểm lên cấp. Tinh thần cấp 2: Làm đúng dạng chuẩn mà không cần nhìn gợi ý.",Sai quá 2 câu là phải làm lại phiếu trước khi đi tiếp.
NV-1006,PL-VAN-GRA-L2-017,Tổng hợp: Ngữ pháp & lỗi sai trong câu — cấp 2,Văn,Ngữ pháp & lỗi sai trong câu,1,2,Tổng hợp,69,"Hoàn thành 10 câu chuyên đề ""Ngữ pháp & lỗi sai trong câu"" trong khoảng 12 phút, lần lượt qua 3 chặng: khởi động → rèn luyện → bứt tốc. Đúng từ 7 câu là hoàn thành; đúng từ 9 câu được tính là thành thạo và cộng điểm lên cấp. Tinh thần cấp 2: Làm đúng dạng chuẩn mà không cần nhìn gợi ý.",Không được biết trước dạng bài của từng câu.
NV-1007,PL-VAN-GRA-L2-018,Thử thách: Ngữ pháp & lỗi sai trong câu — cấp 2,Văn,Ngữ pháp & lỗi sai trong câu,1,2,Thử thách,84,"Hoàn thành 10 câu chuyên đề ""Ngữ pháp & lỗi sai trong câu"" trong khoảng 12 phút, lần lượt qua 3 chặng: khởi động → rèn luyện → bứt tốc. Đúng từ 7 câu là hoàn thành; đúng từ 9 câu được tính là thành thạo và cộng điểm lên cấp. Tinh thần cấp 2: Làm đúng dạng chuẩn mà không cần nhìn gợi ý.",Đạt từ 85% mới được tính là vượt thử thách.
NV-1008,PL-VAN-GRA-L2-019,Vượt ải: Ngữ pháp & lỗi sai trong câu — cấp 2,Văn,Ngữ pháp & lỗi sai trong câu,1,2,Vượt ải,108,"Hoàn thành 10 câu chuyên đề ""Ngữ pháp & lỗi sai trong câu"" trong khoảng 11 phút, lần lượt qua 3 chặng: khởi động → rèn luyện → bứt tốc. Đúng từ 7 câu là hoàn thành; đúng từ 9 câu được tính là thành thạo và cộng điểm lên cấp. Tinh thần cấp 2: Làm đúng dạng chuẩn mà không cần nhìn gợi ý.",Phải đạt từ 90% để mở khóa cấp độ tiếp theo của tuyến này.
NV-1009,PL-VAN-GRA-L3-001,Khởi động: Ngữ pháp & lỗi sai trong câu — cấp 3,Văn,Ngữ pháp & lỗi sai trong câu,2,3,Khởi động,63,"Hoàn thành 12 câu chuyên đề ""Ngữ pháp & lỗi sai trong câu"" trong khoảng 19 phút, lần lượt qua 3 chặng: khởi động → rèn luyện → bứt tốc. Đúng từ 9 câu là hoàn thành; đúng từ 11 câu được tính là thành thạo và cộng điểm lên cấp. Tinh thần cấp 3: Ghép nhiều bước và tránh các bẫy quen thuộc.","Không giới hạn thời gian. Mục tiêu là làm đúng, chưa cần nhanh."
NV-1010,PL-VAN-GRA-L3-002,Rèn kỹ năng: Ngữ pháp & lỗi sai trong câu — cấp 3,Văn,Ngữ pháp & lỗi sai trong câu,2,3,Rèn kỹ năng,90,"Hoàn thành 12 câu chuyên đề ""Ngữ pháp & lỗi sai trong câu"" trong khoảng 15 phút, lần lượt qua 3 chặng: khởi động → rèn luyện → bứt tốc. Đúng từ 9 câu là hoàn thành; đúng từ 11 câu được tính là thành thạo và cộng điểm lên cấp. Tinh thần cấp 3: Ghép nhiều bước và tránh các bẫy quen thuộc.","Hoàn thành đủ 3 chặng trong một lượt, không rời phiếu giữa chừng."
NV-1011,PL-VAN-GRA-L3-003,Tốc độ: Ngữ pháp & lỗi sai trong câu — cấp 3,Văn,Ngữ pháp & lỗi sai trong câu,2,3,Tốc độ,99,"Hoàn thành 12 câu chuyên đề ""Ngữ pháp & lỗi sai trong câu"" trong khoảng 11 phút, lần lượt qua 3 chặng: khởi động → rèn luyện → bứt tốc. Đúng từ 9 câu là hoàn thành; đúng từ 11 câu được tính là thành thạo và cộng điểm lên cấp. Tinh thần cấp 3: Ghép nhiều bước và tránh các bẫy quen thuộc.",Thời gian bị siết còn 75% mức chuẩn. Quá giờ vẫn chấm nhưng không tính thành thạo.
NV-1012,PL-VAN-GRA-L3-004,Chính xác: Ngữ pháp & lỗi sai trong câu — cấp 3,Văn,Ngữ pháp & lỗi sai trong câu,2,3,Chính xác,99,"Hoàn thành 12 câu chuyên đề ""Ngữ pháp & lỗi sai trong câu"" trong khoảng 17 phút, lần lượt qua 3 chặng: khởi động → rèn luyện → bứt tốc. Đúng từ 9 câu là hoàn thành; đúng từ 11 câu được tính là thành thạo và cộng điểm lên cấp. Tinh thần cấp 3: Ghép nhiều bước và tránh các bẫy quen thuộc.",Sai quá 2 câu là phải làm lại phiếu trước khi đi tiếp.
NV-1013,PL-VAN-GRA-L3-005,Tổng hợp: Ngữ pháp & lỗi sai trong câu — cấp 3,Văn,Ngữ pháp & lỗi sai trong câu,2,3,Tổng hợp,103,"Hoàn thành 12 câu chuyên đề ""Ngữ pháp & lỗi sai trong câu"" trong khoảng 15 phút, lần lượt qua 3 chặng: khởi động → rèn luyện → bứt tốc. Đúng từ 9 câu là hoàn thành; đúng từ 11 câu được tính là thành thạo và cộng điểm lên cấp. Tinh thần cấp 3: Ghép nhiều bước và tránh các bẫy quen thuộc.",Không được biết trước dạng bài của từng câu.
NV-1014,PL-VAN-GRA-L3-006,Ôn lại: Ngữ pháp & lỗi sai trong câu — cấp 3,Văn,Ngữ pháp & lỗi sai trong câu,2,3,Ôn lại,81,"Hoàn thành 12 câu chuyên đề ""Ngữ pháp & lỗi sai trong câu"" trong khoảng 17 phút, lần lượt qua 3 chặng: khởi động → rèn luyện → bứt tốc. Đúng từ 9 câu là hoàn thành; đúng từ 11 câu được tính là thành thạo và cộng điểm lên cấp. Tinh thần cấp 3: Ghép nhiều bước và tránh các bẫy quen thuộc.",Nên làm sau buổi học chính ít nhất một ngày.
NV-1015,PL-VAN-GRA-L3-007,Khởi động: Ngữ pháp & lỗi sai trong câu — cấp 3,Văn,Ngữ pháp & lỗi sai trong câu,2,3,Khởi động,63,"Hoàn thành 12 câu chuyên đề ""Ngữ pháp & lỗi sai trong câu"" trong khoảng 19 phút, lần lượt qua 3 chặng: khởi động → rèn luyện → bứt tốc. Đúng từ 9 câu là hoàn thành; đúng từ 11 câu được tính là thành thạo và cộng điểm lên cấp. Tinh thần cấp 3: Ghép nhiều bước và tránh các bẫy quen thuộc.","Không giới hạn thời gian. Mục tiêu là làm đúng, chưa cần nhanh."
NV-1016,PL-VAN-GRA-L3-008,Rèn kỹ năng: Ngữ pháp & lỗi sai trong câu — cấp 3,Văn,Ngữ pháp & lỗi sai trong câu,2,3,Rèn kỹ năng,90,"Hoàn thành 12 câu chuyên đề ""Ngữ pháp & lỗi sai trong câu"" trong khoảng 15 phút, lần lượt qua 3 chặng: khởi động → rèn luyện → bứt tốc. Đúng từ 9 câu là hoàn thành; đúng từ 11 câu được tính là thành thạo và cộng điểm lên cấp. Tinh thần cấp 3: Ghép nhiều bước và tránh các bẫy quen thuộc.","Hoàn thành đủ 3 chặng trong một lượt, không rời phiếu giữa chừng."
NV-1017,PL-VAN-GRA-L3-009,Tốc độ: Ngữ pháp & lỗi sai trong câu — cấp 3,Văn,Ngữ pháp & lỗi sai trong câu,2,3,Tốc độ,99,"Hoàn thành 12 câu chuyên đề ""Ngữ pháp & lỗi sai trong câu"" trong khoảng 11 phút, lần lượt qua 3 chặng: khởi động → rèn luyện → bứt tốc. Đúng từ 9 câu là hoàn thành; đúng từ 11 câu được tính là thành thạo và cộng điểm lên cấp. Tinh thần cấp 3: Ghép nhiều bước và tránh các bẫy quen thuộc.",Thời gian bị siết còn 75% mức chuẩn. Quá giờ vẫn chấm nhưng không tính thành thạo.
NV-1018,PL-VAN-GRA-L3-010,Chính xác: Ngữ pháp & lỗi sai trong câu — cấp 3,Văn,Ngữ pháp & lỗi sai trong câu,2,3,Chính xác,99,"Hoàn thành 12 câu chuyên đề ""Ngữ pháp & lỗi sai trong câu"" trong khoảng 17 phút, lần lượt qua 3 chặng: khởi động → rèn luyện → bứt tốc. Đúng từ 9 câu là hoàn thành; đúng từ 11 câu được tính là thành thạo và cộng điểm lên cấp. Tinh thần cấp 3: Ghép nhiều bước và tránh các bẫy quen thuộc.",Sai quá 2 câu là phải làm lại phiếu trước khi đi tiếp.
NV-1019,PL-VAN-GRA-L3-011,Tổng hợp: Ngữ pháp & lỗi sai trong câu — cấp 3,Văn,Ngữ pháp & lỗi sai trong câu,2,3,Tổng hợp,103,"Hoàn thành 12 câu chuyên đề ""Ngữ pháp & lỗi sai trong câu"" trong khoảng 15 phút, lần lượt qua 3 chặng: khởi động → rèn luyện → bứt tốc. Đúng từ 9 câu là hoàn thành; đúng từ 11 câu được tính là thành thạo và cộng điểm lên cấp. Tinh thần cấp 3: Ghép nhiều bước và tránh các bẫy quen thuộc.",Không được biết trước dạng bài của từng câu.
NV-1020,PL-VAN-GRA-L3-012,Ôn lại: Ngữ pháp & lỗi sai trong câu — cấp 3,Văn,Ngữ pháp & lỗi sai trong câu,2,3,Ôn lại,81,"Hoàn thành 12 câu chuyên đề ""Ngữ pháp & lỗi sai trong câu"" trong khoảng 17 phút, lần lượt qua 3 chặng: khởi động → rèn luyện → bứt tốc. Đúng từ 9 câu là hoàn thành; đúng từ 11 câu được tính là thành thạo và cộng điểm lên cấp. Tinh thần cấp 3: Ghép nhiều bước và tránh các bẫy quen thuộc.",Nên làm sau buổi học chính ít nhất một ngày.
NV-1021,PL-VAN-GRA-L3-013,Khởi động: Ngữ pháp & lỗi sai trong câu — cấp 3,Văn,Ngữ pháp & lỗi sai trong câu,2,3,Khởi động,63,"Hoàn thành 12 câu chuyên đề ""Ngữ pháp & lỗi sai trong câu"" trong khoảng 19 phút, lần lượt qua 3 chặng: khởi động → rèn luyện → bứt tốc. Đúng từ 9 câu là hoàn thành; đúng từ 11 câu được tính là thành thạo và cộng điểm lên cấp. Tinh thần cấp 3: Ghép nhiều bước và tránh các bẫy quen thuộc.","Không giới hạn thời gian. Mục tiêu là làm đúng, chưa cần nhanh."
NV-1022,PL-VAN-GRA-L3-014,Rèn kỹ năng: Ngữ pháp & lỗi sai trong câu — cấp 3,Văn,Ngữ pháp & lỗi sai trong câu,2,3,Rèn kỹ năng,90,"Hoàn thành 12 câu chuyên đề ""Ngữ pháp & lỗi sai trong câu"" trong khoảng 15 phút, lần lượt qua 3 chặng: khởi động → rèn luyện → bứt tốc. Đúng từ 9 câu là hoàn thành; đúng từ 11 câu được tính là thành thạo và cộng điểm lên cấp. Tinh thần cấp 3: Ghép nhiều bước và tránh các bẫy quen thuộc.","Hoàn thành đủ 3 chặng trong một lượt, không rời phiếu giữa chừng."
NV-1023,PL-VAN-GRA-L3-015,Tốc độ: Ngữ pháp & lỗi sai trong câu — cấp 3,Văn,Ngữ pháp & lỗi sai trong câu,2,3,Tốc độ,99,"Hoàn thành 12 câu chuyên đề ""Ngữ pháp & lỗi sai trong câu"" trong khoảng 11 phút, lần lượt qua 3 chặng: khởi động → rèn luyện → bứt tốc. Đúng từ 9 câu là hoàn thành; đúng từ 11 câu được tính là thành thạo và cộng điểm lên cấp. Tinh thần cấp 3: Ghép nhiều bước và tránh các bẫy quen thuộc.",Thời gian bị siết còn 75% mức chuẩn. Quá giờ vẫn chấm nhưng không tính thành thạo.
NV-1024,PL-VAN-GRA-L3-016,Chính xác: Ngữ pháp & lỗi sai trong câu — cấp 3,Văn,Ngữ pháp & lỗi sai trong câu,2,3,Chính xác,99,"Hoàn thành 12 câu chuyên đề ""Ngữ pháp & lỗi sai trong câu"" trong khoảng 17 phút, lần lượt qua 3 chặng: khởi động → rèn luyện → bứt tốc. Đúng từ 9 câu là hoàn thành; đúng từ 11 câu được tính là thành thạo và cộng điểm lên cấp. Tinh thần cấp 3: Ghép nhiều bước và tránh các bẫy quen thuộc.",Sai quá 2 câu là phải làm lại phiếu trước khi đi tiếp.
NV-1025,PL-VAN-GRA-L3-017,Tổng hợp: Ngữ pháp & lỗi sai trong câu — cấp 3,Văn,Ngữ pháp & lỗi sai trong câu,2,3,Tổng hợp,103,"Hoàn thành 12 câu chuyên đề ""Ngữ pháp & lỗi sai trong câu"" trong khoảng 15 phút, lần lượt qua 3 chặng: khởi động → rèn luyện → bứt tốc. Đúng từ 9 câu là hoàn thành; đúng từ 11 câu được tính là thành thạo và cộng điểm lên cấp. Tinh thần cấp 3: Ghép nhiều bước và tránh các bẫy quen thuộc.",Không được biết trước dạng bài của từng câu.
NV-1026,PL-VAN-GRA-L3-018,Ôn lại: Ngữ pháp & lỗi sai trong câu — cấp 3,Văn,Ngữ pháp & lỗi sai trong câu,2,3,Ôn lại,81,"Hoàn thành 12 câu chuyên đề ""Ngữ pháp & lỗi sai trong câu"" trong khoảng 17 phút, lần lượt qua 3 chặng: khởi động → rèn luyện → bứt tốc. Đúng từ 9 câu là hoàn thành; đúng từ 11 câu được tính là thành thạo và cộng điểm lên cấp. Tinh thần cấp 3: Ghép nhiều bước và tránh các bẫy quen thuộc.",Nên làm sau buổi học chính ít nhất một ngày.
NV-1027,PL-VAN-GRA-L3-019,Khởi động: Ngữ pháp & lỗi sai trong câu — cấp 3,Văn,Ngữ pháp & lỗi sai trong câu,2,3,Khởi động,63,"Hoàn thành 12 câu chuyên đề ""Ngữ pháp & lỗi sai trong câu"" trong khoảng 19 phút, lần lượt qua 3 chặng: khởi động → rèn luyện → bứt tốc. Đúng từ 9 câu là hoàn thành; đúng từ 11 câu được tính là thành thạo và cộng điểm lên cấp. Tinh thần cấp 3: Ghép nhiều bước và tránh các bẫy quen thuộc.","Không giới hạn thời gian. Mục tiêu là làm đúng, chưa cần nhanh."
NV-1028,PL-VAN-GRA-L3-020,Thử thách: Ngữ pháp & lỗi sai trong câu — cấp 3,Văn,Ngữ pháp & lỗi sai trong câu,2,3,Thử thách,126,"Hoàn thành 12 câu chuyên đề ""Ngữ pháp & lỗi sai trong câu"" trong khoảng 15 phút, lần lượt qua 3 chặng: khởi động → rèn luyện → bứt tốc. Đúng từ 9 câu là hoàn thành; đúng từ 11 câu được tính là thành thạo và cộng điểm lên cấp. Tinh thần cấp 3: Ghép nhiều bước và tránh các bẫy quen thuộc.",Đạt từ 85% mới được tính là vượt thử thách.
NV-1029,PL-VAN-GRA-L3-021,Vượt ải: Ngữ pháp & lỗi sai trong câu — cấp 3,Văn,Ngữ pháp & lỗi sai trong câu,2,3,Vượt ải,162,"Hoàn thành 12 câu chuyên đề ""Ngữ pháp & lỗi sai trong câu"" trong khoảng 14 phút, lần lượt qua 3 chặng: khởi động → rèn luyện → bứt tốc. Đúng từ 9 câu là hoàn thành; đúng từ 11 câu được tính là thành thạo và cộng điểm lên cấp. Tinh thần cấp 3: Ghép nhiều bước và tránh các bẫy quen thuộc.",Phải đạt từ 90% để mở khóa cấp độ tiếp theo của tuyến này.
NV-1030,PL-VAN-GRA-L4-001,Khởi động: Ngữ pháp & lỗi sai trong câu — cấp 4,Văn,Ngữ pháp & lỗi sai trong câu,2,4,Khởi động,84,"Hoàn thành 12 câu chuyên đề ""Ngữ pháp & lỗi sai trong câu"" trong khoảng 16 phút, lần lượt qua 3 chặng: khởi động → rèn luyện → bứt tốc. Đúng từ 9 câu là hoàn thành; đúng từ 11 câu được tính là thành thạo và cộng điểm lên cấp. Tinh thần cấp 4: Giữ độ chính xác khi thời gian bắt đầu siết lại.","Không giới hạn thời gian. Mục tiêu là làm đúng, chưa cần nhanh."
NV-1031,PL-VAN-GRA-L4-002,Rèn kỹ năng: Ngữ pháp & lỗi sai trong câu — cấp 4,Văn,Ngữ pháp & lỗi sai trong câu,2,4,Rèn kỹ năng,120,"Hoàn thành 12 câu chuyên đề ""Ngữ pháp & lỗi sai trong câu"" trong khoảng 13 phút, lần lượt qua 3 chặng: khởi động → rèn luyện → bứt tốc. Đúng từ 9 câu là hoàn thành; đúng từ 11 câu được tính là thành thạo và cộng điểm lên cấp. Tinh thần cấp 4: Giữ độ chính xác khi thời gian bắt đầu siết lại.","Hoàn thành đủ 3 chặng trong một lượt, không rời phiếu giữa chừng."
NV-1032,PL-VAN-GRA-L4-003,Tốc độ: Ngữ pháp & lỗi sai trong câu — cấp 4,Văn,Ngữ pháp & lỗi sai trong câu,2,4,Tốc độ,132,"Hoàn thành 12 câu chuyên đề ""Ngữ pháp & lỗi sai trong câu"" trong khoảng 10 phút, lần lượt qua 3 chặng: khởi động → rèn luyện → bứt tốc. Đúng từ 9 câu là hoàn thành; đúng từ 11 câu được tính là thành thạo và cộng điểm lên cấp. Tinh thần cấp 4: Giữ độ chính xác khi thời gian bắt đầu siết lại.",Thời gian bị siết còn 75% mức chuẩn. Quá giờ vẫn chấm nhưng không tính thành thạo.
NV-1033,PL-VAN-GRA-L4-004,Chính xác: Ngữ pháp & lỗi sai trong câu — cấp 4,Văn,Ngữ pháp & lỗi sai trong câu,2,4,Chính xác,132,"Hoàn thành 12 câu chuyên đề ""Ngữ pháp & lỗi sai trong câu"" trong khoảng 15 phút, lần lượt qua 3 chặng: khởi động → rèn luyện → bứt tốc. Đúng từ 9 câu là hoàn thành; đúng từ 11 câu được tính là thành thạo và cộng điểm lên cấp. Tinh thần cấp 4: Giữ độ chính xác khi thời gian bắt đầu siết lại.",Sai quá 2 câu là phải làm lại phiếu trước khi đi tiếp.
NV-1034,PL-VAN-GRA-L4-005,Tổng hợp: Ngữ pháp & lỗi sai trong câu — cấp 4,Văn,Ngữ pháp & lỗi sai trong câu,2,4,Tổng hợp,138,"Hoàn thành 12 câu chuyên đề ""Ngữ pháp & lỗi sai trong câu"" trong khoảng 13 phút, lần lượt qua 3 chặng: khởi động → rèn luyện → bứt tốc. Đúng từ 9 câu là hoàn thành; đúng từ 11 câu được tính là thành thạo và cộng điểm lên cấp. Tinh thần cấp 4: Giữ độ chính xác khi thời gian bắt đầu siết lại.",Không được biết trước dạng bài của từng câu.
NV-1035,PL-VAN-GRA-L4-006,Ôn lại: Ngữ pháp & lỗi sai trong câu — cấp 4,Văn,Ngữ pháp & lỗi sai trong câu,2,4,Ôn lại,108,"Hoàn thành 12 câu chuyên đề ""Ngữ pháp & lỗi sai trong câu"" trong khoảng 14 phút, lần lượt qua 3 chặng: khởi động → rèn luyện → bứt tốc. Đúng từ 9 câu là hoàn thành; đúng từ 11 câu được tính là thành thạo và cộng điểm lên cấp. Tinh thần cấp 4: Giữ độ chính xác khi thời gian bắt đầu siết lại.",Nên làm sau buổi học chính ít nhất một ngày.
NV-1036,PL-VAN-GRA-L4-007,Khởi động: Ngữ pháp & lỗi sai trong câu — cấp 4,Văn,Ngữ pháp & lỗi sai trong câu,2,4,Khởi động,84,"Hoàn thành 12 câu chuyên đề ""Ngữ pháp & lỗi sai trong câu"" trong khoảng 16 phút, lần lượt qua 3 chặng: khởi động → rèn luyện → bứt tốc. Đúng từ 9 câu là hoàn thành; đúng từ 11 câu được tính là thành thạo và cộng điểm lên cấp. Tinh thần cấp 4: Giữ độ chính xác khi thời gian bắt đầu siết lại.","Không giới hạn thời gian. Mục tiêu là làm đúng, chưa cần nhanh."
NV-1037,PL-VAN-GRA-L4-008,Rèn kỹ năng: Ngữ pháp & lỗi sai trong câu — cấp 4,Văn,Ngữ pháp & lỗi sai trong câu,2,4,Rèn kỹ năng,120,"Hoàn thành 12 câu chuyên đề ""Ngữ pháp & lỗi sai trong câu"" trong khoảng 13 phút, lần lượt qua 3 chặng: khởi động → rèn luyện → bứt tốc. Đúng từ 9 câu là hoàn thành; đúng từ 11 câu được tính là thành thạo và cộng điểm lên cấp. Tinh thần cấp 4: Giữ độ chính xác khi thời gian bắt đầu siết lại.","Hoàn thành đủ 3 chặng trong một lượt, không rời phiếu giữa chừng."
NV-1038,PL-VAN-GRA-L4-009,Tốc độ: Ngữ pháp & lỗi sai trong câu — cấp 4,Văn,Ngữ pháp & lỗi sai trong câu,2,4,Tốc độ,132,"Hoàn thành 12 câu chuyên đề ""Ngữ pháp & lỗi sai trong câu"" trong khoảng 10 phút, lần lượt qua 3 chặng: khởi động → rèn luyện → bứt tốc. Đúng từ 9 câu là hoàn thành; đúng từ 11 câu được tính là thành thạo và cộng điểm lên cấp. Tinh thần cấp 4: Giữ độ chính xác khi thời gian bắt đầu siết lại.",Thời gian bị siết còn 75% mức chuẩn. Quá giờ vẫn chấm nhưng không tính thành thạo.
NV-1039,PL-VAN-GRA-L4-010,Chính xác: Ngữ pháp & lỗi sai trong câu — cấp 4,Văn,Ngữ pháp & lỗi sai trong câu,2,4,Chính xác,132,"Hoàn thành 12 câu chuyên đề ""Ngữ pháp & lỗi sai trong câu"" trong khoảng 15 phút, lần lượt qua 3 chặng: khởi động → rèn luyện → bứt tốc. Đúng từ 9 câu là hoàn thành; đúng từ 11 câu được tính là thành thạo và cộng điểm lên cấp. Tinh thần cấp 4: Giữ độ chính xác khi thời gian bắt đầu siết lại.",Sai quá 2 câu là phải làm lại phiếu trước khi đi tiếp.
NV-1040,PL-VAN-GRA-L4-011,Tổng hợp: Ngữ pháp & lỗi sai trong câu — cấp 4,Văn,Ngữ pháp & lỗi sai trong câu,2,4,Tổng hợp,138,"Hoàn thành 12 câu chuyên đề ""Ngữ pháp & lỗi sai trong câu"" trong khoảng 13 phút, lần lượt qua 3 chặng: khởi động → rèn luyện → bứt tốc. Đúng từ 9 câu là hoàn thành; đúng từ 11 câu được tính là thành thạo và cộng điểm lên cấp. Tinh thần cấp 4: Giữ độ chính xác khi thời gian bắt đầu siết lại.",Không được biết trước dạng bài của từng câu.
NV-1041,PL-VAN-GRA-L4-012,Ôn lại: Ngữ pháp & lỗi sai trong câu — cấp 4,Văn,Ngữ pháp & lỗi sai trong câu,2,4,Ôn lại,108,"Hoàn thành 12 câu chuyên đề ""Ngữ pháp & lỗi sai trong câu"" trong khoảng 14 phút, lần lượt qua 3 chặng: khởi động → rèn luyện → bứt tốc. Đúng từ 9 câu là hoàn thành; đúng từ 11 câu được tính là thành thạo và cộng điểm lên cấp. Tinh thần cấp 4: Giữ độ chính xác khi thời gian bắt đầu siết lại.",Nên làm sau buổi học chính ít nhất một ngày.
NV-1042,PL-VAN-GRA-L4-013,Khởi động: Ngữ pháp & lỗi sai trong câu — cấp 4,Văn,Ngữ pháp & lỗi sai trong câu,2,4,Khởi động,84,"Hoàn thành 12 câu chuyên đề ""Ngữ pháp & lỗi sai trong câu"" trong khoảng 16 phút, lần lượt qua 3 chặng: khởi động → rèn luyện → bứt tốc. Đúng từ 9 câu là hoàn thành; đúng từ 11 câu được tính là thành thạo và cộng điểm lên cấp. Tinh thần cấp 4: Giữ độ chính xác khi thời gian bắt đầu siết lại.","Không giới hạn thời gian. Mục tiêu là làm đúng, chưa cần nhanh."
NV-1043,PL-VAN-GRA-L4-014,Rèn kỹ năng: Ngữ pháp & lỗi sai trong câu — cấp 4,Văn,Ngữ pháp & lỗi sai trong câu,2,4,Rèn kỹ năng,120,"Hoàn thành 12 câu chuyên đề ""Ngữ pháp & lỗi sai trong câu"" trong khoảng 13 phút, lần lượt qua 3 chặng: khởi động → rèn luyện → bứt tốc. Đúng từ 9 câu là hoàn thành; đúng từ 11 câu được tính là thành thạo và cộng điểm lên cấp. Tinh thần cấp 4: Giữ độ chính xác khi thời gian bắt đầu siết lại.","Hoàn thành đủ 3 chặng trong một lượt, không rời phiếu giữa chừng."
NV-1044,PL-VAN-GRA-L4-015,Tốc độ: Ngữ pháp & lỗi sai trong câu — cấp 4,Văn,Ngữ pháp & lỗi sai trong câu,2,4,Tốc độ,132,"Hoàn thành 12 câu chuyên đề ""Ngữ pháp & lỗi sai trong câu"" trong khoảng 10 phút, lần lượt qua 3 chặng: khởi động → rèn luyện → bứt tốc. Đúng từ 9 câu là hoàn thành; đúng từ 11 câu được tính là thành thạo và cộng điểm lên cấp. Tinh thần cấp 4: Giữ độ chính xác khi thời gian bắt đầu siết lại.",Thời gian bị siết còn 75% mức chuẩn. Quá giờ vẫn chấm nhưng không tính thành thạo.
NV-1045,PL-VAN-GRA-L4-016,Chính xác: Ngữ pháp & lỗi sai trong câu — cấp 4,Văn,Ngữ pháp & lỗi sai trong câu,2,4,Chính xác,132,"Hoàn thành 12 câu chuyên đề ""Ngữ pháp & lỗi sai trong câu"" trong khoảng 15 phút, lần lượt qua 3 chặng: khởi động → rèn luyện → bứt tốc. Đúng từ 9 câu là hoàn thành; đúng từ 11 câu được tính là thành thạo và cộng điểm lên cấp. Tinh thần cấp 4: Giữ độ chính xác khi thời gian bắt đầu siết lại.",Sai quá 2 câu là phải làm lại phiếu trước khi đi tiếp.
NV-1046,PL-VAN-GRA-L4-017,Tổng hợp: Ngữ pháp & lỗi sai trong câu — cấp 4,Văn,Ngữ pháp & lỗi sai trong câu,2,4,Tổng hợp,138,"Hoàn thành 12 câu chuyên đề ""Ngữ pháp & lỗi sai trong câu"" trong khoảng 13 phút, lần lượt qua 3 chặng: khởi động → rèn luyện → bứt tốc. Đúng từ 9 câu là hoàn thành; đúng từ 11 câu được tính là thành thạo và cộng điểm lên cấp. Tinh thần cấp 4: Giữ độ chính xác khi thời gian bắt đầu siết lại.",Không được biết trước dạng bài của từng câu.
NV-1047,PL-VAN-GRA-L4-018,Ôn lại: Ngữ pháp & lỗi sai trong câu — cấp 4,Văn,Ngữ pháp & lỗi sai trong câu,2,4,Ôn lại,108,"Hoàn thành 12 câu chuyên đề ""Ngữ pháp & lỗi sai trong câu"" trong khoảng 14 phút, lần lượt qua 3 chặng: khởi động → rèn luyện → bứt tốc. Đúng từ 9 câu là hoàn thành; đúng từ 11 câu được tính là thành thạo và cộng điểm lên cấp. Tinh thần cấp 4: Giữ độ chính xác khi thời gian bắt đầu siết lại.",Nên làm sau buổi học chính ít nhất một ngày.
NV-1048,PL-VAN-GRA-L4-019,Khởi động: Ngữ pháp & lỗi sai trong câu — cấp 4,Văn,Ngữ pháp & lỗi sai trong câu,2,4,Khởi động,84,"Hoàn thành 12 câu chuyên đề ""Ngữ pháp & lỗi sai trong câu"" trong khoảng 16 phút, lần lượt qua 3 chặng: khởi động → rèn luyện → bứt tốc. Đúng từ 9 câu là hoàn thành; đúng từ 11 câu được tính là thành thạo và cộng điểm lên cấp. Tinh thần cấp 4: Giữ độ chính xác khi thời gian bắt đầu siết lại.","Không giới hạn thời gian. Mục tiêu là làm đúng, chưa cần nhanh."
NV-1049,PL-VAN-GRA-L4-020,Thử thách: Ngữ pháp & lỗi sai trong câu — cấp 4,Văn,Ngữ pháp & lỗi sai trong câu,2,4,Thử thách,168,"Hoàn thành 12 câu chuyên đề ""Ngữ pháp & lỗi sai trong câu"" trong khoảng 13 phút, lần lượt qua 3 chặng: khởi động → rèn luyện → bứt tốc. Đúng từ 9 câu là hoàn thành; đúng từ 11 câu được tính là thành thạo và cộng điểm lên cấp. Tinh thần cấp 4: Giữ độ chính xác khi thời gian bắt đầu siết lại.",Đạt từ 85% mới được tính là vượt thử thách.
NV-1050,PL-VAN-GRA-L4-021,Vượt ải: Ngữ pháp & lỗi sai trong câu — cấp 4,Văn,Ngữ pháp & lỗi sai trong câu,2,4,Vượt ải,216,"Hoàn thành 12 câu chuyên đề ""Ngữ pháp & lỗi sai trong câu"" trong khoảng 12 phút, lần lượt qua 3 chặng: khởi động → rèn luyện → bứt tốc. Đúng từ 9 câu là hoàn thành; đúng từ 11 câu được tính là thành thạo và cộng điểm lên cấp. Tinh thần cấp 4: Giữ độ chính xác khi thời gian bắt đầu siết lại.",Phải đạt từ 90% để mở khóa cấp độ tiếp theo của tuyến này.
NV-1051,PL-VAN-GRA-L5-001,Khởi động: Ngữ pháp & lỗi sai trong câu — cấp 5,Văn,Ngữ pháp & lỗi sai trong câu,3,5,Khởi động,112,"Hoàn thành 14 câu chuyên đề ""Ngữ pháp & lỗi sai trong câu"" trong khoảng 20 phút, lần lượt qua 3 chặng: khởi động → rèn luyện → bứt tốc. Đúng từ 10 câu là hoàn thành; đúng từ 12 câu được tính là thành thạo và cộng điểm lên cấp. Tinh thần cấp 5: Xử lý câu phân loại mà không mất nhịp.","Không giới hạn thời gian. Mục tiêu là làm đúng, chưa cần nhanh."
NV-1052,PL-VAN-GRA-L5-002,Rèn kỹ năng: Ngữ pháp & lỗi sai trong câu — cấp 5,Văn,Ngữ pháp & lỗi sai trong câu,3,5,Rèn kỹ năng,160,"Hoàn thành 14 câu chuyên đề ""Ngữ pháp & lỗi sai trong câu"" trong khoảng 16 phút, lần lượt qua 3 chặng: khởi động → rèn luyện → bứt tốc. Đúng từ 10 câu là hoàn thành; đúng từ 12 câu được tính là thành thạo và cộng điểm lên cấp. Tinh thần cấp 5: Xử lý câu phân loại mà không mất nhịp.","Hoàn thành đủ 3 chặng trong một lượt, không rời phiếu giữa chừng."
NV-1053,PL-VAN-GRA-L5-003,Tốc độ: Ngữ pháp & lỗi sai trong câu — cấp 5,Văn,Ngữ pháp & lỗi sai trong câu,3,5,Tốc độ,176,"Hoàn thành 14 câu chuyên đề ""Ngữ pháp & lỗi sai trong câu"" trong khoảng 12 phút, lần lượt qua 3 chặng: khởi động → rèn luyện → bứt tốc. Đúng từ 10 câu là hoàn thành; đúng từ 12 câu được tính là thành thạo và cộng điểm lên cấp. Tinh thần cấp 5: Xử lý câu phân loại mà không mất nhịp.",Thời gian bị siết còn 75% mức chuẩn. Quá giờ vẫn chấm nhưng không tính thành thạo.
NV-1054,PL-VAN-GRA-L5-004,Chính xác: Ngữ pháp & lỗi sai trong câu — cấp 5,Văn,Ngữ pháp & lỗi sai trong câu,3,5,Chính xác,176,"Hoàn thành 14 câu chuyên đề ""Ngữ pháp & lỗi sai trong câu"" trong khoảng 19 phút, lần lượt qua 3 chặng: khởi động → rèn luyện → bứt tốc. Đúng từ 10 câu là hoàn thành; đúng từ 12 câu được tính là thành thạo và cộng điểm lên cấp. Tinh thần cấp 5: Xử lý câu phân loại mà không mất nhịp.",Sai quá 2 câu là phải làm lại phiếu trước khi đi tiếp.
NV-1055,PL-VAN-GRA-L5-005,Tổng hợp: Ngữ pháp & lỗi sai trong câu — cấp 5,Văn,Ngữ pháp & lỗi sai trong câu,3,5,Tổng hợp,184,"Hoàn thành 14 câu chuyên đề ""Ngữ pháp & lỗi sai trong câu"" trong khoảng 16 phút, lần lượt qua 3 chặng: khởi động → rèn luyện → bứt tốc. Đúng từ 10 câu là hoàn thành; đúng từ 12 câu được tính là thành thạo và cộng điểm lên cấp. Tinh thần cấp 5: Xử lý câu phân loại mà không mất nhịp.",Không được biết trước dạng bài của từng câu.
NV-1056,PL-VAN-GRA-L5-006,Ôn lại: Ngữ pháp & lỗi sai trong câu — cấp 5,Văn,Ngữ pháp & lỗi sai trong câu,3,5,Ôn lại,144,"Hoàn thành 14 câu chuyên đề ""Ngữ pháp & lỗi sai trong câu"" trong khoảng 18 phút, lần lượt qua 3 chặng: khởi động → rèn luyện → bứt tốc. Đúng từ 10 câu là hoàn thành; đúng từ 12 câu được tính là thành thạo và cộng điểm lên cấp. Tinh thần cấp 5: Xử lý câu phân loại mà không mất nhịp.",Nên làm sau buổi học chính ít nhất một ngày.
NV-1057,PL-VAN-GRA-L5-007,Khởi động: Ngữ pháp & lỗi sai trong câu — cấp 5,Văn,Ngữ pháp & lỗi sai trong câu,3,5,Khởi động,112,"Hoàn thành 14 câu chuyên đề ""Ngữ pháp & lỗi sai trong câu"" trong khoảng 20 phút, lần lượt qua 3 chặng: khởi động → rèn luyện → bứt tốc. Đúng từ 10 câu là hoàn thành; đúng từ 12 câu được tính là thành thạo và cộng điểm lên cấp. Tinh thần cấp 5: Xử lý câu phân loại mà không mất nhịp.","Không giới hạn thời gian. Mục tiêu là làm đúng, chưa cần nhanh."
NV-1058,PL-VAN-GRA-L5-008,Rèn kỹ năng: Ngữ pháp & lỗi sai trong câu — cấp 5,Văn,Ngữ pháp & lỗi sai trong câu,3,5,Rèn kỹ năng,160,"Hoàn thành 14 câu chuyên đề ""Ngữ pháp & lỗi sai trong câu"" trong khoảng 16 phút, lần lượt qua 3 chặng: khởi động → rèn luyện → bứt tốc. Đúng từ 10 câu là hoàn thành; đúng từ 12 câu được tính là thành thạo và cộng điểm lên cấp. Tinh thần cấp 5: Xử lý câu phân loại mà không mất nhịp.","Hoàn thành đủ 3 chặng trong một lượt, không rời phiếu giữa chừng."
NV-1059,PL-VAN-GRA-L5-009,Tốc độ: Ngữ pháp & lỗi sai trong câu — cấp 5,Văn,Ngữ pháp & lỗi sai trong câu,3,5,Tốc độ,176,"Hoàn thành 14 câu chuyên đề ""Ngữ pháp & lỗi sai trong câu"" trong khoảng 12 phút, lần lượt qua 3 chặng: khởi động → rèn luyện → bứt tốc. Đúng từ 10 câu là hoàn thành; đúng từ 12 câu được tính là thành thạo và cộng điểm lên cấp. Tinh thần cấp 5: Xử lý câu phân loại mà không mất nhịp.",Thời gian bị siết còn 75% mức chuẩn. Quá giờ vẫn chấm nhưng không tính thành thạo.
NV-1060,PL-VAN-GRA-L5-010,Chính xác: Ngữ pháp & lỗi sai trong câu — cấp 5,Văn,Ngữ pháp & lỗi sai trong câu,3,5,Chính xác,176,"Hoàn thành 14 câu chuyên đề ""Ngữ pháp & lỗi sai trong câu"" trong khoảng 19 phút, lần lượt qua 3 chặng: khởi động → rèn luyện → bứt tốc. Đúng từ 10 câu là hoàn thành; đúng từ 12 câu được tính là thành thạo và cộng điểm lên cấp. Tinh thần cấp 5: Xử lý câu phân loại mà không mất nhịp.",Sai quá 2 câu là phải làm lại phiếu trước khi đi tiếp.
NV-1061,PL-VAN-GRA-L5-011,Tổng hợp: Ngữ pháp & lỗi sai trong câu — cấp 5,Văn,Ngữ pháp & lỗi sai trong câu,3,5,Tổng hợp,184,"Hoàn thành 14 câu chuyên đề ""Ngữ pháp & lỗi sai trong câu"" trong khoảng 16 phút, lần lượt qua 3 chặng: khởi động → rèn luyện → bứt tốc. Đúng từ 10 câu là hoàn thành; đúng từ 12 câu được tính là thành thạo và cộng điểm lên cấp. Tinh thần cấp 5: Xử lý câu phân loại mà không mất nhịp.",Không được biết trước dạng bài của từng câu.
NV-1062,PL-VAN-GRA-L5-012,Ôn lại: Ngữ pháp & lỗi sai trong câu — cấp 5,Văn,Ngữ pháp & lỗi sai trong câu,3,5,Ôn lại,144,"Hoàn thành 14 câu chuyên đề ""Ngữ pháp & lỗi sai trong câu"" trong khoảng 18 phút, lần lượt qua 3 chặng: khởi động → rèn luyện → bứt tốc. Đúng từ 10 câu là hoàn thành; đúng từ 12 câu được tính là thành thạo và cộng điểm lên cấp. Tinh thần cấp 5: Xử lý câu phân loại mà không mất nhịp.",Nên làm sau buổi học chính ít nhất một ngày.
NV-1063,PL-VAN-GRA-L5-013,Khởi động: Ngữ pháp & lỗi sai trong câu — cấp 5,Văn,Ngữ pháp & lỗi sai trong câu,3,5,Khởi động,112,"Hoàn thành 14 câu chuyên đề ""Ngữ pháp & lỗi sai trong câu"" trong khoảng 20 phút, lần lượt qua 3 chặng: khởi động → rèn luyện → bứt tốc. Đúng từ 10 câu là hoàn thành; đúng từ 12 câu được tính là thành thạo và cộng điểm lên cấp. Tinh thần cấp 5: Xử lý câu phân loại mà không mất nhịp.","Không giới hạn thời gian. Mục tiêu là làm đúng, chưa cần nhanh."
NV-1064,PL-VAN-GRA-L5-014,Rèn kỹ năng: Ngữ pháp & lỗi sai trong câu — cấp 5,Văn,Ngữ pháp & lỗi sai trong câu,3,5,Rèn kỹ năng,160,"Hoàn thành 14 câu chuyên đề ""Ngữ pháp & lỗi sai trong câu"" trong khoảng 16 phút, lần lượt qua 3 chặng: khởi động → rèn luyện → bứt tốc. Đúng từ 10 câu là hoàn thành; đúng từ 12 câu được tính là thành thạo và cộng điểm lên cấp. Tinh thần cấp 5: Xử lý câu phân loại mà không mất nhịp.","Hoàn thành đủ 3 chặng trong một lượt, không rời phiếu giữa chừng."
NV-1065,PL-VAN-GRA-L5-015,Tốc độ: Ngữ pháp & lỗi sai trong câu — cấp 5,Văn,Ngữ pháp & lỗi sai trong câu,3,5,Tốc độ,176,"Hoàn thành 14 câu chuyên đề ""Ngữ pháp & lỗi sai trong câu"" trong khoảng 12 phút, lần lượt qua 3 chặng: khởi động → rèn luyện → bứt tốc. Đúng từ 10 câu là hoàn thành; đúng từ 12 câu được tính là thành thạo và cộng điểm lên cấp. Tinh thần cấp 5: Xử lý câu phân loại mà không mất nhịp.",Thời gian bị siết còn 75% mức chuẩn. Quá giờ vẫn chấm nhưng không tính thành thạo.
NV-1066,PL-VAN-GRA-L5-016,Thử thách: Ngữ pháp & lỗi sai trong câu — cấp 5,Văn,Ngữ pháp & lỗi sai trong câu,3,5,Thử thách,224,"Hoàn thành 14 câu chuyên đề ""Ngữ pháp & lỗi sai trong câu"" trong khoảng 16 phút, lần lượt qua 3 chặng: khởi động → rèn luyện → bứt tốc. Đúng từ 10 câu là hoàn thành; đúng từ 12 câu được tính là thành thạo và cộng điểm lên cấp. Tinh thần cấp 5: Xử lý câu phân loại mà không mất nhịp.",Đạt từ 85% mới được tính là vượt thử thách.
NV-1067,PL-VAN-GRA-L5-017,Vượt ải: Ngữ pháp & lỗi sai trong câu — cấp 5,Văn,Ngữ pháp & lỗi sai trong câu,3,5,Vượt ải,288,"Hoàn thành 14 câu chuyên đề ""Ngữ pháp & lỗi sai trong câu"" trong khoảng 16 phút, lần lượt qua 3 chặng: khởi động → rèn luyện → bứt tốc. Đúng từ 10 câu là hoàn thành; đúng từ 13 câu được tính là thành thạo và cộng điểm lên cấp. Tinh thần cấp 5: Xử lý câu phân loại mà không mất nhịp.",Phải đạt từ 90% để mở khóa cấp độ tiếp theo của tuyến này.
NV-1068,PL-VAN-GRA-L6-001,Khởi động: Ngữ pháp & lỗi sai trong câu — cấp 6,Văn,Ngữ pháp & lỗi sai trong câu,3,6,Khởi động,154,"Hoàn thành 15 câu chuyên đề ""Ngữ pháp & lỗi sai trong câu"" trong khoảng 19 phút, lần lượt qua 3 chặng: khởi động → rèn luyện → bứt tốc. Đúng từ 11 câu là hoàn thành; đúng từ 13 câu được tính là thành thạo và cộng điểm lên cấp. Tinh thần cấp 6: Tốc độ và độ chính xác của nhóm dẫn đầu phổ điểm.","Không giới hạn thời gian. Mục tiêu là làm đúng, chưa cần nhanh."
NV-1069,PL-VAN-GRA-L6-002,Rèn kỹ năng: Ngữ pháp & lỗi sai trong câu — cấp 6,Văn,Ngữ pháp & lỗi sai trong câu,3,6,Rèn kỹ năng,220,"Hoàn thành 15 câu chuyên đề ""Ngữ pháp & lỗi sai trong câu"" trong khoảng 15 phút, lần lượt qua 3 chặng: khởi động → rèn luyện → bứt tốc. Đúng từ 11 câu là hoàn thành; đúng từ 13 câu được tính là thành thạo và cộng điểm lên cấp. Tinh thần cấp 6: Tốc độ và độ chính xác của nhóm dẫn đầu phổ điểm.","Hoàn thành đủ 3 chặng trong một lượt, không rời phiếu giữa chừng."
NV-1070,PL-VAN-GRA-L6-003,Tốc độ: Ngữ pháp & lỗi sai trong câu — cấp 6,Văn,Ngữ pháp & lỗi sai trong câu,3,6,Tốc độ,242,"Hoàn thành 15 câu chuyên đề ""Ngữ pháp & lỗi sai trong câu"" trong khoảng 11 phút, lần lượt qua 3 chặng: khởi động → rèn luyện → bứt tốc. Đúng từ 11 câu là hoàn thành; đúng từ 13 câu được tính là thành thạo và cộng điểm lên cấp. Tinh thần cấp 6: Tốc độ và độ chính xác của nhóm dẫn đầu phổ điểm.",Thời gian bị siết còn 75% mức chuẩn. Quá giờ vẫn chấm nhưng không tính thành thạo.
NV-1071,PL-VAN-GRA-L6-004,Chính xác: Ngữ pháp & lỗi sai trong câu — cấp 6,Văn,Ngữ pháp & lỗi sai trong câu,3,6,Chính xác,242,"Hoàn thành 15 câu chuyên đề ""Ngữ pháp & lỗi sai trong câu"" trong khoảng 17 phút, lần lượt qua 3 chặng: khởi động → rèn luyện → bứt tốc. Đúng từ 11 câu là hoàn thành; đúng từ 13 câu được tính là thành thạo và cộng điểm lên cấp. Tinh thần cấp 6: Tốc độ và độ chính xác của nhóm dẫn đầu phổ điểm.",Sai quá 2 câu là phải làm lại phiếu trước khi đi tiếp.
NV-1072,PL-VAN-GRA-L6-005,Tổng hợp: Ngữ pháp & lỗi sai trong câu — cấp 6,Văn,Ngữ pháp & lỗi sai trong câu,3,6,Tổng hợp,253,"Hoàn thành 15 câu chuyên đề ""Ngữ pháp & lỗi sai trong câu"" trong khoảng 15 phút, lần lượt qua 3 chặng: khởi động → rèn luyện → bứt tốc. Đúng từ 11 câu là hoàn thành; đúng từ 13 câu được tính là thành thạo và cộng điểm lên cấp. Tinh thần cấp 6: Tốc độ và độ chính xác của nhóm dẫn đầu phổ điểm.",Không được biết trước dạng bài của từng câu.
NV-1073,PL-VAN-GRA-L6-006,Ôn lại: Ngữ pháp & lỗi sai trong câu — cấp 6,Văn,Ngữ pháp & lỗi sai trong câu,3,6,Ôn lại,198,"Hoàn thành 15 câu chuyên đề ""Ngữ pháp & lỗi sai trong câu"" trong khoảng 17 phút, lần lượt qua 3 chặng: khởi động → rèn luyện → bứt tốc. Đúng từ 11 câu là hoàn thành; đúng từ 13 câu được tính là thành thạo và cộng điểm lên cấp. Tinh thần cấp 6: Tốc độ và độ chính xác của nhóm dẫn đầu phổ điểm.",Nên làm sau buổi học chính ít nhất một ngày.
NV-1074,PL-VAN-GRA-L6-007,Khởi động: Ngữ pháp & lỗi sai trong câu — cấp 6,Văn,Ngữ pháp & lỗi sai trong câu,3,6,Khởi động,154,"Hoàn thành 15 câu chuyên đề ""Ngữ pháp & lỗi sai trong câu"" trong khoảng 19 phút, lần lượt qua 3 chặng: khởi động → rèn luyện → bứt tốc. Đúng từ 11 câu là hoàn thành; đúng từ 13 câu được tính là thành thạo và cộng điểm lên cấp. Tinh thần cấp 6: Tốc độ và độ chính xác của nhóm dẫn đầu phổ điểm.","Không giới hạn thời gian. Mục tiêu là làm đúng, chưa cần nhanh."
NV-1075,PL-VAN-GRA-L6-008,Rèn kỹ năng: Ngữ pháp & lỗi sai trong câu — cấp 6,Văn,Ngữ pháp & lỗi sai trong câu,3,6,Rèn kỹ năng,220,"Hoàn thành 15 câu chuyên đề ""Ngữ pháp & lỗi sai trong câu"" trong khoảng 15 phút, lần lượt qua 3 chặng: khởi động → rèn luyện → bứt tốc. Đúng từ 11 câu là hoàn thành; đúng từ 13 câu được tính là thành thạo và cộng điểm lên cấp. Tinh thần cấp 6: Tốc độ và độ chính xác của nhóm dẫn đầu phổ điểm.","Hoàn thành đủ 3 chặng trong một lượt, không rời phiếu giữa chừng."
NV-1076,PL-VAN-GRA-L6-009,Tốc độ: Ngữ pháp & lỗi sai trong câu — cấp 6,Văn,Ngữ pháp & lỗi sai trong câu,3,6,Tốc độ,242,"Hoàn thành 15 câu chuyên đề ""Ngữ pháp & lỗi sai trong câu"" trong khoảng 11 phút, lần lượt qua 3 chặng: khởi động → rèn luyện → bứt tốc. Đúng từ 11 câu là hoàn thành; đúng từ 13 câu được tính là thành thạo và cộng điểm lên cấp. Tinh thần cấp 6: Tốc độ và độ chính xác của nhóm dẫn đầu phổ điểm.",Thời gian bị siết còn 75% mức chuẩn. Quá giờ vẫn chấm nhưng không tính thành thạo.
NV-1077,PL-VAN-GRA-L6-010,Chính xác: Ngữ pháp & lỗi sai trong câu — cấp 6,Văn,Ngữ pháp & lỗi sai trong câu,3,6,Chính xác,242,"Hoàn thành 15 câu chuyên đề ""Ngữ pháp & lỗi sai trong câu"" trong khoảng 17 phút, lần lượt qua 3 chặng: khởi động → rèn luyện → bứt tốc. Đúng từ 11 câu là hoàn thành; đúng từ 13 câu được tính là thành thạo và cộng điểm lên cấp. Tinh thần cấp 6: Tốc độ và độ chính xác của nhóm dẫn đầu phổ điểm.",Sai quá 2 câu là phải làm lại phiếu trước khi đi tiếp.
NV-1078,PL-VAN-GRA-L6-011,Tổng hợp: Ngữ pháp & lỗi sai trong câu — cấp 6,Văn,Ngữ pháp & lỗi sai trong câu,3,6,Tổng hợp,253,"Hoàn thành 15 câu chuyên đề ""Ngữ pháp & lỗi sai trong câu"" trong khoảng 15 phút, lần lượt qua 3 chặng: khởi động → rèn luyện → bứt tốc. Đúng từ 11 câu là hoàn thành; đúng từ 13 câu được tính là thành thạo và cộng điểm lên cấp. Tinh thần cấp 6: Tốc độ và độ chính xác của nhóm dẫn đầu phổ điểm.",Không được biết trước dạng bài của từng câu.
NV-1079,PL-VAN-GRA-L6-012,Thử thách: Ngữ pháp & lỗi sai trong câu — cấp 6,Văn,Ngữ pháp & lỗi sai trong câu,3,6,Thử thách,308,"Hoàn thành 15 câu chuyên đề ""Ngữ pháp & lỗi sai trong câu"" trong khoảng 15 phút, lần lượt qua 3 chặng: khởi động → rèn luyện → bứt tốc. Đúng từ 11 câu là hoàn thành; đúng từ 13 câu được tính là thành thạo và cộng điểm lên cấp. Tinh thần cấp 6: Tốc độ và độ chính xác của nhóm dẫn đầu phổ điểm.",Đạt từ 85% mới được tính là vượt thử thách.
NV-1080,PL-VAN-GRA-L6-013,Vượt ải: Ngữ pháp & lỗi sai trong câu — cấp 6,Văn,Ngữ pháp & lỗi sai trong câu,3,6,Vượt ải,396,"Hoàn thành 15 câu chuyên đề ""Ngữ pháp & lỗi sai trong câu"" trong khoảng 14 phút, lần lượt qua 3 chặng: khởi động → rèn luyện → bứt tốc. Đúng từ 11 câu là hoàn thành; đúng từ 14 câu được tính là thành thạo và cộng điểm lên cấp. Tinh thần cấp 6: Tốc độ và độ chính xác của nhóm dẫn đầu phổ điểm.",Phải đạt từ 90% để mở khóa cấp độ tiếp theo của tuyến này.
NV-1081,PL-VAN-VOC-L1-001,Khởi động: Từ vựng & nghĩa của từ — cấp 1,Văn,Từ vựng & nghĩa của từ,1,1,Khởi động,28,"Hoàn thành 8 câu chuyên đề ""Từ vựng & nghĩa của từ"" trong khoảng 10 phút, lần lượt qua 3 chặng: khởi động → rèn luyện → bứt tốc. Đúng từ 6 câu là hoàn thành; đúng từ 7 câu được tính là thành thạo và cộng điểm lên cấp. Tinh thần cấp 1: Nhận diện dạng bài và nhớ lại công thức nền.","Không giới hạn thời gian. Mục tiêu là làm đúng, chưa cần nhanh."
NV-1082,PL-VAN-VOC-L1-002,Rèn kỹ năng: Từ vựng & nghĩa của từ — cấp 1,Văn,Từ vựng & nghĩa của từ,1,1,Rèn kỹ năng,40,"Hoàn thành 8 câu chuyên đề ""Từ vựng & nghĩa của từ"" trong khoảng 8 phút, lần lượt qua 3 chặng: khởi động → rèn luyện → bứt tốc. Đúng từ 6 câu là hoàn thành; đúng từ 7 câu được tính là thành thạo và cộng điểm lên cấp. Tinh thần cấp 1: Nhận diện dạng bài và nhớ lại công thức nền.","Hoàn thành đủ 3 chặng trong một lượt, không rời phiếu giữa chừng."
NV-1083,PL-VAN-VOC-L1-003,Tốc độ: Từ vựng & nghĩa của từ — cấp 1,Văn,Từ vựng & nghĩa của từ,1,1,Tốc độ,44,"Hoàn thành 8 câu chuyên đề ""Từ vựng & nghĩa của từ"" trong khoảng 6 phút, lần lượt qua 3 chặng: khởi động → rèn luyện → bứt tốc. Đúng từ 6 câu là hoàn thành; đúng từ 7 câu được tính là thành thạo và cộng điểm lên cấp. Tinh thần cấp 1: Nhận diện dạng bài và nhớ lại công thức nền.",Thời gian bị siết còn 75% mức chuẩn. Quá giờ vẫn chấm nhưng không tính thành thạo.
NV-1084,PL-VAN-VOC-L1-004,Chính xác: Từ vựng & nghĩa của từ — cấp 1,Văn,Từ vựng & nghĩa của từ,1,1,Chính xác,44,"Hoàn thành 8 câu chuyên đề ""Từ vựng & nghĩa của từ"" trong khoảng 9 phút, lần lượt qua 3 chặng: khởi động → rèn luyện → bứt tốc. Đúng từ 6 câu là hoàn thành; đúng từ 7 câu được tính là thành thạo và cộng điểm lên cấp. Tinh thần cấp 1: Nhận diện dạng bài và nhớ lại công thức nền.",Sai quá 2 câu là phải làm lại phiếu trước khi đi tiếp.
NV-1085,PL-VAN-VOC-L1-005,Tổng hợp: Từ vựng & nghĩa của từ — cấp 1,Văn,Từ vựng & nghĩa của từ,1,1,Tổng hợp,46,"Hoàn thành 8 câu chuyên đề ""Từ vựng & nghĩa của từ"" trong khoảng 8 phút, lần lượt qua 3 chặng: khởi động → rèn luyện → bứt tốc. Đúng từ 6 câu là hoàn thành; đúng từ 7 câu được tính là thành thạo và cộng điểm lên cấp. Tinh thần cấp 1: Nhận diện dạng bài và nhớ lại công thức nền.",Không được biết trước dạng bài của từng câu.
NV-1086,PL-VAN-VOC-L1-006,Ôn lại: Từ vựng & nghĩa của từ — cấp 1,Văn,Từ vựng & nghĩa của từ,1,1,Ôn lại,36,"Hoàn thành 8 câu chuyên đề ""Từ vựng & nghĩa của từ"" trong khoảng 9 phút, lần lượt qua 3 chặng: khởi động → rèn luyện → bứt tốc. Đúng từ 6 câu là hoàn thành; đúng từ 7 câu được tính là thành thạo và cộng điểm lên cấp. Tinh thần cấp 1: Nhận diện dạng bài và nhớ lại công thức nền.",Nên làm sau buổi học chính ít nhất một ngày.
NV-1087,PL-VAN-VOC-L1-007,Khởi động: Từ vựng & nghĩa của từ — cấp 1,Văn,Từ vựng & nghĩa của từ,1,1,Khởi động,28,"Hoàn thành 8 câu chuyên đề ""Từ vựng & nghĩa của từ"" trong khoảng 10 phút, lần lượt qua 3 chặng: khởi động → rèn luyện → bứt tốc. Đúng từ 6 câu là hoàn thành; đúng từ 7 câu được tính là thành thạo và cộng điểm lên cấp. Tinh thần cấp 1: Nhận diện dạng bài và nhớ lại công thức nền.","Không giới hạn thời gian. Mục tiêu là làm đúng, chưa cần nhanh."
NV-1088,PL-VAN-VOC-L1-008,Rèn kỹ năng: Từ vựng & nghĩa của từ — cấp 1,Văn,Từ vựng & nghĩa của từ,1,1,Rèn kỹ năng,40,"Hoàn thành 8 câu chuyên đề ""Từ vựng & nghĩa của từ"" trong khoảng 8 phút, lần lượt qua 3 chặng: khởi động → rèn luyện → bứt tốc. Đúng từ 6 câu là hoàn thành; đúng từ 7 câu được tính là thành thạo và cộng điểm lên cấp. Tinh thần cấp 1: Nhận diện dạng bài và nhớ lại công thức nền.","Hoàn thành đủ 3 chặng trong một lượt, không rời phiếu giữa chừng."
NV-1089,PL-VAN-VOC-L1-009,Tốc độ: Từ vựng & nghĩa của từ — cấp 1,Văn,Từ vựng & nghĩa của từ,1,1,Tốc độ,44,"Hoàn thành 8 câu chuyên đề ""Từ vựng & nghĩa của từ"" trong khoảng 6 phút, lần lượt qua 3 chặng: khởi động → rèn luyện → bứt tốc. Đúng từ 6 câu là hoàn thành; đúng từ 7 câu được tính là thành thạo và cộng điểm lên cấp. Tinh thần cấp 1: Nhận diện dạng bài và nhớ lại công thức nền.",Thời gian bị siết còn 75% mức chuẩn. Quá giờ vẫn chấm nhưng không tính thành thạo.
NV-1090,PL-VAN-VOC-L1-010,Chính xác: Từ vựng & nghĩa của từ — cấp 1,Văn,Từ vựng & nghĩa của từ,1,1,Chính xác,44,"Hoàn thành 8 câu chuyên đề ""Từ vựng & nghĩa của từ"" trong khoảng 9 phút, lần lượt qua 3 chặng: khởi động → rèn luyện → bứt tốc. Đúng từ 6 câu là hoàn thành; đúng từ 7 câu được tính là thành thạo và cộng điểm lên cấp. Tinh thần cấp 1: Nhận diện dạng bài và nhớ lại công thức nền.",Sai quá 2 câu là phải làm lại phiếu trước khi đi tiếp.
NV-1091,PL-VAN-VOC-L1-011,Tổng hợp: Từ vựng & nghĩa của từ — cấp 1,Văn,Từ vựng & nghĩa của từ,1,1,Tổng hợp,46,"Hoàn thành 8 câu chuyên đề ""Từ vựng & nghĩa của từ"" trong khoảng 8 phút, lần lượt qua 3 chặng: khởi động → rèn luyện → bứt tốc. Đúng từ 6 câu là hoàn thành; đúng từ 7 câu được tính là thành thạo và cộng điểm lên cấp. Tinh thần cấp 1: Nhận diện dạng bài và nhớ lại công thức nền.",Không được biết trước dạng bài của từng câu.
NV-1092,PL-VAN-VOC-L1-012,Thử thách: Từ vựng & nghĩa của từ — cấp 1,Văn,Từ vựng & nghĩa của từ,1,1,Thử thách,56,"Hoàn thành 8 câu chuyên đề ""Từ vựng & nghĩa của từ"" trong khoảng 8 phút, lần lượt qua 3 chặng: khởi động → rèn luyện → bứt tốc. Đúng từ 6 câu là hoàn thành; đúng từ 7 câu được tính là thành thạo và cộng điểm lên cấp. Tinh thần cấp 1: Nhận diện dạng bài và nhớ lại công thức nền.",Đạt từ 85% mới được tính là vượt thử thách.
NV-1093,PL-VAN-VOC-L1-013,Vượt ải: Từ vựng & nghĩa của từ — cấp 1,Văn,Từ vựng & nghĩa của từ,1,1,Vượt ải,72,"Hoàn thành 8 câu chuyên đề ""Từ vựng & nghĩa của từ"" trong khoảng 8 phút, lần lượt qua 3 chặng: khởi động → rèn luyện → bứt tốc. Đúng từ 6 câu là hoàn thành; đúng từ 8 câu được tính là thành thạo và cộng điểm lên cấp. Tinh thần cấp 1: Nhận diện dạng bài và nhớ lại công thức nền.",Phải đạt từ 90% để mở khóa cấp độ tiếp theo của tuyến này.
NV-1094,PL-VAN-VOC-L2-001,Khởi động: Từ vựng & nghĩa của từ — cấp 2,Văn,Từ vựng & nghĩa của từ,1,2,Khởi động,42,"Hoàn thành 10 câu chuyên đề ""Từ vựng & nghĩa của từ"" trong khoảng 15 phút, lần lượt qua 3 chặng: khởi động → rèn luyện → bứt tốc. Đúng từ 7 câu là hoàn thành; đúng từ 9 câu được tính là thành thạo và cộng điểm lên cấp. Tinh thần cấp 2: Làm đúng dạng chuẩn mà không cần nhìn gợi ý.","Không giới hạn thời gian. Mục tiêu là làm đúng, chưa cần nhanh."
NV-1095,PL-VAN-VOC-L2-002,Rèn kỹ năng: Từ vựng & nghĩa của từ — cấp 2,Văn,Từ vựng & nghĩa của từ,1,2,Rèn kỹ năng,60,"Hoàn thành 10 câu chuyên đề ""Từ vựng & nghĩa của từ"" trong khoảng 12 phút, lần lượt qua 3 chặng: khởi động → rèn luyện → bứt tốc. Đúng từ 7 câu là hoàn thành; đúng từ 9 câu được tính là thành thạo và cộng điểm lên cấp. Tinh thần cấp 2: Làm đúng dạng chuẩn mà không cần nhìn gợi ý.","Hoàn thành đủ 3 chặng trong một lượt, không rời phiếu giữa chừng."
NV-1096,PL-VAN-VOC-L2-003,Tốc độ: Từ vựng & nghĩa của từ — cấp 2,Văn,Từ vựng & nghĩa của từ,1,2,Tốc độ,66,"Hoàn thành 10 câu chuyên đề ""Từ vựng & nghĩa của từ"" trong khoảng 9 phút, lần lượt qua 3 chặng: khởi động → rèn luyện → bứt tốc. Đúng từ 7 câu là hoàn thành; đúng từ 9 câu được tính là thành thạo và cộng điểm lên cấp. Tinh thần cấp 2: Làm đúng dạng chuẩn mà không cần nhìn gợi ý.",Thời gian bị siết còn 75% mức chuẩn. Quá giờ vẫn chấm nhưng không tính thành thạo.
NV-1097,PL-VAN-VOC-L2-004,Chính xác: Từ vựng & nghĩa của từ — cấp 2,Văn,Từ vựng & nghĩa của từ,1,2,Chính xác,66,"Hoàn thành 10 câu chuyên đề ""Từ vựng & nghĩa của từ"" trong khoảng 13 phút, lần lượt qua 3 chặng: khởi động → rèn luyện → bứt tốc. Đúng từ 7 câu là hoàn thành; đúng từ 9 câu được tính là thành thạo và cộng điểm lên cấp. Tinh thần cấp 2: Làm đúng dạng chuẩn mà không cần nhìn gợi ý.",Sai quá 2 câu là phải làm lại phiếu trước khi đi tiếp.
NV-1098,PL-VAN-VOC-L2-005,Tổng hợp: Từ vựng & nghĩa của từ — cấp 2,Văn,Từ vựng & nghĩa của từ,1,2,Tổng hợp,69,"Hoàn thành 10 câu chuyên đề ""Từ vựng & nghĩa của từ"" trong khoảng 12 phút, lần lượt qua 3 chặng: khởi động → rèn luyện → bứt tốc. Đúng từ 7 câu là hoàn thành; đúng từ 9 câu được tính là thành thạo và cộng điểm lên cấp. Tinh thần cấp 2: Làm đúng dạng chuẩn mà không cần nhìn gợi ý.",Không được biết trước dạng bài của từng câu.
NV-1099,PL-VAN-VOC-L2-006,Ôn lại: Từ vựng & nghĩa của từ — cấp 2,Văn,Từ vựng & nghĩa của từ,1,2,Ôn lại,54,"Hoàn thành 10 câu chuyên đề ""Từ vựng & nghĩa của từ"" trong khoảng 13 phút, lần lượt qua 3 chặng: khởi động → rèn luyện → bứt tốc. Đúng từ 7 câu là hoàn thành; đúng từ 9 câu được tính là thành thạo và cộng điểm lên cấp. Tinh thần cấp 2: Làm đúng dạng chuẩn mà không cần nhìn gợi ý.",Nên làm sau buổi học chính ít nhất một ngày.
NV-1100,PL-VAN-VOC-L2-007,Khởi động: Từ vựng & nghĩa của từ — cấp 2,Văn,Từ vựng & nghĩa của từ,1,2,Khởi động,42,"Hoàn thành 10 câu chuyên đề ""Từ vựng & nghĩa của từ"" trong khoảng 15 phút, lần lượt qua 3 chặng: khởi động → rèn luyện → bứt tốc. Đúng từ 7 câu là hoàn thành; đúng từ 9 câu được tính là thành thạo và cộng điểm lên cấp. Tinh thần cấp 2: Làm đúng dạng chuẩn mà không cần nhìn gợi ý.","Không giới hạn thời gian. Mục tiêu là làm đúng, chưa cần nhanh."
NV-1101,PL-VAN-VOC-L2-008,Rèn kỹ năng: Từ vựng & nghĩa của từ — cấp 2,Văn,Từ vựng & nghĩa của từ,1,2,Rèn kỹ năng,60,"Hoàn thành 10 câu chuyên đề ""Từ vựng & nghĩa của từ"" trong khoảng 12 phút, lần lượt qua 3 chặng: khởi động → rèn luyện → bứt tốc. Đúng từ 7 câu là hoàn thành; đúng từ 9 câu được tính là thành thạo và cộng điểm lên cấp. Tinh thần cấp 2: Làm đúng dạng chuẩn mà không cần nhìn gợi ý.","Hoàn thành đủ 3 chặng trong một lượt, không rời phiếu giữa chừng."
NV-1102,PL-VAN-VOC-L2-009,Tốc độ: Từ vựng & nghĩa của từ — cấp 2,Văn,Từ vựng & nghĩa của từ,1,2,Tốc độ,66,"Hoàn thành 10 câu chuyên đề ""Từ vựng & nghĩa của từ"" trong khoảng 9 phút, lần lượt qua 3 chặng: khởi động → rèn luyện → bứt tốc. Đúng từ 7 câu là hoàn thành; đúng từ 9 câu được tính là thành thạo và cộng điểm lên cấp. Tinh thần cấp 2: Làm đúng dạng chuẩn mà không cần nhìn gợi ý.",Thời gian bị siết còn 75% mức chuẩn. Quá giờ vẫn chấm nhưng không tính thành thạo.
NV-1103,PL-VAN-VOC-L2-010,Chính xác: Từ vựng & nghĩa của từ — cấp 2,Văn,Từ vựng & nghĩa của từ,1,2,Chính xác,66,"Hoàn thành 10 câu chuyên đề ""Từ vựng & nghĩa của từ"" trong khoảng 13 phút, lần lượt qua 3 chặng: khởi động → rèn luyện → bứt tốc. Đúng từ 7 câu là hoàn thành; đúng từ 9 câu được tính là thành thạo và cộng điểm lên cấp. Tinh thần cấp 2: Làm đúng dạng chuẩn mà không cần nhìn gợi ý.",Sai quá 2 câu là phải làm lại phiếu trước khi đi tiếp.
NV-1104,PL-VAN-VOC-L2-011,Tổng hợp: Từ vựng & nghĩa của từ — cấp 2,Văn,Từ vựng & nghĩa của từ,1,2,Tổng hợp,69,"Hoàn thành 10 câu chuyên đề ""Từ vựng & nghĩa của từ"" trong khoảng 12 phút, lần lượt qua 3 chặng: khởi động → rèn luyện → bứt tốc. Đúng từ 7 câu là hoàn thành; đúng từ 9 câu được tính là thành thạo và cộng điểm lên cấp. Tinh thần cấp 2: Làm đúng dạng chuẩn mà không cần nhìn gợi ý.",Không được biết trước dạng bài của từng câu.
NV-1105,PL-VAN-VOC-L2-012,Ôn lại: Từ vựng & nghĩa của từ — cấp 2,Văn,Từ vựng & nghĩa của từ,1,2,Ôn lại,54,"Hoàn thành 10 câu chuyên đề ""Từ vựng & nghĩa của từ"" trong khoảng 13 phút, lần lượt qua 3 chặng: khởi động → rèn luyện → bứt tốc. Đúng từ 7 câu là hoàn thành; đúng từ 9 câu được tính là thành thạo và cộng điểm lên cấp. Tinh thần cấp 2: Làm đúng dạng chuẩn mà không cần nhìn gợi ý.",Nên làm sau buổi học chính ít nhất một ngày.
NV-1106,PL-VAN-VOC-L2-013,Khởi động: Từ vựng & nghĩa của từ — cấp 2,Văn,Từ vựng & nghĩa của từ,1,2,Khởi động,42,"Hoàn thành 10 câu chuyên đề ""Từ vựng & nghĩa của từ"" trong khoảng 15 phút, lần lượt qua 3 chặng: khởi động → rèn luyện → bứt tốc. Đúng từ 7 câu là hoàn thành; đúng từ 9 câu được tính là thành thạo và cộng điểm lên cấp. Tinh thần cấp 2: Làm đúng dạng chuẩn mà không cần nhìn gợi ý.","Không giới hạn thời gian. Mục tiêu là làm đúng, chưa cần nhanh."
NV-1107,PL-VAN-VOC-L2-014,Rèn kỹ năng: Từ vựng & nghĩa của từ — cấp 2,Văn,Từ vựng & nghĩa của từ,1,2,Rèn kỹ năng,60,"Hoàn thành 10 câu chuyên đề ""Từ vựng & nghĩa của từ"" trong khoảng 12 phút, lần lượt qua 3 chặng: khởi động → rèn luyện → bứt tốc. Đúng từ 7 câu là hoàn thành; đúng từ 9 câu được tính là thành thạo và cộng điểm lên cấp. Tinh thần cấp 2: Làm đúng dạng chuẩn mà không cần nhìn gợi ý.","Hoàn thành đủ 3 chặng trong một lượt, không rời phiếu giữa chừng."
NV-1108,PL-VAN-VOC-L2-015,Tốc độ: Từ vựng & nghĩa của từ — cấp 2,Văn,Từ vựng & nghĩa của từ,1,2,Tốc độ,66,"Hoàn thành 10 câu chuyên đề ""Từ vựng & nghĩa của từ"" trong khoảng 9 phút, lần lượt qua 3 chặng: khởi động → rèn luyện → bứt tốc. Đúng từ 7 câu là hoàn thành; đúng từ 9 câu được tính là thành thạo và cộng điểm lên cấp. Tinh thần cấp 2: Làm đúng dạng chuẩn mà không cần nhìn gợi ý.",Thời gian bị siết còn 75% mức chuẩn. Quá giờ vẫn chấm nhưng không tính thành thạo.
NV-1109,PL-VAN-VOC-L2-016,Thử thách: Từ vựng & nghĩa của từ — cấp 2,Văn,Từ vựng & nghĩa của từ,1,2,Thử thách,84,"Hoàn thành 10 câu chuyên đề ""Từ vựng & nghĩa của từ"" trong khoảng 12 phút, lần lượt qua 3 chặng: khởi động → rèn luyện → bứt tốc. Đúng từ 7 câu là hoàn thành; đúng từ 9 câu được tính là thành thạo và cộng điểm lên cấp. Tinh thần cấp 2: Làm đúng dạng chuẩn mà không cần nhìn gợi ý.",Đạt từ 85% mới được tính là vượt thử thách.
NV-1110,PL-VAN-VOC-L2-017,Vượt ải: Từ vựng & nghĩa của từ — cấp 2,Văn,Từ vựng & nghĩa của từ,1,2,Vượt ải,108,"Hoàn thành 10 câu chuyên đề ""Từ vựng & nghĩa của từ"" trong khoảng 11 phút, lần lượt qua 3 chặng: khởi động → rèn luyện → bứt tốc. Đúng từ 7 câu là hoàn thành; đúng từ 9 câu được tính là thành thạo và cộng điểm lên cấp. Tinh thần cấp 2: Làm đúng dạng chuẩn mà không cần nhìn gợi ý.",Phải đạt từ 90% để mở khóa cấp độ tiếp theo của tuyến này.
NV-1111,PL-VAN-VOC-L3-001,Khởi động: Từ vựng & nghĩa của từ — cấp 3,Văn,Từ vựng & nghĩa của từ,2,3,Khởi động,63,"Hoàn thành 12 câu chuyên đề ""Từ vựng & nghĩa của từ"" trong khoảng 19 phút, lần lượt qua 3 chặng: khởi động → rèn luyện → bứt tốc. Đúng từ 9 câu là hoàn thành; đúng từ 11 câu được tính là thành thạo và cộng điểm lên cấp. Tinh thần cấp 3: Ghép nhiều bước và tránh các bẫy quen thuộc.","Không giới hạn thời gian. Mục tiêu là làm đúng, chưa cần nhanh."
NV-1112,PL-VAN-VOC-L3-002,Rèn kỹ năng: Từ vựng & nghĩa của từ — cấp 3,Văn,Từ vựng & nghĩa của từ,2,3,Rèn kỹ năng,90,"Hoàn thành 12 câu chuyên đề ""Từ vựng & nghĩa của từ"" trong khoảng 15 phút, lần lượt qua 3 chặng: khởi động → rèn luyện → bứt tốc. Đúng từ 9 câu là hoàn thành; đúng từ 11 câu được tính là thành thạo và cộng điểm lên cấp. Tinh thần cấp 3: Ghép nhiều bước và tránh các bẫy quen thuộc.","Hoàn thành đủ 3 chặng trong một lượt, không rời phiếu giữa chừng."
NV-1113,PL-VAN-VOC-L3-003,Tốc độ: Từ vựng & nghĩa của từ — cấp 3,Văn,Từ vựng & nghĩa của từ,2,3,Tốc độ,99,"Hoàn thành 12 câu chuyên đề ""Từ vựng & nghĩa của từ"" trong khoảng 11 phút, lần lượt qua 3 chặng: khởi động → rèn luyện → bứt tốc. Đúng từ 9 câu là hoàn thành; đúng từ 11 câu được tính là thành thạo và cộng điểm lên cấp. Tinh thần cấp 3: Ghép nhiều bước và tránh các bẫy quen thuộc.",Thời gian bị siết còn 75% mức chuẩn. Quá giờ vẫn chấm nhưng không tính thành thạo.
NV-1114,PL-VAN-VOC-L3-004,Chính xác: Từ vựng & nghĩa của từ — cấp 3,Văn,Từ vựng & nghĩa của từ,2,3,Chính xác,99,"Hoàn thành 12 câu chuyên đề ""Từ vựng & nghĩa của từ"" trong khoảng 17 phút, lần lượt qua 3 chặng: khởi động → rèn luyện → bứt tốc. Đúng từ 9 câu là hoàn thành; đúng từ 11 câu được tính là thành thạo và cộng điểm lên cấp. Tinh thần cấp 3: Ghép nhiều bước và tránh các bẫy quen thuộc.",Sai quá 2 câu là phải làm lại phiếu trước khi đi tiếp.
NV-1115,PL-VAN-VOC-L3-005,Tổng hợp: Từ vựng & nghĩa của từ — cấp 3,Văn,Từ vựng & nghĩa của từ,2,3,Tổng hợp,103,"Hoàn thành 12 câu chuyên đề ""Từ vựng & nghĩa của từ"" trong khoảng 15 phút, lần lượt qua 3 chặng: khởi động → rèn luyện → bứt tốc. Đúng từ 9 câu là hoàn thành; đúng từ 11 câu được tính là thành thạo và cộng điểm lên cấp. Tinh thần cấp 3: Ghép nhiều bước và tránh các bẫy quen thuộc.",Không được biết trước dạng bài của từng câu.
NV-1116,PL-VAN-VOC-L3-006,Ôn lại: Từ vựng & nghĩa của từ — cấp 3,Văn,Từ vựng & nghĩa của từ,2,3,Ôn lại,81,"Hoàn thành 12 câu chuyên đề ""Từ vựng & nghĩa của từ"" trong khoảng 17 phút, lần lượt qua 3 chặng: khởi động → rèn luyện → bứt tốc. Đúng từ 9 câu là hoàn thành; đúng từ 11 câu được tính là thành thạo và cộng điểm lên cấp. Tinh thần cấp 3: Ghép nhiều bước và tránh các bẫy quen thuộc.",Nên làm sau buổi học chính ít nhất một ngày.
NV-1117,PL-VAN-VOC-L3-007,Khởi động: Từ vựng & nghĩa của từ — cấp 3,Văn,Từ vựng & nghĩa của từ,2,3,Khởi động,63,"Hoàn thành 12 câu chuyên đề ""Từ vựng & nghĩa của từ"" trong khoảng 19 phút, lần lượt qua 3 chặng: khởi động → rèn luyện → bứt tốc. Đúng từ 9 câu là hoàn thành; đúng từ 11 câu được tính là thành thạo và cộng điểm lên cấp. Tinh thần cấp 3: Ghép nhiều bước và tránh các bẫy quen thuộc.","Không giới hạn thời gian. Mục tiêu là làm đúng, chưa cần nhanh."
NV-1118,PL-VAN-VOC-L3-008,Rèn kỹ năng: Từ vựng & nghĩa của từ — cấp 3,Văn,Từ vựng & nghĩa của từ,2,3,Rèn kỹ năng,90,"Hoàn thành 12 câu chuyên đề ""Từ vựng & nghĩa của từ"" trong khoảng 15 phút, lần lượt qua 3 chặng: khởi động → rèn luyện → bứt tốc. Đúng từ 9 câu là hoàn thành; đúng từ 11 câu được tính là thành thạo và cộng điểm lên cấp. Tinh thần cấp 3: Ghép nhiều bước và tránh các bẫy quen thuộc.","Hoàn thành đủ 3 chặng trong một lượt, không rời phiếu giữa chừng."
NV-1119,PL-VAN-VOC-L3-009,Tốc độ: Từ vựng & nghĩa của từ — cấp 3,Văn,Từ vựng & nghĩa của từ,2,3,Tốc độ,99,"Hoàn thành 12 câu chuyên đề ""Từ vựng & nghĩa của từ"" trong khoảng 11 phút, lần lượt qua 3 chặng: khởi động → rèn luyện → bứt tốc. Đúng từ 9 câu là hoàn thành; đúng từ 11 câu được tính là thành thạo và cộng điểm lên cấp. Tinh thần cấp 3: Ghép nhiều bước và tránh các bẫy quen thuộc.",Thời gian bị siết còn 75% mức chuẩn. Quá giờ vẫn chấm nhưng không tính thành thạo.
NV-1120,PL-VAN-VOC-L3-010,Chính xác: Từ vựng & nghĩa của từ — cấp 3,Văn,Từ vựng & nghĩa của từ,2,3,Chính xác,99,"Hoàn thành 12 câu chuyên đề ""Từ vựng & nghĩa của từ"" trong khoảng 17 phút, lần lượt qua 3 chặng: khởi động → rèn luyện → bứt tốc. Đúng từ 9 câu là hoàn thành; đúng từ 11 câu được tính là thành thạo và cộng điểm lên cấp. Tinh thần cấp 3: Ghép nhiều bước và tránh các bẫy quen thuộc.",Sai quá 2 câu là phải làm lại phiếu trước khi đi tiếp.
NV-1121,PL-VAN-VOC-L3-011,Tổng hợp: Từ vựng & nghĩa của từ — cấp 3,Văn,Từ vựng & nghĩa của từ,2,3,Tổng hợp,103,"Hoàn thành 12 câu chuyên đề ""Từ vựng & nghĩa của từ"" trong khoảng 15 phút, lần lượt qua 3 chặng: khởi động → rèn luyện → bứt tốc. Đúng từ 9 câu là hoàn thành; đúng từ 11 câu được tính là thành thạo và cộng điểm lên cấp. Tinh thần cấp 3: Ghép nhiều bước và tránh các bẫy quen thuộc.",Không được biết trước dạng bài của từng câu.
NV-1122,PL-VAN-VOC-L3-012,Ôn lại: Từ vựng & nghĩa của từ — cấp 3,Văn,Từ vựng & nghĩa của từ,2,3,Ôn lại,81,"Hoàn thành 12 câu chuyên đề ""Từ vựng & nghĩa của từ"" trong khoảng 17 phút, lần lượt qua 3 chặng: khởi động → rèn luyện → bứt tốc. Đúng từ 9 câu là hoàn thành; đúng từ 11 câu được tính là thành thạo và cộng điểm lên cấp. Tinh thần cấp 3: Ghép nhiều bước và tránh các bẫy quen thuộc.",Nên làm sau buổi học chính ít nhất một ngày.
NV-1123,PL-VAN-VOC-L3-013,Khởi động: Từ vựng & nghĩa của từ — cấp 3,Văn,Từ vựng & nghĩa của từ,2,3,Khởi động,63,"Hoàn thành 12 câu chuyên đề ""Từ vựng & nghĩa của từ"" trong khoảng 19 phút, lần lượt qua 3 chặng: khởi động → rèn luyện → bứt tốc. Đúng từ 9 câu là hoàn thành; đúng từ 11 câu được tính là thành thạo và cộng điểm lên cấp. Tinh thần cấp 3: Ghép nhiều bước và tránh các bẫy quen thuộc.","Không giới hạn thời gian. Mục tiêu là làm đúng, chưa cần nhanh."
NV-1124,PL-VAN-VOC-L3-014,Rèn kỹ năng: Từ vựng & nghĩa của từ — cấp 3,Văn,Từ vựng & nghĩa của từ,2,3,Rèn kỹ năng,90,"Hoàn thành 12 câu chuyên đề ""Từ vựng & nghĩa của từ"" trong khoảng 15 phút, lần lượt qua 3 chặng: khởi động → rèn luyện → bứt tốc. Đúng từ 9 câu là hoàn thành; đúng từ 11 câu được tính là thành thạo và cộng điểm lên cấp. Tinh thần cấp 3: Ghép nhiều bước và tránh các bẫy quen thuộc.","Hoàn thành đủ 3 chặng trong một lượt, không rời phiếu giữa chừng."
NV-1125,PL-VAN-VOC-L3-015,Tốc độ: Từ vựng & nghĩa của từ — cấp 3,Văn,Từ vựng & nghĩa của từ,2,3,Tốc độ,99,"Hoàn thành 12 câu chuyên đề ""Từ vựng & nghĩa của từ"" trong khoảng 11 phút, lần lượt qua 3 chặng: khởi động → rèn luyện → bứt tốc. Đúng từ 9 câu là hoàn thành; đúng từ 11 câu được tính là thành thạo và cộng điểm lên cấp. Tinh thần cấp 3: Ghép nhiều bước và tránh các bẫy quen thuộc.",Thời gian bị siết còn 75% mức chuẩn. Quá giờ vẫn chấm nhưng không tính thành thạo.
NV-1126,PL-VAN-VOC-L3-016,Chính xác: Từ vựng & nghĩa của từ — cấp 3,Văn,Từ vựng & nghĩa của từ,2,3,Chính xác,99,"Hoàn thành 12 câu chuyên đề ""Từ vựng & nghĩa của từ"" trong khoảng 17 phút, lần lượt qua 3 chặng: khởi động → rèn luyện → bứt tốc. Đúng từ 9 câu là hoàn thành; đúng từ 11 câu được tính là thành thạo và cộng điểm lên cấp. Tinh thần cấp 3: Ghép nhiều bước và tránh các bẫy quen thuộc.",Sai quá 2 câu là phải làm lại phiếu trước khi đi tiếp.
NV-1127,PL-VAN-VOC-L3-017,Tổng hợp: Từ vựng & nghĩa của từ — cấp 3,Văn,Từ vựng & nghĩa của từ,2,3,Tổng hợp,103,"Hoàn thành 12 câu chuyên đề ""Từ vựng & nghĩa của từ"" trong khoảng 15 phút, lần lượt qua 3 chặng: khởi động → rèn luyện → bứt tốc. Đúng từ 9 câu là hoàn thành; đúng từ 11 câu được tính là thành thạo và cộng điểm lên cấp. Tinh thần cấp 3: Ghép nhiều bước và tránh các bẫy quen thuộc.",Không được biết trước dạng bài của từng câu.
NV-1128,PL-VAN-VOC-L3-018,Thử thách: Từ vựng & nghĩa của từ — cấp 3,Văn,Từ vựng & nghĩa của từ,2,3,Thử thách,126,"Hoàn thành 12 câu chuyên đề ""Từ vựng & nghĩa của từ"" trong khoảng 15 phút, lần lượt qua 3 chặng: khởi động → rèn luyện → bứt tốc. Đúng từ 9 câu là hoàn thành; đúng từ 11 câu được tính là thành thạo và cộng điểm lên cấp. Tinh thần cấp 3: Ghép nhiều bước và tránh các bẫy quen thuộc.",Đạt từ 85% mới được tính là vượt thử thách.
NV-1129,PL-VAN-VOC-L3-019,Vượt ải: Từ vựng & nghĩa của từ — cấp 3,Văn,Từ vựng & nghĩa của từ,2,3,Vượt ải,162,"Hoàn thành 12 câu chuyên đề ""Từ vựng & nghĩa của từ"" trong khoảng 14 phút, lần lượt qua 3 chặng: khởi động → rèn luyện → bứt tốc. Đúng từ 9 câu là hoàn thành; đúng từ 11 câu được tính là thành thạo và cộng điểm lên cấp. Tinh thần cấp 3: Ghép nhiều bước và tránh các bẫy quen thuộc.",Phải đạt từ 90% để mở khóa cấp độ tiếp theo của tuyến này.
NV-1130,PL-VAN-VOC-L4-001,Khởi động: Từ vựng & nghĩa của từ — cấp 4,Văn,Từ vựng & nghĩa của từ,2,4,Khởi động,84,"Hoàn thành 12 câu chuyên đề ""Từ vựng & nghĩa của từ"" trong khoảng 16 phút, lần lượt qua 3 chặng: khởi động → rèn luyện → bứt tốc. Đúng từ 9 câu là hoàn thành; đúng từ 11 câu được tính là thành thạo và cộng điểm lên cấp. Tinh thần cấp 4: Giữ độ chính xác khi thời gian bắt đầu siết lại.","Không giới hạn thời gian. Mục tiêu là làm đúng, chưa cần nhanh."
NV-1131,PL-VAN-VOC-L4-002,Rèn kỹ năng: Từ vựng & nghĩa của từ — cấp 4,Văn,Từ vựng & nghĩa của từ,2,4,Rèn kỹ năng,120,"Hoàn thành 12 câu chuyên đề ""Từ vựng & nghĩa của từ"" trong khoảng 13 phút, lần lượt qua 3 chặng: khởi động → rèn luyện → bứt tốc. Đúng từ 9 câu là hoàn thành; đúng từ 11 câu được tính là thành thạo và cộng điểm lên cấp. Tinh thần cấp 4: Giữ độ chính xác khi thời gian bắt đầu siết lại.","Hoàn thành đủ 3 chặng trong một lượt, không rời phiếu giữa chừng."
NV-1132,PL-VAN-VOC-L4-003,Tốc độ: Từ vựng & nghĩa của từ — cấp 4,Văn,Từ vựng & nghĩa của từ,2,4,Tốc độ,132,"Hoàn thành 12 câu chuyên đề ""Từ vựng & nghĩa của từ"" trong khoảng 10 phút, lần lượt qua 3 chặng: khởi động → rèn luyện → bứt tốc. Đúng từ 9 câu là hoàn thành; đúng từ 11 câu được tính là thành thạo và cộng điểm lên cấp. Tinh thần cấp 4: Giữ độ chính xác khi thời gian bắt đầu siết lại.",Thời gian bị siết còn 75% mức chuẩn. Quá giờ vẫn chấm nhưng không tính thành thạo.
NV-1133,PL-VAN-VOC-L4-004,Chính xác: Từ vựng & nghĩa của từ — cấp 4,Văn,Từ vựng & nghĩa của từ,2,4,Chính xác,132,"Hoàn thành 12 câu chuyên đề ""Từ vựng & nghĩa của từ"" trong khoảng 15 phút, lần lượt qua 3 chặng: khởi động → rèn luyện → bứt tốc. Đúng từ 9 câu là hoàn thành; đúng từ 11 câu được tính là thành thạo và cộng điểm lên cấp. Tinh thần cấp 4: Giữ độ chính xác khi thời gian bắt đầu siết lại.",Sai quá 2 câu là phải làm lại phiếu trước khi đi tiếp.
NV-1134,PL-VAN-VOC-L4-005,Tổng hợp: Từ vựng & nghĩa của từ — cấp 4,Văn,Từ vựng & nghĩa của từ,2,4,Tổng hợp,138,"Hoàn thành 12 câu chuyên đề ""Từ vựng & nghĩa của từ"" trong khoảng 13 phút, lần lượt qua 3 chặng: khởi động → rèn luyện → bứt tốc. Đúng từ 9 câu là hoàn thành; đúng từ 11 câu được tính là thành thạo và cộng điểm lên cấp. Tinh thần cấp 4: Giữ độ chính xác khi thời gian bắt đầu siết lại.",Không được biết trước dạng bài của từng câu.
NV-1135,PL-VAN-VOC-L4-006,Ôn lại: Từ vựng & nghĩa của từ — cấp 4,Văn,Từ vựng & nghĩa của từ,2,4,Ôn lại,108,"Hoàn thành 12 câu chuyên đề ""Từ vựng & nghĩa của từ"" trong khoảng 14 phút, lần lượt qua 3 chặng: khởi động → rèn luyện → bứt tốc. Đúng từ 9 câu là hoàn thành; đúng từ 11 câu được tính là thành thạo và cộng điểm lên cấp. Tinh thần cấp 4: Giữ độ chính xác khi thời gian bắt đầu siết lại.",Nên làm sau buổi học chính ít nhất một ngày.
NV-1136,PL-VAN-VOC-L4-007,Khởi động: Từ vựng & nghĩa của từ — cấp 4,Văn,Từ vựng & nghĩa của từ,2,4,Khởi động,84,"Hoàn thành 12 câu chuyên đề ""Từ vựng & nghĩa của từ"" trong khoảng 16 phút, lần lượt qua 3 chặng: khởi động → rèn luyện → bứt tốc. Đúng từ 9 câu là hoàn thành; đúng từ 11 câu được tính là thành thạo và cộng điểm lên cấp. Tinh thần cấp 4: Giữ độ chính xác khi thời gian bắt đầu siết lại.","Không giới hạn thời gian. Mục tiêu là làm đúng, chưa cần nhanh."
NV-1137,PL-VAN-VOC-L4-008,Rèn kỹ năng: Từ vựng & nghĩa của từ — cấp 4,Văn,Từ vựng & nghĩa của từ,2,4,Rèn kỹ năng,120,"Hoàn thành 12 câu chuyên đề ""Từ vựng & nghĩa của từ"" trong khoảng 13 phút, lần lượt qua 3 chặng: khởi động → rèn luyện → bứt tốc. Đúng từ 9 câu là hoàn thành; đúng từ 11 câu được tính là thành thạo và cộng điểm lên cấp. Tinh thần cấp 4: Giữ độ chính xác khi thời gian bắt đầu siết lại.","Hoàn thành đủ 3 chặng trong một lượt, không rời phiếu giữa chừng."
NV-1138,PL-VAN-VOC-L4-009,Tốc độ: Từ vựng & nghĩa của từ — cấp 4,Văn,Từ vựng & nghĩa của từ,2,4,Tốc độ,132,"Hoàn thành 12 câu chuyên đề ""Từ vựng & nghĩa của từ"" trong khoảng 10 phút, lần lượt qua 3 chặng: khởi động → rèn luyện → bứt tốc. Đúng từ 9 câu là hoàn thành; đúng từ 11 câu được tính là thành thạo và cộng điểm lên cấp. Tinh thần cấp 4: Giữ độ chính xác khi thời gian bắt đầu siết lại.",Thời gian bị siết còn 75% mức chuẩn. Quá giờ vẫn chấm nhưng không tính thành thạo.
NV-1139,PL-VAN-VOC-L4-010,Chính xác: Từ vựng & nghĩa của từ — cấp 4,Văn,Từ vựng & nghĩa của từ,2,4,Chính xác,132,"Hoàn thành 12 câu chuyên đề ""Từ vựng & nghĩa của từ"" trong khoảng 15 phút, lần lượt qua 3 chặng: khởi động → rèn luyện → bứt tốc. Đúng từ 9 câu là hoàn thành; đúng từ 11 câu được tính là thành thạo và cộng điểm lên cấp. Tinh thần cấp 4: Giữ độ chính xác khi thời gian bắt đầu siết lại.",Sai quá 2 câu là phải làm lại phiếu trước khi đi tiếp.
NV-1140,PL-VAN-VOC-L4-011,Tổng hợp: Từ vựng & nghĩa của từ — cấp 4,Văn,Từ vựng & nghĩa của từ,2,4,Tổng hợp,138,"Hoàn thành 12 câu chuyên đề ""Từ vựng & nghĩa của từ"" trong khoảng 13 phút, lần lượt qua 3 chặng: khởi động → rèn luyện → bứt tốc. Đúng từ 9 câu là hoàn thành; đúng từ 11 câu được tính là thành thạo và cộng điểm lên cấp. Tinh thần cấp 4: Giữ độ chính xác khi thời gian bắt đầu siết lại.",Không được biết trước dạng bài của từng câu.
NV-1141,PL-VAN-VOC-L4-012,Ôn lại: Từ vựng & nghĩa của từ — cấp 4,Văn,Từ vựng & nghĩa của từ,2,4,Ôn lại,108,"Hoàn thành 12 câu chuyên đề ""Từ vựng & nghĩa của từ"" trong khoảng 14 phút, lần lượt qua 3 chặng: khởi động → rèn luyện → bứt tốc. Đúng từ 9 câu là hoàn thành; đúng từ 11 câu được tính là thành thạo và cộng điểm lên cấp. Tinh thần cấp 4: Giữ độ chính xác khi thời gian bắt đầu siết lại.",Nên làm sau buổi học chính ít nhất một ngày.
NV-1142,PL-VAN-VOC-L4-013,Khởi động: Từ vựng & nghĩa của từ — cấp 4,Văn,Từ vựng & nghĩa của từ,2,4,Khởi động,84,"Hoàn thành 12 câu chuyên đề ""Từ vựng & nghĩa của từ"" trong khoảng 16 phút, lần lượt qua 3 chặng: khởi động → rèn luyện → bứt tốc. Đúng từ 9 câu là hoàn thành; đúng từ 11 câu được tính là thành thạo và cộng điểm lên cấp. Tinh thần cấp 4: Giữ độ chính xác khi thời gian bắt đầu siết lại.","Không giới hạn thời gian. Mục tiêu là làm đúng, chưa cần nhanh."
NV-1143,PL-VAN-VOC-L4-014,Rèn kỹ năng: Từ vựng & nghĩa của từ — cấp 4,Văn,Từ vựng & nghĩa của từ,2,4,Rèn kỹ năng,120,"Hoàn thành 12 câu chuyên đề ""Từ vựng & nghĩa của từ"" trong khoảng 13 phút, lần lượt qua 3 chặng: khởi động → rèn luyện → bứt tốc. Đúng từ 9 câu là hoàn thành; đúng từ 11 câu được tính là thành thạo và cộng điểm lên cấp. Tinh thần cấp 4: Giữ độ chính xác khi thời gian bắt đầu siết lại.","Hoàn thành đủ 3 chặng trong một lượt, không rời phiếu giữa chừng."
NV-1144,PL-VAN-VOC-L4-015,Tốc độ: Từ vựng & nghĩa của từ — cấp 4,Văn,Từ vựng & nghĩa của từ,2,4,Tốc độ,132,"Hoàn thành 12 câu chuyên đề ""Từ vựng & nghĩa của từ"" trong khoảng 10 phút, lần lượt qua 3 chặng: khởi động → rèn luyện → bứt tốc. Đúng từ 9 câu là hoàn thành; đúng từ 11 câu được tính là thành thạo và cộng điểm lên cấp. Tinh thần cấp 4: Giữ độ chính xác khi thời gian bắt đầu siết lại.",Thời gian bị siết còn 75% mức chuẩn. Quá giờ vẫn chấm nhưng không tính thành thạo.
NV-1145,PL-VAN-VOC-L4-016,Chính xác: Từ vựng & nghĩa của từ — cấp 4,Văn,Từ vựng & nghĩa của từ,2,4,Chính xác,132,"Hoàn thành 12 câu chuyên đề ""Từ vựng & nghĩa của từ"" trong khoảng 15 phút, lần lượt qua 3 chặng: khởi động → rèn luyện → bứt tốc. Đúng từ 9 câu là hoàn thành; đúng từ 11 câu được tính là thành thạo và cộng điểm lên cấp. Tinh thần cấp 4: Giữ độ chính xác khi thời gian bắt đầu siết lại.",Sai quá 2 câu là phải làm lại phiếu trước khi đi tiếp.
NV-1146,PL-VAN-VOC-L4-017,Tổng hợp: Từ vựng & nghĩa của từ — cấp 4,Văn,Từ vựng & nghĩa của từ,2,4,Tổng hợp,138,"Hoàn thành 12 câu chuyên đề ""Từ vựng & nghĩa của từ"" trong khoảng 13 phút, lần lượt qua 3 chặng: khởi động → rèn luyện → bứt tốc. Đúng từ 9 câu là hoàn thành; đúng từ 11 câu được tính là thành thạo và cộng điểm lên cấp. Tinh thần cấp 4: Giữ độ chính xác khi thời gian bắt đầu siết lại.",Không được biết trước dạng bài của từng câu.
NV-1147,PL-VAN-VOC-L4-018,Thử thách: Từ vựng & nghĩa của từ — cấp 4,Văn,Từ vựng & nghĩa của từ,2,4,Thử thách,168,"Hoàn thành 12 câu chuyên đề ""Từ vựng & nghĩa của từ"" trong khoảng 13 phút, lần lượt qua 3 chặng: khởi động → rèn luyện → bứt tốc. Đúng từ 9 câu là hoàn thành; đúng từ 11 câu được tính là thành thạo và cộng điểm lên cấp. Tinh thần cấp 4: Giữ độ chính xác khi thời gian bắt đầu siết lại.",Đạt từ 85% mới được tính là vượt thử thách.
NV-1148,PL-VAN-VOC-L4-019,Vượt ải: Từ vựng & nghĩa của từ — cấp 4,Văn,Từ vựng & nghĩa của từ,2,4,Vượt ải,216,"Hoàn thành 12 câu chuyên đề ""Từ vựng & nghĩa của từ"" trong khoảng 12 phút, lần lượt qua 3 chặng: khởi động → rèn luyện → bứt tốc. Đúng từ 9 câu là hoàn thành; đúng từ 11 câu được tính là thành thạo và cộng điểm lên cấp. Tinh thần cấp 4: Giữ độ chính xác khi thời gian bắt đầu siết lại.",Phải đạt từ 90% để mở khóa cấp độ tiếp theo của tuyến này.
NV-1149,PL-VAN-VOC-L5-001,Khởi động: Từ vựng & nghĩa của từ — cấp 5,Văn,Từ vựng & nghĩa của từ,3,5,Khởi động,112,"Hoàn thành 14 câu chuyên đề ""Từ vựng & nghĩa của từ"" trong khoảng 20 phút, lần lượt qua 3 chặng: khởi động → rèn luyện → bứt tốc. Đúng từ 10 câu là hoàn thành; đúng từ 12 câu được tính là thành thạo và cộng điểm lên cấp. Tinh thần cấp 5: Xử lý câu phân loại mà không mất nhịp.","Không giới hạn thời gian. Mục tiêu là làm đúng, chưa cần nhanh."
NV-1150,PL-VAN-VOC-L5-002,Rèn kỹ năng: Từ vựng & nghĩa của từ — cấp 5,Văn,Từ vựng & nghĩa của từ,3,5,Rèn kỹ năng,160,"Hoàn thành 14 câu chuyên đề ""Từ vựng & nghĩa của từ"" trong khoảng 16 phút, lần lượt qua 3 chặng: khởi động → rèn luyện → bứt tốc. Đúng từ 10 câu là hoàn thành; đúng từ 12 câu được tính là thành thạo và cộng điểm lên cấp. Tinh thần cấp 5: Xử lý câu phân loại mà không mất nhịp.","Hoàn thành đủ 3 chặng trong một lượt, không rời phiếu giữa chừng."
NV-1151,PL-VAN-VOC-L5-003,Tốc độ: Từ vựng & nghĩa của từ — cấp 5,Văn,Từ vựng & nghĩa của từ,3,5,Tốc độ,176,"Hoàn thành 14 câu chuyên đề ""Từ vựng & nghĩa của từ"" trong khoảng 12 phút, lần lượt qua 3 chặng: khởi động → rèn luyện → bứt tốc. Đúng từ 10 câu là hoàn thành; đúng từ 12 câu được tính là thành thạo và cộng điểm lên cấp. Tinh thần cấp 5: Xử lý câu phân loại mà không mất nhịp.",Thời gian bị siết còn 75% mức chuẩn. Quá giờ vẫn chấm nhưng không tính thành thạo.
NV-1152,PL-VAN-VOC-L5-004,Chính xác: Từ vựng & nghĩa của từ — cấp 5,Văn,Từ vựng & nghĩa của từ,3,5,Chính xác,176,"Hoàn thành 14 câu chuyên đề ""Từ vựng & nghĩa của từ"" trong khoảng 19 phút, lần lượt qua 3 chặng: khởi động → rèn luyện → bứt tốc. Đúng từ 10 câu là hoàn thành; đúng từ 12 câu được tính là thành thạo và cộng điểm lên cấp. Tinh thần cấp 5: Xử lý câu phân loại mà không mất nhịp.",Sai quá 2 câu là phải làm lại phiếu trước khi đi tiếp.
NV-1153,PL-VAN-VOC-L5-005,Tổng hợp: Từ vựng & nghĩa của từ — cấp 5,Văn,Từ vựng & nghĩa của từ,3,5,Tổng hợp,184,"Hoàn thành 14 câu chuyên đề ""Từ vựng & nghĩa của từ"" trong khoảng 16 phút, lần lượt qua 3 chặng: khởi động → rèn luyện → bứt tốc. Đúng từ 10 câu là hoàn thành; đúng từ 12 câu được tính là thành thạo và cộng điểm lên cấp. Tinh thần cấp 5: Xử lý câu phân loại mà không mất nhịp.",Không được biết trước dạng bài của từng câu.
NV-1154,PL-VAN-VOC-L5-006,Ôn lại: Từ vựng & nghĩa của từ — cấp 5,Văn,Từ vựng & nghĩa của từ,3,5,Ôn lại,144,"Hoàn thành 14 câu chuyên đề ""Từ vựng & nghĩa của từ"" trong khoảng 18 phút, lần lượt qua 3 chặng: khởi động → rèn luyện → bứt tốc. Đúng từ 10 câu là hoàn thành; đúng từ 12 câu được tính là thành thạo và cộng điểm lên cấp. Tinh thần cấp 5: Xử lý câu phân loại mà không mất nhịp.",Nên làm sau buổi học chính ít nhất một ngày.
NV-1155,PL-VAN-VOC-L5-007,Khởi động: Từ vựng & nghĩa của từ — cấp 5,Văn,Từ vựng & nghĩa của từ,3,5,Khởi động,112,"Hoàn thành 14 câu chuyên đề ""Từ vựng & nghĩa của từ"" trong khoảng 20 phút, lần lượt qua 3 chặng: khởi động → rèn luyện → bứt tốc. Đúng từ 10 câu là hoàn thành; đúng từ 12 câu được tính là thành thạo và cộng điểm lên cấp. Tinh thần cấp 5: Xử lý câu phân loại mà không mất nhịp.","Không giới hạn thời gian. Mục tiêu là làm đúng, chưa cần nhanh."
NV-1156,PL-VAN-VOC-L5-008,Rèn kỹ năng: Từ vựng & nghĩa của từ — cấp 5,Văn,Từ vựng & nghĩa của từ,3,5,Rèn kỹ năng,160,"Hoàn thành 14 câu chuyên đề ""Từ vựng & nghĩa của từ"" trong khoảng 16 phút, lần lượt qua 3 chặng: khởi động → rèn luyện → bứt tốc. Đúng từ 10 câu là hoàn thành; đúng từ 12 câu được tính là thành thạo và cộng điểm lên cấp. Tinh thần cấp 5: Xử lý câu phân loại mà không mất nhịp.","Hoàn thành đủ 3 chặng trong một lượt, không rời phiếu giữa chừng."
NV-1157,PL-VAN-VOC-L5-009,Tốc độ: Từ vựng & nghĩa của từ — cấp 5,Văn,Từ vựng & nghĩa của từ,3,5,Tốc độ,176,"Hoàn thành 14 câu chuyên đề ""Từ vựng & nghĩa của từ"" trong khoảng 12 phút, lần lượt qua 3 chặng: khởi động → rèn luyện → bứt tốc. Đúng từ 10 câu là hoàn thành; đúng từ 12 câu được tính là thành thạo và cộng điểm lên cấp. Tinh thần cấp 5: Xử lý câu phân loại mà không mất nhịp.",Thời gian bị siết còn 75% mức chuẩn. Quá giờ vẫn chấm nhưng không tính thành thạo.
NV-1158,PL-VAN-VOC-L5-010,Chính xác: Từ vựng & nghĩa của từ — cấp 5,Văn,Từ vựng & nghĩa của từ,3,5,Chính xác,176,"Hoàn thành 14 câu chuyên đề ""Từ vựng & nghĩa của từ"" trong khoảng 19 phút, lần lượt qua 3 chặng: khởi động → rèn luyện → bứt tốc. Đúng từ 10 câu là hoàn thành; đúng từ 12 câu được tính là thành thạo và cộng điểm lên cấp. Tinh thần cấp 5: Xử lý câu phân loại mà không mất nhịp.",Sai quá 2 câu là phải làm lại phiếu trước khi đi tiếp.
NV-1159,PL-VAN-VOC-L5-011,Tổng hợp: Từ vựng & nghĩa của từ — cấp 5,Văn,Từ vựng & nghĩa của từ,3,5,Tổng hợp,184,"Hoàn thành 14 câu chuyên đề ""Từ vựng & nghĩa của từ"" trong khoảng 16 phút, lần lượt qua 3 chặng: khởi động → rèn luyện → bứt tốc. Đúng từ 10 câu là hoàn thành; đúng từ 12 câu được tính là thành thạo và cộng điểm lên cấp. Tinh thần cấp 5: Xử lý câu phân loại mà không mất nhịp.",Không được biết trước dạng bài của từng câu.
NV-1160,PL-VAN-VOC-L5-012,Ôn lại: Từ vựng & nghĩa của từ — cấp 5,Văn,Từ vựng & nghĩa của từ,3,5,Ôn lại,144,"Hoàn thành 14 câu chuyên đề ""Từ vựng & nghĩa của từ"" trong khoảng 18 phút, lần lượt qua 3 chặng: khởi động → rèn luyện → bứt tốc. Đúng từ 10 câu là hoàn thành; đúng từ 12 câu được tính là thành thạo và cộng điểm lên cấp. Tinh thần cấp 5: Xử lý câu phân loại mà không mất nhịp.",Nên làm sau buổi học chính ít nhất một ngày.
NV-1161,PL-VAN-VOC-L5-013,Khởi động: Từ vựng & nghĩa của từ — cấp 5,Văn,Từ vựng & nghĩa của từ,3,5,Khởi động,112,"Hoàn thành 14 câu chuyên đề ""Từ vựng & nghĩa của từ"" trong khoảng 20 phút, lần lượt qua 3 chặng: khởi động → rèn luyện → bứt tốc. Đúng từ 10 câu là hoàn thành; đúng từ 12 câu được tính là thành thạo và cộng điểm lên cấp. Tinh thần cấp 5: Xử lý câu phân loại mà không mất nhịp.","Không giới hạn thời gian. Mục tiêu là làm đúng, chưa cần nhanh."
NV-1162,PL-VAN-VOC-L5-014,Thử thách: Từ vựng & nghĩa của từ — cấp 5,Văn,Từ vựng & nghĩa của từ,3,5,Thử thách,224,"Hoàn thành 14 câu chuyên đề ""Từ vựng & nghĩa của từ"" trong khoảng 16 phút, lần lượt qua 3 chặng: khởi động → rèn luyện → bứt tốc. Đúng từ 10 câu là hoàn thành; đúng từ 12 câu được tính là thành thạo và cộng điểm lên cấp. Tinh thần cấp 5: Xử lý câu phân loại mà không mất nhịp.",Đạt từ 85% mới được tính là vượt thử thách.
NV-1163,PL-VAN-VOC-L5-015,Vượt ải: Từ vựng & nghĩa của từ — cấp 5,Văn,Từ vựng & nghĩa của từ,3,5,Vượt ải,288,"Hoàn thành 14 câu chuyên đề ""Từ vựng & nghĩa của từ"" trong khoảng 16 phút, lần lượt qua 3 chặng: khởi động → rèn luyện → bứt tốc. Đúng từ 10 câu là hoàn thành; đúng từ 13 câu được tính là thành thạo và cộng điểm lên cấp. Tinh thần cấp 5: Xử lý câu phân loại mà không mất nhịp.",Phải đạt từ 90% để mở khóa cấp độ tiếp theo của tuyến này.
NV-1164,PL-VAN-VOC-L6-001,Khởi động: Từ vựng & nghĩa của từ — cấp 6,Văn,Từ vựng & nghĩa của từ,3,6,Khởi động,154,"Hoàn thành 15 câu chuyên đề ""Từ vựng & nghĩa của từ"" trong khoảng 19 phút, lần lượt qua 3 chặng: khởi động → rèn luyện → bứt tốc. Đúng từ 11 câu là hoàn thành; đúng từ 13 câu được tính là thành thạo và cộng điểm lên cấp. Tinh thần cấp 6: Tốc độ và độ chính xác của nhóm dẫn đầu phổ điểm.","Không giới hạn thời gian. Mục tiêu là làm đúng, chưa cần nhanh."
NV-1165,PL-VAN-VOC-L6-002,Rèn kỹ năng: Từ vựng & nghĩa của từ — cấp 6,Văn,Từ vựng & nghĩa của từ,3,6,Rèn kỹ năng,220,"Hoàn thành 15 câu chuyên đề ""Từ vựng & nghĩa của từ"" trong khoảng 15 phút, lần lượt qua 3 chặng: khởi động → rèn luyện → bứt tốc. Đúng từ 11 câu là hoàn thành; đúng từ 13 câu được tính là thành thạo và cộng điểm lên cấp. Tinh thần cấp 6: Tốc độ và độ chính xác của nhóm dẫn đầu phổ điểm.","Hoàn thành đủ 3 chặng trong một lượt, không rời phiếu giữa chừng."
NV-1166,PL-VAN-VOC-L6-003,Tốc độ: Từ vựng & nghĩa của từ — cấp 6,Văn,Từ vựng & nghĩa của từ,3,6,Tốc độ,242,"Hoàn thành 15 câu chuyên đề ""Từ vựng & nghĩa của từ"" trong khoảng 11 phút, lần lượt qua 3 chặng: khởi động → rèn luyện → bứt tốc. Đúng từ 11 câu là hoàn thành; đúng từ 13 câu được tính là thành thạo và cộng điểm lên cấp. Tinh thần cấp 6: Tốc độ và độ chính xác của nhóm dẫn đầu phổ điểm.",Thời gian bị siết còn 75% mức chuẩn. Quá giờ vẫn chấm nhưng không tính thành thạo.
NV-1167,PL-VAN-VOC-L6-004,Chính xác: Từ vựng & nghĩa của từ — cấp 6,Văn,Từ vựng & nghĩa của từ,3,6,Chính xác,242,"Hoàn thành 15 câu chuyên đề ""Từ vựng & nghĩa của từ"" trong khoảng 17 phút, lần lượt qua 3 chặng: khởi động → rèn luyện → bứt tốc. Đúng từ 11 câu là hoàn thành; đúng từ 13 câu được tính là thành thạo và cộng điểm lên cấp. Tinh thần cấp 6: Tốc độ và độ chính xác của nhóm dẫn đầu phổ điểm.",Sai quá 2 câu là phải làm lại phiếu trước khi đi tiếp.
NV-1168,PL-VAN-VOC-L6-005,Tổng hợp: Từ vựng & nghĩa của từ — cấp 6,Văn,Từ vựng & nghĩa của từ,3,6,Tổng hợp,253,"Hoàn thành 15 câu chuyên đề ""Từ vựng & nghĩa của từ"" trong khoảng 15 phút, lần lượt qua 3 chặng: khởi động → rèn luyện → bứt tốc. Đúng từ 11 câu là hoàn thành; đúng từ 13 câu được tính là thành thạo và cộng điểm lên cấp. Tinh thần cấp 6: Tốc độ và độ chính xác của nhóm dẫn đầu phổ điểm.",Không được biết trước dạng bài của từng câu.
NV-1169,PL-VAN-VOC-L6-006,Ôn lại: Từ vựng & nghĩa của từ — cấp 6,Văn,Từ vựng & nghĩa của từ,3,6,Ôn lại,198,"Hoàn thành 15 câu chuyên đề ""Từ vựng & nghĩa của từ"" trong khoảng 17 phút, lần lượt qua 3 chặng: khởi động → rèn luyện → bứt tốc. Đúng từ 11 câu là hoàn thành; đúng từ 13 câu được tính là thành thạo và cộng điểm lên cấp. Tinh thần cấp 6: Tốc độ và độ chính xác của nhóm dẫn đầu phổ điểm.",Nên làm sau buổi học chính ít nhất một ngày.
NV-1170,PL-VAN-VOC-L6-007,Khởi động: Từ vựng & nghĩa của từ — cấp 6,Văn,Từ vựng & nghĩa của từ,3,6,Khởi động,154,"Hoàn thành 15 câu chuyên đề ""Từ vựng & nghĩa của từ"" trong khoảng 19 phút, lần lượt qua 3 chặng: khởi động → rèn luyện → bứt tốc. Đúng từ 11 câu là hoàn thành; đúng từ 13 câu được tính là thành thạo và cộng điểm lên cấp. Tinh thần cấp 6: Tốc độ và độ chính xác của nhóm dẫn đầu phổ điểm.","Không giới hạn thời gian. Mục tiêu là làm đúng, chưa cần nhanh."
NV-1171,PL-VAN-VOC-L6-008,Rèn kỹ năng: Từ vựng & nghĩa của từ — cấp 6,Văn,Từ vựng & nghĩa của từ,3,6,Rèn kỹ năng,220,"Hoàn thành 15 câu chuyên đề ""Từ vựng & nghĩa của từ"" trong khoảng 15 phút, lần lượt qua 3 chặng: khởi động → rèn luyện → bứt tốc. Đúng từ 11 câu là hoàn thành; đúng từ 13 câu được tính là thành thạo và cộng điểm lên cấp. Tinh thần cấp 6: Tốc độ và độ chính xác của nhóm dẫn đầu phổ điểm.","Hoàn thành đủ 3 chặng trong một lượt, không rời phiếu giữa chừng."
NV-1172,PL-VAN-VOC-L6-009,Tốc độ: Từ vựng & nghĩa của từ — cấp 6,Văn,Từ vựng & nghĩa của từ,3,6,Tốc độ,242,"Hoàn thành 15 câu chuyên đề ""Từ vựng & nghĩa của từ"" trong khoảng 11 phút, lần lượt qua 3 chặng: khởi động → rèn luyện → bứt tốc. Đúng từ 11 câu là hoàn thành; đúng từ 13 câu được tính là thành thạo và cộng điểm lên cấp. Tinh thần cấp 6: Tốc độ và độ chính xác của nhóm dẫn đầu phổ điểm.",Thời gian bị siết còn 75% mức chuẩn. Quá giờ vẫn chấm nhưng không tính thành thạo.
NV-1173,PL-VAN-VOC-L6-010,Thử thách: Từ vựng & nghĩa của từ — cấp 6,Văn,Từ vựng & nghĩa của từ,3,6,Thử thách,308,"Hoàn thành 15 câu chuyên đề ""Từ vựng & nghĩa của từ"" trong khoảng 15 phút, lần lượt qua 3 chặng: khởi động → rèn luyện → bứt tốc. Đúng từ 11 câu là hoàn thành; đúng từ 13 câu được tính là thành thạo và cộng điểm lên cấp. Tinh thần cấp 6: Tốc độ và độ chính xác của nhóm dẫn đầu phổ điểm.",Đạt từ 85% mới được tính là vượt thử thách.
NV-1174,PL-VAN-VOC-L6-011,Vượt ải: Từ vựng & nghĩa của từ — cấp 6,Văn,Từ vựng & nghĩa của từ,3,6,Vượt ải,396,"Hoàn thành 15 câu chuyên đề ""Từ vựng & nghĩa của từ"" trong khoảng 14 phút, lần lượt qua 3 chặng: khởi động → rèn luyện → bứt tốc. Đúng từ 11 câu là hoàn thành; đúng từ 14 câu được tính là thành thạo và cộng điểm lên cấp. Tinh thần cấp 6: Tốc độ và độ chính xác của nhóm dẫn đầu phổ điểm.",Phải đạt từ 90% để mở khóa cấp độ tiếp theo của tuyến này.
NV-1175,PL-VAN-RHE-L1-001,Khởi động: Biện pháp tu từ & phong cách — cấp 1,Văn,Biện pháp tu từ & phong cách,1,1,Khởi động,28,"Hoàn thành 8 câu chuyên đề ""Biện pháp tu từ & phong cách"" trong khoảng 10 phút, lần lượt qua 3 chặng: khởi động → rèn luyện → bứt tốc. Đúng từ 6 câu là hoàn thành; đúng từ 7 câu được tính là thành thạo và cộng điểm lên cấp. Tinh thần cấp 1: Nhận diện dạng bài và nhớ lại công thức nền.","Không giới hạn thời gian. Mục tiêu là làm đúng, chưa cần nhanh."
NV-1176,PL-VAN-RHE-L1-002,Rèn kỹ năng: Biện pháp tu từ & phong cách — cấp 1,Văn,Biện pháp tu từ & phong cách,1,1,Rèn kỹ năng,40,"Hoàn thành 8 câu chuyên đề ""Biện pháp tu từ & phong cách"" trong khoảng 8 phút, lần lượt qua 3 chặng: khởi động → rèn luyện → bứt tốc. Đúng từ 6 câu là hoàn thành; đúng từ 7 câu được tính là thành thạo và cộng điểm lên cấp. Tinh thần cấp 1: Nhận diện dạng bài và nhớ lại công thức nền.","Hoàn thành đủ 3 chặng trong một lượt, không rời phiếu giữa chừng."
NV-1177,PL-VAN-RHE-L1-003,Tốc độ: Biện pháp tu từ & phong cách — cấp 1,Văn,Biện pháp tu từ & phong cách,1,1,Tốc độ,44,"Hoàn thành 8 câu chuyên đề ""Biện pháp tu từ & phong cách"" trong khoảng 6 phút, lần lượt qua 3 chặng: khởi động → rèn luyện → bứt tốc. Đúng từ 6 câu là hoàn thành; đúng từ 7 câu được tính là thành thạo và cộng điểm lên cấp. Tinh thần cấp 1: Nhận diện dạng bài và nhớ lại công thức nền.",Thời gian bị siết còn 75% mức chuẩn. Quá giờ vẫn chấm nhưng không tính thành thạo.
NV-1178,PL-VAN-RHE-L1-004,Chính xác: Biện pháp tu từ & phong cách — cấp 1,Văn,Biện pháp tu từ & phong cách,1,1,Chính xác,44,"Hoàn thành 8 câu chuyên đề ""Biện pháp tu từ & phong cách"" trong khoảng 9 phút, lần lượt qua 3 chặng: khởi động → rèn luyện → bứt tốc. Đúng từ 6 câu là hoàn thành; đúng từ 7 câu được tính là thành thạo và cộng điểm lên cấp. Tinh thần cấp 1: Nhận diện dạng bài và nhớ lại công thức nền.",Sai quá 2 câu là phải làm lại phiếu trước khi đi tiếp.
NV-1179,PL-VAN-RHE-L1-005,Tổng hợp: Biện pháp tu từ & phong cách — cấp 1,Văn,Biện pháp tu từ & phong cách,1,1,Tổng hợp,46,"Hoàn thành 8 câu chuyên đề ""Biện pháp tu từ & phong cách"" trong khoảng 8 phút, lần lượt qua 3 chặng: khởi động → rèn luyện → bứt tốc. Đúng từ 6 câu là hoàn thành; đúng từ 7 câu được tính là thành thạo và cộng điểm lên cấp. Tinh thần cấp 1: Nhận diện dạng bài và nhớ lại công thức nền.",Không được biết trước dạng bài của từng câu.
NV-1180,PL-VAN-RHE-L1-006,Ôn lại: Biện pháp tu từ & phong cách — cấp 1,Văn,Biện pháp tu từ & phong cách,1,1,Ôn lại,36,"Hoàn thành 8 câu chuyên đề ""Biện pháp tu từ & phong cách"" trong khoảng 9 phút, lần lượt qua 3 chặng: khởi động → rèn luyện → bứt tốc. Đúng từ 6 câu là hoàn thành; đúng từ 7 câu được tính là thành thạo và cộng điểm lên cấp. Tinh thần cấp 1: Nhận diện dạng bài và nhớ lại công thức nền.",Nên làm sau buổi học chính ít nhất một ngày.
NV-1181,PL-VAN-RHE-L1-007,Khởi động: Biện pháp tu từ & phong cách — cấp 1,Văn,Biện pháp tu từ & phong cách,1,1,Khởi động,28,"Hoàn thành 8 câu chuyên đề ""Biện pháp tu từ & phong cách"" trong khoảng 10 phút, lần lượt qua 3 chặng: khởi động → rèn luyện → bứt tốc. Đúng từ 6 câu là hoàn thành; đúng từ 7 câu được tính là thành thạo và cộng điểm lên cấp. Tinh thần cấp 1: Nhận diện dạng bài và nhớ lại công thức nền.","Không giới hạn thời gian. Mục tiêu là làm đúng, chưa cần nhanh."
NV-1182,PL-VAN-RHE-L1-008,Rèn kỹ năng: Biện pháp tu từ & phong cách — cấp 1,Văn,Biện pháp tu từ & phong cách,1,1,Rèn kỹ năng,40,"Hoàn thành 8 câu chuyên đề ""Biện pháp tu từ & phong cách"" trong khoảng 8 phút, lần lượt qua 3 chặng: khởi động → rèn luyện → bứt tốc. Đúng từ 6 câu là hoàn thành; đúng từ 7 câu được tính là thành thạo và cộng điểm lên cấp. Tinh thần cấp 1: Nhận diện dạng bài và nhớ lại công thức nền.","Hoàn thành đủ 3 chặng trong một lượt, không rời phiếu giữa chừng."
NV-1183,PL-VAN-RHE-L1-009,Tốc độ: Biện pháp tu từ & phong cách — cấp 1,Văn,Biện pháp tu từ & phong cách,1,1,Tốc độ,44,"Hoàn thành 8 câu chuyên đề ""Biện pháp tu từ & phong cách"" trong khoảng 6 phút, lần lượt qua 3 chặng: khởi động → rèn luyện → bứt tốc. Đúng từ 6 câu là hoàn thành; đúng từ 7 câu được tính là thành thạo và cộng điểm lên cấp. Tinh thần cấp 1: Nhận diện dạng bài và nhớ lại công thức nền.",Thời gian bị siết còn 75% mức chuẩn. Quá giờ vẫn chấm nhưng không tính thành thạo.
NV-1184,PL-VAN-RHE-L1-010,Thử thách: Biện pháp tu từ & phong cách — cấp 1,Văn,Biện pháp tu từ & phong cách,1,1,Thử thách,56,"Hoàn thành 8 câu chuyên đề ""Biện pháp tu từ & phong cách"" trong khoảng 8 phút, lần lượt qua 3 chặng: khởi động → rèn luyện → bứt tốc. Đúng từ 6 câu là hoàn thành; đúng từ 7 câu được tính là thành thạo và cộng điểm lên cấp. Tinh thần cấp 1: Nhận diện dạng bài và nhớ lại công thức nền.",Đạt từ 85% mới được tính là vượt thử thách.
NV-1185,PL-VAN-RHE-L1-011,Vượt ải: Biện pháp tu từ & phong cách — cấp 1,Văn,Biện pháp tu từ & phong cách,1,1,Vượt ải,72,"Hoàn thành 8 câu chuyên đề ""Biện pháp tu từ & phong cách"" trong khoảng 8 phút, lần lượt qua 3 chặng: khởi động → rèn luyện → bứt tốc. Đúng từ 6 câu là hoàn thành; đúng từ 8 câu được tính là thành thạo và cộng điểm lên cấp. Tinh thần cấp 1: Nhận diện dạng bài và nhớ lại công thức nền.",Phải đạt từ 90% để mở khóa cấp độ tiếp theo của tuyến này.
NV-1186,PL-VAN-RHE-L2-001,Khởi động: Biện pháp tu từ & phong cách — cấp 2,Văn,Biện pháp tu từ & phong cách,1,2,Khởi động,42,"Hoàn thành 10 câu chuyên đề ""Biện pháp tu từ & phong cách"" trong khoảng 15 phút, lần lượt qua 3 chặng: khởi động → rèn luyện → bứt tốc. Đúng từ 7 câu là hoàn thành; đúng từ 9 câu được tính là thành thạo và cộng điểm lên cấp. Tinh thần cấp 2: Làm đúng dạng chuẩn mà không cần nhìn gợi ý.","Không giới hạn thời gian. Mục tiêu là làm đúng, chưa cần nhanh."
NV-1187,PL-VAN-RHE-L2-002,Rèn kỹ năng: Biện pháp tu từ & phong cách — cấp 2,Văn,Biện pháp tu từ & phong cách,1,2,Rèn kỹ năng,60,"Hoàn thành 10 câu chuyên đề ""Biện pháp tu từ & phong cách"" trong khoảng 12 phút, lần lượt qua 3 chặng: khởi động → rèn luyện → bứt tốc. Đúng từ 7 câu là hoàn thành; đúng từ 9 câu được tính là thành thạo và cộng điểm lên cấp. Tinh thần cấp 2: Làm đúng dạng chuẩn mà không cần nhìn gợi ý.","Hoàn thành đủ 3 chặng trong một lượt, không rời phiếu giữa chừng."
NV-1188,PL-VAN-RHE-L2-003,Tốc độ: Biện pháp tu từ & phong cách — cấp 2,Văn,Biện pháp tu từ & phong cách,1,2,Tốc độ,66,"Hoàn thành 10 câu chuyên đề ""Biện pháp tu từ & phong cách"" trong khoảng 9 phút, lần lượt qua 3 chặng: khởi động → rèn luyện → bứt tốc. Đúng từ 7 câu là hoàn thành; đúng từ 9 câu được tính là thành thạo và cộng điểm lên cấp. Tinh thần cấp 2: Làm đúng dạng chuẩn mà không cần nhìn gợi ý.",Thời gian bị siết còn 75% mức chuẩn. Quá giờ vẫn chấm nhưng không tính thành thạo.
NV-1189,PL-VAN-RHE-L2-004,Chính xác: Biện pháp tu từ & phong cách — cấp 2,Văn,Biện pháp tu từ & phong cách,1,2,Chính xác,66,"Hoàn thành 10 câu chuyên đề ""Biện pháp tu từ & phong cách"" trong khoảng 13 phút, lần lượt qua 3 chặng: khởi động → rèn luyện → bứt tốc. Đúng từ 7 câu là hoàn thành; đúng từ 9 câu được tính là thành thạo và cộng điểm lên cấp. Tinh thần cấp 2: Làm đúng dạng chuẩn mà không cần nhìn gợi ý.",Sai quá 2 câu là phải làm lại phiếu trước khi đi tiếp.
NV-1190,PL-VAN-RHE-L2-005,Tổng hợp: Biện pháp tu từ & phong cách — cấp 2,Văn,Biện pháp tu từ & phong cách,1,2,Tổng hợp,69,"Hoàn thành 10 câu chuyên đề ""Biện pháp tu từ & phong cách"" trong khoảng 12 phút, lần lượt qua 3 chặng: khởi động → rèn luyện → bứt tốc. Đúng từ 7 câu là hoàn thành; đúng từ 9 câu được tính là thành thạo và cộng điểm lên cấp. Tinh thần cấp 2: Làm đúng dạng chuẩn mà không cần nhìn gợi ý.",Không được biết trước dạng bài của từng câu.
NV-1191,PL-VAN-RHE-L2-006,Ôn lại: Biện pháp tu từ & phong cách — cấp 2,Văn,Biện pháp tu từ & phong cách,1,2,Ôn lại,54,"Hoàn thành 10 câu chuyên đề ""Biện pháp tu từ & phong cách"" trong khoảng 13 phút, lần lượt qua 3 chặng: khởi động → rèn luyện → bứt tốc. Đúng từ 7 câu là hoàn thành; đúng từ 9 câu được tính là thành thạo và cộng điểm lên cấp. Tinh thần cấp 2: Làm đúng dạng chuẩn mà không cần nhìn gợi ý.",Nên làm sau buổi học chính ít nhất một ngày.
NV-1192,PL-VAN-RHE-L2-007,Khởi động: Biện pháp tu từ & phong cách — cấp 2,Văn,Biện pháp tu từ & phong cách,1,2,Khởi động,42,"Hoàn thành 10 câu chuyên đề ""Biện pháp tu từ & phong cách"" trong khoảng 15 phút, lần lượt qua 3 chặng: khởi động → rèn luyện → bứt tốc. Đúng từ 7 câu là hoàn thành; đúng từ 9 câu được tính là thành thạo và cộng điểm lên cấp. Tinh thần cấp 2: Làm đúng dạng chuẩn mà không cần nhìn gợi ý.","Không giới hạn thời gian. Mục tiêu là làm đúng, chưa cần nhanh."
NV-1193,PL-VAN-RHE-L2-008,Rèn kỹ năng: Biện pháp tu từ & phong cách — cấp 2,Văn,Biện pháp tu từ & phong cách,1,2,Rèn kỹ năng,60,"Hoàn thành 10 câu chuyên đề ""Biện pháp tu từ & phong cách"" trong khoảng 12 phút, lần lượt qua 3 chặng: khởi động → rèn luyện → bứt tốc. Đúng từ 7 câu là hoàn thành; đúng từ 9 câu được tính là thành thạo và cộng điểm lên cấp. Tinh thần cấp 2: Làm đúng dạng chuẩn mà không cần nhìn gợi ý.","Hoàn thành đủ 3 chặng trong một lượt, không rời phiếu giữa chừng."
NV-1194,PL-VAN-RHE-L2-009,Tốc độ: Biện pháp tu từ & phong cách — cấp 2,Văn,Biện pháp tu từ & phong cách,1,2,Tốc độ,66,"Hoàn thành 10 câu chuyên đề ""Biện pháp tu từ & phong cách"" trong khoảng 9 phút, lần lượt qua 3 chặng: khởi động → rèn luyện → bứt tốc. Đúng từ 7 câu là hoàn thành; đúng từ 9 câu được tính là thành thạo và cộng điểm lên cấp. Tinh thần cấp 2: Làm đúng dạng chuẩn mà không cần nhìn gợi ý.",Thời gian bị siết còn 75% mức chuẩn. Quá giờ vẫn chấm nhưng không tính thành thạo.
NV-1195,PL-VAN-RHE-L2-010,Chính xác: Biện pháp tu từ & phong cách — cấp 2,Văn,Biện pháp tu từ & phong cách,1,2,Chính xác,66,"Hoàn thành 10 câu chuyên đề ""Biện pháp tu từ & phong cách"" trong khoảng 13 phút, lần lượt qua 3 chặng: khởi động → rèn luyện → bứt tốc. Đúng từ 7 câu là hoàn thành; đúng từ 9 câu được tính là thành thạo và cộng điểm lên cấp. Tinh thần cấp 2: Làm đúng dạng chuẩn mà không cần nhìn gợi ý.",Sai quá 2 câu là phải làm lại phiếu trước khi đi tiếp.
NV-1196,PL-VAN-RHE-L2-011,Tổng hợp: Biện pháp tu từ & phong cách — cấp 2,Văn,Biện pháp tu từ & phong cách,1,2,Tổng hợp,69,"Hoàn thành 10 câu chuyên đề ""Biện pháp tu từ & phong cách"" trong khoảng 12 phút, lần lượt qua 3 chặng: khởi động → rèn luyện → bứt tốc. Đúng từ 7 câu là hoàn thành; đúng từ 9 câu được tính là thành thạo và cộng điểm lên cấp. Tinh thần cấp 2: Làm đúng dạng chuẩn mà không cần nhìn gợi ý.",Không được biết trước dạng bài của từng câu.
NV-1197,PL-VAN-RHE-L2-012,Ôn lại: Biện pháp tu từ & phong cách — cấp 2,Văn,Biện pháp tu từ & phong cách,1,2,Ôn lại,54,"Hoàn thành 10 câu chuyên đề ""Biện pháp tu từ & phong cách"" trong khoảng 13 phút, lần lượt qua 3 chặng: khởi động → rèn luyện → bứt tốc. Đúng từ 7 câu là hoàn thành; đúng từ 9 câu được tính là thành thạo và cộng điểm lên cấp. Tinh thần cấp 2: Làm đúng dạng chuẩn mà không cần nhìn gợi ý.",Nên làm sau buổi học chính ít nhất một ngày.
NV-1198,PL-VAN-RHE-L2-013,Thử thách: Biện pháp tu từ & phong cách — cấp 2,Văn,Biện pháp tu từ & phong cách,1,2,Thử thách,84,"Hoàn thành 10 câu chuyên đề ""Biện pháp tu từ & phong cách"" trong khoảng 12 phút, lần lượt qua 3 chặng: khởi động → rèn luyện → bứt tốc. Đúng từ 7 câu là hoàn thành; đúng từ 9 câu được tính là thành thạo và cộng điểm lên cấp. Tinh thần cấp 2: Làm đúng dạng chuẩn mà không cần nhìn gợi ý.",Đạt từ 85% mới được tính là vượt thử thách.
NV-1199,PL-VAN-RHE-L2-014,Vượt ải: Biện pháp tu từ & phong cách — cấp 2,Văn,Biện pháp tu từ & phong cách,1,2,Vượt ải,108,"Hoàn thành 10 câu chuyên đề ""Biện pháp tu từ & phong cách"" trong khoảng 11 phút, lần lượt qua 3 chặng: khởi động → rèn luyện → bứt tốc. Đúng từ 7 câu là hoàn thành; đúng từ 9 câu được tính là thành thạo và cộng điểm lên cấp. Tinh thần cấp 2: Làm đúng dạng chuẩn mà không cần nhìn gợi ý.",Phải đạt từ 90% để mở khóa cấp độ tiếp theo của tuyến này.
NV-1200,PL-VAN-RHE-L3-001,Khởi động: Biện pháp tu từ & phong cách — cấp 3,Văn,Biện pháp tu từ & phong cách,2,3,Khởi động,63,"Hoàn thành 12 câu chuyên đề ""Biện pháp tu từ & phong cách"" trong khoảng 19 phút, lần lượt qua 3 chặng: khởi động → rèn luyện → bứt tốc. Đúng từ 9 câu là hoàn thành; đúng từ 11 câu được tính là thành thạo và cộng điểm lên cấp. Tinh thần cấp 3: Ghép nhiều bước và tránh các bẫy quen thuộc.","Không giới hạn thời gian. Mục tiêu là làm đúng, chưa cần nhanh."
NV-1201,PL-VAN-RHE-L3-002,Rèn kỹ năng: Biện pháp tu từ & phong cách — cấp 3,Văn,Biện pháp tu từ & phong cách,2,3,Rèn kỹ năng,90,"Hoàn thành 12 câu chuyên đề ""Biện pháp tu từ & phong cách"" trong khoảng 15 phút, lần lượt qua 3 chặng: khởi động → rèn luyện → bứt tốc. Đúng từ 9 câu là hoàn thành; đúng từ 11 câu được tính là thành thạo và cộng điểm lên cấp. Tinh thần cấp 3: Ghép nhiều bước và tránh các bẫy quen thuộc.","Hoàn thành đủ 3 chặng trong một lượt, không rời phiếu giữa chừng."
NV-1202,PL-VAN-RHE-L3-003,Tốc độ: Biện pháp tu từ & phong cách — cấp 3,Văn,Biện pháp tu từ & phong cách,2,3,Tốc độ,99,"Hoàn thành 12 câu chuyên đề ""Biện pháp tu từ & phong cách"" trong khoảng 11 phút, lần lượt qua 3 chặng: khởi động → rèn luyện → bứt tốc. Đúng từ 9 câu là hoàn thành; đúng từ 11 câu được tính là thành thạo và cộng điểm lên cấp. Tinh thần cấp 3: Ghép nhiều bước và tránh các bẫy quen thuộc.",Thời gian bị siết còn 75% mức chuẩn. Quá giờ vẫn chấm nhưng không tính thành thạo.
NV-1203,PL-VAN-RHE-L3-004,Chính xác: Biện pháp tu từ & phong cách — cấp 3,Văn,Biện pháp tu từ & phong cách,2,3,Chính xác,99,"Hoàn thành 12 câu chuyên đề ""Biện pháp tu từ & phong cách"" trong khoảng 17 phút, lần lượt qua 3 chặng: khởi động → rèn luyện → bứt tốc. Đúng từ 9 câu là hoàn thành; đúng từ 11 câu được tính là thành thạo và cộng điểm lên cấp. Tinh thần cấp 3: Ghép nhiều bước và tránh các bẫy quen thuộc.",Sai quá 2 câu là phải làm lại phiếu trước khi đi tiếp.
NV-1204,PL-VAN-RHE-L3-005,Tổng hợp: Biện pháp tu từ & phong cách — cấp 3,Văn,Biện pháp tu từ & phong cách,2,3,Tổng hợp,103,"Hoàn thành 12 câu chuyên đề ""Biện pháp tu từ & phong cách"" trong khoảng 15 phút, lần lượt qua 3 chặng: khởi động → rèn luyện → bứt tốc. Đúng từ 9 câu là hoàn thành; đúng từ 11 câu được tính là thành thạo và cộng điểm lên cấp. Tinh thần cấp 3: Ghép nhiều bước và tránh các bẫy quen thuộc.",Không được biết trước dạng bài của từng câu.
NV-1205,PL-VAN-RHE-L3-006,Ôn lại: Biện pháp tu từ & phong cách — cấp 3,Văn,Biện pháp tu từ & phong cách,2,3,Ôn lại,81,"Hoàn thành 12 câu chuyên đề ""Biện pháp tu từ & phong cách"" trong khoảng 17 phút, lần lượt qua 3 chặng: khởi động → rèn luyện → bứt tốc. Đúng từ 9 câu là hoàn thành; đúng từ 11 câu được tính là thành thạo và cộng điểm lên cấp. Tinh thần cấp 3: Ghép nhiều bước và tránh các bẫy quen thuộc.",Nên làm sau buổi học chính ít nhất một ngày.
NV-1206,PL-VAN-RHE-L3-007,Khởi động: Biện pháp tu từ & phong cách — cấp 3,Văn,Biện pháp tu từ & phong cách,2,3,Khởi động,63,"Hoàn thành 12 câu chuyên đề ""Biện pháp tu từ & phong cách"" trong khoảng 19 phút, lần lượt qua 3 chặng: khởi động → rèn luyện → bứt tốc. Đúng từ 9 câu là hoàn thành; đúng từ 11 câu được tính là thành thạo và cộng điểm lên cấp. Tinh thần cấp 3: Ghép nhiều bước và tránh các bẫy quen thuộc.","Không giới hạn thời gian. Mục tiêu là làm đúng, chưa cần nhanh."
NV-1207,PL-VAN-RHE-L3-008,Rèn kỹ năng: Biện pháp tu từ & phong cách — cấp 3,Văn,Biện pháp tu từ & phong cách,2,3,Rèn kỹ năng,90,"Hoàn thành 12 câu chuyên đề ""Biện pháp tu từ & phong cách"" trong khoảng 15 phút, lần lượt qua 3 chặng: khởi động → rèn luyện → bứt tốc. Đúng từ 9 câu là hoàn thành; đúng từ 11 câu được tính là thành thạo và cộng điểm lên cấp. Tinh thần cấp 3: Ghép nhiều bước và tránh các bẫy quen thuộc.","Hoàn thành đủ 3 chặng trong một lượt, không rời phiếu giữa chừng."
NV-1208,PL-VAN-RHE-L3-009,Tốc độ: Biện pháp tu từ & phong cách — cấp 3,Văn,Biện pháp tu từ & phong cách,2,3,Tốc độ,99,"Hoàn thành 12 câu chuyên đề ""Biện pháp tu từ & phong cách"" trong khoảng 11 phút, lần lượt qua 3 chặng: khởi động → rèn luyện → bứt tốc. Đúng từ 9 câu là hoàn thành; đúng từ 11 câu được tính là thành thạo và cộng điểm lên cấp. Tinh thần cấp 3: Ghép nhiều bước và tránh các bẫy quen thuộc.",Thời gian bị siết còn 75% mức chuẩn. Quá giờ vẫn chấm nhưng không tính thành thạo.
NV-1209,PL-VAN-RHE-L3-010,Chính xác: Biện pháp tu từ & phong cách — cấp 3,Văn,Biện pháp tu từ & phong cách,2,3,Chính xác,99,"Hoàn thành 12 câu chuyên đề ""Biện pháp tu từ & phong cách"" trong khoảng 17 phút, lần lượt qua 3 chặng: khởi động → rèn luyện → bứt tốc. Đúng từ 9 câu là hoàn thành; đúng từ 11 câu được tính là thành thạo và cộng điểm lên cấp. Tinh thần cấp 3: Ghép nhiều bước và tránh các bẫy quen thuộc.",Sai quá 2 câu là phải làm lại phiếu trước khi đi tiếp.
NV-1210,PL-VAN-RHE-L3-011,Tổng hợp: Biện pháp tu từ & phong cách — cấp 3,Văn,Biện pháp tu từ & phong cách,2,3,Tổng hợp,103,"Hoàn thành 12 câu chuyên đề ""Biện pháp tu từ & phong cách"" trong khoảng 15 phút, lần lượt qua 3 chặng: khởi động → rèn luyện → bứt tốc. Đúng từ 9 câu là hoàn thành; đúng từ 11 câu được tính là thành thạo và cộng điểm lên cấp. Tinh thần cấp 3: Ghép nhiều bước và tránh các bẫy quen thuộc.",Không được biết trước dạng bài của từng câu.
NV-1211,PL-VAN-RHE-L3-012,Ôn lại: Biện pháp tu từ & phong cách — cấp 3,Văn,Biện pháp tu từ & phong cách,2,3,Ôn lại,81,"Hoàn thành 12 câu chuyên đề ""Biện pháp tu từ & phong cách"" trong khoảng 17 phút, lần lượt qua 3 chặng: khởi động → rèn luyện → bứt tốc. Đúng từ 9 câu là hoàn thành; đúng từ 11 câu được tính là thành thạo và cộng điểm lên cấp. Tinh thần cấp 3: Ghép nhiều bước và tránh các bẫy quen thuộc.",Nên làm sau buổi học chính ít nhất một ngày.
NV-1212,PL-VAN-RHE-L3-013,Khởi động: Biện pháp tu từ & phong cách — cấp 3,Văn,Biện pháp tu từ & phong cách,2,3,Khởi động,63,"Hoàn thành 12 câu chuyên đề ""Biện pháp tu từ & phong cách"" trong khoảng 19 phút, lần lượt qua 3 chặng: khởi động → rèn luyện → bứt tốc. Đúng từ 9 câu là hoàn thành; đúng từ 11 câu được tính là thành thạo và cộng điểm lên cấp. Tinh thần cấp 3: Ghép nhiều bước và tránh các bẫy quen thuộc.","Không giới hạn thời gian. Mục tiêu là làm đúng, chưa cần nhanh."
NV-1213,PL-VAN-RHE-L3-014,Rèn kỹ năng: Biện pháp tu từ & phong cách — cấp 3,Văn,Biện pháp tu từ & phong cách,2,3,Rèn kỹ năng,90,"Hoàn thành 12 câu chuyên đề ""Biện pháp tu từ & phong cách"" trong khoảng 15 phút, lần lượt qua 3 chặng: khởi động → rèn luyện → bứt tốc. Đúng từ 9 câu là hoàn thành; đúng từ 11 câu được tính là thành thạo và cộng điểm lên cấp. Tinh thần cấp 3: Ghép nhiều bước và tránh các bẫy quen thuộc.","Hoàn thành đủ 3 chặng trong một lượt, không rời phiếu giữa chừng."
NV-1214,PL-VAN-RHE-L3-015,Thử thách: Biện pháp tu từ & phong cách — cấp 3,Văn,Biện pháp tu từ & phong cách,2,3,Thử thách,126,"Hoàn thành 12 câu chuyên đề ""Biện pháp tu từ & phong cách"" trong khoảng 15 phút, lần lượt qua 3 chặng: khởi động → rèn luyện → bứt tốc. Đúng từ 9 câu là hoàn thành; đúng từ 11 câu được tính là thành thạo và cộng điểm lên cấp. Tinh thần cấp 3: Ghép nhiều bước và tránh các bẫy quen thuộc.",Đạt từ 85% mới được tính là vượt thử thách.
NV-1215,PL-VAN-RHE-L3-016,Vượt ải: Biện pháp tu từ & phong cách — cấp 3,Văn,Biện pháp tu từ & phong cách,2,3,Vượt ải,162,"Hoàn thành 12 câu chuyên đề ""Biện pháp tu từ & phong cách"" trong khoảng 14 phút, lần lượt qua 3 chặng: khởi động → rèn luyện → bứt tốc. Đúng từ 9 câu là hoàn thành; đúng từ 11 câu được tính là thành thạo và cộng điểm lên cấp. Tinh thần cấp 3: Ghép nhiều bước và tránh các bẫy quen thuộc.",Phải đạt từ 90% để mở khóa cấp độ tiếp theo của tuyến này.
NV-1216,PL-VAN-RHE-L4-001,Khởi động: Biện pháp tu từ & phong cách — cấp 4,Văn,Biện pháp tu từ & phong cách,2,4,Khởi động,84,"Hoàn thành 12 câu chuyên đề ""Biện pháp tu từ & phong cách"" trong khoảng 16 phút, lần lượt qua 3 chặng: khởi động → rèn luyện → bứt tốc. Đúng từ 9 câu là hoàn thành; đúng từ 11 câu được tính là thành thạo và cộng điểm lên cấp. Tinh thần cấp 4: Giữ độ chính xác khi thời gian bắt đầu siết lại.","Không giới hạn thời gian. Mục tiêu là làm đúng, chưa cần nhanh."
NV-1217,PL-VAN-RHE-L4-002,Rèn kỹ năng: Biện pháp tu từ & phong cách — cấp 4,Văn,Biện pháp tu từ & phong cách,2,4,Rèn kỹ năng,120,"Hoàn thành 12 câu chuyên đề ""Biện pháp tu từ & phong cách"" trong khoảng 13 phút, lần lượt qua 3 chặng: khởi động → rèn luyện → bứt tốc. Đúng từ 9 câu là hoàn thành; đúng từ 11 câu được tính là thành thạo và cộng điểm lên cấp. Tinh thần cấp 4: Giữ độ chính xác khi thời gian bắt đầu siết lại.","Hoàn thành đủ 3 chặng trong một lượt, không rời phiếu giữa chừng."
NV-1218,PL-VAN-RHE-L4-003,Tốc độ: Biện pháp tu từ & phong cách — cấp 4,Văn,Biện pháp tu từ & phong cách,2,4,Tốc độ,132,"Hoàn thành 12 câu chuyên đề ""Biện pháp tu từ & phong cách"" trong khoảng 10 phút, lần lượt qua 3 chặng: khởi động → rèn luyện → bứt tốc. Đúng từ 9 câu là hoàn thành; đúng từ 11 câu được tính là thành thạo và cộng điểm lên cấp. Tinh thần cấp 4: Giữ độ chính xác khi thời gian bắt đầu siết lại.",Thời gian bị siết còn 75% mức chuẩn. Quá giờ vẫn chấm nhưng không tính thành thạo.
NV-1219,PL-VAN-RHE-L4-004,Chính xác: Biện pháp tu từ & phong cách — cấp 4,Văn,Biện pháp tu từ & phong cách,2,4,Chính xác,132,"Hoàn thành 12 câu chuyên đề ""Biện pháp tu từ & phong cách"" trong khoảng 15 phút, lần lượt qua 3 chặng: khởi động → rèn luyện → bứt tốc. Đúng từ 9 câu là hoàn thành; đúng từ 11 câu được tính là thành thạo và cộng điểm lên cấp. Tinh thần cấp 4: Giữ độ chính xác khi thời gian bắt đầu siết lại.",Sai quá 2 câu là phải làm lại phiếu trước khi đi tiếp.
NV-1220,PL-VAN-RHE-L4-005,Tổng hợp: Biện pháp tu từ & phong cách — cấp 4,Văn,Biện pháp tu từ & phong cách,2,4,Tổng hợp,138,"Hoàn thành 12 câu chuyên đề ""Biện pháp tu từ & phong cách"" trong khoảng 13 phút, lần lượt qua 3 chặng: khởi động → rèn luyện → bứt tốc. Đúng từ 9 câu là hoàn thành; đúng từ 11 câu được tính là thành thạo và cộng điểm lên cấp. Tinh thần cấp 4: Giữ độ chính xác khi thời gian bắt đầu siết lại.",Không được biết trước dạng bài của từng câu.
NV-1221,PL-VAN-RHE-L4-006,Ôn lại: Biện pháp tu từ & phong cách — cấp 4,Văn,Biện pháp tu từ & phong cách,2,4,Ôn lại,108,"Hoàn thành 12 câu chuyên đề ""Biện pháp tu từ & phong cách"" trong khoảng 14 phút, lần lượt qua 3 chặng: khởi động → rèn luyện → bứt tốc. Đúng từ 9 câu là hoàn thành; đúng từ 11 câu được tính là thành thạo và cộng điểm lên cấp. Tinh thần cấp 4: Giữ độ chính xác khi thời gian bắt đầu siết lại.",Nên làm sau buổi học chính ít nhất một ngày.
NV-1222,PL-VAN-RHE-L4-007,Khởi động: Biện pháp tu từ & phong cách — cấp 4,Văn,Biện pháp tu từ & phong cách,2,4,Khởi động,84,"Hoàn thành 12 câu chuyên đề ""Biện pháp tu từ & phong cách"" trong khoảng 16 phút, lần lượt qua 3 chặng: khởi động → rèn luyện → bứt tốc. Đúng từ 9 câu là hoàn thành; đúng từ 11 câu được tính là thành thạo và cộng điểm lên cấp. Tinh thần cấp 4: Giữ độ chính xác khi thời gian bắt đầu siết lại.","Không giới hạn thời gian. Mục tiêu là làm đúng, chưa cần nhanh."
NV-1223,PL-VAN-RHE-L4-008,Rèn kỹ năng: Biện pháp tu từ & phong cách — cấp 4,Văn,Biện pháp tu từ & phong cách,2,4,Rèn kỹ năng,120,"Hoàn thành 12 câu chuyên đề ""Biện pháp tu từ & phong cách"" trong khoảng 13 phút, lần lượt qua 3 chặng: khởi động → rèn luyện → bứt tốc. Đúng từ 9 câu là hoàn thành; đúng từ 11 câu được tính là thành thạo và cộng điểm lên cấp. Tinh thần cấp 4: Giữ độ chính xác khi thời gian bắt đầu siết lại.","Hoàn thành đủ 3 chặng trong một lượt, không rời phiếu giữa chừng."
NV-1224,PL-VAN-RHE-L4-009,Tốc độ: Biện pháp tu từ & phong cách — cấp 4,Văn,Biện pháp tu từ & phong cách,2,4,Tốc độ,132,"Hoàn thành 12 câu chuyên đề ""Biện pháp tu từ & phong cách"" trong khoảng 10 phút, lần lượt qua 3 chặng: khởi động → rèn luyện → bứt tốc. Đúng từ 9 câu là hoàn thành; đúng từ 11 câu được tính là thành thạo và cộng điểm lên cấp. Tinh thần cấp 4: Giữ độ chính xác khi thời gian bắt đầu siết lại.",Thời gian bị siết còn 75% mức chuẩn. Quá giờ vẫn chấm nhưng không tính thành thạo.
NV-1225,PL-VAN-RHE-L4-010,Chính xác: Biện pháp tu từ & phong cách — cấp 4,Văn,Biện pháp tu từ & phong cách,2,4,Chính xác,132,"Hoàn thành 12 câu chuyên đề ""Biện pháp tu từ & phong cách"" trong khoảng 15 phút, lần lượt qua 3 chặng: khởi động → rèn luyện → bứt tốc. Đúng từ 9 câu là hoàn thành; đúng từ 11 câu được tính là thành thạo và cộng điểm lên cấp. Tinh thần cấp 4: Giữ độ chính xác khi thời gian bắt đầu siết lại.",Sai quá 2 câu là phải làm lại phiếu trước khi đi tiếp.
NV-1226,PL-VAN-RHE-L4-011,Tổng hợp: Biện pháp tu từ & phong cách — cấp 4,Văn,Biện pháp tu từ & phong cách,2,4,Tổng hợp,138,"Hoàn thành 12 câu chuyên đề ""Biện pháp tu từ & phong cách"" trong khoảng 13 phút, lần lượt qua 3 chặng: khởi động → rèn luyện → bứt tốc. Đúng từ 9 câu là hoàn thành; đúng từ 11 câu được tính là thành thạo và cộng điểm lên cấp. Tinh thần cấp 4: Giữ độ chính xác khi thời gian bắt đầu siết lại.",Không được biết trước dạng bài của từng câu.
NV-1227,PL-VAN-RHE-L4-012,Ôn lại: Biện pháp tu từ & phong cách — cấp 4,Văn,Biện pháp tu từ & phong cách,2,4,Ôn lại,108,"Hoàn thành 12 câu chuyên đề ""Biện pháp tu từ & phong cách"" trong khoảng 14 phút, lần lượt qua 3 chặng: khởi động → rèn luyện → bứt tốc. Đúng từ 9 câu là hoàn thành; đúng từ 11 câu được tính là thành thạo và cộng điểm lên cấp. Tinh thần cấp 4: Giữ độ chính xác khi thời gian bắt đầu siết lại.",Nên làm sau buổi học chính ít nhất một ngày.
NV-1228,PL-VAN-RHE-L4-013,Khởi động: Biện pháp tu từ & phong cách — cấp 4,Văn,Biện pháp tu từ & phong cách,2,4,Khởi động,84,"Hoàn thành 12 câu chuyên đề ""Biện pháp tu từ & phong cách"" trong khoảng 16 phút, lần lượt qua 3 chặng: khởi động → rèn luyện → bứt tốc. Đúng từ 9 câu là hoàn thành; đúng từ 11 câu được tính là thành thạo và cộng điểm lên cấp. Tinh thần cấp 4: Giữ độ chính xác khi thời gian bắt đầu siết lại.","Không giới hạn thời gian. Mục tiêu là làm đúng, chưa cần nhanh."
NV-1229,PL-VAN-RHE-L4-014,Rèn kỹ năng: Biện pháp tu từ & phong cách — cấp 4,Văn,Biện pháp tu từ & phong cách,2,4,Rèn kỹ năng,120,"Hoàn thành 12 câu chuyên đề ""Biện pháp tu từ & phong cách"" trong khoảng 13 phút, lần lượt qua 3 chặng: khởi động → rèn luyện → bứt tốc. Đúng từ 9 câu là hoàn thành; đúng từ 11 câu được tính là thành thạo và cộng điểm lên cấp. Tinh thần cấp 4: Giữ độ chính xác khi thời gian bắt đầu siết lại.","Hoàn thành đủ 3 chặng trong một lượt, không rời phiếu giữa chừng."
NV-1230,PL-VAN-RHE-L4-015,Thử thách: Biện pháp tu từ & phong cách — cấp 4,Văn,Biện pháp tu từ & phong cách,2,4,Thử thách,168,"Hoàn thành 12 câu chuyên đề ""Biện pháp tu từ & phong cách"" trong khoảng 13 phút, lần lượt qua 3 chặng: khởi động → rèn luyện → bứt tốc. Đúng từ 9 câu là hoàn thành; đúng từ 11 câu được tính là thành thạo và cộng điểm lên cấp. Tinh thần cấp 4: Giữ độ chính xác khi thời gian bắt đầu siết lại.",Đạt từ 85% mới được tính là vượt thử thách.
NV-1231,PL-VAN-RHE-L4-016,Vượt ải: Biện pháp tu từ & phong cách — cấp 4,Văn,Biện pháp tu từ & phong cách,2,4,Vượt ải,216,"Hoàn thành 12 câu chuyên đề ""Biện pháp tu từ & phong cách"" trong khoảng 12 phút, lần lượt qua 3 chặng: khởi động → rèn luyện → bứt tốc. Đúng từ 9 câu là hoàn thành; đúng từ 11 câu được tính là thành thạo và cộng điểm lên cấp. Tinh thần cấp 4: Giữ độ chính xác khi thời gian bắt đầu siết lại.",Phải đạt từ 90% để mở khóa cấp độ tiếp theo của tuyến này.
NV-1232,PL-VAN-RHE-L5-001,Khởi động: Biện pháp tu từ & phong cách — cấp 5,Văn,Biện pháp tu từ & phong cách,3,5,Khởi động,112,"Hoàn thành 14 câu chuyên đề ""Biện pháp tu từ & phong cách"" trong khoảng 20 phút, lần lượt qua 3 chặng: khởi động → rèn luyện → bứt tốc. Đúng từ 10 câu là hoàn thành; đúng từ 12 câu được tính là thành thạo và cộng điểm lên cấp. Tinh thần cấp 5: Xử lý câu phân loại mà không mất nhịp.","Không giới hạn thời gian. Mục tiêu là làm đúng, chưa cần nhanh."
NV-1233,PL-VAN-RHE-L5-002,Rèn kỹ năng: Biện pháp tu từ & phong cách — cấp 5,Văn,Biện pháp tu từ & phong cách,3,5,Rèn kỹ năng,160,"Hoàn thành 14 câu chuyên đề ""Biện pháp tu từ & phong cách"" trong khoảng 16 phút, lần lượt qua 3 chặng: khởi động → rèn luyện → bứt tốc. Đúng từ 10 câu là hoàn thành; đúng từ 12 câu được tính là thành thạo và cộng điểm lên cấp. Tinh thần cấp 5: Xử lý câu phân loại mà không mất nhịp.","Hoàn thành đủ 3 chặng trong một lượt, không rời phiếu giữa chừng."
NV-1234,PL-VAN-RHE-L5-003,Tốc độ: Biện pháp tu từ & phong cách — cấp 5,Văn,Biện pháp tu từ & phong cách,3,5,Tốc độ,176,"Hoàn thành 14 câu chuyên đề ""Biện pháp tu từ & phong cách"" trong khoảng 12 phút, lần lượt qua 3 chặng: khởi động → rèn luyện → bứt tốc. Đúng từ 10 câu là hoàn thành; đúng từ 12 câu được tính là thành thạo và cộng điểm lên cấp. Tinh thần cấp 5: Xử lý câu phân loại mà không mất nhịp.",Thời gian bị siết còn 75% mức chuẩn. Quá giờ vẫn chấm nhưng không tính thành thạo.
NV-1235,PL-VAN-RHE-L5-004,Chính xác: Biện pháp tu từ & phong cách — cấp 5,Văn,Biện pháp tu từ & phong cách,3,5,Chính xác,176,"Hoàn thành 14 câu chuyên đề ""Biện pháp tu từ & phong cách"" trong khoảng 19 phút, lần lượt qua 3 chặng: khởi động → rèn luyện → bứt tốc. Đúng từ 10 câu là hoàn thành; đúng từ 12 câu được tính là thành thạo và cộng điểm lên cấp. Tinh thần cấp 5: Xử lý câu phân loại mà không mất nhịp.",Sai quá 2 câu là phải làm lại phiếu trước khi đi tiếp.
NV-1236,PL-VAN-RHE-L5-005,Tổng hợp: Biện pháp tu từ & phong cách — cấp 5,Văn,Biện pháp tu từ & phong cách,3,5,Tổng hợp,184,"Hoàn thành 14 câu chuyên đề ""Biện pháp tu từ & phong cách"" trong khoảng 16 phút, lần lượt qua 3 chặng: khởi động → rèn luyện → bứt tốc. Đúng từ 10 câu là hoàn thành; đúng từ 12 câu được tính là thành thạo và cộng điểm lên cấp. Tinh thần cấp 5: Xử lý câu phân loại mà không mất nhịp.",Không được biết trước dạng bài của từng câu.
NV-1237,PL-VAN-RHE-L5-006,Ôn lại: Biện pháp tu từ & phong cách — cấp 5,Văn,Biện pháp tu từ & phong cách,3,5,Ôn lại,144,"Hoàn thành 14 câu chuyên đề ""Biện pháp tu từ & phong cách"" trong khoảng 18 phút, lần lượt qua 3 chặng: khởi động → rèn luyện → bứt tốc. Đúng từ 10 câu là hoàn thành; đúng từ 12 câu được tính là thành thạo và cộng điểm lên cấp. Tinh thần cấp 5: Xử lý câu phân loại mà không mất nhịp.",Nên làm sau buổi học chính ít nhất một ngày.
NV-1238,PL-VAN-RHE-L5-007,Khởi động: Biện pháp tu từ & phong cách — cấp 5,Văn,Biện pháp tu từ & phong cách,3,5,Khởi động,112,"Hoàn thành 14 câu chuyên đề ""Biện pháp tu từ & phong cách"" trong khoảng 20 phút, lần lượt qua 3 chặng: khởi động → rèn luyện → bứt tốc. Đúng từ 10 câu là hoàn thành; đúng từ 12 câu được tính là thành thạo và cộng điểm lên cấp. Tinh thần cấp 5: Xử lý câu phân loại mà không mất nhịp.","Không giới hạn thời gian. Mục tiêu là làm đúng, chưa cần nhanh."
NV-1239,PL-VAN-RHE-L5-008,Rèn kỹ năng: Biện pháp tu từ & phong cách — cấp 5,Văn,Biện pháp tu từ & phong cách,3,5,Rèn kỹ năng,160,"Hoàn thành 14 câu chuyên đề ""Biện pháp tu từ & phong cách"" trong khoảng 16 phút, lần lượt qua 3 chặng: khởi động → rèn luyện → bứt tốc. Đúng từ 10 câu là hoàn thành; đúng từ 12 câu được tính là thành thạo và cộng điểm lên cấp. Tinh thần cấp 5: Xử lý câu phân loại mà không mất nhịp.","Hoàn thành đủ 3 chặng trong một lượt, không rời phiếu giữa chừng."
NV-1240,PL-VAN-RHE-L5-009,Tốc độ: Biện pháp tu từ & phong cách — cấp 5,Văn,Biện pháp tu từ & phong cách,3,5,Tốc độ,176,"Hoàn thành 14 câu chuyên đề ""Biện pháp tu từ & phong cách"" trong khoảng 12 phút, lần lượt qua 3 chặng: khởi động → rèn luyện → bứt tốc. Đúng từ 10 câu là hoàn thành; đúng từ 12 câu được tính là thành thạo và cộng điểm lên cấp. Tinh thần cấp 5: Xử lý câu phân loại mà không mất nhịp.",Thời gian bị siết còn 75% mức chuẩn. Quá giờ vẫn chấm nhưng không tính thành thạo.
NV-1241,PL-VAN-RHE-L5-010,Chính xác: Biện pháp tu từ & phong cách — cấp 5,Văn,Biện pháp tu từ & phong cách,3,5,Chính xác,176,"Hoàn thành 14 câu chuyên đề ""Biện pháp tu từ & phong cách"" trong khoảng 19 phút, lần lượt qua 3 chặng: khởi động → rèn luyện → bứt tốc. Đúng từ 10 câu là hoàn thành; đúng từ 12 câu được tính là thành thạo và cộng điểm lên cấp. Tinh thần cấp 5: Xử lý câu phân loại mà không mất nhịp.",Sai quá 2 câu là phải làm lại phiếu trước khi đi tiếp.
NV-1242,PL-VAN-RHE-L5-011,Tổng hợp: Biện pháp tu từ & phong cách — cấp 5,Văn,Biện pháp tu từ & phong cách,3,5,Tổng hợp,184,"Hoàn thành 14 câu chuyên đề ""Biện pháp tu từ & phong cách"" trong khoảng 16 phút, lần lượt qua 3 chặng: khởi động → rèn luyện → bứt tốc. Đúng từ 10 câu là hoàn thành; đúng từ 12 câu được tính là thành thạo và cộng điểm lên cấp. Tinh thần cấp 5: Xử lý câu phân loại mà không mất nhịp.",Không được biết trước dạng bài của từng câu.
NV-1243,PL-VAN-RHE-L5-012,Thử thách: Biện pháp tu từ & phong cách — cấp 5,Văn,Biện pháp tu từ & phong cách,3,5,Thử thách,224,"Hoàn thành 14 câu chuyên đề ""Biện pháp tu từ & phong cách"" trong khoảng 16 phút, lần lượt qua 3 chặng: khởi động → rèn luyện → bứt tốc. Đúng từ 10 câu là hoàn thành; đúng từ 12 câu được tính là thành thạo và cộng điểm lên cấp. Tinh thần cấp 5: Xử lý câu phân loại mà không mất nhịp.",Đạt từ 85% mới được tính là vượt thử thách.
NV-1244,PL-VAN-RHE-L5-013,Vượt ải: Biện pháp tu từ & phong cách — cấp 5,Văn,Biện pháp tu từ & phong cách,3,5,Vượt ải,288,"Hoàn thành 14 câu chuyên đề ""Biện pháp tu từ & phong cách"" trong khoảng 16 phút, lần lượt qua 3 chặng: khởi động → rèn luyện → bứt tốc. Đúng từ 10 câu là hoàn thành; đúng từ 13 câu được tính là thành thạo và cộng điểm lên cấp. Tinh thần cấp 5: Xử lý câu phân loại mà không mất nhịp.",Phải đạt từ 90% để mở khóa cấp độ tiếp theo của tuyến này.
NV-1245,PL-VAN-RHE-L6-001,Khởi động: Biện pháp tu từ & phong cách — cấp 6,Văn,Biện pháp tu từ & phong cách,3,6,Khởi động,154,"Hoàn thành 15 câu chuyên đề ""Biện pháp tu từ & phong cách"" trong khoảng 19 phút, lần lượt qua 3 chặng: khởi động → rèn luyện → bứt tốc. Đúng từ 11 câu là hoàn thành; đúng từ 13 câu được tính là thành thạo và cộng điểm lên cấp. Tinh thần cấp 6: Tốc độ và độ chính xác của nhóm dẫn đầu phổ điểm.","Không giới hạn thời gian. Mục tiêu là làm đúng, chưa cần nhanh."
NV-1246,PL-VAN-RHE-L6-002,Rèn kỹ năng: Biện pháp tu từ & phong cách — cấp 6,Văn,Biện pháp tu từ & phong cách,3,6,Rèn kỹ năng,220,"Hoàn thành 15 câu chuyên đề ""Biện pháp tu từ & phong cách"" trong khoảng 15 phút, lần lượt qua 3 chặng: khởi động → rèn luyện → bứt tốc. Đúng từ 11 câu là hoàn thành; đúng từ 13 câu được tính là thành thạo và cộng điểm lên cấp. Tinh thần cấp 6: Tốc độ và độ chính xác của nhóm dẫn đầu phổ điểm.","Hoàn thành đủ 3 chặng trong một lượt, không rời phiếu giữa chừng."
NV-1247,PL-VAN-RHE-L6-003,Tốc độ: Biện pháp tu từ & phong cách — cấp 6,Văn,Biện pháp tu từ & phong cách,3,6,Tốc độ,242,"Hoàn thành 15 câu chuyên đề ""Biện pháp tu từ & phong cách"" trong khoảng 11 phút, lần lượt qua 3 chặng: khởi động → rèn luyện → bứt tốc. Đúng từ 11 câu là hoàn thành; đúng từ 13 câu được tính là thành thạo và cộng điểm lên cấp. Tinh thần cấp 6: Tốc độ và độ chính xác của nhóm dẫn đầu phổ điểm.",Thời gian bị siết còn 75% mức chuẩn. Quá giờ vẫn chấm nhưng không tính thành thạo.
NV-1248,PL-VAN-RHE-L6-004,Chính xác: Biện pháp tu từ & phong cách — cấp 6,Văn,Biện pháp tu từ & phong cách,3,6,Chính xác,242,"Hoàn thành 15 câu chuyên đề ""Biện pháp tu từ & phong cách"" trong khoảng 17 phút, lần lượt qua 3 chặng: khởi động → rèn luyện → bứt tốc. Đúng từ 11 câu là hoàn thành; đúng từ 13 câu được tính là thành thạo và cộng điểm lên cấp. Tinh thần cấp 6: Tốc độ và độ chính xác của nhóm dẫn đầu phổ điểm.",Sai quá 2 câu là phải làm lại phiếu trước khi đi tiếp.
NV-1249,PL-VAN-RHE-L6-005,Tổng hợp: Biện pháp tu từ & phong cách — cấp 6,Văn,Biện pháp tu từ & phong cách,3,6,Tổng hợp,253,"Hoàn thành 15 câu chuyên đề ""Biện pháp tu từ & phong cách"" trong khoảng 15 phút, lần lượt qua 3 chặng: khởi động → rèn luyện → bứt tốc. Đúng từ 11 câu là hoàn thành; đúng từ 13 câu được tính là thành thạo và cộng điểm lên cấp. Tinh thần cấp 6: Tốc độ và độ chính xác của nhóm dẫn đầu phổ điểm.",Không được biết trước dạng bài của từng câu.
NV-1250,PL-VAN-RHE-L6-006,Ôn lại: Biện pháp tu từ & phong cách — cấp 6,Văn,Biện pháp tu từ & phong cách,3,6,Ôn lại,198,"Hoàn thành 15 câu chuyên đề ""Biện pháp tu từ & phong cách"" trong khoảng 17 phút, lần lượt qua 3 chặng: khởi động → rèn luyện → bứt tốc. Đúng từ 11 câu là hoàn thành; đúng từ 13 câu được tính là thành thạo và cộng điểm lên cấp. Tinh thần cấp 6: Tốc độ và độ chính xác của nhóm dẫn đầu phổ điểm.",Nên làm sau buổi học chính ít nhất một ngày.
NV-1251,PL-VAN-RHE-L6-007,Khởi động: Biện pháp tu từ & phong cách — cấp 6,Văn,Biện pháp tu từ & phong cách,3,6,Khởi động,154,"Hoàn thành 15 câu chuyên đề ""Biện pháp tu từ & phong cách"" trong khoảng 19 phút, lần lượt qua 3 chặng: khởi động → rèn luyện → bứt tốc. Đúng từ 11 câu là hoàn thành; đúng từ 13 câu được tính là thành thạo và cộng điểm lên cấp. Tinh thần cấp 6: Tốc độ và độ chính xác của nhóm dẫn đầu phổ điểm.","Không giới hạn thời gian. Mục tiêu là làm đúng, chưa cần nhanh."
NV-1252,PL-VAN-RHE-L6-008,Rèn kỹ năng: Biện pháp tu từ & phong cách — cấp 6,Văn,Biện pháp tu từ & phong cách,3,6,Rèn kỹ năng,220,"Hoàn thành 15 câu chuyên đề ""Biện pháp tu từ & phong cách"" trong khoảng 15 phút, lần lượt qua 3 chặng: khởi động → rèn luyện → bứt tốc. Đúng từ 11 câu là hoàn thành; đúng từ 13 câu được tính là thành thạo và cộng điểm lên cấp. Tinh thần cấp 6: Tốc độ và độ chính xác của nhóm dẫn đầu phổ điểm.","Hoàn thành đủ 3 chặng trong một lượt, không rời phiếu giữa chừng."
NV-1253,PL-VAN-RHE-L6-009,Thử thách: Biện pháp tu từ & phong cách — cấp 6,Văn,Biện pháp tu từ & phong cách,3,6,Thử thách,308,"Hoàn thành 15 câu chuyên đề ""Biện pháp tu từ & phong cách"" trong khoảng 15 phút, lần lượt qua 3 chặng: khởi động → rèn luyện → bứt tốc. Đúng từ 11 câu là hoàn thành; đúng từ 13 câu được tính là thành thạo và cộng điểm lên cấp. Tinh thần cấp 6: Tốc độ và độ chính xác của nhóm dẫn đầu phổ điểm.",Đạt từ 85% mới được tính là vượt thử thách.
NV-1254,PL-VAN-RHE-L6-010,Vượt ải: Biện pháp tu từ & phong cách — cấp 6,Văn,Biện pháp tu từ & phong cách,3,6,Vượt ải,396,"Hoàn thành 15 câu chuyên đề ""Biện pháp tu từ & phong cách"" trong khoảng 14 phút, lần lượt qua 3 chặng: khởi động → rèn luyện → bứt tốc. Đúng từ 11 câu là hoàn thành; đúng từ 14 câu được tính là thành thạo và cộng điểm lên cấp. Tinh thần cấp 6: Tốc độ và độ chính xác của nhóm dẫn đầu phổ điểm.",Phải đạt từ 90% để mở khóa cấp độ tiếp theo của tuyến này.
NV-1255,PL-VAN-LOG-L1-001,Khởi động: Suy luận ngôn ngữ & liên kết ý — cấp 1,Văn,Suy luận ngôn ngữ & liên kết ý,1,1,Khởi động,28,"Hoàn thành 8 câu chuyên đề ""Suy luận ngôn ngữ & liên kết ý"" trong khoảng 10 phút, lần lượt qua 3 chặng: khởi động → rèn luyện → bứt tốc. Đúng từ 6 câu là hoàn thành; đúng từ 7 câu được tính là thành thạo và cộng điểm lên cấp. Tinh thần cấp 1: Nhận diện dạng bài và nhớ lại công thức nền.","Không giới hạn thời gian. Mục tiêu là làm đúng, chưa cần nhanh."
NV-1256,PL-VAN-LOG-L1-002,Rèn kỹ năng: Suy luận ngôn ngữ & liên kết ý — cấp 1,Văn,Suy luận ngôn ngữ & liên kết ý,1,1,Rèn kỹ năng,40,"Hoàn thành 8 câu chuyên đề ""Suy luận ngôn ngữ & liên kết ý"" trong khoảng 8 phút, lần lượt qua 3 chặng: khởi động → rèn luyện → bứt tốc. Đúng từ 6 câu là hoàn thành; đúng từ 7 câu được tính là thành thạo và cộng điểm lên cấp. Tinh thần cấp 1: Nhận diện dạng bài và nhớ lại công thức nền.","Hoàn thành đủ 3 chặng trong một lượt, không rời phiếu giữa chừng."
NV-1257,PL-VAN-LOG-L1-003,Tốc độ: Suy luận ngôn ngữ & liên kết ý — cấp 1,Văn,Suy luận ngôn ngữ & liên kết ý,1,1,Tốc độ,44,"Hoàn thành 8 câu chuyên đề ""Suy luận ngôn ngữ & liên kết ý"" trong khoảng 6 phút, lần lượt qua 3 chặng: khởi động → rèn luyện → bứt tốc. Đúng từ 6 câu là hoàn thành; đúng từ 7 câu được tính là thành thạo và cộng điểm lên cấp. Tinh thần cấp 1: Nhận diện dạng bài và nhớ lại công thức nền.",Thời gian bị siết còn 75% mức chuẩn. Quá giờ vẫn chấm nhưng không tính thành thạo.
NV-1258,PL-VAN-LOG-L1-004,Chính xác: Suy luận ngôn ngữ & liên kết ý — cấp 1,Văn,Suy luận ngôn ngữ & liên kết ý,1,1,Chính xác,44,"Hoàn thành 8 câu chuyên đề ""Suy luận ngôn ngữ & liên kết ý"" trong khoảng 9 phút, lần lượt qua 3 chặng: khởi động → rèn luyện → bứt tốc. Đúng từ 6 câu là hoàn thành; đúng từ 7 câu được tính là thành thạo và cộng điểm lên cấp. Tinh thần cấp 1: Nhận diện dạng bài và nhớ lại công thức nền.",Sai quá 2 câu là phải làm lại phiếu trước khi đi tiếp.
NV-1259,PL-VAN-LOG-L1-005,Tổng hợp: Suy luận ngôn ngữ & liên kết ý — cấp 1,Văn,Suy luận ngôn ngữ & liên kết ý,1,1,Tổng hợp,46,"Hoàn thành 8 câu chuyên đề ""Suy luận ngôn ngữ & liên kết ý"" trong khoảng 8 phút, lần lượt qua 3 chặng: khởi động → rèn luyện → bứt tốc. Đúng từ 6 câu là hoàn thành; đúng từ 7 câu được tính là thành thạo và cộng điểm lên cấp. Tinh thần cấp 1: Nhận diện dạng bài và nhớ lại công thức nền.",Không được biết trước dạng bài của từng câu.
NV-1260,PL-VAN-LOG-L1-006,Ôn lại: Suy luận ngôn ngữ & liên kết ý — cấp 1,Văn,Suy luận ngôn ngữ & liên kết ý,1,1,Ôn lại,36,"Hoàn thành 8 câu chuyên đề ""Suy luận ngôn ngữ & liên kết ý"" trong khoảng 9 phút, lần lượt qua 3 chặng: khởi động → rèn luyện → bứt tốc. Đúng từ 6 câu là hoàn thành; đúng từ 7 câu được tính là thành thạo và cộng điểm lên cấp. Tinh thần cấp 1: Nhận diện dạng bài và nhớ lại công thức nền.",Nên làm sau buổi học chính ít nhất một ngày.
NV-1261,PL-VAN-LOG-L1-007,Khởi động: Suy luận ngôn ngữ & liên kết ý — cấp 1,Văn,Suy luận ngôn ngữ & liên kết ý,1,1,Khởi động,28,"Hoàn thành 8 câu chuyên đề ""Suy luận ngôn ngữ & liên kết ý"" trong khoảng 10 phút, lần lượt qua 3 chặng: khởi động → rèn luyện → bứt tốc. Đúng từ 6 câu là hoàn thành; đúng từ 7 câu được tính là thành thạo và cộng điểm lên cấp. Tinh thần cấp 1: Nhận diện dạng bài và nhớ lại công thức nền.","Không giới hạn thời gian. Mục tiêu là làm đúng, chưa cần nhanh."
NV-1262,PL-VAN-LOG-L1-008,Rèn kỹ năng: Suy luận ngôn ngữ & liên kết ý — cấp 1,Văn,Suy luận ngôn ngữ & liên kết ý,1,1,Rèn kỹ năng,40,"Hoàn thành 8 câu chuyên đề ""Suy luận ngôn ngữ & liên kết ý"" trong khoảng 8 phút, lần lượt qua 3 chặng: khởi động → rèn luyện → bứt tốc. Đúng từ 6 câu là hoàn thành; đúng từ 7 câu được tính là thành thạo và cộng điểm lên cấp. Tinh thần cấp 1: Nhận diện dạng bài và nhớ lại công thức nền.","Hoàn thành đủ 3 chặng trong một lượt, không rời phiếu giữa chừng."
NV-1263,PL-VAN-LOG-L1-009,Tốc độ: Suy luận ngôn ngữ & liên kết ý — cấp 1,Văn,Suy luận ngôn ngữ & liên kết ý,1,1,Tốc độ,44,"Hoàn thành 8 câu chuyên đề ""Suy luận ngôn ngữ & liên kết ý"" trong khoảng 6 phút, lần lượt qua 3 chặng: khởi động → rèn luyện → bứt tốc. Đúng từ 6 câu là hoàn thành; đúng từ 7 câu được tính là thành thạo và cộng điểm lên cấp. Tinh thần cấp 1: Nhận diện dạng bài và nhớ lại công thức nền.",Thời gian bị siết còn 75% mức chuẩn. Quá giờ vẫn chấm nhưng không tính thành thạo.
NV-1264,PL-VAN-LOG-L1-010,Thử thách: Suy luận ngôn ngữ & liên kết ý — cấp 1,Văn,Suy luận ngôn ngữ & liên kết ý,1,1,Thử thách,56,"Hoàn thành 8 câu chuyên đề ""Suy luận ngôn ngữ & liên kết ý"" trong khoảng 8 phút, lần lượt qua 3 chặng: khởi động → rèn luyện → bứt tốc. Đúng từ 6 câu là hoàn thành; đúng từ 7 câu được tính là thành thạo và cộng điểm lên cấp. Tinh thần cấp 1: Nhận diện dạng bài và nhớ lại công thức nền.",Đạt từ 85% mới được tính là vượt thử thách.
NV-1265,PL-VAN-LOG-L1-011,Vượt ải: Suy luận ngôn ngữ & liên kết ý — cấp 1,Văn,Suy luận ngôn ngữ & liên kết ý,1,1,Vượt ải,72,"Hoàn thành 8 câu chuyên đề ""Suy luận ngôn ngữ & liên kết ý"" trong khoảng 8 phút, lần lượt qua 3 chặng: khởi động → rèn luyện → bứt tốc. Đúng từ 6 câu là hoàn thành; đúng từ 8 câu được tính là thành thạo và cộng điểm lên cấp. Tinh thần cấp 1: Nhận diện dạng bài và nhớ lại công thức nền.",Phải đạt từ 90% để mở khóa cấp độ tiếp theo của tuyến này.
NV-1266,PL-VAN-LOG-L2-001,Khởi động: Suy luận ngôn ngữ & liên kết ý — cấp 2,Văn,Suy luận ngôn ngữ & liên kết ý,1,2,Khởi động,42,"Hoàn thành 10 câu chuyên đề ""Suy luận ngôn ngữ & liên kết ý"" trong khoảng 15 phút, lần lượt qua 3 chặng: khởi động → rèn luyện → bứt tốc. Đúng từ 7 câu là hoàn thành; đúng từ 9 câu được tính là thành thạo và cộng điểm lên cấp. Tinh thần cấp 2: Làm đúng dạng chuẩn mà không cần nhìn gợi ý.","Không giới hạn thời gian. Mục tiêu là làm đúng, chưa cần nhanh."
NV-1267,PL-VAN-LOG-L2-002,Rèn kỹ năng: Suy luận ngôn ngữ & liên kết ý — cấp 2,Văn,Suy luận ngôn ngữ & liên kết ý,1,2,Rèn kỹ năng,60,"Hoàn thành 10 câu chuyên đề ""Suy luận ngôn ngữ & liên kết ý"" trong khoảng 12 phút, lần lượt qua 3 chặng: khởi động → rèn luyện → bứt tốc. Đúng từ 7 câu là hoàn thành; đúng từ 9 câu được tính là thành thạo và cộng điểm lên cấp. Tinh thần cấp 2: Làm đúng dạng chuẩn mà không cần nhìn gợi ý.","Hoàn thành đủ 3 chặng trong một lượt, không rời phiếu giữa chừng."
NV-1268,PL-VAN-LOG-L2-003,Tốc độ: Suy luận ngôn ngữ & liên kết ý — cấp 2,Văn,Suy luận ngôn ngữ & liên kết ý,1,2,Tốc độ,66,"Hoàn thành 10 câu chuyên đề ""Suy luận ngôn ngữ & liên kết ý"" trong khoảng 9 phút, lần lượt qua 3 chặng: khởi động → rèn luyện → bứt tốc. Đúng từ 7 câu là hoàn thành; đúng từ 9 câu được tính là thành thạo và cộng điểm lên cấp. Tinh thần cấp 2: Làm đúng dạng chuẩn mà không cần nhìn gợi ý.",Thời gian bị siết còn 75% mức chuẩn. Quá giờ vẫn chấm nhưng không tính thành thạo.
NV-1269,PL-VAN-LOG-L2-004,Chính xác: Suy luận ngôn ngữ & liên kết ý — cấp 2,Văn,Suy luận ngôn ngữ & liên kết ý,1,2,Chính xác,66,"Hoàn thành 10 câu chuyên đề ""Suy luận ngôn ngữ & liên kết ý"" trong khoảng 13 phút, lần lượt qua 3 chặng: khởi động → rèn luyện → bứt tốc. Đúng từ 7 câu là hoàn thành; đúng từ 9 câu được tính là thành thạo và cộng điểm lên cấp. Tinh thần cấp 2: Làm đúng dạng chuẩn mà không cần nhìn gợi ý.",Sai quá 2 câu là phải làm lại phiếu trước khi đi tiếp.
NV-1270,PL-VAN-LOG-L2-005,Tổng hợp: Suy luận ngôn ngữ & liên kết ý — cấp 2,Văn,Suy luận ngôn ngữ & liên kết ý,1,2,Tổng hợp,69,"Hoàn thành 10 câu chuyên đề ""Suy luận ngôn ngữ & liên kết ý"" trong khoảng 12 phút, lần lượt qua 3 chặng: khởi động → rèn luyện → bứt tốc. Đúng từ 7 câu là hoàn thành; đúng từ 9 câu được tính là thành thạo và cộng điểm lên cấp. Tinh thần cấp 2: Làm đúng dạng chuẩn mà không cần nhìn gợi ý.",Không được biết trước dạng bài của từng câu.
NV-1271,PL-VAN-LOG-L2-006,Ôn lại: Suy luận ngôn ngữ & liên kết ý — cấp 2,Văn,Suy luận ngôn ngữ & liên kết ý,1,2,Ôn lại,54,"Hoàn thành 10 câu chuyên đề ""Suy luận ngôn ngữ & liên kết ý"" trong khoảng 13 phút, lần lượt qua 3 chặng: khởi động → rèn luyện → bứt tốc. Đúng từ 7 câu là hoàn thành; đúng từ 9 câu được tính là thành thạo và cộng điểm lên cấp. Tinh thần cấp 2: Làm đúng dạng chuẩn mà không cần nhìn gợi ý.",Nên làm sau buổi học chính ít nhất một ngày.
NV-1272,PL-VAN-LOG-L2-007,Khởi động: Suy luận ngôn ngữ & liên kết ý — cấp 2,Văn,Suy luận ngôn ngữ & liên kết ý,1,2,Khởi động,42,"Hoàn thành 10 câu chuyên đề ""Suy luận ngôn ngữ & liên kết ý"" trong khoảng 15 phút, lần lượt qua 3 chặng: khởi động → rèn luyện → bứt tốc. Đúng từ 7 câu là hoàn thành; đúng từ 9 câu được tính là thành thạo và cộng điểm lên cấp. Tinh thần cấp 2: Làm đúng dạng chuẩn mà không cần nhìn gợi ý.","Không giới hạn thời gian. Mục tiêu là làm đúng, chưa cần nhanh."
NV-1273,PL-VAN-LOG-L2-008,Rèn kỹ năng: Suy luận ngôn ngữ & liên kết ý — cấp 2,Văn,Suy luận ngôn ngữ & liên kết ý,1,2,Rèn kỹ năng,60,"Hoàn thành 10 câu chuyên đề ""Suy luận ngôn ngữ & liên kết ý"" trong khoảng 12 phút, lần lượt qua 3 chặng: khởi động → rèn luyện → bứt tốc. Đúng từ 7 câu là hoàn thành; đúng từ 9 câu được tính là thành thạo và cộng điểm lên cấp. Tinh thần cấp 2: Làm đúng dạng chuẩn mà không cần nhìn gợi ý.","Hoàn thành đủ 3 chặng trong một lượt, không rời phiếu giữa chừng."
NV-1274,PL-VAN-LOG-L2-009,Tốc độ: Suy luận ngôn ngữ & liên kết ý — cấp 2,Văn,Suy luận ngôn ngữ & liên kết ý,1,2,Tốc độ,66,"Hoàn thành 10 câu chuyên đề ""Suy luận ngôn ngữ & liên kết ý"" trong khoảng 9 phút, lần lượt qua 3 chặng: khởi động → rèn luyện → bứt tốc. Đúng từ 7 câu là hoàn thành; đúng từ 9 câu được tính là thành thạo và cộng điểm lên cấp. Tinh thần cấp 2: Làm đúng dạng chuẩn mà không cần nhìn gợi ý.",Thời gian bị siết còn 75% mức chuẩn. Quá giờ vẫn chấm nhưng không tính thành thạo.
NV-1275,PL-VAN-LOG-L2-010,Chính xác: Suy luận ngôn ngữ & liên kết ý — cấp 2,Văn,Suy luận ngôn ngữ & liên kết ý,1,2,Chính xác,66,"Hoàn thành 10 câu chuyên đề ""Suy luận ngôn ngữ & liên kết ý"" trong khoảng 13 phút, lần lượt qua 3 chặng: khởi động → rèn luyện → bứt tốc. Đúng từ 7 câu là hoàn thành; đúng từ 9 câu được tính là thành thạo và cộng điểm lên cấp. Tinh thần cấp 2: Làm đúng dạng chuẩn mà không cần nhìn gợi ý.",Sai quá 2 câu là phải làm lại phiếu trước khi đi tiếp.
NV-1276,PL-VAN-LOG-L2-011,Tổng hợp: Suy luận ngôn ngữ & liên kết ý — cấp 2,Văn,Suy luận ngôn ngữ & liên kết ý,1,2,Tổng hợp,69,"Hoàn thành 10 câu chuyên đề ""Suy luận ngôn ngữ & liên kết ý"" trong khoảng 12 phút, lần lượt qua 3 chặng: khởi động → rèn luyện → bứt tốc. Đúng từ 7 câu là hoàn thành; đúng từ 9 câu được tính là thành thạo và cộng điểm lên cấp. Tinh thần cấp 2: Làm đúng dạng chuẩn mà không cần nhìn gợi ý.",Không được biết trước dạng bài của từng câu.
NV-1277,PL-VAN-LOG-L2-012,Ôn lại: Suy luận ngôn ngữ & liên kết ý — cấp 2,Văn,Suy luận ngôn ngữ & liên kết ý,1,2,Ôn lại,54,"Hoàn thành 10 câu chuyên đề ""Suy luận ngôn ngữ & liên kết ý"" trong khoảng 13 phút, lần lượt qua 3 chặng: khởi động → rèn luyện → bứt tốc. Đúng từ 7 câu là hoàn thành; đúng từ 9 câu được tính là thành thạo và cộng điểm lên cấp. Tinh thần cấp 2: Làm đúng dạng chuẩn mà không cần nhìn gợi ý.",Nên làm sau buổi học chính ít nhất một ngày.
NV-1278,PL-VAN-LOG-L2-013,Thử thách: Suy luận ngôn ngữ & liên kết ý — cấp 2,Văn,Suy luận ngôn ngữ & liên kết ý,1,2,Thử thách,84,"Hoàn thành 10 câu chuyên đề ""Suy luận ngôn ngữ & liên kết ý"" trong khoảng 12 phút, lần lượt qua 3 chặng: khởi động → rèn luyện → bứt tốc. Đúng từ 7 câu là hoàn thành; đúng từ 9 câu được tính là thành thạo và cộng điểm lên cấp. Tinh thần cấp 2: Làm đúng dạng chuẩn mà không cần nhìn gợi ý.",Đạt từ 85% mới được tính là vượt thử thách.
NV-1279,PL-VAN-LOG-L2-014,Vượt ải: Suy luận ngôn ngữ & liên kết ý — cấp 2,Văn,Suy luận ngôn ngữ & liên kết ý,1,2,Vượt ải,108,"Hoàn thành 10 câu chuyên đề ""Suy luận ngôn ngữ & liên kết ý"" trong khoảng 11 phút, lần lượt qua 3 chặng: khởi động → rèn luyện → bứt tốc. Đúng từ 7 câu là hoàn thành; đúng từ 9 câu được tính là thành thạo và cộng điểm lên cấp. Tinh thần cấp 2: Làm đúng dạng chuẩn mà không cần nhìn gợi ý.",Phải đạt từ 90% để mở khóa cấp độ tiếp theo của tuyến này.
NV-1280,PL-VAN-LOG-L3-001,Khởi động: Suy luận ngôn ngữ & liên kết ý — cấp 3,Văn,Suy luận ngôn ngữ & liên kết ý,2,3,Khởi động,63,"Hoàn thành 12 câu chuyên đề ""Suy luận ngôn ngữ & liên kết ý"" trong khoảng 19 phút, lần lượt qua 3 chặng: khởi động → rèn luyện → bứt tốc. Đúng từ 9 câu là hoàn thành; đúng từ 11 câu được tính là thành thạo và cộng điểm lên cấp. Tinh thần cấp 3: Ghép nhiều bước và tránh các bẫy quen thuộc.","Không giới hạn thời gian. Mục tiêu là làm đúng, chưa cần nhanh."
NV-1281,PL-VAN-LOG-L3-002,Rèn kỹ năng: Suy luận ngôn ngữ & liên kết ý — cấp 3,Văn,Suy luận ngôn ngữ & liên kết ý,2,3,Rèn kỹ năng,90,"Hoàn thành 12 câu chuyên đề ""Suy luận ngôn ngữ & liên kết ý"" trong khoảng 15 phút, lần lượt qua 3 chặng: khởi động → rèn luyện → bứt tốc. Đúng từ 9 câu là hoàn thành; đúng từ 11 câu được tính là thành thạo và cộng điểm lên cấp. Tinh thần cấp 3: Ghép nhiều bước và tránh các bẫy quen thuộc.","Hoàn thành đủ 3 chặng trong một lượt, không rời phiếu giữa chừng."
NV-1282,PL-VAN-LOG-L3-003,Tốc độ: Suy luận ngôn ngữ & liên kết ý — cấp 3,Văn,Suy luận ngôn ngữ & liên kết ý,2,3,Tốc độ,99,"Hoàn thành 12 câu chuyên đề ""Suy luận ngôn ngữ & liên kết ý"" trong khoảng 11 phút, lần lượt qua 3 chặng: khởi động → rèn luyện → bứt tốc. Đúng từ 9 câu là hoàn thành; đúng từ 11 câu được tính là thành thạo và cộng điểm lên cấp. Tinh thần cấp 3: Ghép nhiều bước và tránh các bẫy quen thuộc.",Thời gian bị siết còn 75% mức chuẩn. Quá giờ vẫn chấm nhưng không tính thành thạo.
NV-1283,PL-VAN-LOG-L3-004,Chính xác: Suy luận ngôn ngữ & liên kết ý — cấp 3,Văn,Suy luận ngôn ngữ & liên kết ý,2,3,Chính xác,99,"Hoàn thành 12 câu chuyên đề ""Suy luận ngôn ngữ & liên kết ý"" trong khoảng 17 phút, lần lượt qua 3 chặng: khởi động → rèn luyện → bứt tốc. Đúng từ 9 câu là hoàn thành; đúng từ 11 câu được tính là thành thạo và cộng điểm lên cấp. Tinh thần cấp 3: Ghép nhiều bước và tránh các bẫy quen thuộc.",Sai quá 2 câu là phải làm lại phiếu trước khi đi tiếp.
NV-1284,PL-VAN-LOG-L3-005,Tổng hợp: Suy luận ngôn ngữ & liên kết ý — cấp 3,Văn,Suy luận ngôn ngữ & liên kết ý,2,3,Tổng hợp,103,"Hoàn thành 12 câu chuyên đề ""Suy luận ngôn ngữ & liên kết ý"" trong khoảng 15 phút, lần lượt qua 3 chặng: khởi động → rèn luyện → bứt tốc. Đúng từ 9 câu là hoàn thành; đúng từ 11 câu được tính là thành thạo và cộng điểm lên cấp. Tinh thần cấp 3: Ghép nhiều bước và tránh các bẫy quen thuộc.",Không được biết trước dạng bài của từng câu.
NV-1285,PL-VAN-LOG-L3-006,Ôn lại: Suy luận ngôn ngữ & liên kết ý — cấp 3,Văn,Suy luận ngôn ngữ & liên kết ý,2,3,Ôn lại,81,"Hoàn thành 12 câu chuyên đề ""Suy luận ngôn ngữ & liên kết ý"" trong khoảng 17 phút, lần lượt qua 3 chặng: khởi động → rèn luyện → bứt tốc. Đúng từ 9 câu là hoàn thành; đúng từ 11 câu được tính là thành thạo và cộng điểm lên cấp. Tinh thần cấp 3: Ghép nhiều bước và tránh các bẫy quen thuộc.",Nên làm sau buổi học chính ít nhất một ngày.
NV-1286,PL-VAN-LOG-L3-007,Khởi động: Suy luận ngôn ngữ & liên kết ý — cấp 3,Văn,Suy luận ngôn ngữ & liên kết ý,2,3,Khởi động,63,"Hoàn thành 12 câu chuyên đề ""Suy luận ngôn ngữ & liên kết ý"" trong khoảng 19 phút, lần lượt qua 3 chặng: khởi động → rèn luyện → bứt tốc. Đúng từ 9 câu là hoàn thành; đúng từ 11 câu được tính là thành thạo và cộng điểm lên cấp. Tinh thần cấp 3: Ghép nhiều bước và tránh các bẫy quen thuộc.","Không giới hạn thời gian. Mục tiêu là làm đúng, chưa cần nhanh."
NV-1287,PL-VAN-LOG-L3-008,Rèn kỹ năng: Suy luận ngôn ngữ & liên kết ý — cấp 3,Văn,Suy luận ngôn ngữ & liên kết ý,2,3,Rèn kỹ năng,90,"Hoàn thành 12 câu chuyên đề ""Suy luận ngôn ngữ & liên kết ý"" trong khoảng 15 phút, lần lượt qua 3 chặng: khởi động → rèn luyện → bứt tốc. Đúng từ 9 câu là hoàn thành; đúng từ 11 câu được tính là thành thạo và cộng điểm lên cấp. Tinh thần cấp 3: Ghép nhiều bước và tránh các bẫy quen thuộc.","Hoàn thành đủ 3 chặng trong một lượt, không rời phiếu giữa chừng."
NV-1288,PL-VAN-LOG-L3-009,Tốc độ: Suy luận ngôn ngữ & liên kết ý — cấp 3,Văn,Suy luận ngôn ngữ & liên kết ý,2,3,Tốc độ,99,"Hoàn thành 12 câu chuyên đề ""Suy luận ngôn ngữ & liên kết ý"" trong khoảng 11 phút, lần lượt qua 3 chặng: khởi động → rèn luyện → bứt tốc. Đúng từ 9 câu là hoàn thành; đúng từ 11 câu được tính là thành thạo và cộng điểm lên cấp. Tinh thần cấp 3: Ghép nhiều bước và tránh các bẫy quen thuộc.",Thời gian bị siết còn 75% mức chuẩn. Quá giờ vẫn chấm nhưng không tính thành thạo.
NV-1289,PL-VAN-LOG-L3-010,Chính xác: Suy luận ngôn ngữ & liên kết ý — cấp 3,Văn,Suy luận ngôn ngữ & liên kết ý,2,3,Chính xác,99,"Hoàn thành 12 câu chuyên đề ""Suy luận ngôn ngữ & liên kết ý"" trong khoảng 17 phút, lần lượt qua 3 chặng: khởi động → rèn luyện → bứt tốc. Đúng từ 9 câu là hoàn thành; đúng từ 11 câu được tính là thành thạo và cộng điểm lên cấp. Tinh thần cấp 3: Ghép nhiều bước và tránh các bẫy quen thuộc.",Sai quá 2 câu là phải làm lại phiếu trước khi đi tiếp.
NV-1290,PL-VAN-LOG-L3-011,Tổng hợp: Suy luận ngôn ngữ & liên kết ý — cấp 3,Văn,Suy luận ngôn ngữ & liên kết ý,2,3,Tổng hợp,103,"Hoàn thành 12 câu chuyên đề ""Suy luận ngôn ngữ & liên kết ý"" trong khoảng 15 phút, lần lượt qua 3 chặng: khởi động → rèn luyện → bứt tốc. Đúng từ 9 câu là hoàn thành; đúng từ 11 câu được tính là thành thạo và cộng điểm lên cấp. Tinh thần cấp 3: Ghép nhiều bước và tránh các bẫy quen thuộc.",Không được biết trước dạng bài của từng câu.
NV-1291,PL-VAN-LOG-L3-012,Ôn lại: Suy luận ngôn ngữ & liên kết ý — cấp 3,Văn,Suy luận ngôn ngữ & liên kết ý,2,3,Ôn lại,81,"Hoàn thành 12 câu chuyên đề ""Suy luận ngôn ngữ & liên kết ý"" trong khoảng 17 phút, lần lượt qua 3 chặng: khởi động → rèn luyện → bứt tốc. Đúng từ 9 câu là hoàn thành; đúng từ 11 câu được tính là thành thạo và cộng điểm lên cấp. Tinh thần cấp 3: Ghép nhiều bước và tránh các bẫy quen thuộc.",Nên làm sau buổi học chính ít nhất một ngày.
NV-1292,PL-VAN-LOG-L3-013,Khởi động: Suy luận ngôn ngữ & liên kết ý — cấp 3,Văn,Suy luận ngôn ngữ & liên kết ý,2,3,Khởi động,63,"Hoàn thành 12 câu chuyên đề ""Suy luận ngôn ngữ & liên kết ý"" trong khoảng 19 phút, lần lượt qua 3 chặng: khởi động → rèn luyện → bứt tốc. Đúng từ 9 câu là hoàn thành; đúng từ 11 câu được tính là thành thạo và cộng điểm lên cấp. Tinh thần cấp 3: Ghép nhiều bước và tránh các bẫy quen thuộc.","Không giới hạn thời gian. Mục tiêu là làm đúng, chưa cần nhanh."
NV-1293,PL-VAN-LOG-L3-014,Rèn kỹ năng: Suy luận ngôn ngữ & liên kết ý — cấp 3,Văn,Suy luận ngôn ngữ & liên kết ý,2,3,Rèn kỹ năng,90,"Hoàn thành 12 câu chuyên đề ""Suy luận ngôn ngữ & liên kết ý"" trong khoảng 15 phút, lần lượt qua 3 chặng: khởi động → rèn luyện → bứt tốc. Đúng từ 9 câu là hoàn thành; đúng từ 11 câu được tính là thành thạo và cộng điểm lên cấp. Tinh thần cấp 3: Ghép nhiều bước và tránh các bẫy quen thuộc.","Hoàn thành đủ 3 chặng trong một lượt, không rời phiếu giữa chừng."
NV-1294,PL-VAN-LOG-L3-015,Thử thách: Suy luận ngôn ngữ & liên kết ý — cấp 3,Văn,Suy luận ngôn ngữ & liên kết ý,2,3,Thử thách,126,"Hoàn thành 12 câu chuyên đề ""Suy luận ngôn ngữ & liên kết ý"" trong khoảng 15 phút, lần lượt qua 3 chặng: khởi động → rèn luyện → bứt tốc. Đúng từ 9 câu là hoàn thành; đúng từ 11 câu được tính là thành thạo và cộng điểm lên cấp. Tinh thần cấp 3: Ghép nhiều bước và tránh các bẫy quen thuộc.",Đạt từ 85% mới được tính là vượt thử thách.
NV-1295,PL-VAN-LOG-L3-016,Vượt ải: Suy luận ngôn ngữ & liên kết ý — cấp 3,Văn,Suy luận ngôn ngữ & liên kết ý,2,3,Vượt ải,162,"Hoàn thành 12 câu chuyên đề ""Suy luận ngôn ngữ & liên kết ý"" trong khoảng 14 phút, lần lượt qua 3 chặng: khởi động → rèn luyện → bứt tốc. Đúng từ 9 câu là hoàn thành; đúng từ 11 câu được tính là thành thạo và cộng điểm lên cấp. Tinh thần cấp 3: Ghép nhiều bước và tránh các bẫy quen thuộc.",Phải đạt từ 90% để mở khóa cấp độ tiếp theo của tuyến này.
NV-1296,PL-VAN-LOG-L4-001,Khởi động: Suy luận ngôn ngữ & liên kết ý — cấp 4,Văn,Suy luận ngôn ngữ & liên kết ý,2,4,Khởi động,84,"Hoàn thành 12 câu chuyên đề ""Suy luận ngôn ngữ & liên kết ý"" trong khoảng 16 phút, lần lượt qua 3 chặng: khởi động → rèn luyện → bứt tốc. Đúng từ 9 câu là hoàn thành; đúng từ 11 câu được tính là thành thạo và cộng điểm lên cấp. Tinh thần cấp 4: Giữ độ chính xác khi thời gian bắt đầu siết lại.","Không giới hạn thời gian. Mục tiêu là làm đúng, chưa cần nhanh."
NV-1297,PL-VAN-LOG-L4-002,Rèn kỹ năng: Suy luận ngôn ngữ & liên kết ý — cấp 4,Văn,Suy luận ngôn ngữ & liên kết ý,2,4,Rèn kỹ năng,120,"Hoàn thành 12 câu chuyên đề ""Suy luận ngôn ngữ & liên kết ý"" trong khoảng 13 phút, lần lượt qua 3 chặng: khởi động → rèn luyện → bứt tốc. Đúng từ 9 câu là hoàn thành; đúng từ 11 câu được tính là thành thạo và cộng điểm lên cấp. Tinh thần cấp 4: Giữ độ chính xác khi thời gian bắt đầu siết lại.","Hoàn thành đủ 3 chặng trong một lượt, không rời phiếu giữa chừng."
NV-1298,PL-VAN-LOG-L4-003,Tốc độ: Suy luận ngôn ngữ & liên kết ý — cấp 4,Văn,Suy luận ngôn ngữ & liên kết ý,2,4,Tốc độ,132,"Hoàn thành 12 câu chuyên đề ""Suy luận ngôn ngữ & liên kết ý"" trong khoảng 10 phút, lần lượt qua 3 chặng: khởi động → rèn luyện → bứt tốc. Đúng từ 9 câu là hoàn thành; đúng từ 11 câu được tính là thành thạo và cộng điểm lên cấp. Tinh thần cấp 4: Giữ độ chính xác khi thời gian bắt đầu siết lại.",Thời gian bị siết còn 75% mức chuẩn. Quá giờ vẫn chấm nhưng không tính thành thạo.
NV-1299,PL-VAN-LOG-L4-004,Chính xác: Suy luận ngôn ngữ & liên kết ý — cấp 4,Văn,Suy luận ngôn ngữ & liên kết ý,2,4,Chính xác,132,"Hoàn thành 12 câu chuyên đề ""Suy luận ngôn ngữ & liên kết ý"" trong khoảng 15 phút, lần lượt qua 3 chặng: khởi động → rèn luyện → bứt tốc. Đúng từ 9 câu là hoàn thành; đúng từ 11 câu được tính là thành thạo và cộng điểm lên cấp. Tinh thần cấp 4: Giữ độ chính xác khi thời gian bắt đầu siết lại.",Sai quá 2 câu là phải làm lại phiếu trước khi đi tiếp.
NV-1300,PL-VAN-LOG-L4-005,Tổng hợp: Suy luận ngôn ngữ & liên kết ý — cấp 4,Văn,Suy luận ngôn ngữ & liên kết ý,2,4,Tổng hợp,138,"Hoàn thành 12 câu chuyên đề ""Suy luận ngôn ngữ & liên kết ý"" trong khoảng 13 phút, lần lượt qua 3 chặng: khởi động → rèn luyện → bứt tốc. Đúng từ 9 câu là hoàn thành; đúng từ 11 câu được tính là thành thạo và cộng điểm lên cấp. Tinh thần cấp 4: Giữ độ chính xác khi thời gian bắt đầu siết lại.",Không được biết trước dạng bài của từng câu.
NV-1301,PL-VAN-LOG-L4-006,Ôn lại: Suy luận ngôn ngữ & liên kết ý — cấp 4,Văn,Suy luận ngôn ngữ & liên kết ý,2,4,Ôn lại,108,"Hoàn thành 12 câu chuyên đề ""Suy luận ngôn ngữ & liên kết ý"" trong khoảng 14 phút, lần lượt qua 3 chặng: khởi động → rèn luyện → bứt tốc. Đúng từ 9 câu là hoàn thành; đúng từ 11 câu được tính là thành thạo và cộng điểm lên cấp. Tinh thần cấp 4: Giữ độ chính xác khi thời gian bắt đầu siết lại.",Nên làm sau buổi học chính ít nhất một ngày.
NV-1302,PL-VAN-LOG-L4-007,Khởi động: Suy luận ngôn ngữ & liên kết ý — cấp 4,Văn,Suy luận ngôn ngữ & liên kết ý,2,4,Khởi động,84,"Hoàn thành 12 câu chuyên đề ""Suy luận ngôn ngữ & liên kết ý"" trong khoảng 16 phút, lần lượt qua 3 chặng: khởi động → rèn luyện → bứt tốc. Đúng từ 9 câu là hoàn thành; đúng từ 11 câu được tính là thành thạo và cộng điểm lên cấp. Tinh thần cấp 4: Giữ độ chính xác khi thời gian bắt đầu siết lại.","Không giới hạn thời gian. Mục tiêu là làm đúng, chưa cần nhanh."
NV-1303,PL-VAN-LOG-L4-008,Rèn kỹ năng: Suy luận ngôn ngữ & liên kết ý — cấp 4,Văn,Suy luận ngôn ngữ & liên kết ý,2,4,Rèn kỹ năng,120,"Hoàn thành 12 câu chuyên đề ""Suy luận ngôn ngữ & liên kết ý"" trong khoảng 13 phút, lần lượt qua 3 chặng: khởi động → rèn luyện → bứt tốc. Đúng từ 9 câu là hoàn thành; đúng từ 11 câu được tính là thành thạo và cộng điểm lên cấp. Tinh thần cấp 4: Giữ độ chính xác khi thời gian bắt đầu siết lại.","Hoàn thành đủ 3 chặng trong một lượt, không rời phiếu giữa chừng."
NV-1304,PL-VAN-LOG-L4-009,Tốc độ: Suy luận ngôn ngữ & liên kết ý — cấp 4,Văn,Suy luận ngôn ngữ & liên kết ý,2,4,Tốc độ,132,"Hoàn thành 12 câu chuyên đề ""Suy luận ngôn ngữ & liên kết ý"" trong khoảng 10 phút, lần lượt qua 3 chặng: khởi động → rèn luyện → bứt tốc. Đúng từ 9 câu là hoàn thành; đúng từ 11 câu được tính là thành thạo và cộng điểm lên cấp. Tinh thần cấp 4: Giữ độ chính xác khi thời gian bắt đầu siết lại.",Thời gian bị siết còn 75% mức chuẩn. Quá giờ vẫn chấm nhưng không tính thành thạo.
NV-1305,PL-VAN-LOG-L4-010,Chính xác: Suy luận ngôn ngữ & liên kết ý — cấp 4,Văn,Suy luận ngôn ngữ & liên kết ý,2,4,Chính xác,132,"Hoàn thành 12 câu chuyên đề ""Suy luận ngôn ngữ & liên kết ý"" trong khoảng 15 phút, lần lượt qua 3 chặng: khởi động → rèn luyện → bứt tốc. Đúng từ 9 câu là hoàn thành; đúng từ 11 câu được tính là thành thạo và cộng điểm lên cấp. Tinh thần cấp 4: Giữ độ chính xác khi thời gian bắt đầu siết lại.",Sai quá 2 câu là phải làm lại phiếu trước khi đi tiếp.
NV-1306,PL-VAN-LOG-L4-011,Tổng hợp: Suy luận ngôn ngữ & liên kết ý — cấp 4,Văn,Suy luận ngôn ngữ & liên kết ý,2,4,Tổng hợp,138,"Hoàn thành 12 câu chuyên đề ""Suy luận ngôn ngữ & liên kết ý"" trong khoảng 13 phút, lần lượt qua 3 chặng: khởi động → rèn luyện → bứt tốc. Đúng từ 9 câu là hoàn thành; đúng từ 11 câu được tính là thành thạo và cộng điểm lên cấp. Tinh thần cấp 4: Giữ độ chính xác khi thời gian bắt đầu siết lại.",Không được biết trước dạng bài của từng câu.
NV-1307,PL-VAN-LOG-L4-012,Ôn lại: Suy luận ngôn ngữ & liên kết ý — cấp 4,Văn,Suy luận ngôn ngữ & liên kết ý,2,4,Ôn lại,108,"Hoàn thành 12 câu chuyên đề ""Suy luận ngôn ngữ & liên kết ý"" trong khoảng 14 phút, lần lượt qua 3 chặng: khởi động → rèn luyện → bứt tốc. Đúng từ 9 câu là hoàn thành; đúng từ 11 câu được tính là thành thạo và cộng điểm lên cấp. Tinh thần cấp 4: Giữ độ chính xác khi thời gian bắt đầu siết lại.",Nên làm sau buổi học chính ít nhất một ngày.
NV-1308,PL-VAN-LOG-L4-013,Khởi động: Suy luận ngôn ngữ & liên kết ý — cấp 4,Văn,Suy luận ngôn ngữ & liên kết ý,2,4,Khởi động,84,"Hoàn thành 12 câu chuyên đề ""Suy luận ngôn ngữ & liên kết ý"" trong khoảng 16 phút, lần lượt qua 3 chặng: khởi động → rèn luyện → bứt tốc. Đúng từ 9 câu là hoàn thành; đúng từ 11 câu được tính là thành thạo và cộng điểm lên cấp. Tinh thần cấp 4: Giữ độ chính xác khi thời gian bắt đầu siết lại.","Không giới hạn thời gian. Mục tiêu là làm đúng, chưa cần nhanh."
NV-1309,PL-VAN-LOG-L4-014,Rèn kỹ năng: Suy luận ngôn ngữ & liên kết ý — cấp 4,Văn,Suy luận ngôn ngữ & liên kết ý,2,4,Rèn kỹ năng,120,"Hoàn thành 12 câu chuyên đề ""Suy luận ngôn ngữ & liên kết ý"" trong khoảng 13 phút, lần lượt qua 3 chặng: khởi động → rèn luyện → bứt tốc. Đúng từ 9 câu là hoàn thành; đúng từ 11 câu được tính là thành thạo và cộng điểm lên cấp. Tinh thần cấp 4: Giữ độ chính xác khi thời gian bắt đầu siết lại.","Hoàn thành đủ 3 chặng trong một lượt, không rời phiếu giữa chừng."
NV-1310,PL-VAN-LOG-L4-015,Thử thách: Suy luận ngôn ngữ & liên kết ý — cấp 4,Văn,Suy luận ngôn ngữ & liên kết ý,2,4,Thử thách,168,"Hoàn thành 12 câu chuyên đề ""Suy luận ngôn ngữ & liên kết ý"" trong khoảng 13 phút, lần lượt qua 3 chặng: khởi động → rèn luyện → bứt tốc. Đúng từ 9 câu là hoàn thành; đúng từ 11 câu được tính là thành thạo và cộng điểm lên cấp. Tinh thần cấp 4: Giữ độ chính xác khi thời gian bắt đầu siết lại.",Đạt từ 85% mới được tính là vượt thử thách.
NV-1311,PL-VAN-LOG-L4-016,Vượt ải: Suy luận ngôn ngữ & liên kết ý — cấp 4,Văn,Suy luận ngôn ngữ & liên kết ý,2,4,Vượt ải,216,"Hoàn thành 12 câu chuyên đề ""Suy luận ngôn ngữ & liên kết ý"" trong khoảng 12 phút, lần lượt qua 3 chặng: khởi động → rèn luyện → bứt tốc. Đúng từ 9 câu là hoàn thành; đúng từ 11 câu được tính là thành thạo và cộng điểm lên cấp. Tinh thần cấp 4: Giữ độ chính xác khi thời gian bắt đầu siết lại.",Phải đạt từ 90% để mở khóa cấp độ tiếp theo của tuyến này.
NV-1312,PL-VAN-LOG-L5-001,Khởi động: Suy luận ngôn ngữ & liên kết ý — cấp 5,Văn,Suy luận ngôn ngữ & liên kết ý,3,5,Khởi động,112,"Hoàn thành 14 câu chuyên đề ""Suy luận ngôn ngữ & liên kết ý"" trong khoảng 20 phút, lần lượt qua 3 chặng: khởi động → rèn luyện → bứt tốc. Đúng từ 10 câu là hoàn thành; đúng từ 12 câu được tính là thành thạo và cộng điểm lên cấp. Tinh thần cấp 5: Xử lý câu phân loại mà không mất nhịp.","Không giới hạn thời gian. Mục tiêu là làm đúng, chưa cần nhanh."
NV-1313,PL-VAN-LOG-L5-002,Rèn kỹ năng: Suy luận ngôn ngữ & liên kết ý — cấp 5,Văn,Suy luận ngôn ngữ & liên kết ý,3,5,Rèn kỹ năng,160,"Hoàn thành 14 câu chuyên đề ""Suy luận ngôn ngữ & liên kết ý"" trong khoảng 16 phút, lần lượt qua 3 chặng: khởi động → rèn luyện → bứt tốc. Đúng từ 10 câu là hoàn thành; đúng từ 12 câu được tính là thành thạo và cộng điểm lên cấp. Tinh thần cấp 5: Xử lý câu phân loại mà không mất nhịp.","Hoàn thành đủ 3 chặng trong một lượt, không rời phiếu giữa chừng."
NV-1314,PL-VAN-LOG-L5-003,Tốc độ: Suy luận ngôn ngữ & liên kết ý — cấp 5,Văn,Suy luận ngôn ngữ & liên kết ý,3,5,Tốc độ,176,"Hoàn thành 14 câu chuyên đề ""Suy luận ngôn ngữ & liên kết ý"" trong khoảng 12 phút, lần lượt qua 3 chặng: khởi động → rèn luyện → bứt tốc. Đúng từ 10 câu là hoàn thành; đúng từ 12 câu được tính là thành thạo và cộng điểm lên cấp. Tinh thần cấp 5: Xử lý câu phân loại mà không mất nhịp.",Thời gian bị siết còn 75% mức chuẩn. Quá giờ vẫn chấm nhưng không tính thành thạo.
NV-1315,PL-VAN-LOG-L5-004,Chính xác: Suy luận ngôn ngữ & liên kết ý — cấp 5,Văn,Suy luận ngôn ngữ & liên kết ý,3,5,Chính xác,176,"Hoàn thành 14 câu chuyên đề ""Suy luận ngôn ngữ & liên kết ý"" trong khoảng 19 phút, lần lượt qua 3 chặng: khởi động → rèn luyện → bứt tốc. Đúng từ 10 câu là hoàn thành; đúng từ 12 câu được tính là thành thạo và cộng điểm lên cấp. Tinh thần cấp 5: Xử lý câu phân loại mà không mất nhịp.",Sai quá 2 câu là phải làm lại phiếu trước khi đi tiếp.
NV-1316,PL-VAN-LOG-L5-005,Tổng hợp: Suy luận ngôn ngữ & liên kết ý — cấp 5,Văn,Suy luận ngôn ngữ & liên kết ý,3,5,Tổng hợp,184,"Hoàn thành 14 câu chuyên đề ""Suy luận ngôn ngữ & liên kết ý"" trong khoảng 16 phút, lần lượt qua 3 chặng: khởi động → rèn luyện → bứt tốc. Đúng từ 10 câu là hoàn thành; đúng từ 12 câu được tính là thành thạo và cộng điểm lên cấp. Tinh thần cấp 5: Xử lý câu phân loại mà không mất nhịp.",Không được biết trước dạng bài của từng câu.
NV-1317,PL-VAN-LOG-L5-006,Ôn lại: Suy luận ngôn ngữ & liên kết ý — cấp 5,Văn,Suy luận ngôn ngữ & liên kết ý,3,5,Ôn lại,144,"Hoàn thành 14 câu chuyên đề ""Suy luận ngôn ngữ & liên kết ý"" trong khoảng 18 phút, lần lượt qua 3 chặng: khởi động → rèn luyện → bứt tốc. Đúng từ 10 câu là hoàn thành; đúng từ 12 câu được tính là thành thạo và cộng điểm lên cấp. Tinh thần cấp 5: Xử lý câu phân loại mà không mất nhịp.",Nên làm sau buổi học chính ít nhất một ngày.
NV-1318,PL-VAN-LOG-L5-007,Khởi động: Suy luận ngôn ngữ & liên kết ý — cấp 5,Văn,Suy luận ngôn ngữ & liên kết ý,3,5,Khởi động,112,"Hoàn thành 14 câu chuyên đề ""Suy luận ngôn ngữ & liên kết ý"" trong khoảng 20 phút, lần lượt qua 3 chặng: khởi động → rèn luyện → bứt tốc. Đúng từ 10 câu là hoàn thành; đúng từ 12 câu được tính là thành thạo và cộng điểm lên cấp. Tinh thần cấp 5: Xử lý câu phân loại mà không mất nhịp.","Không giới hạn thời gian. Mục tiêu là làm đúng, chưa cần nhanh."
NV-1319,PL-VAN-LOG-L5-008,Rèn kỹ năng: Suy luận ngôn ngữ & liên kết ý — cấp 5,Văn,Suy luận ngôn ngữ & liên kết ý,3,5,Rèn kỹ năng,160,"Hoàn thành 14 câu chuyên đề ""Suy luận ngôn ngữ & liên kết ý"" trong khoảng 16 phút, lần lượt qua 3 chặng: khởi động → rèn luyện → bứt tốc. Đúng từ 10 câu là hoàn thành; đúng từ 12 câu được tính là thành thạo và cộng điểm lên cấp. Tinh thần cấp 5: Xử lý câu phân loại mà không mất nhịp.","Hoàn thành đủ 3 chặng trong một lượt, không rời phiếu giữa chừng."
NV-1320,PL-VAN-LOG-L5-009,Tốc độ: Suy luận ngôn ngữ & liên kết ý — cấp 5,Văn,Suy luận ngôn ngữ & liên kết ý,3,5,Tốc độ,176,"Hoàn thành 14 câu chuyên đề ""Suy luận ngôn ngữ & liên kết ý"" trong khoảng 12 phút, lần lượt qua 3 chặng: khởi động → rèn luyện → bứt tốc. Đúng từ 10 câu là hoàn thành; đúng từ 12 câu được tính là thành thạo và cộng điểm lên cấp. Tinh thần cấp 5: Xử lý câu phân loại mà không mất nhịp.",Thời gian bị siết còn 75% mức chuẩn. Quá giờ vẫn chấm nhưng không tính thành thạo.
NV-1321,PL-VAN-LOG-L5-010,Chính xác: Suy luận ngôn ngữ & liên kết ý — cấp 5,Văn,Suy luận ngôn ngữ & liên kết ý,3,5,Chính xác,176,"Hoàn thành 14 câu chuyên đề ""Suy luận ngôn ngữ & liên kết ý"" trong khoảng 19 phút, lần lượt qua 3 chặng: khởi động → rèn luyện → bứt tốc. Đúng từ 10 câu là hoàn thành; đúng từ 12 câu được tính là thành thạo và cộng điểm lên cấp. Tinh thần cấp 5: Xử lý câu phân loại mà không mất nhịp.",Sai quá 2 câu là phải làm lại phiếu trước khi đi tiếp.
NV-1322,PL-VAN-LOG-L5-011,Tổng hợp: Suy luận ngôn ngữ & liên kết ý — cấp 5,Văn,Suy luận ngôn ngữ & liên kết ý,3,5,Tổng hợp,184,"Hoàn thành 14 câu chuyên đề ""Suy luận ngôn ngữ & liên kết ý"" trong khoảng 16 phút, lần lượt qua 3 chặng: khởi động → rèn luyện → bứt tốc. Đúng từ 10 câu là hoàn thành; đúng từ 12 câu được tính là thành thạo và cộng điểm lên cấp. Tinh thần cấp 5: Xử lý câu phân loại mà không mất nhịp.",Không được biết trước dạng bài của từng câu.
NV-1323,PL-VAN-LOG-L5-012,Thử thách: Suy luận ngôn ngữ & liên kết ý — cấp 5,Văn,Suy luận ngôn ngữ & liên kết ý,3,5,Thử thách,224,"Hoàn thành 14 câu chuyên đề ""Suy luận ngôn ngữ & liên kết ý"" trong khoảng 16 phút, lần lượt qua 3 chặng: khởi động → rèn luyện → bứt tốc. Đúng từ 10 câu là hoàn thành; đúng từ 12 câu được tính là thành thạo và cộng điểm lên cấp. Tinh thần cấp 5: Xử lý câu phân loại mà không mất nhịp.",Đạt từ 85% mới được tính là vượt thử thách.
NV-1324,PL-VAN-LOG-L5-013,Vượt ải: Suy luận ngôn ngữ & liên kết ý — cấp 5,Văn,Suy luận ngôn ngữ & liên kết ý,3,5,Vượt ải,288,"Hoàn thành 14 câu chuyên đề ""Suy luận ngôn ngữ & liên kết ý"" trong khoảng 16 phút, lần lượt qua 3 chặng: khởi động → rèn luyện → bứt tốc. Đúng từ 10 câu là hoàn thành; đúng từ 13 câu được tính là thành thạo và cộng điểm lên cấp. Tinh thần cấp 5: Xử lý câu phân loại mà không mất nhịp.",Phải đạt từ 90% để mở khóa cấp độ tiếp theo của tuyến này.
NV-1325,PL-VAN-LOG-L6-001,Khởi động: Suy luận ngôn ngữ & liên kết ý — cấp 6,Văn,Suy luận ngôn ngữ & liên kết ý,3,6,Khởi động,154,"Hoàn thành 15 câu chuyên đề ""Suy luận ngôn ngữ & liên kết ý"" trong khoảng 19 phút, lần lượt qua 3 chặng: khởi động → rèn luyện → bứt tốc. Đúng từ 11 câu là hoàn thành; đúng từ 13 câu được tính là thành thạo và cộng điểm lên cấp. Tinh thần cấp 6: Tốc độ và độ chính xác của nhóm dẫn đầu phổ điểm.","Không giới hạn thời gian. Mục tiêu là làm đúng, chưa cần nhanh."
NV-1326,PL-VAN-LOG-L6-002,Rèn kỹ năng: Suy luận ngôn ngữ & liên kết ý — cấp 6,Văn,Suy luận ngôn ngữ & liên kết ý,3,6,Rèn kỹ năng,220,"Hoàn thành 15 câu chuyên đề ""Suy luận ngôn ngữ & liên kết ý"" trong khoảng 15 phút, lần lượt qua 3 chặng: khởi động → rèn luyện → bứt tốc. Đúng từ 11 câu là hoàn thành; đúng từ 13 câu được tính là thành thạo và cộng điểm lên cấp. Tinh thần cấp 6: Tốc độ và độ chính xác của nhóm dẫn đầu phổ điểm.","Hoàn thành đủ 3 chặng trong một lượt, không rời phiếu giữa chừng."
NV-1327,PL-VAN-LOG-L6-003,Tốc độ: Suy luận ngôn ngữ & liên kết ý — cấp 6,Văn,Suy luận ngôn ngữ & liên kết ý,3,6,Tốc độ,242,"Hoàn thành 15 câu chuyên đề ""Suy luận ngôn ngữ & liên kết ý"" trong khoảng 11 phút, lần lượt qua 3 chặng: khởi động → rèn luyện → bứt tốc. Đúng từ 11 câu là hoàn thành; đúng từ 13 câu được tính là thành thạo và cộng điểm lên cấp. Tinh thần cấp 6: Tốc độ và độ chính xác của nhóm dẫn đầu phổ điểm.",Thời gian bị siết còn 75% mức chuẩn. Quá giờ vẫn chấm nhưng không tính thành thạo.
NV-1328,PL-VAN-LOG-L6-004,Chính xác: Suy luận ngôn ngữ & liên kết ý — cấp 6,Văn,Suy luận ngôn ngữ & liên kết ý,3,6,Chính xác,242,"Hoàn thành 15 câu chuyên đề ""Suy luận ngôn ngữ & liên kết ý"" trong khoảng 17 phút, lần lượt qua 3 chặng: khởi động → rèn luyện → bứt tốc. Đúng từ 11 câu là hoàn thành; đúng từ 13 câu được tính là thành thạo và cộng điểm lên cấp. Tinh thần cấp 6: Tốc độ và độ chính xác của nhóm dẫn đầu phổ điểm.",Sai quá 2 câu là phải làm lại phiếu trước khi đi tiếp.
NV-1329,PL-VAN-LOG-L6-005,Tổng hợp: Suy luận ngôn ngữ & liên kết ý — cấp 6,Văn,Suy luận ngôn ngữ & liên kết ý,3,6,Tổng hợp,253,"Hoàn thành 15 câu chuyên đề ""Suy luận ngôn ngữ & liên kết ý"" trong khoảng 15 phút, lần lượt qua 3 chặng: khởi động → rèn luyện → bứt tốc. Đúng từ 11 câu là hoàn thành; đúng từ 13 câu được tính là thành thạo và cộng điểm lên cấp. Tinh thần cấp 6: Tốc độ và độ chính xác của nhóm dẫn đầu phổ điểm.",Không được biết trước dạng bài của từng câu.
NV-1330,PL-VAN-LOG-L6-006,Ôn lại: Suy luận ngôn ngữ & liên kết ý — cấp 6,Văn,Suy luận ngôn ngữ & liên kết ý,3,6,Ôn lại,198,"Hoàn thành 15 câu chuyên đề ""Suy luận ngôn ngữ & liên kết ý"" trong khoảng 17 phút, lần lượt qua 3 chặng: khởi động → rèn luyện → bứt tốc. Đúng từ 11 câu là hoàn thành; đúng từ 13 câu được tính là thành thạo và cộng điểm lên cấp. Tinh thần cấp 6: Tốc độ và độ chính xác của nhóm dẫn đầu phổ điểm.",Nên làm sau buổi học chính ít nhất một ngày.
NV-1331,PL-VAN-LOG-L6-007,Khởi động: Suy luận ngôn ngữ & liên kết ý — cấp 6,Văn,Suy luận ngôn ngữ & liên kết ý,3,6,Khởi động,154,"Hoàn thành 15 câu chuyên đề ""Suy luận ngôn ngữ & liên kết ý"" trong khoảng 19 phút, lần lượt qua 3 chặng: khởi động → rèn luyện → bứt tốc. Đúng từ 11 câu là hoàn thành; đúng từ 13 câu được tính là thành thạo và cộng điểm lên cấp. Tinh thần cấp 6: Tốc độ và độ chính xác của nhóm dẫn đầu phổ điểm.","Không giới hạn thời gian. Mục tiêu là làm đúng, chưa cần nhanh."
NV-1332,PL-VAN-LOG-L6-008,Rèn kỹ năng: Suy luận ngôn ngữ & liên kết ý — cấp 6,Văn,Suy luận ngôn ngữ & liên kết ý,3,6,Rèn kỹ năng,220,"Hoàn thành 15 câu chuyên đề ""Suy luận ngôn ngữ & liên kết ý"" trong khoảng 15 phút, lần lượt qua 3 chặng: khởi động → rèn luyện → bứt tốc. Đúng từ 11 câu là hoàn thành; đúng từ 13 câu được tính là thành thạo và cộng điểm lên cấp. Tinh thần cấp 6: Tốc độ và độ chính xác của nhóm dẫn đầu phổ điểm.","Hoàn thành đủ 3 chặng trong một lượt, không rời phiếu giữa chừng."
NV-1333,PL-VAN-LOG-L6-009,Thử thách: Suy luận ngôn ngữ & liên kết ý — cấp 6,Văn,Suy luận ngôn ngữ & liên kết ý,3,6,Thử thách,308,"Hoàn thành 15 câu chuyên đề ""Suy luận ngôn ngữ & liên kết ý"" trong khoảng 15 phút, lần lượt qua 3 chặng: khởi động → rèn luyện → bứt tốc. Đúng từ 11 câu là hoàn thành; đúng từ 13 câu được tính là thành thạo và cộng điểm lên cấp. Tinh thần cấp 6: Tốc độ và độ chính xác của nhóm dẫn đầu phổ điểm.",Đạt từ 85% mới được tính là vượt thử thách.
NV-1334,PL-VAN-LOG-L6-010,Vượt ải: Suy luận ngôn ngữ & liên kết ý — cấp 6,Văn,Suy luận ngôn ngữ & liên kết ý,3,6,Vượt ải,396,"Hoàn thành 15 câu chuyên đề ""Suy luận ngôn ngữ & liên kết ý"" trong khoảng 14 phút, lần lượt qua 3 chặng: khởi động → rèn luyện → bứt tốc. Đúng từ 11 câu là hoàn thành; đúng từ 14 câu được tính là thành thạo và cộng điểm lên cấp. Tinh thần cấp 6: Tốc độ và độ chính xác của nhóm dẫn đầu phổ điểm.",Phải đạt từ 90% để mở khóa cấp độ tiếp theo của tuyến này.
NV-1335,PL-LY-MEC-L1-001,Khởi động: Cơ học — cấp 1,Khoa học,Cơ học,1,1,Khởi động,28,"Hoàn thành 8 câu chuyên đề ""Cơ học"" trong khoảng 10 phút, lần lượt qua 3 chặng: khởi động → rèn luyện → bứt tốc. Đúng từ 6 câu là hoàn thành; đúng từ 7 câu được tính là thành thạo và cộng điểm lên cấp. Tinh thần cấp 1: Nhận diện dạng bài và nhớ lại công thức nền.","Không giới hạn thời gian. Mục tiêu là làm đúng, chưa cần nhanh."
NV-1336,PL-LY-MEC-L1-002,Rèn kỹ năng: Cơ học — cấp 1,Khoa học,Cơ học,1,1,Rèn kỹ năng,40,"Hoàn thành 8 câu chuyên đề ""Cơ học"" trong khoảng 8 phút, lần lượt qua 3 chặng: khởi động → rèn luyện → bứt tốc. Đúng từ 6 câu là hoàn thành; đúng từ 7 câu được tính là thành thạo và cộng điểm lên cấp. Tinh thần cấp 1: Nhận diện dạng bài và nhớ lại công thức nền.","Hoàn thành đủ 3 chặng trong một lượt, không rời phiếu giữa chừng."
NV-1337,PL-LY-MEC-L1-003,Tốc độ: Cơ học — cấp 1,Khoa học,Cơ học,1,1,Tốc độ,44,"Hoàn thành 8 câu chuyên đề ""Cơ học"" trong khoảng 6 phút, lần lượt qua 3 chặng: khởi động → rèn luyện → bứt tốc. Đúng từ 6 câu là hoàn thành; đúng từ 7 câu được tính là thành thạo và cộng điểm lên cấp. Tinh thần cấp 1: Nhận diện dạng bài và nhớ lại công thức nền.",Thời gian bị siết còn 75% mức chuẩn. Quá giờ vẫn chấm nhưng không tính thành thạo.
NV-1338,PL-LY-MEC-L1-004,Chính xác: Cơ học — cấp 1,Khoa học,Cơ học,1,1,Chính xác,44,"Hoàn thành 8 câu chuyên đề ""Cơ học"" trong khoảng 9 phút, lần lượt qua 3 chặng: khởi động → rèn luyện → bứt tốc. Đúng từ 6 câu là hoàn thành; đúng từ 7 câu được tính là thành thạo và cộng điểm lên cấp. Tinh thần cấp 1: Nhận diện dạng bài và nhớ lại công thức nền.",Sai quá 2 câu là phải làm lại phiếu trước khi đi tiếp.
NV-1339,PL-LY-MEC-L1-005,Thử thách: Cơ học — cấp 1,Khoa học,Cơ học,1,1,Thử thách,56,"Hoàn thành 8 câu chuyên đề ""Cơ học"" trong khoảng 8 phút, lần lượt qua 3 chặng: khởi động → rèn luyện → bứt tốc. Đúng từ 6 câu là hoàn thành; đúng từ 7 câu được tính là thành thạo và cộng điểm lên cấp. Tinh thần cấp 1: Nhận diện dạng bài và nhớ lại công thức nền.",Đạt từ 85% mới được tính là vượt thử thách.
NV-1340,PL-LY-MEC-L1-006,Vượt ải: Cơ học — cấp 1,Khoa học,Cơ học,1,1,Vượt ải,72,"Hoàn thành 8 câu chuyên đề ""Cơ học"" trong khoảng 8 phút, lần lượt qua 3 chặng: khởi động → rèn luyện → bứt tốc. Đúng từ 6 câu là hoàn thành; đúng từ 8 câu được tính là thành thạo và cộng điểm lên cấp. Tinh thần cấp 1: Nhận diện dạng bài và nhớ lại công thức nền.",Phải đạt từ 90% để mở khóa cấp độ tiếp theo của tuyến này.
NV-1341,PL-LY-MEC-L2-001,Khởi động: Cơ học — cấp 2,Khoa học,Cơ học,1,2,Khởi động,42,"Hoàn thành 10 câu chuyên đề ""Cơ học"" trong khoảng 15 phút, lần lượt qua 3 chặng: khởi động → rèn luyện → bứt tốc. Đúng từ 7 câu là hoàn thành; đúng từ 9 câu được tính là thành thạo và cộng điểm lên cấp. Tinh thần cấp 2: Làm đúng dạng chuẩn mà không cần nhìn gợi ý.","Không giới hạn thời gian. Mục tiêu là làm đúng, chưa cần nhanh."
NV-1342,PL-LY-MEC-L2-002,Rèn kỹ năng: Cơ học — cấp 2,Khoa học,Cơ học,1,2,Rèn kỹ năng,60,"Hoàn thành 10 câu chuyên đề ""Cơ học"" trong khoảng 12 phút, lần lượt qua 3 chặng: khởi động → rèn luyện → bứt tốc. Đúng từ 7 câu là hoàn thành; đúng từ 9 câu được tính là thành thạo và cộng điểm lên cấp. Tinh thần cấp 2: Làm đúng dạng chuẩn mà không cần nhìn gợi ý.","Hoàn thành đủ 3 chặng trong một lượt, không rời phiếu giữa chừng."
NV-1343,PL-LY-MEC-L2-003,Tốc độ: Cơ học — cấp 2,Khoa học,Cơ học,1,2,Tốc độ,66,"Hoàn thành 10 câu chuyên đề ""Cơ học"" trong khoảng 9 phút, lần lượt qua 3 chặng: khởi động → rèn luyện → bứt tốc. Đúng từ 7 câu là hoàn thành; đúng từ 9 câu được tính là thành thạo và cộng điểm lên cấp. Tinh thần cấp 2: Làm đúng dạng chuẩn mà không cần nhìn gợi ý.",Thời gian bị siết còn 75% mức chuẩn. Quá giờ vẫn chấm nhưng không tính thành thạo.
NV-1344,PL-LY-MEC-L2-004,Chính xác: Cơ học — cấp 2,Khoa học,Cơ học,1,2,Chính xác,66,"Hoàn thành 10 câu chuyên đề ""Cơ học"" trong khoảng 13 phút, lần lượt qua 3 chặng: khởi động → rèn luyện → bứt tốc. Đúng từ 7 câu là hoàn thành; đúng từ 9 câu được tính là thành thạo và cộng điểm lên cấp. Tinh thần cấp 2: Làm đúng dạng chuẩn mà không cần nhìn gợi ý.",Sai quá 2 câu là phải làm lại phiếu trước khi đi tiếp.
NV-1345,PL-LY-MEC-L2-005,Tổng hợp: Cơ học — cấp 2,Khoa học,Cơ học,1,2,Tổng hợp,69,"Hoàn thành 10 câu chuyên đề ""Cơ học"" trong khoảng 12 phút, lần lượt qua 3 chặng: khởi động → rèn luyện → bứt tốc. Đúng từ 7 câu là hoàn thành; đúng từ 9 câu được tính là thành thạo và cộng điểm lên cấp. Tinh thần cấp 2: Làm đúng dạng chuẩn mà không cần nhìn gợi ý.",Không được biết trước dạng bài của từng câu.
NV-1346,PL-LY-MEC-L2-006,Thử thách: Cơ học — cấp 2,Khoa học,Cơ học,1,2,Thử thách,84,"Hoàn thành 10 câu chuyên đề ""Cơ học"" trong khoảng 12 phút, lần lượt qua 3 chặng: khởi động → rèn luyện → bứt tốc. Đúng từ 7 câu là hoàn thành; đúng từ 9 câu được tính là thành thạo và cộng điểm lên cấp. Tinh thần cấp 2: Làm đúng dạng chuẩn mà không cần nhìn gợi ý.",Đạt từ 85% mới được tính là vượt thử thách.
NV-1347,PL-LY-MEC-L2-007,Vượt ải: Cơ học — cấp 2,Khoa học,Cơ học,1,2,Vượt ải,108,"Hoàn thành 10 câu chuyên đề ""Cơ học"" trong khoảng 11 phút, lần lượt qua 3 chặng: khởi động → rèn luyện → bứt tốc. Đúng từ 7 câu là hoàn thành; đúng từ 9 câu được tính là thành thạo và cộng điểm lên cấp. Tinh thần cấp 2: Làm đúng dạng chuẩn mà không cần nhìn gợi ý.",Phải đạt từ 90% để mở khóa cấp độ tiếp theo của tuyến này.
NV-1348,PL-LY-MEC-L3-001,Khởi động: Cơ học — cấp 3,Khoa học,Cơ học,2,3,Khởi động,63,"Hoàn thành 10 câu chuyên đề ""Cơ học"" trong khoảng 16 phút, lần lượt qua 3 chặng: khởi động → rèn luyện → bứt tốc. Đúng từ 7 câu là hoàn thành; đúng từ 9 câu được tính là thành thạo và cộng điểm lên cấp. Tinh thần cấp 3: Ghép nhiều bước và tránh các bẫy quen thuộc.","Không giới hạn thời gian. Mục tiêu là làm đúng, chưa cần nhanh."
NV-1349,PL-LY-MEC-L3-002,Rèn kỹ năng: Cơ học — cấp 3,Khoa học,Cơ học,2,3,Rèn kỹ năng,90,"Hoàn thành 10 câu chuyên đề ""Cơ học"" trong khoảng 13 phút, lần lượt qua 3 chặng: khởi động → rèn luyện → bứt tốc. Đúng từ 7 câu là hoàn thành; đúng từ 9 câu được tính là thành thạo và cộng điểm lên cấp. Tinh thần cấp 3: Ghép nhiều bước và tránh các bẫy quen thuộc.","Hoàn thành đủ 3 chặng trong một lượt, không rời phiếu giữa chừng."
NV-1350,PL-LY-MEC-L3-003,Tốc độ: Cơ học — cấp 3,Khoa học,Cơ học,2,3,Tốc độ,99,"Hoàn thành 10 câu chuyên đề ""Cơ học"" trong khoảng 9 phút, lần lượt qua 3 chặng: khởi động → rèn luyện → bứt tốc. Đúng từ 7 câu là hoàn thành; đúng từ 9 câu được tính là thành thạo và cộng điểm lên cấp. Tinh thần cấp 3: Ghép nhiều bước và tránh các bẫy quen thuộc.",Thời gian bị siết còn 75% mức chuẩn. Quá giờ vẫn chấm nhưng không tính thành thạo.
NV-1351,PL-LY-MEC-L3-004,Chính xác: Cơ học — cấp 3,Khoa học,Cơ học,2,3,Chính xác,99,"Hoàn thành 10 câu chuyên đề ""Cơ học"" trong khoảng 14 phút, lần lượt qua 3 chặng: khởi động → rèn luyện → bứt tốc. Đúng từ 7 câu là hoàn thành; đúng từ 9 câu được tính là thành thạo và cộng điểm lên cấp. Tinh thần cấp 3: Ghép nhiều bước và tránh các bẫy quen thuộc.",Sai quá 2 câu là phải làm lại phiếu trước khi đi tiếp.
NV-1352,PL-LY-MEC-L3-005,Tổng hợp: Cơ học — cấp 3,Khoa học,Cơ học,2,3,Tổng hợp,103,"Hoàn thành 10 câu chuyên đề ""Cơ học"" trong khoảng 13 phút, lần lượt qua 3 chặng: khởi động → rèn luyện → bứt tốc. Đúng từ 7 câu là hoàn thành; đúng từ 9 câu được tính là thành thạo và cộng điểm lên cấp. Tinh thần cấp 3: Ghép nhiều bước và tránh các bẫy quen thuộc.",Không được biết trước dạng bài của từng câu.
NV-1353,PL-LY-MEC-L3-006,Ôn lại: Cơ học — cấp 3,Khoa học,Cơ học,2,3,Ôn lại,81,"Hoàn thành 10 câu chuyên đề ""Cơ học"" trong khoảng 14 phút, lần lượt qua 3 chặng: khởi động → rèn luyện → bứt tốc. Đúng từ 7 câu là hoàn thành; đúng từ 9 câu được tính là thành thạo và cộng điểm lên cấp. Tinh thần cấp 3: Ghép nhiều bước và tránh các bẫy quen thuộc.",Nên làm sau buổi học chính ít nhất một ngày.
NV-1354,PL-LY-MEC-L3-007,Thử thách: Cơ học — cấp 3,Khoa học,Cơ học,2,3,Thử thách,126,"Hoàn thành 10 câu chuyên đề ""Cơ học"" trong khoảng 13 phút, lần lượt qua 3 chặng: khởi động → rèn luyện → bứt tốc. Đúng từ 7 câu là hoàn thành; đúng từ 9 câu được tính là thành thạo và cộng điểm lên cấp. Tinh thần cấp 3: Ghép nhiều bước và tránh các bẫy quen thuộc.",Đạt từ 85% mới được tính là vượt thử thách.
NV-1355,PL-LY-MEC-L3-008,Vượt ải: Cơ học — cấp 3,Khoa học,Cơ học,2,3,Vượt ải,162,"Hoàn thành 10 câu chuyên đề ""Cơ học"" trong khoảng 12 phút, lần lượt qua 3 chặng: khởi động → rèn luyện → bứt tốc. Đúng từ 7 câu là hoàn thành; đúng từ 9 câu được tính là thành thạo và cộng điểm lên cấp. Tinh thần cấp 3: Ghép nhiều bước và tránh các bẫy quen thuộc.",Phải đạt từ 90% để mở khóa cấp độ tiếp theo của tuyến này.
NV-1356,PL-LY-MEC-L4-001,Khởi động: Cơ học — cấp 4,Khoa học,Cơ học,2,4,Khởi động,84,"Hoàn thành 10 câu chuyên đề ""Cơ học"" trong khoảng 14 phút, lần lượt qua 3 chặng: khởi động → rèn luyện → bứt tốc. Đúng từ 7 câu là hoàn thành; đúng từ 9 câu được tính là thành thạo và cộng điểm lên cấp. Tinh thần cấp 4: Giữ độ chính xác khi thời gian bắt đầu siết lại.","Không giới hạn thời gian. Mục tiêu là làm đúng, chưa cần nhanh."
NV-1357,PL-LY-MEC-L4-002,Rèn kỹ năng: Cơ học — cấp 4,Khoa học,Cơ học,2,4,Rèn kỹ năng,120,"Hoàn thành 10 câu chuyên đề ""Cơ học"" trong khoảng 11 phút, lần lượt qua 3 chặng: khởi động → rèn luyện → bứt tốc. Đúng từ 7 câu là hoàn thành; đúng từ 9 câu được tính là thành thạo và cộng điểm lên cấp. Tinh thần cấp 4: Giữ độ chính xác khi thời gian bắt đầu siết lại.","Hoàn thành đủ 3 chặng trong một lượt, không rời phiếu giữa chừng."
NV-1358,PL-LY-MEC-L4-003,Tốc độ: Cơ học — cấp 4,Khoa học,Cơ học,2,4,Tốc độ,132,"Hoàn thành 10 câu chuyên đề ""Cơ học"" trong khoảng 8 phút, lần lượt qua 3 chặng: khởi động → rèn luyện → bứt tốc. Đúng từ 7 câu là hoàn thành; đúng từ 9 câu được tính là thành thạo và cộng điểm lên cấp. Tinh thần cấp 4: Giữ độ chính xác khi thời gian bắt đầu siết lại.",Thời gian bị siết còn 75% mức chuẩn. Quá giờ vẫn chấm nhưng không tính thành thạo.
NV-1359,PL-LY-MEC-L4-004,Chính xác: Cơ học — cấp 4,Khoa học,Cơ học,2,4,Chính xác,132,"Hoàn thành 10 câu chuyên đề ""Cơ học"" trong khoảng 12 phút, lần lượt qua 3 chặng: khởi động → rèn luyện → bứt tốc. Đúng từ 7 câu là hoàn thành; đúng từ 9 câu được tính là thành thạo và cộng điểm lên cấp. Tinh thần cấp 4: Giữ độ chính xác khi thời gian bắt đầu siết lại.",Sai quá 2 câu là phải làm lại phiếu trước khi đi tiếp.
NV-1360,PL-LY-MEC-L4-005,Tổng hợp: Cơ học — cấp 4,Khoa học,Cơ học,2,4,Tổng hợp,138,"Hoàn thành 10 câu chuyên đề ""Cơ học"" trong khoảng 11 phút, lần lượt qua 3 chặng: khởi động → rèn luyện → bứt tốc. Đúng từ 7 câu là hoàn thành; đúng từ 9 câu được tính là thành thạo và cộng điểm lên cấp. Tinh thần cấp 4: Giữ độ chính xác khi thời gian bắt đầu siết lại.",Không được biết trước dạng bài của từng câu.
NV-1361,PL-LY-MEC-L4-006,Ôn lại: Cơ học — cấp 4,Khoa học,Cơ học,2,4,Ôn lại,108,"Hoàn thành 10 câu chuyên đề ""Cơ học"" trong khoảng 12 phút, lần lượt qua 3 chặng: khởi động → rèn luyện → bứt tốc. Đúng từ 7 câu là hoàn thành; đúng từ 9 câu được tính là thành thạo và cộng điểm lên cấp. Tinh thần cấp 4: Giữ độ chính xác khi thời gian bắt đầu siết lại.",Nên làm sau buổi học chính ít nhất một ngày.
NV-1362,PL-LY-MEC-L4-007,Thử thách: Cơ học — cấp 4,Khoa học,Cơ học,2,4,Thử thách,168,"Hoàn thành 10 câu chuyên đề ""Cơ học"" trong khoảng 11 phút, lần lượt qua 3 chặng: khởi động → rèn luyện → bứt tốc. Đúng từ 7 câu là hoàn thành; đúng từ 9 câu được tính là thành thạo và cộng điểm lên cấp. Tinh thần cấp 4: Giữ độ chính xác khi thời gian bắt đầu siết lại.",Đạt từ 85% mới được tính là vượt thử thách.
NV-1363,PL-LY-MEC-L4-008,Vượt ải: Cơ học — cấp 4,Khoa học,Cơ học,2,4,Vượt ải,216,"Hoàn thành 10 câu chuyên đề ""Cơ học"" trong khoảng 10 phút, lần lượt qua 3 chặng: khởi động → rèn luyện → bứt tốc. Đúng từ 7 câu là hoàn thành; đúng từ 9 câu được tính là thành thạo và cộng điểm lên cấp. Tinh thần cấp 4: Giữ độ chính xác khi thời gian bắt đầu siết lại.",Phải đạt từ 90% để mở khóa cấp độ tiếp theo của tuyến này.
NV-1364,PL-LY-MEC-L5-001,Khởi động: Cơ học — cấp 5,Khoa học,Cơ học,3,5,Khởi động,112,"Hoàn thành 10 câu chuyên đề ""Cơ học"" trong khoảng 15 phút, lần lượt qua 3 chặng: khởi động → rèn luyện → bứt tốc. Đúng từ 7 câu là hoàn thành; đúng từ 9 câu được tính là thành thạo và cộng điểm lên cấp. Tinh thần cấp 5: Xử lý câu phân loại mà không mất nhịp.","Không giới hạn thời gian. Mục tiêu là làm đúng, chưa cần nhanh."
NV-1365,PL-LY-MEC-L5-002,Rèn kỹ năng: Cơ học — cấp 5,Khoa học,Cơ học,3,5,Rèn kỹ năng,160,"Hoàn thành 10 câu chuyên đề ""Cơ học"" trong khoảng 12 phút, lần lượt qua 3 chặng: khởi động → rèn luyện → bứt tốc. Đúng từ 7 câu là hoàn thành; đúng từ 9 câu được tính là thành thạo và cộng điểm lên cấp. Tinh thần cấp 5: Xử lý câu phân loại mà không mất nhịp.","Hoàn thành đủ 3 chặng trong một lượt, không rời phiếu giữa chừng."
NV-1366,PL-LY-MEC-L5-003,Tốc độ: Cơ học — cấp 5,Khoa học,Cơ học,3,5,Tốc độ,176,"Hoàn thành 10 câu chuyên đề ""Cơ học"" trong khoảng 9 phút, lần lượt qua 3 chặng: khởi động → rèn luyện → bứt tốc. Đúng từ 7 câu là hoàn thành; đúng từ 9 câu được tính là thành thạo và cộng điểm lên cấp. Tinh thần cấp 5: Xử lý câu phân loại mà không mất nhịp.",Thời gian bị siết còn 75% mức chuẩn. Quá giờ vẫn chấm nhưng không tính thành thạo.
NV-1367,PL-LY-MEC-L5-004,Chính xác: Cơ học — cấp 5,Khoa học,Cơ học,3,5,Chính xác,176,"Hoàn thành 10 câu chuyên đề ""Cơ học"" trong khoảng 13 phút, lần lượt qua 3 chặng: khởi động → rèn luyện → bứt tốc. Đúng từ 7 câu là hoàn thành; đúng từ 9 câu được tính là thành thạo và cộng điểm lên cấp. Tinh thần cấp 5: Xử lý câu phân loại mà không mất nhịp.",Sai quá 2 câu là phải làm lại phiếu trước khi đi tiếp.
NV-1368,PL-LY-MEC-L5-005,Thử thách: Cơ học — cấp 5,Khoa học,Cơ học,3,5,Thử thách,224,"Hoàn thành 10 câu chuyên đề ""Cơ học"" trong khoảng 12 phút, lần lượt qua 3 chặng: khởi động → rèn luyện → bứt tốc. Đúng từ 7 câu là hoàn thành; đúng từ 9 câu được tính là thành thạo và cộng điểm lên cấp. Tinh thần cấp 5: Xử lý câu phân loại mà không mất nhịp.",Đạt từ 85% mới được tính là vượt thử thách.
NV-1369,PL-LY-MEC-L5-006,Vượt ải: Cơ học — cấp 5,Khoa học,Cơ học,3,5,Vượt ải,288,"Hoàn thành 10 câu chuyên đề ""Cơ học"" trong khoảng 11 phút, lần lượt qua 3 chặng: khởi động → rèn luyện → bứt tốc. Đúng từ 7 câu là hoàn thành; đúng từ 9 câu được tính là thành thạo và cộng điểm lên cấp. Tinh thần cấp 5: Xử lý câu phân loại mà không mất nhịp.",Phải đạt từ 90% để mở khóa cấp độ tiếp theo của tuyến này.
NV-1370,PL-LY-MEC-L6-001,Khởi động: Cơ học — cấp 6,Khoa học,Cơ học,3,6,Khởi động,154,"Hoàn thành 10 câu chuyên đề ""Cơ học"" trong khoảng 13 phút, lần lượt qua 3 chặng: khởi động → rèn luyện → bứt tốc. Đúng từ 7 câu là hoàn thành; đúng từ 9 câu được tính là thành thạo và cộng điểm lên cấp. Tinh thần cấp 6: Tốc độ và độ chính xác của nhóm dẫn đầu phổ điểm.","Không giới hạn thời gian. Mục tiêu là làm đúng, chưa cần nhanh."
NV-1371,PL-LY-MEC-L6-002,Rèn kỹ năng: Cơ học — cấp 6,Khoa học,Cơ học,3,6,Rèn kỹ năng,220,"Hoàn thành 10 câu chuyên đề ""Cơ học"" trong khoảng 10 phút, lần lượt qua 3 chặng: khởi động → rèn luyện → bứt tốc. Đúng từ 7 câu là hoàn thành; đúng từ 9 câu được tính là thành thạo và cộng điểm lên cấp. Tinh thần cấp 6: Tốc độ và độ chính xác của nhóm dẫn đầu phổ điểm.","Hoàn thành đủ 3 chặng trong một lượt, không rời phiếu giữa chừng."
NV-1372,PL-LY-MEC-L6-003,Tốc độ: Cơ học — cấp 6,Khoa học,Cơ học,3,6,Tốc độ,242,"Hoàn thành 10 câu chuyên đề ""Cơ học"" trong khoảng 8 phút, lần lượt qua 3 chặng: khởi động → rèn luyện → bứt tốc. Đúng từ 7 câu là hoàn thành; đúng từ 9 câu được tính là thành thạo và cộng điểm lên cấp. Tinh thần cấp 6: Tốc độ và độ chính xác của nhóm dẫn đầu phổ điểm.",Thời gian bị siết còn 75% mức chuẩn. Quá giờ vẫn chấm nhưng không tính thành thạo.
NV-1373,PL-LY-MEC-L6-004,Thử thách: Cơ học — cấp 6,Khoa học,Cơ học,3,6,Thử thách,308,"Hoàn thành 10 câu chuyên đề ""Cơ học"" trong khoảng 10 phút, lần lượt qua 3 chặng: khởi động → rèn luyện → bứt tốc. Đúng từ 7 câu là hoàn thành; đúng từ 9 câu được tính là thành thạo và cộng điểm lên cấp. Tinh thần cấp 6: Tốc độ và độ chính xác của nhóm dẫn đầu phổ điểm.",Đạt từ 85% mới được tính là vượt thử thách.
NV-1374,PL-LY-MEC-L6-005,Vượt ải: Cơ học — cấp 6,Khoa học,Cơ học,3,6,Vượt ải,396,"Hoàn thành 10 câu chuyên đề ""Cơ học"" trong khoảng 10 phút, lần lượt qua 3 chặng: khởi động → rèn luyện → bứt tốc. Đúng từ 7 câu là hoàn thành; đúng từ 9 câu được tính là thành thạo và cộng điểm lên cấp. Tinh thần cấp 6: Tốc độ và độ chính xác của nhóm dẫn đầu phổ điểm.",Phải đạt từ 90% để mở khóa cấp độ tiếp theo của tuyến này.
NV-1375,PL-LY-OSC-L1-001,Khởi động: Dao động & sóng — cấp 1,Khoa học,Dao động & sóng,1,1,Khởi động,28,"Hoàn thành 8 câu chuyên đề ""Dao động & sóng"" trong khoảng 10 phút, lần lượt qua 3 chặng: khởi động → rèn luyện → bứt tốc. Đúng từ 6 câu là hoàn thành; đúng từ 7 câu được tính là thành thạo và cộng điểm lên cấp. Tinh thần cấp 1: Nhận diện dạng bài và nhớ lại công thức nền.","Không giới hạn thời gian. Mục tiêu là làm đúng, chưa cần nhanh."
NV-1376,PL-LY-OSC-L1-002,Rèn kỹ năng: Dao động & sóng — cấp 1,Khoa học,Dao động & sóng,1,1,Rèn kỹ năng,40,"Hoàn thành 8 câu chuyên đề ""Dao động & sóng"" trong khoảng 8 phút, lần lượt qua 3 chặng: khởi động → rèn luyện → bứt tốc. Đúng từ 6 câu là hoàn thành; đúng từ 7 câu được tính là thành thạo và cộng điểm lên cấp. Tinh thần cấp 1: Nhận diện dạng bài và nhớ lại công thức nền.","Hoàn thành đủ 3 chặng trong một lượt, không rời phiếu giữa chừng."
NV-1377,PL-LY-OSC-L1-003,Tốc độ: Dao động & sóng — cấp 1,Khoa học,Dao động & sóng,1,1,Tốc độ,44,"Hoàn thành 8 câu chuyên đề ""Dao động & sóng"" trong khoảng 6 phút, lần lượt qua 3 chặng: khởi động → rèn luyện → bứt tốc. Đúng từ 6 câu là hoàn thành; đúng từ 7 câu được tính là thành thạo và cộng điểm lên cấp. Tinh thần cấp 1: Nhận diện dạng bài và nhớ lại công thức nền.",Thời gian bị siết còn 75% mức chuẩn. Quá giờ vẫn chấm nhưng không tính thành thạo.
NV-1378,PL-LY-OSC-L1-004,Thử thách: Dao động & sóng — cấp 1,Khoa học,Dao động & sóng,1,1,Thử thách,56,"Hoàn thành 8 câu chuyên đề ""Dao động & sóng"" trong khoảng 8 phút, lần lượt qua 3 chặng: khởi động → rèn luyện → bứt tốc. Đúng từ 6 câu là hoàn thành; đúng từ 7 câu được tính là thành thạo và cộng điểm lên cấp. Tinh thần cấp 1: Nhận diện dạng bài và nhớ lại công thức nền.",Đạt từ 85% mới được tính là vượt thử thách.
NV-1379,PL-LY-OSC-L1-005,Vượt ải: Dao động & sóng — cấp 1,Khoa học,Dao động & sóng,1,1,Vượt ải,72,"Hoàn thành 8 câu chuyên đề ""Dao động & sóng"" trong khoảng 8 phút, lần lượt qua 3 chặng: khởi động → rèn luyện → bứt tốc. Đúng từ 6 câu là hoàn thành; đúng từ 8 câu được tính là thành thạo và cộng điểm lên cấp. Tinh thần cấp 1: Nhận diện dạng bài và nhớ lại công thức nền.",Phải đạt từ 90% để mở khóa cấp độ tiếp theo của tuyến này.
NV-1380,PL-LY-OSC-L2-001,Khởi động: Dao động & sóng — cấp 2,Khoa học,Dao động & sóng,1,2,Khởi động,42,"Hoàn thành 10 câu chuyên đề ""Dao động & sóng"" trong khoảng 15 phút, lần lượt qua 3 chặng: khởi động → rèn luyện → bứt tốc. Đúng từ 7 câu là hoàn thành; đúng từ 9 câu được tính là thành thạo và cộng điểm lên cấp. Tinh thần cấp 2: Làm đúng dạng chuẩn mà không cần nhìn gợi ý.","Không giới hạn thời gian. Mục tiêu là làm đúng, chưa cần nhanh."
NV-1381,PL-LY-OSC-L2-002,Rèn kỹ năng: Dao động & sóng — cấp 2,Khoa học,Dao động & sóng,1,2,Rèn kỹ năng,60,"Hoàn thành 10 câu chuyên đề ""Dao động & sóng"" trong khoảng 12 phút, lần lượt qua 3 chặng: khởi động → rèn luyện → bứt tốc. Đúng từ 7 câu là hoàn thành; đúng từ 9 câu được tính là thành thạo và cộng điểm lên cấp. Tinh thần cấp 2: Làm đúng dạng chuẩn mà không cần nhìn gợi ý.","Hoàn thành đủ 3 chặng trong một lượt, không rời phiếu giữa chừng."
NV-1382,PL-LY-OSC-L2-003,Tốc độ: Dao động & sóng — cấp 2,Khoa học,Dao động & sóng,1,2,Tốc độ,66,"Hoàn thành 10 câu chuyên đề ""Dao động & sóng"" trong khoảng 9 phút, lần lượt qua 3 chặng: khởi động → rèn luyện → bứt tốc. Đúng từ 7 câu là hoàn thành; đúng từ 9 câu được tính là thành thạo và cộng điểm lên cấp. Tinh thần cấp 2: Làm đúng dạng chuẩn mà không cần nhìn gợi ý.",Thời gian bị siết còn 75% mức chuẩn. Quá giờ vẫn chấm nhưng không tính thành thạo.
NV-1383,PL-LY-OSC-L2-004,Chính xác: Dao động & sóng — cấp 2,Khoa học,Dao động & sóng,1,2,Chính xác,66,"Hoàn thành 10 câu chuyên đề ""Dao động & sóng"" trong khoảng 13 phút, lần lượt qua 3 chặng: khởi động → rèn luyện → bứt tốc. Đúng từ 7 câu là hoàn thành; đúng từ 9 câu được tính là thành thạo và cộng điểm lên cấp. Tinh thần cấp 2: Làm đúng dạng chuẩn mà không cần nhìn gợi ý.",Sai quá 2 câu là phải làm lại phiếu trước khi đi tiếp.
NV-1384,PL-LY-OSC-L2-005,Tổng hợp: Dao động & sóng — cấp 2,Khoa học,Dao động & sóng,1,2,Tổng hợp,69,"Hoàn thành 10 câu chuyên đề ""Dao động & sóng"" trong khoảng 12 phút, lần lượt qua 3 chặng: khởi động → rèn luyện → bứt tốc. Đúng từ 7 câu là hoàn thành; đúng từ 9 câu được tính là thành thạo và cộng điểm lên cấp. Tinh thần cấp 2: Làm đúng dạng chuẩn mà không cần nhìn gợi ý.",Không được biết trước dạng bài của từng câu.
NV-1385,PL-LY-OSC-L2-006,Thử thách: Dao động & sóng — cấp 2,Khoa học,Dao động & sóng,1,2,Thử thách,84,"Hoàn thành 10 câu chuyên đề ""Dao động & sóng"" trong khoảng 12 phút, lần lượt qua 3 chặng: khởi động → rèn luyện → bứt tốc. Đúng từ 7 câu là hoàn thành; đúng từ 9 câu được tính là thành thạo và cộng điểm lên cấp. Tinh thần cấp 2: Làm đúng dạng chuẩn mà không cần nhìn gợi ý.",Đạt từ 85% mới được tính là vượt thử thách.
NV-1386,PL-LY-OSC-L2-007,Vượt ải: Dao động & sóng — cấp 2,Khoa học,Dao động & sóng,1,2,Vượt ải,108,"Hoàn thành 10 câu chuyên đề ""Dao động & sóng"" trong khoảng 11 phút, lần lượt qua 3 chặng: khởi động → rèn luyện → bứt tốc. Đúng từ 7 câu là hoàn thành; đúng từ 9 câu được tính là thành thạo và cộng điểm lên cấp. Tinh thần cấp 2: Làm đúng dạng chuẩn mà không cần nhìn gợi ý.",Phải đạt từ 90% để mở khóa cấp độ tiếp theo của tuyến này.
NV-1387,PL-LY-OSC-L3-001,Khởi động: Dao động & sóng — cấp 3,Khoa học,Dao động & sóng,2,3,Khởi động,63,"Hoàn thành 10 câu chuyên đề ""Dao động & sóng"" trong khoảng 16 phút, lần lượt qua 3 chặng: khởi động → rèn luyện → bứt tốc. Đúng từ 7 câu là hoàn thành; đúng từ 9 câu được tính là thành thạo và cộng điểm lên cấp. Tinh thần cấp 3: Ghép nhiều bước và tránh các bẫy quen thuộc.","Không giới hạn thời gian. Mục tiêu là làm đúng, chưa cần nhanh."
NV-1388,PL-LY-OSC-L3-002,Rèn kỹ năng: Dao động & sóng — cấp 3,Khoa học,Dao động & sóng,2,3,Rèn kỹ năng,90,"Hoàn thành 10 câu chuyên đề ""Dao động & sóng"" trong khoảng 13 phút, lần lượt qua 3 chặng: khởi động → rèn luyện → bứt tốc. Đúng từ 7 câu là hoàn thành; đúng từ 9 câu được tính là thành thạo và cộng điểm lên cấp. Tinh thần cấp 3: Ghép nhiều bước và tránh các bẫy quen thuộc.","Hoàn thành đủ 3 chặng trong một lượt, không rời phiếu giữa chừng."
NV-1389,PL-LY-OSC-L3-003,Tốc độ: Dao động & sóng — cấp 3,Khoa học,Dao động & sóng,2,3,Tốc độ,99,"Hoàn thành 10 câu chuyên đề ""Dao động & sóng"" trong khoảng 9 phút, lần lượt qua 3 chặng: khởi động → rèn luyện → bứt tốc. Đúng từ 7 câu là hoàn thành; đúng từ 9 câu được tính là thành thạo và cộng điểm lên cấp. Tinh thần cấp 3: Ghép nhiều bước và tránh các bẫy quen thuộc.",Thời gian bị siết còn 75% mức chuẩn. Quá giờ vẫn chấm nhưng không tính thành thạo.
NV-1390,PL-LY-OSC-L3-004,Chính xác: Dao động & sóng — cấp 3,Khoa học,Dao động & sóng,2,3,Chính xác,99,"Hoàn thành 10 câu chuyên đề ""Dao động & sóng"" trong khoảng 14 phút, lần lượt qua 3 chặng: khởi động → rèn luyện → bứt tốc. Đúng từ 7 câu là hoàn thành; đúng từ 9 câu được tính là thành thạo và cộng điểm lên cấp. Tinh thần cấp 3: Ghép nhiều bước và tránh các bẫy quen thuộc.",Sai quá 2 câu là phải làm lại phiếu trước khi đi tiếp.
NV-1391,PL-LY-OSC-L3-005,Tổng hợp: Dao động & sóng — cấp 3,Khoa học,Dao động & sóng,2,3,Tổng hợp,103,"Hoàn thành 10 câu chuyên đề ""Dao động & sóng"" trong khoảng 13 phút, lần lượt qua 3 chặng: khởi động → rèn luyện → bứt tốc. Đúng từ 7 câu là hoàn thành; đúng từ 9 câu được tính là thành thạo và cộng điểm lên cấp. Tinh thần cấp 3: Ghép nhiều bước và tránh các bẫy quen thuộc.",Không được biết trước dạng bài của từng câu.
NV-1392,PL-LY-OSC-L3-006,Thử thách: Dao động & sóng — cấp 3,Khoa học,Dao động & sóng,2,3,Thử thách,126,"Hoàn thành 10 câu chuyên đề ""Dao động & sóng"" trong khoảng 13 phút, lần lượt qua 3 chặng: khởi động → rèn luyện → bứt tốc. Đúng từ 7 câu là hoàn thành; đúng từ 9 câu được tính là thành thạo và cộng điểm lên cấp. Tinh thần cấp 3: Ghép nhiều bước và tránh các bẫy quen thuộc.",Đạt từ 85% mới được tính là vượt thử thách.
NV-1393,PL-LY-OSC-L3-007,Vượt ải: Dao động & sóng — cấp 3,Khoa học,Dao động & sóng,2,3,Vượt ải,162,"Hoàn thành 10 câu chuyên đề ""Dao động & sóng"" trong khoảng 12 phút, lần lượt qua 3 chặng: khởi động → rèn luyện → bứt tốc. Đúng từ 7 câu là hoàn thành; đúng từ 9 câu được tính là thành thạo và cộng điểm lên cấp. Tinh thần cấp 3: Ghép nhiều bước và tránh các bẫy quen thuộc.",Phải đạt từ 90% để mở khóa cấp độ tiếp theo của tuyến này.
NV-1394,PL-LY-OSC-L4-001,Khởi động: Dao động & sóng — cấp 4,Khoa học,Dao động & sóng,2,4,Khởi động,84,"Hoàn thành 10 câu chuyên đề ""Dao động & sóng"" trong khoảng 14 phút, lần lượt qua 3 chặng: khởi động → rèn luyện → bứt tốc. Đúng từ 7 câu là hoàn thành; đúng từ 9 câu được tính là thành thạo và cộng điểm lên cấp. Tinh thần cấp 4: Giữ độ chính xác khi thời gian bắt đầu siết lại.","Không giới hạn thời gian. Mục tiêu là làm đúng, chưa cần nhanh."
NV-1395,PL-LY-OSC-L4-002,Rèn kỹ năng: Dao động & sóng — cấp 4,Khoa học,Dao động & sóng,2,4,Rèn kỹ năng,120,"Hoàn thành 10 câu chuyên đề ""Dao động & sóng"" trong khoảng 11 phút, lần lượt qua 3 chặng: khởi động → rèn luyện → bứt tốc. Đúng từ 7 câu là hoàn thành; đúng từ 9 câu được tính là thành thạo và cộng điểm lên cấp. Tinh thần cấp 4: Giữ độ chính xác khi thời gian bắt đầu siết lại.","Hoàn thành đủ 3 chặng trong một lượt, không rời phiếu giữa chừng."
NV-1396,PL-LY-OSC-L4-003,Tốc độ: Dao động & sóng — cấp 4,Khoa học,Dao động & sóng,2,4,Tốc độ,132,"Hoàn thành 10 câu chuyên đề ""Dao động & sóng"" trong khoảng 8 phút, lần lượt qua 3 chặng: khởi động → rèn luyện → bứt tốc. Đúng từ 7 câu là hoàn thành; đúng từ 9 câu được tính là thành thạo và cộng điểm lên cấp. Tinh thần cấp 4: Giữ độ chính xác khi thời gian bắt đầu siết lại.",Thời gian bị siết còn 75% mức chuẩn. Quá giờ vẫn chấm nhưng không tính thành thạo.
NV-1397,PL-LY-OSC-L4-004,Chính xác: Dao động & sóng — cấp 4,Khoa học,Dao động & sóng,2,4,Chính xác,132,"Hoàn thành 10 câu chuyên đề ""Dao động & sóng"" trong khoảng 12 phút, lần lượt qua 3 chặng: khởi động → rèn luyện → bứt tốc. Đúng từ 7 câu là hoàn thành; đúng từ 9 câu được tính là thành thạo và cộng điểm lên cấp. Tinh thần cấp 4: Giữ độ chính xác khi thời gian bắt đầu siết lại.",Sai quá 2 câu là phải làm lại phiếu trước khi đi tiếp.
NV-1398,PL-LY-OSC-L4-005,Tổng hợp: Dao động & sóng — cấp 4,Khoa học,Dao động & sóng,2,4,Tổng hợp,138,"Hoàn thành 10 câu chuyên đề ""Dao động & sóng"" trong khoảng 11 phút, lần lượt qua 3 chặng: khởi động → rèn luyện → bứt tốc. Đúng từ 7 câu là hoàn thành; đúng từ 9 câu được tính là thành thạo và cộng điểm lên cấp. Tinh thần cấp 4: Giữ độ chính xác khi thời gian bắt đầu siết lại.",Không được biết trước dạng bài của từng câu.
NV-1399,PL-LY-OSC-L4-006,Thử thách: Dao động & sóng — cấp 4,Khoa học,Dao động & sóng,2,4,Thử thách,168,"Hoàn thành 10 câu chuyên đề ""Dao động & sóng"" trong khoảng 11 phút, lần lượt qua 3 chặng: khởi động → rèn luyện → bứt tốc. Đúng từ 7 câu là hoàn thành; đúng từ 9 câu được tính là thành thạo và cộng điểm lên cấp. Tinh thần cấp 4: Giữ độ chính xác khi thời gian bắt đầu siết lại.",Đạt từ 85% mới được tính là vượt thử thách.
NV-1400,PL-LY-OSC-L4-007,Vượt ải: Dao động & sóng — cấp 4,Khoa học,Dao động & sóng,2,4,Vượt ải,216,"Hoàn thành 10 câu chuyên đề ""Dao động & sóng"" trong khoảng 10 phút, lần lượt qua 3 chặng: khởi động → rèn luyện → bứt tốc. Đúng từ 7 câu là hoàn thành; đúng từ 9 câu được tính là thành thạo và cộng điểm lên cấp. Tinh thần cấp 4: Giữ độ chính xác khi thời gian bắt đầu siết lại.",Phải đạt từ 90% để mở khóa cấp độ tiếp theo của tuyến này.
NV-1401,PL-LY-OSC-L5-001,Khởi động: Dao động & sóng — cấp 5,Khoa học,Dao động & sóng,3,5,Khởi động,112,"Hoàn thành 10 câu chuyên đề ""Dao động & sóng"" trong khoảng 15 phút, lần lượt qua 3 chặng: khởi động → rèn luyện → bứt tốc. Đúng từ 7 câu là hoàn thành; đúng từ 9 câu được tính là thành thạo và cộng điểm lên cấp. Tinh thần cấp 5: Xử lý câu phân loại mà không mất nhịp.","Không giới hạn thời gian. Mục tiêu là làm đúng, chưa cần nhanh."
NV-1402,PL-LY-OSC-L5-002,Rèn kỹ năng: Dao động & sóng — cấp 5,Khoa học,Dao động & sóng,3,5,Rèn kỹ năng,160,"Hoàn thành 10 câu chuyên đề ""Dao động & sóng"" trong khoảng 12 phút, lần lượt qua 3 chặng: khởi động → rèn luyện → bứt tốc. Đúng từ 7 câu là hoàn thành; đúng từ 9 câu được tính là thành thạo và cộng điểm lên cấp. Tinh thần cấp 5: Xử lý câu phân loại mà không mất nhịp.","Hoàn thành đủ 3 chặng trong một lượt, không rời phiếu giữa chừng."
NV-1403,PL-LY-OSC-L5-003,Tốc độ: Dao động & sóng — cấp 5,Khoa học,Dao động & sóng,3,5,Tốc độ,176,"Hoàn thành 10 câu chuyên đề ""Dao động & sóng"" trong khoảng 9 phút, lần lượt qua 3 chặng: khởi động → rèn luyện → bứt tốc. Đúng từ 7 câu là hoàn thành; đúng từ 9 câu được tính là thành thạo và cộng điểm lên cấp. Tinh thần cấp 5: Xử lý câu phân loại mà không mất nhịp.",Thời gian bị siết còn 75% mức chuẩn. Quá giờ vẫn chấm nhưng không tính thành thạo.
NV-1404,PL-LY-OSC-L5-004,Chính xác: Dao động & sóng — cấp 5,Khoa học,Dao động & sóng,3,5,Chính xác,176,"Hoàn thành 10 câu chuyên đề ""Dao động & sóng"" trong khoảng 13 phút, lần lượt qua 3 chặng: khởi động → rèn luyện → bứt tốc. Đúng từ 7 câu là hoàn thành; đúng từ 9 câu được tính là thành thạo và cộng điểm lên cấp. Tinh thần cấp 5: Xử lý câu phân loại mà không mất nhịp.",Sai quá 2 câu là phải làm lại phiếu trước khi đi tiếp.
NV-1405,PL-LY-OSC-L5-005,Thử thách: Dao động & sóng — cấp 5,Khoa học,Dao động & sóng,3,5,Thử thách,224,"Hoàn thành 10 câu chuyên đề ""Dao động & sóng"" trong khoảng 12 phút, lần lượt qua 3 chặng: khởi động → rèn luyện → bứt tốc. Đúng từ 7 câu là hoàn thành; đúng từ 9 câu được tính là thành thạo và cộng điểm lên cấp. Tinh thần cấp 5: Xử lý câu phân loại mà không mất nhịp.",Đạt từ 85% mới được tính là vượt thử thách.
NV-1406,PL-LY-OSC-L5-006,Vượt ải: Dao động & sóng — cấp 5,Khoa học,Dao động & sóng,3,5,Vượt ải,288,"Hoàn thành 10 câu chuyên đề ""Dao động & sóng"" trong khoảng 11 phút, lần lượt qua 3 chặng: khởi động → rèn luyện → bứt tốc. Đúng từ 7 câu là hoàn thành; đúng từ 9 câu được tính là thành thạo và cộng điểm lên cấp. Tinh thần cấp 5: Xử lý câu phân loại mà không mất nhịp.",Phải đạt từ 90% để mở khóa cấp độ tiếp theo của tuyến này.
NV-1407,PL-LY-OSC-L6-001,Khởi động: Dao động & sóng — cấp 6,Khoa học,Dao động & sóng,3,6,Khởi động,154,"Hoàn thành 10 câu chuyên đề ""Dao động & sóng"" trong khoảng 13 phút, lần lượt qua 3 chặng: khởi động → rèn luyện → bứt tốc. Đúng từ 7 câu là hoàn thành; đúng từ 9 câu được tính là thành thạo và cộng điểm lên cấp. Tinh thần cấp 6: Tốc độ và độ chính xác của nhóm dẫn đầu phổ điểm.","Không giới hạn thời gian. Mục tiêu là làm đúng, chưa cần nhanh."
NV-1408,PL-LY-OSC-L6-002,Rèn kỹ năng: Dao động & sóng — cấp 6,Khoa học,Dao động & sóng,3,6,Rèn kỹ năng,220,"Hoàn thành 10 câu chuyên đề ""Dao động & sóng"" trong khoảng 10 phút, lần lượt qua 3 chặng: khởi động → rèn luyện → bứt tốc. Đúng từ 7 câu là hoàn thành; đúng từ 9 câu được tính là thành thạo và cộng điểm lên cấp. Tinh thần cấp 6: Tốc độ và độ chính xác của nhóm dẫn đầu phổ điểm.","Hoàn thành đủ 3 chặng trong một lượt, không rời phiếu giữa chừng."
NV-1409,PL-LY-OSC-L6-003,Thử thách: Dao động & sóng — cấp 6,Khoa học,Dao động & sóng,3,6,Thử thách,308,"Hoàn thành 10 câu chuyên đề ""Dao động & sóng"" trong khoảng 10 phút, lần lượt qua 3 chặng: khởi động → rèn luyện → bứt tốc. Đúng từ 7 câu là hoàn thành; đúng từ 9 câu được tính là thành thạo và cộng điểm lên cấp. Tinh thần cấp 6: Tốc độ và độ chính xác của nhóm dẫn đầu phổ điểm.",Đạt từ 85% mới được tính là vượt thử thách.
NV-1410,PL-LY-OSC-L6-004,Vượt ải: Dao động & sóng — cấp 6,Khoa học,Dao động & sóng,3,6,Vượt ải,396,"Hoàn thành 10 câu chuyên đề ""Dao động & sóng"" trong khoảng 10 phút, lần lượt qua 3 chặng: khởi động → rèn luyện → bứt tốc. Đúng từ 7 câu là hoàn thành; đúng từ 9 câu được tính là thành thạo và cộng điểm lên cấp. Tinh thần cấp 6: Tốc độ và độ chính xác của nhóm dẫn đầu phổ điểm.",Phải đạt từ 90% để mở khóa cấp độ tiếp theo của tuyến này.
NV-1411,PL-LY-ELE-L1-001,Khởi động: Điện & từ — cấp 1,Khoa học,Điện & từ,1,1,Khởi động,28,"Hoàn thành 8 câu chuyên đề ""Điện & từ"" trong khoảng 10 phút, lần lượt qua 3 chặng: khởi động → rèn luyện → bứt tốc. Đúng từ 6 câu là hoàn thành; đúng từ 7 câu được tính là thành thạo và cộng điểm lên cấp. Tinh thần cấp 1: Nhận diện dạng bài và nhớ lại công thức nền.","Không giới hạn thời gian. Mục tiêu là làm đúng, chưa cần nhanh."
NV-1412,PL-LY-ELE-L1-002,Rèn kỹ năng: Điện & từ — cấp 1,Khoa học,Điện & từ,1,1,Rèn kỹ năng,40,"Hoàn thành 8 câu chuyên đề ""Điện & từ"" trong khoảng 8 phút, lần lượt qua 3 chặng: khởi động → rèn luyện → bứt tốc. Đúng từ 6 câu là hoàn thành; đúng từ 7 câu được tính là thành thạo và cộng điểm lên cấp. Tinh thần cấp 1: Nhận diện dạng bài và nhớ lại công thức nền.","Hoàn thành đủ 3 chặng trong một lượt, không rời phiếu giữa chừng."
NV-1413,PL-LY-ELE-L1-003,Tốc độ: Điện & từ — cấp 1,Khoa học,Điện & từ,1,1,Tốc độ,44,"Hoàn thành 8 câu chuyên đề ""Điện & từ"" trong khoảng 6 phút, lần lượt qua 3 chặng: khởi động → rèn luyện → bứt tốc. Đúng từ 6 câu là hoàn thành; đúng từ 7 câu được tính là thành thạo và cộng điểm lên cấp. Tinh thần cấp 1: Nhận diện dạng bài và nhớ lại công thức nền.",Thời gian bị siết còn 75% mức chuẩn. Quá giờ vẫn chấm nhưng không tính thành thạo.
NV-1414,PL-LY-ELE-L1-004,Thử thách: Điện & từ — cấp 1,Khoa học,Điện & từ,1,1,Thử thách,56,"Hoàn thành 8 câu chuyên đề ""Điện & từ"" trong khoảng 8 phút, lần lượt qua 3 chặng: khởi động → rèn luyện → bứt tốc. Đúng từ 6 câu là hoàn thành; đúng từ 7 câu được tính là thành thạo và cộng điểm lên cấp. Tinh thần cấp 1: Nhận diện dạng bài và nhớ lại công thức nền.",Đạt từ 85% mới được tính là vượt thử thách.
NV-1415,PL-LY-ELE-L1-005,Vượt ải: Điện & từ — cấp 1,Khoa học,Điện & từ,1,1,Vượt ải,72,"Hoàn thành 8 câu chuyên đề ""Điện & từ"" trong khoảng 8 phút, lần lượt qua 3 chặng: khởi động → rèn luyện → bứt tốc. Đúng từ 6 câu là hoàn thành; đúng từ 8 câu được tính là thành thạo và cộng điểm lên cấp. Tinh thần cấp 1: Nhận diện dạng bài và nhớ lại công thức nền.",Phải đạt từ 90% để mở khóa cấp độ tiếp theo của tuyến này.
NV-1416,PL-LY-ELE-L2-001,Khởi động: Điện & từ — cấp 2,Khoa học,Điện & từ,1,2,Khởi động,42,"Hoàn thành 10 câu chuyên đề ""Điện & từ"" trong khoảng 15 phút, lần lượt qua 3 chặng: khởi động → rèn luyện → bứt tốc. Đúng từ 7 câu là hoàn thành; đúng từ 9 câu được tính là thành thạo và cộng điểm lên cấp. Tinh thần cấp 2: Làm đúng dạng chuẩn mà không cần nhìn gợi ý.","Không giới hạn thời gian. Mục tiêu là làm đúng, chưa cần nhanh."
NV-1417,PL-LY-ELE-L2-002,Rèn kỹ năng: Điện & từ — cấp 2,Khoa học,Điện & từ,1,2,Rèn kỹ năng,60,"Hoàn thành 10 câu chuyên đề ""Điện & từ"" trong khoảng 12 phút, lần lượt qua 3 chặng: khởi động → rèn luyện → bứt tốc. Đúng từ 7 câu là hoàn thành; đúng từ 9 câu được tính là thành thạo và cộng điểm lên cấp. Tinh thần cấp 2: Làm đúng dạng chuẩn mà không cần nhìn gợi ý.","Hoàn thành đủ 3 chặng trong một lượt, không rời phiếu giữa chừng."
NV-1418,PL-LY-ELE-L2-003,Tốc độ: Điện & từ — cấp 2,Khoa học,Điện & từ,1,2,Tốc độ,66,"Hoàn thành 10 câu chuyên đề ""Điện & từ"" trong khoảng 9 phút, lần lượt qua 3 chặng: khởi động → rèn luyện → bứt tốc. Đúng từ 7 câu là hoàn thành; đúng từ 9 câu được tính là thành thạo và cộng điểm lên cấp. Tinh thần cấp 2: Làm đúng dạng chuẩn mà không cần nhìn gợi ý.",Thời gian bị siết còn 75% mức chuẩn. Quá giờ vẫn chấm nhưng không tính thành thạo.
NV-1419,PL-LY-ELE-L2-004,Chính xác: Điện & từ — cấp 2,Khoa học,Điện & từ,1,2,Chính xác,66,"Hoàn thành 10 câu chuyên đề ""Điện & từ"" trong khoảng 13 phút, lần lượt qua 3 chặng: khởi động → rèn luyện → bứt tốc. Đúng từ 7 câu là hoàn thành; đúng từ 9 câu được tính là thành thạo và cộng điểm lên cấp. Tinh thần cấp 2: Làm đúng dạng chuẩn mà không cần nhìn gợi ý.",Sai quá 2 câu là phải làm lại phiếu trước khi đi tiếp.
NV-1420,PL-LY-ELE-L2-005,Thử thách: Điện & từ — cấp 2,Khoa học,Điện & từ,1,2,Thử thách,84,"Hoàn thành 10 câu chuyên đề ""Điện & từ"" trong khoảng 12 phút, lần lượt qua 3 chặng: khởi động → rèn luyện → bứt tốc. Đúng từ 7 câu là hoàn thành; đúng từ 9 câu được tính là thành thạo và cộng điểm lên cấp. Tinh thần cấp 2: Làm đúng dạng chuẩn mà không cần nhìn gợi ý.",Đạt từ 85% mới được tính là vượt thử thách.
NV-1421,PL-LY-ELE-L2-006,Vượt ải: Điện & từ — cấp 2,Khoa học,Điện & từ,1,2,Vượt ải,108,"Hoàn thành 10 câu chuyên đề ""Điện & từ"" trong khoảng 11 phút, lần lượt qua 3 chặng: khởi động → rèn luyện → bứt tốc. Đúng từ 7 câu là hoàn thành; đúng từ 9 câu được tính là thành thạo và cộng điểm lên cấp. Tinh thần cấp 2: Làm đúng dạng chuẩn mà không cần nhìn gợi ý.",Phải đạt từ 90% để mở khóa cấp độ tiếp theo của tuyến này.
NV-1422,PL-LY-ELE-L3-001,Khởi động: Điện & từ — cấp 3,Khoa học,Điện & từ,2,3,Khởi động,63,"Hoàn thành 10 câu chuyên đề ""Điện & từ"" trong khoảng 16 phút, lần lượt qua 3 chặng: khởi động → rèn luyện → bứt tốc. Đúng từ 7 câu là hoàn thành; đúng từ 9 câu được tính là thành thạo và cộng điểm lên cấp. Tinh thần cấp 3: Ghép nhiều bước và tránh các bẫy quen thuộc.","Không giới hạn thời gian. Mục tiêu là làm đúng, chưa cần nhanh."
NV-1423,PL-LY-ELE-L3-002,Rèn kỹ năng: Điện & từ — cấp 3,Khoa học,Điện & từ,2,3,Rèn kỹ năng,90,"Hoàn thành 10 câu chuyên đề ""Điện & từ"" trong khoảng 13 phút, lần lượt qua 3 chặng: khởi động → rèn luyện → bứt tốc. Đúng từ 7 câu là hoàn thành; đúng từ 9 câu được tính là thành thạo và cộng điểm lên cấp. Tinh thần cấp 3: Ghép nhiều bước và tránh các bẫy quen thuộc.","Hoàn thành đủ 3 chặng trong một lượt, không rời phiếu giữa chừng."
NV-1424,PL-LY-ELE-L3-003,Tốc độ: Điện & từ — cấp 3,Khoa học,Điện & từ,2,3,Tốc độ,99,"Hoàn thành 10 câu chuyên đề ""Điện & từ"" trong khoảng 9 phút, lần lượt qua 3 chặng: khởi động → rèn luyện → bứt tốc. Đúng từ 7 câu là hoàn thành; đúng từ 9 câu được tính là thành thạo và cộng điểm lên cấp. Tinh thần cấp 3: Ghép nhiều bước và tránh các bẫy quen thuộc.",Thời gian bị siết còn 75% mức chuẩn. Quá giờ vẫn chấm nhưng không tính thành thạo.
NV-1425,PL-LY-ELE-L3-004,Chính xác: Điện & từ — cấp 3,Khoa học,Điện & từ,2,3,Chính xác,99,"Hoàn thành 10 câu chuyên đề ""Điện & từ"" trong khoảng 14 phút, lần lượt qua 3 chặng: khởi động → rèn luyện → bứt tốc. Đúng từ 7 câu là hoàn thành; đúng từ 9 câu được tính là thành thạo và cộng điểm lên cấp. Tinh thần cấp 3: Ghép nhiều bước và tránh các bẫy quen thuộc.",Sai quá 2 câu là phải làm lại phiếu trước khi đi tiếp.
NV-1426,PL-LY-ELE-L3-005,Tổng hợp: Điện & từ — cấp 3,Khoa học,Điện & từ,2,3,Tổng hợp,103,"Hoàn thành 10 câu chuyên đề ""Điện & từ"" trong khoảng 13 phút, lần lượt qua 3 chặng: khởi động → rèn luyện → bứt tốc. Đúng từ 7 câu là hoàn thành; đúng từ 9 câu được tính là thành thạo và cộng điểm lên cấp. Tinh thần cấp 3: Ghép nhiều bước và tránh các bẫy quen thuộc.",Không được biết trước dạng bài của từng câu.
NV-1427,PL-LY-ELE-L3-006,Thử thách: Điện & từ — cấp 3,Khoa học,Điện & từ,2,3,Thử thách,126,"Hoàn thành 10 câu chuyên đề ""Điện & từ"" trong khoảng 13 phút, lần lượt qua 3 chặng: khởi động → rèn luyện → bứt tốc. Đúng từ 7 câu là hoàn thành; đúng từ 9 câu được tính là thành thạo và cộng điểm lên cấp. Tinh thần cấp 3: Ghép nhiều bước và tránh các bẫy quen thuộc.",Đạt từ 85% mới được tính là vượt thử thách.
NV-1428,PL-LY-ELE-L3-007,Vượt ải: Điện & từ — cấp 3,Khoa học,Điện & từ,2,3,Vượt ải,162,"Hoàn thành 10 câu chuyên đề ""Điện & từ"" trong khoảng 12 phút, lần lượt qua 3 chặng: khởi động → rèn luyện → bứt tốc. Đúng từ 7 câu là hoàn thành; đúng từ 9 câu được tính là thành thạo và cộng điểm lên cấp. Tinh thần cấp 3: Ghép nhiều bước và tránh các bẫy quen thuộc.",Phải đạt từ 90% để mở khóa cấp độ tiếp theo của tuyến này.
NV-1429,PL-LY-ELE-L4-001,Khởi động: Điện & từ — cấp 4,Khoa học,Điện & từ,2,4,Khởi động,84,"Hoàn thành 10 câu chuyên đề ""Điện & từ"" trong khoảng 14 phút, lần lượt qua 3 chặng: khởi động → rèn luyện → bứt tốc. Đúng từ 7 câu là hoàn thành; đúng từ 9 câu được tính là thành thạo và cộng điểm lên cấp. Tinh thần cấp 4: Giữ độ chính xác khi thời gian bắt đầu siết lại.","Không giới hạn thời gian. Mục tiêu là làm đúng, chưa cần nhanh."
NV-1430,PL-LY-ELE-L4-002,Rèn kỹ năng: Điện & từ — cấp 4,Khoa học,Điện & từ,2,4,Rèn kỹ năng,120,"Hoàn thành 10 câu chuyên đề ""Điện & từ"" trong khoảng 11 phút, lần lượt qua 3 chặng: khởi động → rèn luyện → bứt tốc. Đúng từ 7 câu là hoàn thành; đúng từ 9 câu được tính là thành thạo và cộng điểm lên cấp. Tinh thần cấp 4: Giữ độ chính xác khi thời gian bắt đầu siết lại.","Hoàn thành đủ 3 chặng trong một lượt, không rời phiếu giữa chừng."
NV-1431,PL-LY-ELE-L4-003,Tốc độ: Điện & từ — cấp 4,Khoa học,Điện & từ,2,4,Tốc độ,132,"Hoàn thành 10 câu chuyên đề ""Điện & từ"" trong khoảng 8 phút, lần lượt qua 3 chặng: khởi động → rèn luyện → bứt tốc. Đúng từ 7 câu là hoàn thành; đúng từ 9 câu được tính là thành thạo và cộng điểm lên cấp. Tinh thần cấp 4: Giữ độ chính xác khi thời gian bắt đầu siết lại.",Thời gian bị siết còn 75% mức chuẩn. Quá giờ vẫn chấm nhưng không tính thành thạo.
NV-1432,PL-LY-ELE-L4-004,Chính xác: Điện & từ — cấp 4,Khoa học,Điện & từ,2,4,Chính xác,132,"Hoàn thành 10 câu chuyên đề ""Điện & từ"" trong khoảng 12 phút, lần lượt qua 3 chặng: khởi động → rèn luyện → bứt tốc. Đúng từ 7 câu là hoàn thành; đúng từ 9 câu được tính là thành thạo và cộng điểm lên cấp. Tinh thần cấp 4: Giữ độ chính xác khi thời gian bắt đầu siết lại.",Sai quá 2 câu là phải làm lại phiếu trước khi đi tiếp.
NV-1433,PL-LY-ELE-L4-005,Tổng hợp: Điện & từ — cấp 4,Khoa học,Điện & từ,2,4,Tổng hợp,138,"Hoàn thành 10 câu chuyên đề ""Điện & từ"" trong khoảng 11 phút, lần lượt qua 3 chặng: khởi động → rèn luyện → bứt tốc. Đúng từ 7 câu là hoàn thành; đúng từ 9 câu được tính là thành thạo và cộng điểm lên cấp. Tinh thần cấp 4: Giữ độ chính xác khi thời gian bắt đầu siết lại.",Không được biết trước dạng bài của từng câu.
NV-1434,PL-LY-ELE-L4-006,Thử thách: Điện & từ — cấp 4,Khoa học,Điện & từ,2,4,Thử thách,168,"Hoàn thành 10 câu chuyên đề ""Điện & từ"" trong khoảng 11 phút, lần lượt qua 3 chặng: khởi động → rèn luyện → bứt tốc. Đúng từ 7 câu là hoàn thành; đúng từ 9 câu được tính là thành thạo và cộng điểm lên cấp. Tinh thần cấp 4: Giữ độ chính xác khi thời gian bắt đầu siết lại.",Đạt từ 85% mới được tính là vượt thử thách.
NV-1435,PL-LY-ELE-L4-007,Vượt ải: Điện & từ — cấp 4,Khoa học,Điện & từ,2,4,Vượt ải,216,"Hoàn thành 10 câu chuyên đề ""Điện & từ"" trong khoảng 10 phút, lần lượt qua 3 chặng: khởi động → rèn luyện → bứt tốc. Đúng từ 7 câu là hoàn thành; đúng từ 9 câu được tính là thành thạo và cộng điểm lên cấp. Tinh thần cấp 4: Giữ độ chính xác khi thời gian bắt đầu siết lại.",Phải đạt từ 90% để mở khóa cấp độ tiếp theo của tuyến này.
NV-1436,PL-LY-ELE-L5-001,Khởi động: Điện & từ — cấp 5,Khoa học,Điện & từ,3,5,Khởi động,112,"Hoàn thành 10 câu chuyên đề ""Điện & từ"" trong khoảng 15 phút, lần lượt qua 3 chặng: khởi động → rèn luyện → bứt tốc. Đúng từ 7 câu là hoàn thành; đúng từ 9 câu được tính là thành thạo và cộng điểm lên cấp. Tinh thần cấp 5: Xử lý câu phân loại mà không mất nhịp.","Không giới hạn thời gian. Mục tiêu là làm đúng, chưa cần nhanh."
NV-1437,PL-LY-ELE-L5-002,Rèn kỹ năng: Điện & từ — cấp 5,Khoa học,Điện & từ,3,5,Rèn kỹ năng,160,"Hoàn thành 10 câu chuyên đề ""Điện & từ"" trong khoảng 12 phút, lần lượt qua 3 chặng: khởi động → rèn luyện → bứt tốc. Đúng từ 7 câu là hoàn thành; đúng từ 9 câu được tính là thành thạo và cộng điểm lên cấp. Tinh thần cấp 5: Xử lý câu phân loại mà không mất nhịp.","Hoàn thành đủ 3 chặng trong một lượt, không rời phiếu giữa chừng."
NV-1438,PL-LY-ELE-L5-003,Tốc độ: Điện & từ — cấp 5,Khoa học,Điện & từ,3,5,Tốc độ,176,"Hoàn thành 10 câu chuyên đề ""Điện & từ"" trong khoảng 9 phút, lần lượt qua 3 chặng: khởi động → rèn luyện → bứt tốc. Đúng từ 7 câu là hoàn thành; đúng từ 9 câu được tính là thành thạo và cộng điểm lên cấp. Tinh thần cấp 5: Xử lý câu phân loại mà không mất nhịp.",Thời gian bị siết còn 75% mức chuẩn. Quá giờ vẫn chấm nhưng không tính thành thạo.
NV-1439,PL-LY-ELE-L5-004,Chính xác: Điện & từ — cấp 5,Khoa học,Điện & từ,3,5,Chính xác,176,"Hoàn thành 10 câu chuyên đề ""Điện & từ"" trong khoảng 13 phút, lần lượt qua 3 chặng: khởi động → rèn luyện → bứt tốc. Đúng từ 7 câu là hoàn thành; đúng từ 9 câu được tính là thành thạo và cộng điểm lên cấp. Tinh thần cấp 5: Xử lý câu phân loại mà không mất nhịp.",Sai quá 2 câu là phải làm lại phiếu trước khi đi tiếp.
NV-1440,PL-LY-ELE-L5-005,Thử thách: Điện & từ — cấp 5,Khoa học,Điện & từ,3,5,Thử thách,224,"Hoàn thành 10 câu chuyên đề ""Điện & từ"" trong khoảng 12 phút, lần lượt qua 3 chặng: khởi động → rèn luyện → bứt tốc. Đúng từ 7 câu là hoàn thành; đúng từ 9 câu được tính là thành thạo và cộng điểm lên cấp. Tinh thần cấp 5: Xử lý câu phân loại mà không mất nhịp.",Đạt từ 85% mới được tính là vượt thử thách.
NV-1441,PL-LY-ELE-L5-006,Vượt ải: Điện & từ — cấp 5,Khoa học,Điện & từ,3,5,Vượt ải,288,"Hoàn thành 10 câu chuyên đề ""Điện & từ"" trong khoảng 11 phút, lần lượt qua 3 chặng: khởi động → rèn luyện → bứt tốc. Đúng từ 7 câu là hoàn thành; đúng từ 9 câu được tính là thành thạo và cộng điểm lên cấp. Tinh thần cấp 5: Xử lý câu phân loại mà không mất nhịp.",Phải đạt từ 90% để mở khóa cấp độ tiếp theo của tuyến này.
NV-1442,PL-LY-ELE-L6-001,Khởi động: Điện & từ — cấp 6,Khoa học,Điện & từ,3,6,Khởi động,154,"Hoàn thành 10 câu chuyên đề ""Điện & từ"" trong khoảng 13 phút, lần lượt qua 3 chặng: khởi động → rèn luyện → bứt tốc. Đúng từ 7 câu là hoàn thành; đúng từ 9 câu được tính là thành thạo và cộng điểm lên cấp. Tinh thần cấp 6: Tốc độ và độ chính xác của nhóm dẫn đầu phổ điểm.","Không giới hạn thời gian. Mục tiêu là làm đúng, chưa cần nhanh."
NV-1443,PL-LY-ELE-L6-002,Rèn kỹ năng: Điện & từ — cấp 6,Khoa học,Điện & từ,3,6,Rèn kỹ năng,220,"Hoàn thành 10 câu chuyên đề ""Điện & từ"" trong khoảng 10 phút, lần lượt qua 3 chặng: khởi động → rèn luyện → bứt tốc. Đúng từ 7 câu là hoàn thành; đúng từ 9 câu được tính là thành thạo và cộng điểm lên cấp. Tinh thần cấp 6: Tốc độ và độ chính xác của nhóm dẫn đầu phổ điểm.","Hoàn thành đủ 3 chặng trong một lượt, không rời phiếu giữa chừng."
NV-1444,PL-LY-ELE-L6-003,Thử thách: Điện & từ — cấp 6,Khoa học,Điện & từ,3,6,Thử thách,308,"Hoàn thành 10 câu chuyên đề ""Điện & từ"" trong khoảng 10 phút, lần lượt qua 3 chặng: khởi động → rèn luyện → bứt tốc. Đúng từ 7 câu là hoàn thành; đúng từ 9 câu được tính là thành thạo và cộng điểm lên cấp. Tinh thần cấp 6: Tốc độ và độ chính xác của nhóm dẫn đầu phổ điểm.",Đạt từ 85% mới được tính là vượt thử thách.
NV-1445,PL-LY-ELE-L6-004,Vượt ải: Điện & từ — cấp 6,Khoa học,Điện & từ,3,6,Vượt ải,396,"Hoàn thành 10 câu chuyên đề ""Điện & từ"" trong khoảng 10 phút, lần lượt qua 3 chặng: khởi động → rèn luyện → bứt tốc. Đúng từ 7 câu là hoàn thành; đúng từ 9 câu được tính là thành thạo và cộng điểm lên cấp. Tinh thần cấp 6: Tốc độ và độ chính xác của nhóm dẫn đầu phổ điểm.",Phải đạt từ 90% để mở khóa cấp độ tiếp theo của tuyến này.
NV-1446,PL-LY-MOD-L1-001,Khởi động: Lượng tử & hạt nhân — cấp 1,Khoa học,Lượng tử & hạt nhân,1,1,Khởi động,28,"Hoàn thành 8 câu chuyên đề ""Lượng tử & hạt nhân"" trong khoảng 10 phút, lần lượt qua 3 chặng: khởi động → rèn luyện → bứt tốc. Đúng từ 6 câu là hoàn thành; đúng từ 7 câu được tính là thành thạo và cộng điểm lên cấp. Tinh thần cấp 1: Nhận diện dạng bài và nhớ lại công thức nền.","Không giới hạn thời gian. Mục tiêu là làm đúng, chưa cần nhanh."
NV-1447,PL-LY-MOD-L1-002,Thử thách: Lượng tử & hạt nhân — cấp 1,Khoa học,Lượng tử & hạt nhân,1,1,Thử thách,56,"Hoàn thành 8 câu chuyên đề ""Lượng tử & hạt nhân"" trong khoảng 8 phút, lần lượt qua 3 chặng: khởi động → rèn luyện → bứt tốc. Đúng từ 6 câu là hoàn thành; đúng từ 7 câu được tính là thành thạo và cộng điểm lên cấp. Tinh thần cấp 1: Nhận diện dạng bài và nhớ lại công thức nền.",Đạt từ 85% mới được tính là vượt thử thách.
NV-1448,PL-LY-MOD-L1-003,Vượt ải: Lượng tử & hạt nhân — cấp 1,Khoa học,Lượng tử & hạt nhân,1,1,Vượt ải,72,"Hoàn thành 8 câu chuyên đề ""Lượng tử & hạt nhân"" trong khoảng 8 phút, lần lượt qua 3 chặng: khởi động → rèn luyện → bứt tốc. Đúng từ 6 câu là hoàn thành; đúng từ 8 câu được tính là thành thạo và cộng điểm lên cấp. Tinh thần cấp 1: Nhận diện dạng bài và nhớ lại công thức nền.",Phải đạt từ 90% để mở khóa cấp độ tiếp theo của tuyến này.
NV-1449,PL-LY-MOD-L2-001,Khởi động: Lượng tử & hạt nhân — cấp 2,Khoa học,Lượng tử & hạt nhân,1,2,Khởi động,42,"Hoàn thành 10 câu chuyên đề ""Lượng tử & hạt nhân"" trong khoảng 15 phút, lần lượt qua 3 chặng: khởi động → rèn luyện → bứt tốc. Đúng từ 7 câu là hoàn thành; đúng từ 9 câu được tính là thành thạo và cộng điểm lên cấp. Tinh thần cấp 2: Làm đúng dạng chuẩn mà không cần nhìn gợi ý.","Không giới hạn thời gian. Mục tiêu là làm đúng, chưa cần nhanh."
NV-1450,PL-LY-MOD-L2-002,Rèn kỹ năng: Lượng tử & hạt nhân — cấp 2,Khoa học,Lượng tử & hạt nhân,1,2,Rèn kỹ năng,60,"Hoàn thành 10 câu chuyên đề ""Lượng tử & hạt nhân"" trong khoảng 12 phút, lần lượt qua 3 chặng: khởi động → rèn luyện → bứt tốc. Đúng từ 7 câu là hoàn thành; đúng từ 9 câu được tính là thành thạo và cộng điểm lên cấp. Tinh thần cấp 2: Làm đúng dạng chuẩn mà không cần nhìn gợi ý.","Hoàn thành đủ 3 chặng trong một lượt, không rời phiếu giữa chừng."
NV-1451,PL-LY-MOD-L2-003,Thử thách: Lượng tử & hạt nhân — cấp 2,Khoa học,Lượng tử & hạt nhân,1,2,Thử thách,84,"Hoàn thành 10 câu chuyên đề ""Lượng tử & hạt nhân"" trong khoảng 12 phút, lần lượt qua 3 chặng: khởi động → rèn luyện → bứt tốc. Đúng từ 7 câu là hoàn thành; đúng từ 9 câu được tính là thành thạo và cộng điểm lên cấp. Tinh thần cấp 2: Làm đúng dạng chuẩn mà không cần nhìn gợi ý.",Đạt từ 85% mới được tính là vượt thử thách.
NV-1452,PL-LY-MOD-L2-004,Vượt ải: Lượng tử & hạt nhân — cấp 2,Khoa học,Lượng tử & hạt nhân,1,2,Vượt ải,108,"Hoàn thành 10 câu chuyên đề ""Lượng tử & hạt nhân"" trong khoảng 11 phút, lần lượt qua 3 chặng: khởi động → rèn luyện → bứt tốc. Đúng từ 7 câu là hoàn thành; đúng từ 9 câu được tính là thành thạo và cộng điểm lên cấp. Tinh thần cấp 2: Làm đúng dạng chuẩn mà không cần nhìn gợi ý.",Phải đạt từ 90% để mở khóa cấp độ tiếp theo của tuyến này.
NV-1453,PL-LY-MOD-L3-001,Khởi động: Lượng tử & hạt nhân — cấp 3,Khoa học,Lượng tử & hạt nhân,2,3,Khởi động,63,"Hoàn thành 10 câu chuyên đề ""Lượng tử & hạt nhân"" trong khoảng 16 phút, lần lượt qua 3 chặng: khởi động → rèn luyện → bứt tốc. Đúng từ 7 câu là hoàn thành; đúng từ 9 câu được tính là thành thạo và cộng điểm lên cấp. Tinh thần cấp 3: Ghép nhiều bước và tránh các bẫy quen thuộc.","Không giới hạn thời gian. Mục tiêu là làm đúng, chưa cần nhanh."
NV-1454,PL-LY-MOD-L3-002,Rèn kỹ năng: Lượng tử & hạt nhân — cấp 3,Khoa học,Lượng tử & hạt nhân,2,3,Rèn kỹ năng,90,"Hoàn thành 10 câu chuyên đề ""Lượng tử & hạt nhân"" trong khoảng 13 phút, lần lượt qua 3 chặng: khởi động → rèn luyện → bứt tốc. Đúng từ 7 câu là hoàn thành; đúng từ 9 câu được tính là thành thạo và cộng điểm lên cấp. Tinh thần cấp 3: Ghép nhiều bước và tránh các bẫy quen thuộc.","Hoàn thành đủ 3 chặng trong một lượt, không rời phiếu giữa chừng."
NV-1455,PL-LY-MOD-L3-003,Thử thách: Lượng tử & hạt nhân — cấp 3,Khoa học,Lượng tử & hạt nhân,2,3,Thử thách,126,"Hoàn thành 10 câu chuyên đề ""Lượng tử & hạt nhân"" trong khoảng 13 phút, lần lượt qua 3 chặng: khởi động → rèn luyện → bứt tốc. Đúng từ 7 câu là hoàn thành; đúng từ 9 câu được tính là thành thạo và cộng điểm lên cấp. Tinh thần cấp 3: Ghép nhiều bước và tránh các bẫy quen thuộc.",Đạt từ 85% mới được tính là vượt thử thách.
NV-1456,PL-LY-MOD-L3-004,Vượt ải: Lượng tử & hạt nhân — cấp 3,Khoa học,Lượng tử & hạt nhân,2,3,Vượt ải,162,"Hoàn thành 10 câu chuyên đề ""Lượng tử & hạt nhân"" trong khoảng 12 phút, lần lượt qua 3 chặng: khởi động → rèn luyện → bứt tốc. Đúng từ 7 câu là hoàn thành; đúng từ 9 câu được tính là thành thạo và cộng điểm lên cấp. Tinh thần cấp 3: Ghép nhiều bước và tránh các bẫy quen thuộc.",Phải đạt từ 90% để mở khóa cấp độ tiếp theo của tuyến này.
NV-1457,PL-LY-MOD-L4-001,Khởi động: Lượng tử & hạt nhân — cấp 4,Khoa học,Lượng tử & hạt nhân,2,4,Khởi động,84,"Hoàn thành 10 câu chuyên đề ""Lượng tử & hạt nhân"" trong khoảng 14 phút, lần lượt qua 3 chặng: khởi động → rèn luyện → bứt tốc. Đúng từ 7 câu là hoàn thành; đúng từ 9 câu được tính là thành thạo và cộng điểm lên cấp. Tinh thần cấp 4: Giữ độ chính xác khi thời gian bắt đầu siết lại.","Không giới hạn thời gian. Mục tiêu là làm đúng, chưa cần nhanh."
NV-1458,PL-LY-MOD-L4-002,Rèn kỹ năng: Lượng tử & hạt nhân — cấp 4,Khoa học,Lượng tử & hạt nhân,2,4,Rèn kỹ năng,120,"Hoàn thành 10 câu chuyên đề ""Lượng tử & hạt nhân"" trong khoảng 11 phút, lần lượt qua 3 chặng: khởi động → rèn luyện → bứt tốc. Đúng từ 7 câu là hoàn thành; đúng từ 9 câu được tính là thành thạo và cộng điểm lên cấp. Tinh thần cấp 4: Giữ độ chính xác khi thời gian bắt đầu siết lại.","Hoàn thành đủ 3 chặng trong một lượt, không rời phiếu giữa chừng."
NV-1459,PL-LY-MOD-L4-003,Thử thách: Lượng tử & hạt nhân — cấp 4,Khoa học,Lượng tử & hạt nhân,2,4,Thử thách,168,"Hoàn thành 10 câu chuyên đề ""Lượng tử & hạt nhân"" trong khoảng 11 phút, lần lượt qua 3 chặng: khởi động → rèn luyện → bứt tốc. Đúng từ 7 câu là hoàn thành; đúng từ 9 câu được tính là thành thạo và cộng điểm lên cấp. Tinh thần cấp 4: Giữ độ chính xác khi thời gian bắt đầu siết lại.",Đạt từ 85% mới được tính là vượt thử thách.
NV-1460,PL-LY-MOD-L4-004,Vượt ải: Lượng tử & hạt nhân — cấp 4,Khoa học,Lượng tử & hạt nhân,2,4,Vượt ải,216,"Hoàn thành 10 câu chuyên đề ""Lượng tử & hạt nhân"" trong khoảng 10 phút, lần lượt qua 3 chặng: khởi động → rèn luyện → bứt tốc. Đúng từ 7 câu là hoàn thành; đúng từ 9 câu được tính là thành thạo và cộng điểm lên cấp. Tinh thần cấp 4: Giữ độ chính xác khi thời gian bắt đầu siết lại.",Phải đạt từ 90% để mở khóa cấp độ tiếp theo của tuyến này.
NV-1461,PL-LY-MOD-L5-001,Khởi động: Lượng tử & hạt nhân — cấp 5,Khoa học,Lượng tử & hạt nhân,3,5,Khởi động,112,"Hoàn thành 10 câu chuyên đề ""Lượng tử & hạt nhân"" trong khoảng 15 phút, lần lượt qua 3 chặng: khởi động → rèn luyện → bứt tốc. Đúng từ 7 câu là hoàn thành; đúng từ 9 câu được tính là thành thạo và cộng điểm lên cấp. Tinh thần cấp 5: Xử lý câu phân loại mà không mất nhịp.","Không giới hạn thời gian. Mục tiêu là làm đúng, chưa cần nhanh."
NV-1462,PL-LY-MOD-L5-002,Thử thách: Lượng tử & hạt nhân — cấp 5,Khoa học,Lượng tử & hạt nhân,3,5,Thử thách,224,"Hoàn thành 10 câu chuyên đề ""Lượng tử & hạt nhân"" trong khoảng 12 phút, lần lượt qua 3 chặng: khởi động → rèn luyện → bứt tốc. Đúng từ 7 câu là hoàn thành; đúng từ 9 câu được tính là thành thạo và cộng điểm lên cấp. Tinh thần cấp 5: Xử lý câu phân loại mà không mất nhịp.",Đạt từ 85% mới được tính là vượt thử thách.
NV-1463,PL-LY-MOD-L5-003,Vượt ải: Lượng tử & hạt nhân — cấp 5,Khoa học,Lượng tử & hạt nhân,3,5,Vượt ải,288,"Hoàn thành 10 câu chuyên đề ""Lượng tử & hạt nhân"" trong khoảng 11 phút, lần lượt qua 3 chặng: khởi động → rèn luyện → bứt tốc. Đúng từ 7 câu là hoàn thành; đúng từ 9 câu được tính là thành thạo và cộng điểm lên cấp. Tinh thần cấp 5: Xử lý câu phân loại mà không mất nhịp.",Phải đạt từ 90% để mở khóa cấp độ tiếp theo của tuyến này.
NV-1464,PL-LY-MOD-L6-001,Khởi động: Lượng tử & hạt nhân — cấp 6,Khoa học,Lượng tử & hạt nhân,3,6,Khởi động,154,"Hoàn thành 10 câu chuyên đề ""Lượng tử & hạt nhân"" trong khoảng 13 phút, lần lượt qua 3 chặng: khởi động → rèn luyện → bứt tốc. Đúng từ 7 câu là hoàn thành; đúng từ 9 câu được tính là thành thạo và cộng điểm lên cấp. Tinh thần cấp 6: Tốc độ và độ chính xác của nhóm dẫn đầu phổ điểm.","Không giới hạn thời gian. Mục tiêu là làm đúng, chưa cần nhanh."
NV-1465,PL-LY-MOD-L6-002,Vượt ải: Lượng tử & hạt nhân — cấp 6,Khoa học,Lượng tử & hạt nhân,3,6,Vượt ải,396,"Hoàn thành 10 câu chuyên đề ""Lượng tử & hạt nhân"" trong khoảng 10 phút, lần lượt qua 3 chặng: khởi động → rèn luyện → bứt tốc. Đúng từ 7 câu là hoàn thành; đúng từ 9 câu được tính là thành thạo và cộng điểm lên cấp. Tinh thần cấp 6: Tốc độ và độ chính xác của nhóm dẫn đầu phổ điểm.",Phải đạt từ 90% để mở khóa cấp độ tiếp theo của tuyến này.
NV-1466,PL-HOA-GEN-L1-001,Khởi động: Hóa đại cương — cấp 1,Khoa học,Hóa đại cương,1,1,Khởi động,28,"Hoàn thành 8 câu chuyên đề ""Hóa đại cương"" trong khoảng 10 phút, lần lượt qua 3 chặng: khởi động → rèn luyện → bứt tốc. Đúng từ 6 câu là hoàn thành; đúng từ 7 câu được tính là thành thạo và cộng điểm lên cấp. Tinh thần cấp 1: Nhận diện dạng bài và nhớ lại công thức nền.","Không giới hạn thời gian. Mục tiêu là làm đúng, chưa cần nhanh."
NV-1467,PL-HOA-GEN-L1-002,Rèn kỹ năng: Hóa đại cương — cấp 1,Khoa học,Hóa đại cương,1,1,Rèn kỹ năng,40,"Hoàn thành 8 câu chuyên đề ""Hóa đại cương"" trong khoảng 8 phút, lần lượt qua 3 chặng: khởi động → rèn luyện → bứt tốc. Đúng từ 6 câu là hoàn thành; đúng từ 7 câu được tính là thành thạo và cộng điểm lên cấp. Tinh thần cấp 1: Nhận diện dạng bài và nhớ lại công thức nền.","Hoàn thành đủ 3 chặng trong một lượt, không rời phiếu giữa chừng."
NV-1468,PL-HOA-GEN-L1-003,Tốc độ: Hóa đại cương — cấp 1,Khoa học,Hóa đại cương,1,1,Tốc độ,44,"Hoàn thành 8 câu chuyên đề ""Hóa đại cương"" trong khoảng 6 phút, lần lượt qua 3 chặng: khởi động → rèn luyện → bứt tốc. Đúng từ 6 câu là hoàn thành; đúng từ 7 câu được tính là thành thạo và cộng điểm lên cấp. Tinh thần cấp 1: Nhận diện dạng bài và nhớ lại công thức nền.",Thời gian bị siết còn 75% mức chuẩn. Quá giờ vẫn chấm nhưng không tính thành thạo.
NV-1469,PL-HOA-GEN-L1-004,Chính xác: Hóa đại cương — cấp 1,Khoa học,Hóa đại cương,1,1,Chính xác,44,"Hoàn thành 8 câu chuyên đề ""Hóa đại cương"" trong khoảng 9 phút, lần lượt qua 3 chặng: khởi động → rèn luyện → bứt tốc. Đúng từ 6 câu là hoàn thành; đúng từ 7 câu được tính là thành thạo và cộng điểm lên cấp. Tinh thần cấp 1: Nhận diện dạng bài và nhớ lại công thức nền.",Sai quá 2 câu là phải làm lại phiếu trước khi đi tiếp.
NV-1470,PL-HOA-GEN-L1-005,Thử thách: Hóa đại cương — cấp 1,Khoa học,Hóa đại cương,1,1,Thử thách,56,"Hoàn thành 8 câu chuyên đề ""Hóa đại cương"" trong khoảng 8 phút, lần lượt qua 3 chặng: khởi động → rèn luyện → bứt tốc. Đúng từ 6 câu là hoàn thành; đúng từ 7 câu được tính là thành thạo và cộng điểm lên cấp. Tinh thần cấp 1: Nhận diện dạng bài và nhớ lại công thức nền.",Đạt từ 85% mới được tính là vượt thử thách.
NV-1471,PL-HOA-GEN-L1-006,Vượt ải: Hóa đại cương — cấp 1,Khoa học,Hóa đại cương,1,1,Vượt ải,72,"Hoàn thành 8 câu chuyên đề ""Hóa đại cương"" trong khoảng 8 phút, lần lượt qua 3 chặng: khởi động → rèn luyện → bứt tốc. Đúng từ 6 câu là hoàn thành; đúng từ 8 câu được tính là thành thạo và cộng điểm lên cấp. Tinh thần cấp 1: Nhận diện dạng bài và nhớ lại công thức nền.",Phải đạt từ 90% để mở khóa cấp độ tiếp theo của tuyến này.
NV-1472,PL-HOA-GEN-L2-001,Khởi động: Hóa đại cương — cấp 2,Khoa học,Hóa đại cương,1,2,Khởi động,42,"Hoàn thành 10 câu chuyên đề ""Hóa đại cương"" trong khoảng 15 phút, lần lượt qua 3 chặng: khởi động → rèn luyện → bứt tốc. Đúng từ 7 câu là hoàn thành; đúng từ 9 câu được tính là thành thạo và cộng điểm lên cấp. Tinh thần cấp 2: Làm đúng dạng chuẩn mà không cần nhìn gợi ý.","Không giới hạn thời gian. Mục tiêu là làm đúng, chưa cần nhanh."
NV-1473,PL-HOA-GEN-L2-002,Rèn kỹ năng: Hóa đại cương — cấp 2,Khoa học,Hóa đại cương,1,2,Rèn kỹ năng,60,"Hoàn thành 10 câu chuyên đề ""Hóa đại cương"" trong khoảng 12 phút, lần lượt qua 3 chặng: khởi động → rèn luyện → bứt tốc. Đúng từ 7 câu là hoàn thành; đúng từ 9 câu được tính là thành thạo và cộng điểm lên cấp. Tinh thần cấp 2: Làm đúng dạng chuẩn mà không cần nhìn gợi ý.","Hoàn thành đủ 3 chặng trong một lượt, không rời phiếu giữa chừng."
NV-1474,PL-HOA-GEN-L2-003,Tốc độ: Hóa đại cương — cấp 2,Khoa học,Hóa đại cương,1,2,Tốc độ,66,"Hoàn thành 10 câu chuyên đề ""Hóa đại cương"" trong khoảng 9 phút, lần lượt qua 3 chặng: khởi động → rèn luyện → bứt tốc. Đúng từ 7 câu là hoàn thành; đúng từ 9 câu được tính là thành thạo và cộng điểm lên cấp. Tinh thần cấp 2: Làm đúng dạng chuẩn mà không cần nhìn gợi ý.",Thời gian bị siết còn 75% mức chuẩn. Quá giờ vẫn chấm nhưng không tính thành thạo.
NV-1475,PL-HOA-GEN-L2-004,Chính xác: Hóa đại cương — cấp 2,Khoa học,Hóa đại cương,1,2,Chính xác,66,"Hoàn thành 10 câu chuyên đề ""Hóa đại cương"" trong khoảng 13 phút, lần lượt qua 3 chặng: khởi động → rèn luyện → bứt tốc. Đúng từ 7 câu là hoàn thành; đúng từ 9 câu được tính là thành thạo và cộng điểm lên cấp. Tinh thần cấp 2: Làm đúng dạng chuẩn mà không cần nhìn gợi ý.",Sai quá 2 câu là phải làm lại phiếu trước khi đi tiếp.
NV-1476,PL-HOA-GEN-L2-005,Tổng hợp: Hóa đại cương — cấp 2,Khoa học,Hóa đại cương,1,2,Tổng hợp,69,"Hoàn thành 10 câu chuyên đề ""Hóa đại cương"" trong khoảng 12 phút, lần lượt qua 3 chặng: khởi động → rèn luyện → bứt tốc. Đúng từ 7 câu là hoàn thành; đúng từ 9 câu được tính là thành thạo và cộng điểm lên cấp. Tinh thần cấp 2: Làm đúng dạng chuẩn mà không cần nhìn gợi ý.",Không được biết trước dạng bài của từng câu.
NV-1477,PL-HOA-GEN-L2-006,Thử thách: Hóa đại cương — cấp 2,Khoa học,Hóa đại cương,1,2,Thử thách,84,"Hoàn thành 10 câu chuyên đề ""Hóa đại cương"" trong khoảng 12 phút, lần lượt qua 3 chặng: khởi động → rèn luyện → bứt tốc. Đúng từ 7 câu là hoàn thành; đúng từ 9 câu được tính là thành thạo và cộng điểm lên cấp. Tinh thần cấp 2: Làm đúng dạng chuẩn mà không cần nhìn gợi ý.",Đạt từ 85% mới được tính là vượt thử thách.
NV-1478,PL-HOA-GEN-L2-007,Vượt ải: Hóa đại cương — cấp 2,Khoa học,Hóa đại cương,1,2,Vượt ải,108,"Hoàn thành 10 câu chuyên đề ""Hóa đại cương"" trong khoảng 11 phút, lần lượt qua 3 chặng: khởi động → rèn luyện → bứt tốc. Đúng từ 7 câu là hoàn thành; đúng từ 9 câu được tính là thành thạo và cộng điểm lên cấp. Tinh thần cấp 2: Làm đúng dạng chuẩn mà không cần nhìn gợi ý.",Phải đạt từ 90% để mở khóa cấp độ tiếp theo của tuyến này.
NV-1479,PL-HOA-GEN-L3-001,Khởi động: Hóa đại cương — cấp 3,Khoa học,Hóa đại cương,2,3,Khởi động,63,"Hoàn thành 10 câu chuyên đề ""Hóa đại cương"" trong khoảng 16 phút, lần lượt qua 3 chặng: khởi động → rèn luyện → bứt tốc. Đúng từ 7 câu là hoàn thành; đúng từ 9 câu được tính là thành thạo và cộng điểm lên cấp. Tinh thần cấp 3: Ghép nhiều bước và tránh các bẫy quen thuộc.","Không giới hạn thời gian. Mục tiêu là làm đúng, chưa cần nhanh."
NV-1480,PL-HOA-GEN-L3-002,Rèn kỹ năng: Hóa đại cương — cấp 3,Khoa học,Hóa đại cương,2,3,Rèn kỹ năng,90,"Hoàn thành 10 câu chuyên đề ""Hóa đại cương"" trong khoảng 13 phút, lần lượt qua 3 chặng: khởi động → rèn luyện → bứt tốc. Đúng từ 7 câu là hoàn thành; đúng từ 9 câu được tính là thành thạo và cộng điểm lên cấp. Tinh thần cấp 3: Ghép nhiều bước và tránh các bẫy quen thuộc.","Hoàn thành đủ 3 chặng trong một lượt, không rời phiếu giữa chừng."
NV-1481,PL-HOA-GEN-L3-003,Tốc độ: Hóa đại cương — cấp 3,Khoa học,Hóa đại cương,2,3,Tốc độ,99,"Hoàn thành 10 câu chuyên đề ""Hóa đại cương"" trong khoảng 9 phút, lần lượt qua 3 chặng: khởi động → rèn luyện → bứt tốc. Đúng từ 7 câu là hoàn thành; đúng từ 9 câu được tính là thành thạo và cộng điểm lên cấp. Tinh thần cấp 3: Ghép nhiều bước và tránh các bẫy quen thuộc.",Thời gian bị siết còn 75% mức chuẩn. Quá giờ vẫn chấm nhưng không tính thành thạo.
NV-1482,PL-HOA-GEN-L3-004,Chính xác: Hóa đại cương — cấp 3,Khoa học,Hóa đại cương,2,3,Chính xác,99,"Hoàn thành 10 câu chuyên đề ""Hóa đại cương"" trong khoảng 14 phút, lần lượt qua 3 chặng: khởi động → rèn luyện → bứt tốc. Đúng từ 7 câu là hoàn thành; đúng từ 9 câu được tính là thành thạo và cộng điểm lên cấp. Tinh thần cấp 3: Ghép nhiều bước và tránh các bẫy quen thuộc.",Sai quá 2 câu là phải làm lại phiếu trước khi đi tiếp.
NV-1483,PL-HOA-GEN-L3-005,Tổng hợp: Hóa đại cương — cấp 3,Khoa học,Hóa đại cương,2,3,Tổng hợp,103,"Hoàn thành 10 câu chuyên đề ""Hóa đại cương"" trong khoảng 13 phút, lần lượt qua 3 chặng: khởi động → rèn luyện → bứt tốc. Đúng từ 7 câu là hoàn thành; đúng từ 9 câu được tính là thành thạo và cộng điểm lên cấp. Tinh thần cấp 3: Ghép nhiều bước và tránh các bẫy quen thuộc.",Không được biết trước dạng bài của từng câu.
NV-1484,PL-HOA-GEN-L3-006,Ôn lại: Hóa đại cương — cấp 3,Khoa học,Hóa đại cương,2,3,Ôn lại,81,"Hoàn thành 10 câu chuyên đề ""Hóa đại cương"" trong khoảng 14 phút, lần lượt qua 3 chặng: khởi động → rèn luyện → bứt tốc. Đúng từ 7 câu là hoàn thành; đúng từ 9 câu được tính là thành thạo và cộng điểm lên cấp. Tinh thần cấp 3: Ghép nhiều bước và tránh các bẫy quen thuộc.",Nên làm sau buổi học chính ít nhất một ngày.
NV-1485,PL-HOA-GEN-L3-007,Thử thách: Hóa đại cương — cấp 3,Khoa học,Hóa đại cương,2,3,Thử thách,126,"Hoàn thành 10 câu chuyên đề ""Hóa đại cương"" trong khoảng 13 phút, lần lượt qua 3 chặng: khởi động → rèn luyện → bứt tốc. Đúng từ 7 câu là hoàn thành; đúng từ 9 câu được tính là thành thạo và cộng điểm lên cấp. Tinh thần cấp 3: Ghép nhiều bước và tránh các bẫy quen thuộc.",Đạt từ 85% mới được tính là vượt thử thách.
NV-1486,PL-HOA-GEN-L3-008,Vượt ải: Hóa đại cương — cấp 3,Khoa học,Hóa đại cương,2,3,Vượt ải,162,"Hoàn thành 10 câu chuyên đề ""Hóa đại cương"" trong khoảng 12 phút, lần lượt qua 3 chặng: khởi động → rèn luyện → bứt tốc. Đúng từ 7 câu là hoàn thành; đúng từ 9 câu được tính là thành thạo và cộng điểm lên cấp. Tinh thần cấp 3: Ghép nhiều bước và tránh các bẫy quen thuộc.",Phải đạt từ 90% để mở khóa cấp độ tiếp theo của tuyến này.
NV-1487,PL-HOA-GEN-L4-001,Khởi động: Hóa đại cương — cấp 4,Khoa học,Hóa đại cương,2,4,Khởi động,84,"Hoàn thành 10 câu chuyên đề ""Hóa đại cương"" trong khoảng 14 phút, lần lượt qua 3 chặng: khởi động → rèn luyện → bứt tốc. Đúng từ 7 câu là hoàn thành; đúng từ 9 câu được tính là thành thạo và cộng điểm lên cấp. Tinh thần cấp 4: Giữ độ chính xác khi thời gian bắt đầu siết lại.","Không giới hạn thời gian. Mục tiêu là làm đúng, chưa cần nhanh."
NV-1488,PL-HOA-GEN-L4-002,Rèn kỹ năng: Hóa đại cương — cấp 4,Khoa học,Hóa đại cương,2,4,Rèn kỹ năng,120,"Hoàn thành 10 câu chuyên đề ""Hóa đại cương"" trong khoảng 11 phút, lần lượt qua 3 chặng: khởi động → rèn luyện → bứt tốc. Đúng từ 7 câu là hoàn thành; đúng từ 9 câu được tính là thành thạo và cộng điểm lên cấp. Tinh thần cấp 4: Giữ độ chính xác khi thời gian bắt đầu siết lại.","Hoàn thành đủ 3 chặng trong một lượt, không rời phiếu giữa chừng."
NV-1489,PL-HOA-GEN-L4-003,Tốc độ: Hóa đại cương — cấp 4,Khoa học,Hóa đại cương,2,4,Tốc độ,132,"Hoàn thành 10 câu chuyên đề ""Hóa đại cương"" trong khoảng 8 phút, lần lượt qua 3 chặng: khởi động → rèn luyện → bứt tốc. Đúng từ 7 câu là hoàn thành; đúng từ 9 câu được tính là thành thạo và cộng điểm lên cấp. Tinh thần cấp 4: Giữ độ chính xác khi thời gian bắt đầu siết lại.",Thời gian bị siết còn 75% mức chuẩn. Quá giờ vẫn chấm nhưng không tính thành thạo.
NV-1490,PL-HOA-GEN-L4-004,Chính xác: Hóa đại cương — cấp 4,Khoa học,Hóa đại cương,2,4,Chính xác,132,"Hoàn thành 10 câu chuyên đề ""Hóa đại cương"" trong khoảng 12 phút, lần lượt qua 3 chặng: khởi động → rèn luyện → bứt tốc. Đúng từ 7 câu là hoàn thành; đúng từ 9 câu được tính là thành thạo và cộng điểm lên cấp. Tinh thần cấp 4: Giữ độ chính xác khi thời gian bắt đầu siết lại.",Sai quá 2 câu là phải làm lại phiếu trước khi đi tiếp.
NV-1491,PL-HOA-GEN-L4-005,Tổng hợp: Hóa đại cương — cấp 4,Khoa học,Hóa đại cương,2,4,Tổng hợp,138,"Hoàn thành 10 câu chuyên đề ""Hóa đại cương"" trong khoảng 11 phút, lần lượt qua 3 chặng: khởi động → rèn luyện → bứt tốc. Đúng từ 7 câu là hoàn thành; đúng từ 9 câu được tính là thành thạo và cộng điểm lên cấp. Tinh thần cấp 4: Giữ độ chính xác khi thời gian bắt đầu siết lại.",Không được biết trước dạng bài của từng câu.
NV-1492,PL-HOA-GEN-L4-006,Ôn lại: Hóa đại cương — cấp 4,Khoa học,Hóa đại cương,2,4,Ôn lại,108,"Hoàn thành 10 câu chuyên đề ""Hóa đại cương"" trong khoảng 12 phút, lần lượt qua 3 chặng: khởi động → rèn luyện → bứt tốc. Đúng từ 7 câu là hoàn thành; đúng từ 9 câu được tính là thành thạo và cộng điểm lên cấp. Tinh thần cấp 4: Giữ độ chính xác khi thời gian bắt đầu siết lại.",Nên làm sau buổi học chính ít nhất một ngày.
NV-1493,PL-HOA-GEN-L4-007,Thử thách: Hóa đại cương — cấp 4,Khoa học,Hóa đại cương,2,4,Thử thách,168,"Hoàn thành 10 câu chuyên đề ""Hóa đại cương"" trong khoảng 11 phút, lần lượt qua 3 chặng: khởi động → rèn luyện → bứt tốc. Đúng từ 7 câu là hoàn thành; đúng từ 9 câu được tính là thành thạo và cộng điểm lên cấp. Tinh thần cấp 4: Giữ độ chính xác khi thời gian bắt đầu siết lại.",Đạt từ 85% mới được tính là vượt thử thách.
NV-1494,PL-HOA-GEN-L4-008,Vượt ải: Hóa đại cương — cấp 4,Khoa học,Hóa đại cương,2,4,Vượt ải,216,"Hoàn thành 10 câu chuyên đề ""Hóa đại cương"" trong khoảng 10 phút, lần lượt qua 3 chặng: khởi động → rèn luyện → bứt tốc. Đúng từ 7 câu là hoàn thành; đúng từ 9 câu được tính là thành thạo và cộng điểm lên cấp. Tinh thần cấp 4: Giữ độ chính xác khi thời gian bắt đầu siết lại.",Phải đạt từ 90% để mở khóa cấp độ tiếp theo của tuyến này.
NV-1495,PL-HOA-GEN-L5-001,Khởi động: Hóa đại cương — cấp 5,Khoa học,Hóa đại cương,3,5,Khởi động,112,"Hoàn thành 10 câu chuyên đề ""Hóa đại cương"" trong khoảng 15 phút, lần lượt qua 3 chặng: khởi động → rèn luyện → bứt tốc. Đúng từ 7 câu là hoàn thành; đúng từ 9 câu được tính là thành thạo và cộng điểm lên cấp. Tinh thần cấp 5: Xử lý câu phân loại mà không mất nhịp.","Không giới hạn thời gian. Mục tiêu là làm đúng, chưa cần nhanh."
NV-1496,PL-HOA-GEN-L5-002,Rèn kỹ năng: Hóa đại cương — cấp 5,Khoa học,Hóa đại cương,3,5,Rèn kỹ năng,160,"Hoàn thành 10 câu chuyên đề ""Hóa đại cương"" trong khoảng 12 phút, lần lượt qua 3 chặng: khởi động → rèn luyện → bứt tốc. Đúng từ 7 câu là hoàn thành; đúng từ 9 câu được tính là thành thạo và cộng điểm lên cấp. Tinh thần cấp 5: Xử lý câu phân loại mà không mất nhịp.","Hoàn thành đủ 3 chặng trong một lượt, không rời phiếu giữa chừng."
NV-1497,PL-HOA-GEN-L5-003,Tốc độ: Hóa đại cương — cấp 5,Khoa học,Hóa đại cương,3,5,Tốc độ,176,"Hoàn thành 10 câu chuyên đề ""Hóa đại cương"" trong khoảng 9 phút, lần lượt qua 3 chặng: khởi động → rèn luyện → bứt tốc. Đúng từ 7 câu là hoàn thành; đúng từ 9 câu được tính là thành thạo và cộng điểm lên cấp. Tinh thần cấp 5: Xử lý câu phân loại mà không mất nhịp.",Thời gian bị siết còn 75% mức chuẩn. Quá giờ vẫn chấm nhưng không tính thành thạo.
NV-1498,PL-HOA-GEN-L5-004,Chính xác: Hóa đại cương — cấp 5,Khoa học,Hóa đại cương,3,5,Chính xác,176,"Hoàn thành 10 câu chuyên đề ""Hóa đại cương"" trong khoảng 13 phút, lần lượt qua 3 chặng: khởi động → rèn luyện → bứt tốc. Đúng từ 7 câu là hoàn thành; đúng từ 9 câu được tính là thành thạo và cộng điểm lên cấp. Tinh thần cấp 5: Xử lý câu phân loại mà không mất nhịp.",Sai quá 2 câu là phải làm lại phiếu trước khi đi tiếp.
NV-1499,PL-HOA-GEN-L5-005,Thử thách: Hóa đại cương — cấp 5,Khoa học,Hóa đại cương,3,5,Thử thách,224,"Hoàn thành 10 câu chuyên đề ""Hóa đại cương"" trong khoảng 12 phút, lần lượt qua 3 chặng: khởi động → rèn luyện → bứt tốc. Đúng từ 7 câu là hoàn thành; đúng từ 9 câu được tính là thành thạo và cộng điểm lên cấp. Tinh thần cấp 5: Xử lý câu phân loại mà không mất nhịp.",Đạt từ 85% mới được tính là vượt thử thách.
NV-1500,PL-HOA-GEN-L5-006,Vượt ải: Hóa đại cương — cấp 5,Khoa học,Hóa đại cương,3,5,Vượt ải,288,"Hoàn thành 10 câu chuyên đề ""Hóa đại cương"" trong khoảng 11 phút, lần lượt qua 3 chặng: khởi động → rèn luyện → bứt tốc. Đúng từ 7 câu là hoàn thành; đúng từ 9 câu được tính là thành thạo và cộng điểm lên cấp. Tinh thần cấp 5: Xử lý câu phân loại mà không mất nhịp.",Phải đạt từ 90% để mở khóa cấp độ tiếp theo của tuyến này.
NV-1501,PL-HOA-GEN-L6-001,Khởi động: Hóa đại cương — cấp 6,Khoa học,Hóa đại cương,3,6,Khởi động,154,"Hoàn thành 10 câu chuyên đề ""Hóa đại cương"" trong khoảng 13 phút, lần lượt qua 3 chặng: khởi động → rèn luyện → bứt tốc. Đúng từ 7 câu là hoàn thành; đúng từ 9 câu được tính là thành thạo và cộng điểm lên cấp. Tinh thần cấp 6: Tốc độ và độ chính xác của nhóm dẫn đầu phổ điểm.","Không giới hạn thời gian. Mục tiêu là làm đúng, chưa cần nhanh."
NV-1502,PL-HOA-GEN-L6-002,Rèn kỹ năng: Hóa đại cương — cấp 6,Khoa học,Hóa đại cương,3,6,Rèn kỹ năng,220,"Hoàn thành 10 câu chuyên đề ""Hóa đại cương"" trong khoảng 10 phút, lần lượt qua 3 chặng: khởi động → rèn luyện → bứt tốc. Đúng từ 7 câu là hoàn thành; đúng từ 9 câu được tính là thành thạo và cộng điểm lên cấp. Tinh thần cấp 6: Tốc độ và độ chính xác của nhóm dẫn đầu phổ điểm.","Hoàn thành đủ 3 chặng trong một lượt, không rời phiếu giữa chừng."
NV-1503,PL-HOA-GEN-L6-003,Tốc độ: Hóa đại cương — cấp 6,Khoa học,Hóa đại cương,3,6,Tốc độ,242,"Hoàn thành 10 câu chuyên đề ""Hóa đại cương"" trong khoảng 8 phút, lần lượt qua 3 chặng: khởi động → rèn luyện → bứt tốc. Đúng từ 7 câu là hoàn thành; đúng từ 9 câu được tính là thành thạo và cộng điểm lên cấp. Tinh thần cấp 6: Tốc độ và độ chính xác của nhóm dẫn đầu phổ điểm.",Thời gian bị siết còn 75% mức chuẩn. Quá giờ vẫn chấm nhưng không tính thành thạo.
NV-1504,PL-HOA-GEN-L6-004,Thử thách: Hóa đại cương — cấp 6,Khoa học,Hóa đại cương,3,6,Thử thách,308,"Hoàn thành 10 câu chuyên đề ""Hóa đại cương"" trong khoảng 10 phút, lần lượt qua 3 chặng: khởi động → rèn luyện → bứt tốc. Đúng từ 7 câu là hoàn thành; đúng từ 9 câu được tính là thành thạo và cộng điểm lên cấp. Tinh thần cấp 6: Tốc độ và độ chính xác của nhóm dẫn đầu phổ điểm.",Đạt từ 85% mới được tính là vượt thử thách.
NV-1505,PL-HOA-GEN-L6-005,Vượt ải: Hóa đại cương — cấp 6,Khoa học,Hóa đại cương,3,6,Vượt ải,396,"Hoàn thành 10 câu chuyên đề ""Hóa đại cương"" trong khoảng 10 phút, lần lượt qua 3 chặng: khởi động → rèn luyện → bứt tốc. Đúng từ 7 câu là hoàn thành; đúng từ 9 câu được tính là thành thạo và cộng điểm lên cấp. Tinh thần cấp 6: Tốc độ và độ chính xác của nhóm dẫn đầu phổ điểm.",Phải đạt từ 90% để mở khóa cấp độ tiếp theo của tuyến này.
NV-1506,PL-HOA-INO-L1-001,Khởi động: Hóa vô cơ — cấp 1,Khoa học,Hóa vô cơ,1,1,Khởi động,28,"Hoàn thành 8 câu chuyên đề ""Hóa vô cơ"" trong khoảng 10 phút, lần lượt qua 3 chặng: khởi động → rèn luyện → bứt tốc. Đúng từ 6 câu là hoàn thành; đúng từ 7 câu được tính là thành thạo và cộng điểm lên cấp. Tinh thần cấp 1: Nhận diện dạng bài và nhớ lại công thức nền.","Không giới hạn thời gian. Mục tiêu là làm đúng, chưa cần nhanh."
NV-1507,PL-HOA-INO-L1-002,Rèn kỹ năng: Hóa vô cơ — cấp 1,Khoa học,Hóa vô cơ,1,1,Rèn kỹ năng,40,"Hoàn thành 8 câu chuyên đề ""Hóa vô cơ"" trong khoảng 8 phút, lần lượt qua 3 chặng: khởi động → rèn luyện → bứt tốc. Đúng từ 6 câu là hoàn thành; đúng từ 7 câu được tính là thành thạo và cộng điểm lên cấp. Tinh thần cấp 1: Nhận diện dạng bài và nhớ lại công thức nền.","Hoàn thành đủ 3 chặng trong một lượt, không rời phiếu giữa chừng."
NV-1508,PL-HOA-INO-L1-003,Tốc độ: Hóa vô cơ — cấp 1,Khoa học,Hóa vô cơ,1,1,Tốc độ,44,"Hoàn thành 8 câu chuyên đề ""Hóa vô cơ"" trong khoảng 6 phút, lần lượt qua 3 chặng: khởi động → rèn luyện → bứt tốc. Đúng từ 6 câu là hoàn thành; đúng từ 7 câu được tính là thành thạo và cộng điểm lên cấp. Tinh thần cấp 1: Nhận diện dạng bài và nhớ lại công thức nền.",Thời gian bị siết còn 75% mức chuẩn. Quá giờ vẫn chấm nhưng không tính thành thạo.
NV-1509,PL-HOA-INO-L1-004,Chính xác: Hóa vô cơ — cấp 1,Khoa học,Hóa vô cơ,1,1,Chính xác,44,"Hoàn thành 8 câu chuyên đề ""Hóa vô cơ"" trong khoảng 9 phút, lần lượt qua 3 chặng: khởi động → rèn luyện → bứt tốc. Đúng từ 6 câu là hoàn thành; đúng từ 7 câu được tính là thành thạo và cộng điểm lên cấp. Tinh thần cấp 1: Nhận diện dạng bài và nhớ lại công thức nền.",Sai quá 2 câu là phải làm lại phiếu trước khi đi tiếp.
NV-1510,PL-HOA-INO-L1-005,Thử thách: Hóa vô cơ — cấp 1,Khoa học,Hóa vô cơ,1,1,Thử thách,56,"Hoàn thành 8 câu chuyên đề ""Hóa vô cơ"" trong khoảng 8 phút, lần lượt qua 3 chặng: khởi động → rèn luyện → bứt tốc. Đúng từ 6 câu là hoàn thành; đúng từ 7 câu được tính là thành thạo và cộng điểm lên cấp. Tinh thần cấp 1: Nhận diện dạng bài và nhớ lại công thức nền.",Đạt từ 85% mới được tính là vượt thử thách.
NV-1511,PL-HOA-INO-L1-006,Vượt ải: Hóa vô cơ — cấp 1,Khoa học,Hóa vô cơ,1,1,Vượt ải,72,"Hoàn thành 8 câu chuyên đề ""Hóa vô cơ"" trong khoảng 8 phút, lần lượt qua 3 chặng: khởi động → rèn luyện → bứt tốc. Đúng từ 6 câu là hoàn thành; đúng từ 8 câu được tính là thành thạo và cộng điểm lên cấp. Tinh thần cấp 1: Nhận diện dạng bài và nhớ lại công thức nền.",Phải đạt từ 90% để mở khóa cấp độ tiếp theo của tuyến này.
NV-1512,PL-HOA-INO-L2-001,Khởi động: Hóa vô cơ — cấp 2,Khoa học,Hóa vô cơ,1,2,Khởi động,42,"Hoàn thành 10 câu chuyên đề ""Hóa vô cơ"" trong khoảng 15 phút, lần lượt qua 3 chặng: khởi động → rèn luyện → bứt tốc. Đúng từ 7 câu là hoàn thành; đúng từ 9 câu được tính là thành thạo và cộng điểm lên cấp. Tinh thần cấp 2: Làm đúng dạng chuẩn mà không cần nhìn gợi ý.","Không giới hạn thời gian. Mục tiêu là làm đúng, chưa cần nhanh."
NV-1513,PL-HOA-INO-L2-002,Rèn kỹ năng: Hóa vô cơ — cấp 2,Khoa học,Hóa vô cơ,1,2,Rèn kỹ năng,60,"Hoàn thành 10 câu chuyên đề ""Hóa vô cơ"" trong khoảng 12 phút, lần lượt qua 3 chặng: khởi động → rèn luyện → bứt tốc. Đúng từ 7 câu là hoàn thành; đúng từ 9 câu được tính là thành thạo và cộng điểm lên cấp. Tinh thần cấp 2: Làm đúng dạng chuẩn mà không cần nhìn gợi ý.","Hoàn thành đủ 3 chặng trong một lượt, không rời phiếu giữa chừng."
NV-1514,PL-HOA-INO-L2-003,Tốc độ: Hóa vô cơ — cấp 2,Khoa học,Hóa vô cơ,1,2,Tốc độ,66,"Hoàn thành 10 câu chuyên đề ""Hóa vô cơ"" trong khoảng 9 phút, lần lượt qua 3 chặng: khởi động → rèn luyện → bứt tốc. Đúng từ 7 câu là hoàn thành; đúng từ 9 câu được tính là thành thạo và cộng điểm lên cấp. Tinh thần cấp 2: Làm đúng dạng chuẩn mà không cần nhìn gợi ý.",Thời gian bị siết còn 75% mức chuẩn. Quá giờ vẫn chấm nhưng không tính thành thạo.
NV-1515,PL-HOA-INO-L2-004,Chính xác: Hóa vô cơ — cấp 2,Khoa học,Hóa vô cơ,1,2,Chính xác,66,"Hoàn thành 10 câu chuyên đề ""Hóa vô cơ"" trong khoảng 13 phút, lần lượt qua 3 chặng: khởi động → rèn luyện → bứt tốc. Đúng từ 7 câu là hoàn thành; đúng từ 9 câu được tính là thành thạo và cộng điểm lên cấp. Tinh thần cấp 2: Làm đúng dạng chuẩn mà không cần nhìn gợi ý.",Sai quá 2 câu là phải làm lại phiếu trước khi đi tiếp.
NV-1516,PL-HOA-INO-L2-005,Tổng hợp: Hóa vô cơ — cấp 2,Khoa học,Hóa vô cơ,1,2,Tổng hợp,69,"Hoàn thành 10 câu chuyên đề ""Hóa vô cơ"" trong khoảng 12 phút, lần lượt qua 3 chặng: khởi động → rèn luyện → bứt tốc. Đúng từ 7 câu là hoàn thành; đúng từ 9 câu được tính là thành thạo và cộng điểm lên cấp. Tinh thần cấp 2: Làm đúng dạng chuẩn mà không cần nhìn gợi ý.",Không được biết trước dạng bài của từng câu.
NV-1517,PL-HOA-INO-L2-006,Ôn lại: Hóa vô cơ — cấp 2,Khoa học,Hóa vô cơ,1,2,Ôn lại,54,"Hoàn thành 10 câu chuyên đề ""Hóa vô cơ"" trong khoảng 13 phút, lần lượt qua 3 chặng: khởi động → rèn luyện → bứt tốc. Đúng từ 7 câu là hoàn thành; đúng từ 9 câu được tính là thành thạo và cộng điểm lên cấp. Tinh thần cấp 2: Làm đúng dạng chuẩn mà không cần nhìn gợi ý.",Nên làm sau buổi học chính ít nhất một ngày.
NV-1518,PL-HOA-INO-L2-007,Thử thách: Hóa vô cơ — cấp 2,Khoa học,Hóa vô cơ,1,2,Thử thách,84,"Hoàn thành 10 câu chuyên đề ""Hóa vô cơ"" trong khoảng 12 phút, lần lượt qua 3 chặng: khởi động → rèn luyện → bứt tốc. Đúng từ 7 câu là hoàn thành; đúng từ 9 câu được tính là thành thạo và cộng điểm lên cấp. Tinh thần cấp 2: Làm đúng dạng chuẩn mà không cần nhìn gợi ý.",Đạt từ 85% mới được tính là vượt thử thách.
NV-1519,PL-HOA-INO-L2-008,Vượt ải: Hóa vô cơ — cấp 2,Khoa học,Hóa vô cơ,1,2,Vượt ải,108,"Hoàn thành 10 câu chuyên đề ""Hóa vô cơ"" trong khoảng 11 phút, lần lượt qua 3 chặng: khởi động → rèn luyện → bứt tốc. Đúng từ 7 câu là hoàn thành; đúng từ 9 câu được tính là thành thạo và cộng điểm lên cấp. Tinh thần cấp 2: Làm đúng dạng chuẩn mà không cần nhìn gợi ý.",Phải đạt từ 90% để mở khóa cấp độ tiếp theo của tuyến này.
NV-1520,PL-HOA-INO-L3-001,Khởi động: Hóa vô cơ — cấp 3,Khoa học,Hóa vô cơ,2,3,Khởi động,63,"Hoàn thành 10 câu chuyên đề ""Hóa vô cơ"" trong khoảng 16 phút, lần lượt qua 3 chặng: khởi động → rèn luyện → bứt tốc. Đúng từ 7 câu là hoàn thành; đúng từ 9 câu được tính là thành thạo và cộng điểm lên cấp. Tinh thần cấp 3: Ghép nhiều bước và tránh các bẫy quen thuộc.","Không giới hạn thời gian. Mục tiêu là làm đúng, chưa cần nhanh."
NV-1521,PL-HOA-INO-L3-002,Rèn kỹ năng: Hóa vô cơ — cấp 3,Khoa học,Hóa vô cơ,2,3,Rèn kỹ năng,90,"Hoàn thành 10 câu chuyên đề ""Hóa vô cơ"" trong khoảng 13 phút, lần lượt qua 3 chặng: khởi động → rèn luyện → bứt tốc. Đúng từ 7 câu là hoàn thành; đúng từ 9 câu được tính là thành thạo và cộng điểm lên cấp. Tinh thần cấp 3: Ghép nhiều bước và tránh các bẫy quen thuộc.","Hoàn thành đủ 3 chặng trong một lượt, không rời phiếu giữa chừng."
NV-1522,PL-HOA-INO-L3-003,Tốc độ: Hóa vô cơ — cấp 3,Khoa học,Hóa vô cơ,2,3,Tốc độ,99,"Hoàn thành 10 câu chuyên đề ""Hóa vô cơ"" trong khoảng 9 phút, lần lượt qua 3 chặng: khởi động → rèn luyện → bứt tốc. Đúng từ 7 câu là hoàn thành; đúng từ 9 câu được tính là thành thạo và cộng điểm lên cấp. Tinh thần cấp 3: Ghép nhiều bước và tránh các bẫy quen thuộc.",Thời gian bị siết còn 75% mức chuẩn. Quá giờ vẫn chấm nhưng không tính thành thạo.
NV-1523,PL-HOA-INO-L3-004,Chính xác: Hóa vô cơ — cấp 3,Khoa học,Hóa vô cơ,2,3,Chính xác,99,"Hoàn thành 10 câu chuyên đề ""Hóa vô cơ"" trong khoảng 14 phút, lần lượt qua 3 chặng: khởi động → rèn luyện → bứt tốc. Đúng từ 7 câu là hoàn thành; đúng từ 9 câu được tính là thành thạo và cộng điểm lên cấp. Tinh thần cấp 3: Ghép nhiều bước và tránh các bẫy quen thuộc.",Sai quá 2 câu là phải làm lại phiếu trước khi đi tiếp.
NV-1524,PL-HOA-INO-L3-005,Tổng hợp: Hóa vô cơ — cấp 3,Khoa học,Hóa vô cơ,2,3,Tổng hợp,103,"Hoàn thành 10 câu chuyên đề ""Hóa vô cơ"" trong khoảng 13 phút, lần lượt qua 3 chặng: khởi động → rèn luyện → bứt tốc. Đúng từ 7 câu là hoàn thành; đúng từ 9 câu được tính là thành thạo và cộng điểm lên cấp. Tinh thần cấp 3: Ghép nhiều bước và tránh các bẫy quen thuộc.",Không được biết trước dạng bài của từng câu.
NV-1525,PL-HOA-INO-L3-006,Ôn lại: Hóa vô cơ — cấp 3,Khoa học,Hóa vô cơ,2,3,Ôn lại,81,"Hoàn thành 10 câu chuyên đề ""Hóa vô cơ"" trong khoảng 14 phút, lần lượt qua 3 chặng: khởi động → rèn luyện → bứt tốc. Đúng từ 7 câu là hoàn thành; đúng từ 9 câu được tính là thành thạo và cộng điểm lên cấp. Tinh thần cấp 3: Ghép nhiều bước và tránh các bẫy quen thuộc.",Nên làm sau buổi học chính ít nhất một ngày.
NV-1526,PL-HOA-INO-L3-007,Khởi động: Hóa vô cơ — cấp 3,Khoa học,Hóa vô cơ,2,3,Khởi động,63,"Hoàn thành 10 câu chuyên đề ""Hóa vô cơ"" trong khoảng 16 phút, lần lượt qua 3 chặng: khởi động → rèn luyện → bứt tốc. Đúng từ 7 câu là hoàn thành; đúng từ 9 câu được tính là thành thạo và cộng điểm lên cấp. Tinh thần cấp 3: Ghép nhiều bước và tránh các bẫy quen thuộc.","Không giới hạn thời gian. Mục tiêu là làm đúng, chưa cần nhanh."
NV-1527,PL-HOA-INO-L3-008,Thử thách: Hóa vô cơ — cấp 3,Khoa học,Hóa vô cơ,2,3,Thử thách,126,"Hoàn thành 10 câu chuyên đề ""Hóa vô cơ"" trong khoảng 13 phút, lần lượt qua 3 chặng: khởi động → rèn luyện → bứt tốc. Đúng từ 7 câu là hoàn thành; đúng từ 9 câu được tính là thành thạo và cộng điểm lên cấp. Tinh thần cấp 3: Ghép nhiều bước và tránh các bẫy quen thuộc.",Đạt từ 85% mới được tính là vượt thử thách.
NV-1528,PL-HOA-INO-L3-009,Vượt ải: Hóa vô cơ — cấp 3,Khoa học,Hóa vô cơ,2,3,Vượt ải,162,"Hoàn thành 10 câu chuyên đề ""Hóa vô cơ"" trong khoảng 12 phút, lần lượt qua 3 chặng: khởi động → rèn luyện → bứt tốc. Đúng từ 7 câu là hoàn thành; đúng từ 9 câu được tính là thành thạo và cộng điểm lên cấp. Tinh thần cấp 3: Ghép nhiều bước và tránh các bẫy quen thuộc.",Phải đạt từ 90% để mở khóa cấp độ tiếp theo của tuyến này.
NV-1529,PL-HOA-INO-L4-001,Khởi động: Hóa vô cơ — cấp 4,Khoa học,Hóa vô cơ,2,4,Khởi động,84,"Hoàn thành 10 câu chuyên đề ""Hóa vô cơ"" trong khoảng 14 phút, lần lượt qua 3 chặng: khởi động → rèn luyện → bứt tốc. Đúng từ 7 câu là hoàn thành; đúng từ 9 câu được tính là thành thạo và cộng điểm lên cấp. Tinh thần cấp 4: Giữ độ chính xác khi thời gian bắt đầu siết lại.","Không giới hạn thời gian. Mục tiêu là làm đúng, chưa cần nhanh."
NV-1530,PL-HOA-INO-L4-002,Rèn kỹ năng: Hóa vô cơ — cấp 4,Khoa học,Hóa vô cơ,2,4,Rèn kỹ năng,120,"Hoàn thành 10 câu chuyên đề ""Hóa vô cơ"" trong khoảng 11 phút, lần lượt qua 3 chặng: khởi động → rèn luyện → bứt tốc. Đúng từ 7 câu là hoàn thành; đúng từ 9 câu được tính là thành thạo và cộng điểm lên cấp. Tinh thần cấp 4: Giữ độ chính xác khi thời gian bắt đầu siết lại.","Hoàn thành đủ 3 chặng trong một lượt, không rời phiếu giữa chừng."
NV-1531,PL-HOA-INO-L4-003,Tốc độ: Hóa vô cơ — cấp 4,Khoa học,Hóa vô cơ,2,4,Tốc độ,132,"Hoàn thành 10 câu chuyên đề ""Hóa vô cơ"" trong khoảng 8 phút, lần lượt qua 3 chặng: khởi động → rèn luyện → bứt tốc. Đúng từ 7 câu là hoàn thành; đúng từ 9 câu được tính là thành thạo và cộng điểm lên cấp. Tinh thần cấp 4: Giữ độ chính xác khi thời gian bắt đầu siết lại.",Thời gian bị siết còn 75% mức chuẩn. Quá giờ vẫn chấm nhưng không tính thành thạo.
NV-1532,PL-HOA-INO-L4-004,Chính xác: Hóa vô cơ — cấp 4,Khoa học,Hóa vô cơ,2,4,Chính xác,132,"Hoàn thành 10 câu chuyên đề ""Hóa vô cơ"" trong khoảng 12 phút, lần lượt qua 3 chặng: khởi động → rèn luyện → bứt tốc. Đúng từ 7 câu là hoàn thành; đúng từ 9 câu được tính là thành thạo và cộng điểm lên cấp. Tinh thần cấp 4: Giữ độ chính xác khi thời gian bắt đầu siết lại.",Sai quá 2 câu là phải làm lại phiếu trước khi đi tiếp.
NV-1533,PL-HOA-INO-L4-005,Tổng hợp: Hóa vô cơ — cấp 4,Khoa học,Hóa vô cơ,2,4,Tổng hợp,138,"Hoàn thành 10 câu chuyên đề ""Hóa vô cơ"" trong khoảng 11 phút, lần lượt qua 3 chặng: khởi động → rèn luyện → bứt tốc. Đúng từ 7 câu là hoàn thành; đúng từ 9 câu được tính là thành thạo và cộng điểm lên cấp. Tinh thần cấp 4: Giữ độ chính xác khi thời gian bắt đầu siết lại.",Không được biết trước dạng bài của từng câu.
NV-1534,PL-HOA-INO-L4-006,Ôn lại: Hóa vô cơ — cấp 4,Khoa học,Hóa vô cơ,2,4,Ôn lại,108,"Hoàn thành 10 câu chuyên đề ""Hóa vô cơ"" trong khoảng 12 phút, lần lượt qua 3 chặng: khởi động → rèn luyện → bứt tốc. Đúng từ 7 câu là hoàn thành; đúng từ 9 câu được tính là thành thạo và cộng điểm lên cấp. Tinh thần cấp 4: Giữ độ chính xác khi thời gian bắt đầu siết lại.",Nên làm sau buổi học chính ít nhất một ngày.
NV-1535,PL-HOA-INO-L4-007,Khởi động: Hóa vô cơ — cấp 4,Khoa học,Hóa vô cơ,2,4,Khởi động,84,"Hoàn thành 10 câu chuyên đề ""Hóa vô cơ"" trong khoảng 14 phút, lần lượt qua 3 chặng: khởi động → rèn luyện → bứt tốc. Đúng từ 7 câu là hoàn thành; đúng từ 9 câu được tính là thành thạo và cộng điểm lên cấp. Tinh thần cấp 4: Giữ độ chính xác khi thời gian bắt đầu siết lại.","Không giới hạn thời gian. Mục tiêu là làm đúng, chưa cần nhanh."
NV-1536,PL-HOA-INO-L4-008,Thử thách: Hóa vô cơ — cấp 4,Khoa học,Hóa vô cơ,2,4,Thử thách,168,"Hoàn thành 10 câu chuyên đề ""Hóa vô cơ"" trong khoảng 11 phút, lần lượt qua 3 chặng: khởi động → rèn luyện → bứt tốc. Đúng từ 7 câu là hoàn thành; đúng từ 9 câu được tính là thành thạo và cộng điểm lên cấp. Tinh thần cấp 4: Giữ độ chính xác khi thời gian bắt đầu siết lại.",Đạt từ 85% mới được tính là vượt thử thách.
NV-1537,PL-HOA-INO-L4-009,Vượt ải: Hóa vô cơ — cấp 4,Khoa học,Hóa vô cơ,2,4,Vượt ải,216,"Hoàn thành 10 câu chuyên đề ""Hóa vô cơ"" trong khoảng 10 phút, lần lượt qua 3 chặng: khởi động → rèn luyện → bứt tốc. Đúng từ 7 câu là hoàn thành; đúng từ 9 câu được tính là thành thạo và cộng điểm lên cấp. Tinh thần cấp 4: Giữ độ chính xác khi thời gian bắt đầu siết lại.",Phải đạt từ 90% để mở khóa cấp độ tiếp theo của tuyến này.
NV-1538,PL-HOA-INO-L5-001,Khởi động: Hóa vô cơ — cấp 5,Khoa học,Hóa vô cơ,3,5,Khởi động,112,"Hoàn thành 10 câu chuyên đề ""Hóa vô cơ"" trong khoảng 15 phút, lần lượt qua 3 chặng: khởi động → rèn luyện → bứt tốc. Đúng từ 7 câu là hoàn thành; đúng từ 9 câu được tính là thành thạo và cộng điểm lên cấp. Tinh thần cấp 5: Xử lý câu phân loại mà không mất nhịp.","Không giới hạn thời gian. Mục tiêu là làm đúng, chưa cần nhanh."
NV-1539,PL-HOA-INO-L5-002,Rèn kỹ năng: Hóa vô cơ — cấp 5,Khoa học,Hóa vô cơ,3,5,Rèn kỹ năng,160,"Hoàn thành 10 câu chuyên đề ""Hóa vô cơ"" trong khoảng 12 phút, lần lượt qua 3 chặng: khởi động → rèn luyện → bứt tốc. Đúng từ 7 câu là hoàn thành; đúng từ 9 câu được tính là thành thạo và cộng điểm lên cấp. Tinh thần cấp 5: Xử lý câu phân loại mà không mất nhịp.","Hoàn thành đủ 3 chặng trong một lượt, không rời phiếu giữa chừng."
NV-1540,PL-HOA-INO-L5-003,Tốc độ: Hóa vô cơ — cấp 5,Khoa học,Hóa vô cơ,3,5,Tốc độ,176,"Hoàn thành 10 câu chuyên đề ""Hóa vô cơ"" trong khoảng 9 phút, lần lượt qua 3 chặng: khởi động → rèn luyện → bứt tốc. Đúng từ 7 câu là hoàn thành; đúng từ 9 câu được tính là thành thạo và cộng điểm lên cấp. Tinh thần cấp 5: Xử lý câu phân loại mà không mất nhịp.",Thời gian bị siết còn 75% mức chuẩn. Quá giờ vẫn chấm nhưng không tính thành thạo.
NV-1541,PL-HOA-INO-L5-004,Chính xác: Hóa vô cơ — cấp 5,Khoa học,Hóa vô cơ,3,5,Chính xác,176,"Hoàn thành 10 câu chuyên đề ""Hóa vô cơ"" trong khoảng 13 phút, lần lượt qua 3 chặng: khởi động → rèn luyện → bứt tốc. Đúng từ 7 câu là hoàn thành; đúng từ 9 câu được tính là thành thạo và cộng điểm lên cấp. Tinh thần cấp 5: Xử lý câu phân loại mà không mất nhịp.",Sai quá 2 câu là phải làm lại phiếu trước khi đi tiếp.
NV-1542,PL-HOA-INO-L5-005,Tổng hợp: Hóa vô cơ — cấp 5,Khoa học,Hóa vô cơ,3,5,Tổng hợp,184,"Hoàn thành 10 câu chuyên đề ""Hóa vô cơ"" trong khoảng 12 phút, lần lượt qua 3 chặng: khởi động → rèn luyện → bứt tốc. Đúng từ 7 câu là hoàn thành; đúng từ 9 câu được tính là thành thạo và cộng điểm lên cấp. Tinh thần cấp 5: Xử lý câu phân loại mà không mất nhịp.",Không được biết trước dạng bài của từng câu.
NV-1543,PL-HOA-INO-L5-006,Thử thách: Hóa vô cơ — cấp 5,Khoa học,Hóa vô cơ,3,5,Thử thách,224,"Hoàn thành 10 câu chuyên đề ""Hóa vô cơ"" trong khoảng 12 phút, lần lượt qua 3 chặng: khởi động → rèn luyện → bứt tốc. Đúng từ 7 câu là hoàn thành; đúng từ 9 câu được tính là thành thạo và cộng điểm lên cấp. Tinh thần cấp 5: Xử lý câu phân loại mà không mất nhịp.",Đạt từ 85% mới được tính là vượt thử thách.
NV-1544,PL-HOA-INO-L5-007,Vượt ải: Hóa vô cơ — cấp 5,Khoa học,Hóa vô cơ,3,5,Vượt ải,288,"Hoàn thành 10 câu chuyên đề ""Hóa vô cơ"" trong khoảng 11 phút, lần lượt qua 3 chặng: khởi động → rèn luyện → bứt tốc. Đúng từ 7 câu là hoàn thành; đúng từ 9 câu được tính là thành thạo và cộng điểm lên cấp. Tinh thần cấp 5: Xử lý câu phân loại mà không mất nhịp.",Phải đạt từ 90% để mở khóa cấp độ tiếp theo của tuyến này.
NV-1545,PL-HOA-INO-L6-001,Khởi động: Hóa vô cơ — cấp 6,Khoa học,Hóa vô cơ,3,6,Khởi động,154,"Hoàn thành 10 câu chuyên đề ""Hóa vô cơ"" trong khoảng 13 phút, lần lượt qua 3 chặng: khởi động → rèn luyện → bứt tốc. Đúng từ 7 câu là hoàn thành; đúng từ 9 câu được tính là thành thạo và cộng điểm lên cấp. Tinh thần cấp 6: Tốc độ và độ chính xác của nhóm dẫn đầu phổ điểm.","Không giới hạn thời gian. Mục tiêu là làm đúng, chưa cần nhanh."
NV-1546,PL-HOA-INO-L6-002,Rèn kỹ năng: Hóa vô cơ — cấp 6,Khoa học,Hóa vô cơ,3,6,Rèn kỹ năng,220,"Hoàn thành 10 câu chuyên đề ""Hóa vô cơ"" trong khoảng 10 phút, lần lượt qua 3 chặng: khởi động → rèn luyện → bứt tốc. Đúng từ 7 câu là hoàn thành; đúng từ 9 câu được tính là thành thạo và cộng điểm lên cấp. Tinh thần cấp 6: Tốc độ và độ chính xác của nhóm dẫn đầu phổ điểm.","Hoàn thành đủ 3 chặng trong một lượt, không rời phiếu giữa chừng."
NV-1547,PL-HOA-INO-L6-003,Tốc độ: Hóa vô cơ — cấp 6,Khoa học,Hóa vô cơ,3,6,Tốc độ,242,"Hoàn thành 10 câu chuyên đề ""Hóa vô cơ"" trong khoảng 8 phút, lần lượt qua 3 chặng: khởi động → rèn luyện → bứt tốc. Đúng từ 7 câu là hoàn thành; đúng từ 9 câu được tính là thành thạo và cộng điểm lên cấp. Tinh thần cấp 6: Tốc độ và độ chính xác của nhóm dẫn đầu phổ điểm.",Thời gian bị siết còn 75% mức chuẩn. Quá giờ vẫn chấm nhưng không tính thành thạo.
NV-1548,PL-HOA-INO-L6-004,Thử thách: Hóa vô cơ — cấp 6,Khoa học,Hóa vô cơ,3,6,Thử thách,308,"Hoàn thành 10 câu chuyên đề ""Hóa vô cơ"" trong khoảng 10 phút, lần lượt qua 3 chặng: khởi động → rèn luyện → bứt tốc. Đúng từ 7 câu là hoàn thành; đúng từ 9 câu được tính là thành thạo và cộng điểm lên cấp. Tinh thần cấp 6: Tốc độ và độ chính xác của nhóm dẫn đầu phổ điểm.",Đạt từ 85% mới được tính là vượt thử thách.
NV-1549,PL-HOA-INO-L6-005,Vượt ải: Hóa vô cơ — cấp 6,Khoa học,Hóa vô cơ,3,6,Vượt ải,396,"Hoàn thành 10 câu chuyên đề ""Hóa vô cơ"" trong khoảng 10 phút, lần lượt qua 3 chặng: khởi động → rèn luyện → bứt tốc. Đúng từ 7 câu là hoàn thành; đúng từ 9 câu được tính là thành thạo và cộng điểm lên cấp. Tinh thần cấp 6: Tốc độ và độ chính xác của nhóm dẫn đầu phổ điểm.",Phải đạt từ 90% để mở khóa cấp độ tiếp theo của tuyến này.
NV-1550,PL-HOA-ORG-L1-001,Khởi động: Hóa hữu cơ — cấp 1,Khoa học,Hóa hữu cơ,1,1,Khởi động,28,"Hoàn thành 8 câu chuyên đề ""Hóa hữu cơ"" trong khoảng 10 phút, lần lượt qua 3 chặng: khởi động → rèn luyện → bứt tốc. Đúng từ 6 câu là hoàn thành; đúng từ 7 câu được tính là thành thạo và cộng điểm lên cấp. Tinh thần cấp 1: Nhận diện dạng bài và nhớ lại công thức nền.","Không giới hạn thời gian. Mục tiêu là làm đúng, chưa cần nhanh."
NV-1551,PL-HOA-ORG-L1-002,Rèn kỹ năng: Hóa hữu cơ — cấp 1,Khoa học,Hóa hữu cơ,1,1,Rèn kỹ năng,40,"Hoàn thành 8 câu chuyên đề ""Hóa hữu cơ"" trong khoảng 8 phút, lần lượt qua 3 chặng: khởi động → rèn luyện → bứt tốc. Đúng từ 6 câu là hoàn thành; đúng từ 7 câu được tính là thành thạo và cộng điểm lên cấp. Tinh thần cấp 1: Nhận diện dạng bài và nhớ lại công thức nền.","Hoàn thành đủ 3 chặng trong một lượt, không rời phiếu giữa chừng."
NV-1552,PL-HOA-ORG-L1-003,Tốc độ: Hóa hữu cơ — cấp 1,Khoa học,Hóa hữu cơ,1,1,Tốc độ,44,"Hoàn thành 8 câu chuyên đề ""Hóa hữu cơ"" trong khoảng 6 phút, lần lượt qua 3 chặng: khởi động → rèn luyện → bứt tốc. Đúng từ 6 câu là hoàn thành; đúng từ 7 câu được tính là thành thạo và cộng điểm lên cấp. Tinh thần cấp 1: Nhận diện dạng bài và nhớ lại công thức nền.",Thời gian bị siết còn 75% mức chuẩn. Quá giờ vẫn chấm nhưng không tính thành thạo.
NV-1553,PL-HOA-ORG-L1-004,Chính xác: Hóa hữu cơ — cấp 1,Khoa học,Hóa hữu cơ,1,1,Chính xác,44,"Hoàn thành 8 câu chuyên đề ""Hóa hữu cơ"" trong khoảng 9 phút, lần lượt qua 3 chặng: khởi động → rèn luyện → bứt tốc. Đúng từ 6 câu là hoàn thành; đúng từ 7 câu được tính là thành thạo và cộng điểm lên cấp. Tinh thần cấp 1: Nhận diện dạng bài và nhớ lại công thức nền.",Sai quá 2 câu là phải làm lại phiếu trước khi đi tiếp.
NV-1554,PL-HOA-ORG-L1-005,Tổng hợp: Hóa hữu cơ — cấp 1,Khoa học,Hóa hữu cơ,1,1,Tổng hợp,46,"Hoàn thành 8 câu chuyên đề ""Hóa hữu cơ"" trong khoảng 8 phút, lần lượt qua 3 chặng: khởi động → rèn luyện → bứt tốc. Đúng từ 6 câu là hoàn thành; đúng từ 7 câu được tính là thành thạo và cộng điểm lên cấp. Tinh thần cấp 1: Nhận diện dạng bài và nhớ lại công thức nền.",Không được biết trước dạng bài của từng câu.
NV-1555,PL-HOA-ORG-L1-006,Thử thách: Hóa hữu cơ — cấp 1,Khoa học,Hóa hữu cơ,1,1,Thử thách,56,"Hoàn thành 8 câu chuyên đề ""Hóa hữu cơ"" trong khoảng 8 phút, lần lượt qua 3 chặng: khởi động → rèn luyện → bứt tốc. Đúng từ 6 câu là hoàn thành; đúng từ 7 câu được tính là thành thạo và cộng điểm lên cấp. Tinh thần cấp 1: Nhận diện dạng bài và nhớ lại công thức nền.",Đạt từ 85% mới được tính là vượt thử thách.
NV-1556,PL-HOA-ORG-L1-007,Vượt ải: Hóa hữu cơ — cấp 1,Khoa học,Hóa hữu cơ,1,1,Vượt ải,72,"Hoàn thành 8 câu chuyên đề ""Hóa hữu cơ"" trong khoảng 8 phút, lần lượt qua 3 chặng: khởi động → rèn luyện → bứt tốc. Đúng từ 6 câu là hoàn thành; đúng từ 8 câu được tính là thành thạo và cộng điểm lên cấp. Tinh thần cấp 1: Nhận diện dạng bài và nhớ lại công thức nền.",Phải đạt từ 90% để mở khóa cấp độ tiếp theo của tuyến này.
NV-1557,PL-HOA-ORG-L2-001,Khởi động: Hóa hữu cơ — cấp 2,Khoa học,Hóa hữu cơ,1,2,Khởi động,42,"Hoàn thành 10 câu chuyên đề ""Hóa hữu cơ"" trong khoảng 15 phút, lần lượt qua 3 chặng: khởi động → rèn luyện → bứt tốc. Đúng từ 7 câu là hoàn thành; đúng từ 9 câu được tính là thành thạo và cộng điểm lên cấp. Tinh thần cấp 2: Làm đúng dạng chuẩn mà không cần nhìn gợi ý.","Không giới hạn thời gian. Mục tiêu là làm đúng, chưa cần nhanh."
NV-1558,PL-HOA-ORG-L2-002,Rèn kỹ năng: Hóa hữu cơ — cấp 2,Khoa học,Hóa hữu cơ,1,2,Rèn kỹ năng,60,"Hoàn thành 10 câu chuyên đề ""Hóa hữu cơ"" trong khoảng 12 phút, lần lượt qua 3 chặng: khởi động → rèn luyện → bứt tốc. Đúng từ 7 câu là hoàn thành; đúng từ 9 câu được tính là thành thạo và cộng điểm lên cấp. Tinh thần cấp 2: Làm đúng dạng chuẩn mà không cần nhìn gợi ý.","Hoàn thành đủ 3 chặng trong một lượt, không rời phiếu giữa chừng."
NV-1559,PL-HOA-ORG-L2-003,Tốc độ: Hóa hữu cơ — cấp 2,Khoa học,Hóa hữu cơ,1,2,Tốc độ,66,"Hoàn thành 10 câu chuyên đề ""Hóa hữu cơ"" trong khoảng 9 phút, lần lượt qua 3 chặng: khởi động → rèn luyện → bứt tốc. Đúng từ 7 câu là hoàn thành; đúng từ 9 câu được tính là thành thạo và cộng điểm lên cấp. Tinh thần cấp 2: Làm đúng dạng chuẩn mà không cần nhìn gợi ý.",Thời gian bị siết còn 75% mức chuẩn. Quá giờ vẫn chấm nhưng không tính thành thạo.
NV-1560,PL-HOA-ORG-L2-004,Chính xác: Hóa hữu cơ — cấp 2,Khoa học,Hóa hữu cơ,1,2,Chính xác,66,"Hoàn thành 10 câu chuyên đề ""Hóa hữu cơ"" trong khoảng 13 phút, lần lượt qua 3 chặng: khởi động → rèn luyện → bứt tốc. Đúng từ 7 câu là hoàn thành; đúng từ 9 câu được tính là thành thạo và cộng điểm lên cấp. Tinh thần cấp 2: Làm đúng dạng chuẩn mà không cần nhìn gợi ý.",Sai quá 2 câu là phải làm lại phiếu trước khi đi tiếp.
NV-1561,PL-HOA-ORG-L2-005,Tổng hợp: Hóa hữu cơ — cấp 2,Khoa học,Hóa hữu cơ,1,2,Tổng hợp,69,"Hoàn thành 10 câu chuyên đề ""Hóa hữu cơ"" trong khoảng 12 phút, lần lượt qua 3 chặng: khởi động → rèn luyện → bứt tốc. Đúng từ 7 câu là hoàn thành; đúng từ 9 câu được tính là thành thạo và cộng điểm lên cấp. Tinh thần cấp 2: Làm đúng dạng chuẩn mà không cần nhìn gợi ý.",Không được biết trước dạng bài của từng câu.
NV-1562,PL-HOA-ORG-L2-006,Ôn lại: Hóa hữu cơ — cấp 2,Khoa học,Hóa hữu cơ,1,2,Ôn lại,54,"Hoàn thành 10 câu chuyên đề ""Hóa hữu cơ"" trong khoảng 13 phút, lần lượt qua 3 chặng: khởi động → rèn luyện → bứt tốc. Đúng từ 7 câu là hoàn thành; đúng từ 9 câu được tính là thành thạo và cộng điểm lên cấp. Tinh thần cấp 2: Làm đúng dạng chuẩn mà không cần nhìn gợi ý.",Nên làm sau buổi học chính ít nhất một ngày.
NV-1563,PL-HOA-ORG-L2-007,Khởi động: Hóa hữu cơ — cấp 2,Khoa học,Hóa hữu cơ,1,2,Khởi động,42,"Hoàn thành 10 câu chuyên đề ""Hóa hữu cơ"" trong khoảng 15 phút, lần lượt qua 3 chặng: khởi động → rèn luyện → bứt tốc. Đúng từ 7 câu là hoàn thành; đúng từ 9 câu được tính là thành thạo và cộng điểm lên cấp. Tinh thần cấp 2: Làm đúng dạng chuẩn mà không cần nhìn gợi ý.","Không giới hạn thời gian. Mục tiêu là làm đúng, chưa cần nhanh."
NV-1564,PL-HOA-ORG-L2-008,Thử thách: Hóa hữu cơ — cấp 2,Khoa học,Hóa hữu cơ,1,2,Thử thách,84,"Hoàn thành 10 câu chuyên đề ""Hóa hữu cơ"" trong khoảng 12 phút, lần lượt qua 3 chặng: khởi động → rèn luyện → bứt tốc. Đúng từ 7 câu là hoàn thành; đúng từ 9 câu được tính là thành thạo và cộng điểm lên cấp. Tinh thần cấp 2: Làm đúng dạng chuẩn mà không cần nhìn gợi ý.",Đạt từ 85% mới được tính là vượt thử thách.
NV-1565,PL-HOA-ORG-L2-009,Vượt ải: Hóa hữu cơ — cấp 2,Khoa học,Hóa hữu cơ,1,2,Vượt ải,108,"Hoàn thành 10 câu chuyên đề ""Hóa hữu cơ"" trong khoảng 11 phút, lần lượt qua 3 chặng: khởi động → rèn luyện → bứt tốc. Đúng từ 7 câu là hoàn thành; đúng từ 9 câu được tính là thành thạo và cộng điểm lên cấp. Tinh thần cấp 2: Làm đúng dạng chuẩn mà không cần nhìn gợi ý.",Phải đạt từ 90% để mở khóa cấp độ tiếp theo của tuyến này.
NV-1566,PL-HOA-ORG-L3-001,Khởi động: Hóa hữu cơ — cấp 3,Khoa học,Hóa hữu cơ,2,3,Khởi động,63,"Hoàn thành 10 câu chuyên đề ""Hóa hữu cơ"" trong khoảng 16 phút, lần lượt qua 3 chặng: khởi động → rèn luyện → bứt tốc. Đúng từ 7 câu là hoàn thành; đúng từ 9 câu được tính là thành thạo và cộng điểm lên cấp. Tinh thần cấp 3: Ghép nhiều bước và tránh các bẫy quen thuộc.","Không giới hạn thời gian. Mục tiêu là làm đúng, chưa cần nhanh."
NV-1567,PL-HOA-ORG-L3-002,Rèn kỹ năng: Hóa hữu cơ — cấp 3,Khoa học,Hóa hữu cơ,2,3,Rèn kỹ năng,90,"Hoàn thành 10 câu chuyên đề ""Hóa hữu cơ"" trong khoảng 13 phút, lần lượt qua 3 chặng: khởi động → rèn luyện → bứt tốc. Đúng từ 7 câu là hoàn thành; đúng từ 9 câu được tính là thành thạo và cộng điểm lên cấp. Tinh thần cấp 3: Ghép nhiều bước và tránh các bẫy quen thuộc.","Hoàn thành đủ 3 chặng trong một lượt, không rời phiếu giữa chừng."
NV-1568,PL-HOA-ORG-L3-003,Tốc độ: Hóa hữu cơ — cấp 3,Khoa học,Hóa hữu cơ,2,3,Tốc độ,99,"Hoàn thành 10 câu chuyên đề ""Hóa hữu cơ"" trong khoảng 9 phút, lần lượt qua 3 chặng: khởi động → rèn luyện → bứt tốc. Đúng từ 7 câu là hoàn thành; đúng từ 9 câu được tính là thành thạo và cộng điểm lên cấp. Tinh thần cấp 3: Ghép nhiều bước và tránh các bẫy quen thuộc.",Thời gian bị siết còn 75% mức chuẩn. Quá giờ vẫn chấm nhưng không tính thành thạo.
NV-1569,PL-HOA-ORG-L3-004,Chính xác: Hóa hữu cơ — cấp 3,Khoa học,Hóa hữu cơ,2,3,Chính xác,99,"Hoàn thành 10 câu chuyên đề ""Hóa hữu cơ"" trong khoảng 14 phút, lần lượt qua 3 chặng: khởi động → rèn luyện → bứt tốc. Đúng từ 7 câu là hoàn thành; đúng từ 9 câu được tính là thành thạo và cộng điểm lên cấp. Tinh thần cấp 3: Ghép nhiều bước và tránh các bẫy quen thuộc.",Sai quá 2 câu là phải làm lại phiếu trước khi đi tiếp.
NV-1570,PL-HOA-ORG-L3-005,Tổng hợp: Hóa hữu cơ — cấp 3,Khoa học,Hóa hữu cơ,2,3,Tổng hợp,103,"Hoàn thành 10 câu chuyên đề ""Hóa hữu cơ"" trong khoảng 13 phút, lần lượt qua 3 chặng: khởi động → rèn luyện → bứt tốc. Đúng từ 7 câu là hoàn thành; đúng từ 9 câu được tính là thành thạo và cộng điểm lên cấp. Tinh thần cấp 3: Ghép nhiều bước và tránh các bẫy quen thuộc.",Không được biết trước dạng bài của từng câu.
NV-1571,PL-HOA-ORG-L3-006,Ôn lại: Hóa hữu cơ — cấp 3,Khoa học,Hóa hữu cơ,2,3,Ôn lại,81,"Hoàn thành 10 câu chuyên đề ""Hóa hữu cơ"" trong khoảng 14 phút, lần lượt qua 3 chặng: khởi động → rèn luyện → bứt tốc. Đúng từ 7 câu là hoàn thành; đúng từ 9 câu được tính là thành thạo và cộng điểm lên cấp. Tinh thần cấp 3: Ghép nhiều bước và tránh các bẫy quen thuộc.",Nên làm sau buổi học chính ít nhất một ngày.
NV-1572,PL-HOA-ORG-L3-007,Khởi động: Hóa hữu cơ — cấp 3,Khoa học,Hóa hữu cơ,2,3,Khởi động,63,"Hoàn thành 10 câu chuyên đề ""Hóa hữu cơ"" trong khoảng 16 phút, lần lượt qua 3 chặng: khởi động → rèn luyện → bứt tốc. Đúng từ 7 câu là hoàn thành; đúng từ 9 câu được tính là thành thạo và cộng điểm lên cấp. Tinh thần cấp 3: Ghép nhiều bước và tránh các bẫy quen thuộc.","Không giới hạn thời gian. Mục tiêu là làm đúng, chưa cần nhanh."
NV-1573,PL-HOA-ORG-L3-008,Rèn kỹ năng: Hóa hữu cơ — cấp 3,Khoa học,Hóa hữu cơ,2,3,Rèn kỹ năng,90,"Hoàn thành 10 câu chuyên đề ""Hóa hữu cơ"" trong khoảng 13 phút, lần lượt qua 3 chặng: khởi động → rèn luyện → bứt tốc. Đúng từ 7 câu là hoàn thành; đúng từ 9 câu được tính là thành thạo và cộng điểm lên cấp. Tinh thần cấp 3: Ghép nhiều bước và tránh các bẫy quen thuộc.","Hoàn thành đủ 3 chặng trong một lượt, không rời phiếu giữa chừng."
NV-1574,PL-HOA-ORG-L3-009,Thử thách: Hóa hữu cơ — cấp 3,Khoa học,Hóa hữu cơ,2,3,Thử thách,126,"Hoàn thành 10 câu chuyên đề ""Hóa hữu cơ"" trong khoảng 13 phút, lần lượt qua 3 chặng: khởi động → rèn luyện → bứt tốc. Đúng từ 7 câu là hoàn thành; đúng từ 9 câu được tính là thành thạo và cộng điểm lên cấp. Tinh thần cấp 3: Ghép nhiều bước và tránh các bẫy quen thuộc.",Đạt từ 85% mới được tính là vượt thử thách.
NV-1575,PL-HOA-ORG-L3-010,Vượt ải: Hóa hữu cơ — cấp 3,Khoa học,Hóa hữu cơ,2,3,Vượt ải,162,"Hoàn thành 10 câu chuyên đề ""Hóa hữu cơ"" trong khoảng 12 phút, lần lượt qua 3 chặng: khởi động → rèn luyện → bứt tốc. Đúng từ 7 câu là hoàn thành; đúng từ 9 câu được tính là thành thạo và cộng điểm lên cấp. Tinh thần cấp 3: Ghép nhiều bước và tránh các bẫy quen thuộc.",Phải đạt từ 90% để mở khóa cấp độ tiếp theo của tuyến này.
NV-1576,PL-HOA-ORG-L4-001,Khởi động: Hóa hữu cơ — cấp 4,Khoa học,Hóa hữu cơ,2,4,Khởi động,84,"Hoàn thành 10 câu chuyên đề ""Hóa hữu cơ"" trong khoảng 14 phút, lần lượt qua 3 chặng: khởi động → rèn luyện → bứt tốc. Đúng từ 7 câu là hoàn thành; đúng từ 9 câu được tính là thành thạo và cộng điểm lên cấp. Tinh thần cấp 4: Giữ độ chính xác khi thời gian bắt đầu siết lại.","Không giới hạn thời gian. Mục tiêu là làm đúng, chưa cần nhanh."
NV-1577,PL-HOA-ORG-L4-002,Rèn kỹ năng: Hóa hữu cơ — cấp 4,Khoa học,Hóa hữu cơ,2,4,Rèn kỹ năng,120,"Hoàn thành 10 câu chuyên đề ""Hóa hữu cơ"" trong khoảng 11 phút, lần lượt qua 3 chặng: khởi động → rèn luyện → bứt tốc. Đúng từ 7 câu là hoàn thành; đúng từ 9 câu được tính là thành thạo và cộng điểm lên cấp. Tinh thần cấp 4: Giữ độ chính xác khi thời gian bắt đầu siết lại.","Hoàn thành đủ 3 chặng trong một lượt, không rời phiếu giữa chừng."
NV-1578,PL-HOA-ORG-L4-003,Tốc độ: Hóa hữu cơ — cấp 4,Khoa học,Hóa hữu cơ,2,4,Tốc độ,132,"Hoàn thành 10 câu chuyên đề ""Hóa hữu cơ"" trong khoảng 8 phút, lần lượt qua 3 chặng: khởi động → rèn luyện → bứt tốc. Đúng từ 7 câu là hoàn thành; đúng từ 9 câu được tính là thành thạo và cộng điểm lên cấp. Tinh thần cấp 4: Giữ độ chính xác khi thời gian bắt đầu siết lại.",Thời gian bị siết còn 75% mức chuẩn. Quá giờ vẫn chấm nhưng không tính thành thạo.
NV-1579,PL-HOA-ORG-L4-004,Chính xác: Hóa hữu cơ — cấp 4,Khoa học,Hóa hữu cơ,2,4,Chính xác,132,"Hoàn thành 10 câu chuyên đề ""Hóa hữu cơ"" trong khoảng 12 phút, lần lượt qua 3 chặng: khởi động → rèn luyện → bứt tốc. Đúng từ 7 câu là hoàn thành; đúng từ 9 câu được tính là thành thạo và cộng điểm lên cấp. Tinh thần cấp 4: Giữ độ chính xác khi thời gian bắt đầu siết lại.",Sai quá 2 câu là phải làm lại phiếu trước khi đi tiếp.
NV-1580,PL-HOA-ORG-L4-005,Tổng hợp: Hóa hữu cơ — cấp 4,Khoa học,Hóa hữu cơ,2,4,Tổng hợp,138,"Hoàn thành 10 câu chuyên đề ""Hóa hữu cơ"" trong khoảng 11 phút, lần lượt qua 3 chặng: khởi động → rèn luyện → bứt tốc. Đúng từ 7 câu là hoàn thành; đúng từ 9 câu được tính là thành thạo và cộng điểm lên cấp. Tinh thần cấp 4: Giữ độ chính xác khi thời gian bắt đầu siết lại.",Không được biết trước dạng bài của từng câu.
NV-1581,PL-HOA-ORG-L4-006,Ôn lại: Hóa hữu cơ — cấp 4,Khoa học,Hóa hữu cơ,2,4,Ôn lại,108,"Hoàn thành 10 câu chuyên đề ""Hóa hữu cơ"" trong khoảng 12 phút, lần lượt qua 3 chặng: khởi động → rèn luyện → bứt tốc. Đúng từ 7 câu là hoàn thành; đúng từ 9 câu được tính là thành thạo và cộng điểm lên cấp. Tinh thần cấp 4: Giữ độ chính xác khi thời gian bắt đầu siết lại.",Nên làm sau buổi học chính ít nhất một ngày.
NV-1582,PL-HOA-ORG-L4-007,Khởi động: Hóa hữu cơ — cấp 4,Khoa học,Hóa hữu cơ,2,4,Khởi động,84,"Hoàn thành 10 câu chuyên đề ""Hóa hữu cơ"" trong khoảng 14 phút, lần lượt qua 3 chặng: khởi động → rèn luyện → bứt tốc. Đúng từ 7 câu là hoàn thành; đúng từ 9 câu được tính là thành thạo và cộng điểm lên cấp. Tinh thần cấp 4: Giữ độ chính xác khi thời gian bắt đầu siết lại.","Không giới hạn thời gian. Mục tiêu là làm đúng, chưa cần nhanh."
NV-1583,PL-HOA-ORG-L4-008,Rèn kỹ năng: Hóa hữu cơ — cấp 4,Khoa học,Hóa hữu cơ,2,4,Rèn kỹ năng,120,"Hoàn thành 10 câu chuyên đề ""Hóa hữu cơ"" trong khoảng 11 phút, lần lượt qua 3 chặng: khởi động → rèn luyện → bứt tốc. Đúng từ 7 câu là hoàn thành; đúng từ 9 câu được tính là thành thạo và cộng điểm lên cấp. Tinh thần cấp 4: Giữ độ chính xác khi thời gian bắt đầu siết lại.","Hoàn thành đủ 3 chặng trong một lượt, không rời phiếu giữa chừng."
NV-1584,PL-HOA-ORG-L4-009,Thử thách: Hóa hữu cơ — cấp 4,Khoa học,Hóa hữu cơ,2,4,Thử thách,168,"Hoàn thành 10 câu chuyên đề ""Hóa hữu cơ"" trong khoảng 11 phút, lần lượt qua 3 chặng: khởi động → rèn luyện → bứt tốc. Đúng từ 7 câu là hoàn thành; đúng từ 9 câu được tính là thành thạo và cộng điểm lên cấp. Tinh thần cấp 4: Giữ độ chính xác khi thời gian bắt đầu siết lại.",Đạt từ 85% mới được tính là vượt thử thách.
NV-1585,PL-HOA-ORG-L4-010,Vượt ải: Hóa hữu cơ — cấp 4,Khoa học,Hóa hữu cơ,2,4,Vượt ải,216,"Hoàn thành 10 câu chuyên đề ""Hóa hữu cơ"" trong khoảng 10 phút, lần lượt qua 3 chặng: khởi động → rèn luyện → bứt tốc. Đúng từ 7 câu là hoàn thành; đúng từ 9 câu được tính là thành thạo và cộng điểm lên cấp. Tinh thần cấp 4: Giữ độ chính xác khi thời gian bắt đầu siết lại.",Phải đạt từ 90% để mở khóa cấp độ tiếp theo của tuyến này.
NV-1586,PL-HOA-ORG-L5-001,Khởi động: Hóa hữu cơ — cấp 5,Khoa học,Hóa hữu cơ,3,5,Khởi động,112,"Hoàn thành 10 câu chuyên đề ""Hóa hữu cơ"" trong khoảng 15 phút, lần lượt qua 3 chặng: khởi động → rèn luyện → bứt tốc. Đúng từ 7 câu là hoàn thành; đúng từ 9 câu được tính là thành thạo và cộng điểm lên cấp. Tinh thần cấp 5: Xử lý câu phân loại mà không mất nhịp.","Không giới hạn thời gian. Mục tiêu là làm đúng, chưa cần nhanh."
NV-1587,PL-HOA-ORG-L5-002,Rèn kỹ năng: Hóa hữu cơ — cấp 5,Khoa học,Hóa hữu cơ,3,5,Rèn kỹ năng,160,"Hoàn thành 10 câu chuyên đề ""Hóa hữu cơ"" trong khoảng 12 phút, lần lượt qua 3 chặng: khởi động → rèn luyện → bứt tốc. Đúng từ 7 câu là hoàn thành; đúng từ 9 câu được tính là thành thạo và cộng điểm lên cấp. Tinh thần cấp 5: Xử lý câu phân loại mà không mất nhịp.","Hoàn thành đủ 3 chặng trong một lượt, không rời phiếu giữa chừng."
NV-1588,PL-HOA-ORG-L5-003,Tốc độ: Hóa hữu cơ — cấp 5,Khoa học,Hóa hữu cơ,3,5,Tốc độ,176,"Hoàn thành 10 câu chuyên đề ""Hóa hữu cơ"" trong khoảng 9 phút, lần lượt qua 3 chặng: khởi động → rèn luyện → bứt tốc. Đúng từ 7 câu là hoàn thành; đúng từ 9 câu được tính là thành thạo và cộng điểm lên cấp. Tinh thần cấp 5: Xử lý câu phân loại mà không mất nhịp.",Thời gian bị siết còn 75% mức chuẩn. Quá giờ vẫn chấm nhưng không tính thành thạo.
NV-1589,PL-HOA-ORG-L5-004,Chính xác: Hóa hữu cơ — cấp 5,Khoa học,Hóa hữu cơ,3,5,Chính xác,176,"Hoàn thành 10 câu chuyên đề ""Hóa hữu cơ"" trong khoảng 13 phút, lần lượt qua 3 chặng: khởi động → rèn luyện → bứt tốc. Đúng từ 7 câu là hoàn thành; đúng từ 9 câu được tính là thành thạo và cộng điểm lên cấp. Tinh thần cấp 5: Xử lý câu phân loại mà không mất nhịp.",Sai quá 2 câu là phải làm lại phiếu trước khi đi tiếp.
NV-1590,PL-HOA-ORG-L5-005,Tổng hợp: Hóa hữu cơ — cấp 5,Khoa học,Hóa hữu cơ,3,5,Tổng hợp,184,"Hoàn thành 10 câu chuyên đề ""Hóa hữu cơ"" trong khoảng 12 phút, lần lượt qua 3 chặng: khởi động → rèn luyện → bứt tốc. Đúng từ 7 câu là hoàn thành; đúng từ 9 câu được tính là thành thạo và cộng điểm lên cấp. Tinh thần cấp 5: Xử lý câu phân loại mà không mất nhịp.",Không được biết trước dạng bài của từng câu.
NV-1591,PL-HOA-ORG-L5-006,Ôn lại: Hóa hữu cơ — cấp 5,Khoa học,Hóa hữu cơ,3,5,Ôn lại,144,"Hoàn thành 10 câu chuyên đề ""Hóa hữu cơ"" trong khoảng 13 phút, lần lượt qua 3 chặng: khởi động → rèn luyện → bứt tốc. Đúng từ 7 câu là hoàn thành; đúng từ 9 câu được tính là thành thạo và cộng điểm lên cấp. Tinh thần cấp 5: Xử lý câu phân loại mà không mất nhịp.",Nên làm sau buổi học chính ít nhất một ngày.
NV-1592,PL-HOA-ORG-L5-007,Thử thách: Hóa hữu cơ — cấp 5,Khoa học,Hóa hữu cơ,3,5,Thử thách,224,"Hoàn thành 10 câu chuyên đề ""Hóa hữu cơ"" trong khoảng 12 phút, lần lượt qua 3 chặng: khởi động → rèn luyện → bứt tốc. Đúng từ 7 câu là hoàn thành; đúng từ 9 câu được tính là thành thạo và cộng điểm lên cấp. Tinh thần cấp 5: Xử lý câu phân loại mà không mất nhịp.",Đạt từ 85% mới được tính là vượt thử thách.
NV-1593,PL-HOA-ORG-L5-008,Vượt ải: Hóa hữu cơ — cấp 5,Khoa học,Hóa hữu cơ,3,5,Vượt ải,288,"Hoàn thành 10 câu chuyên đề ""Hóa hữu cơ"" trong khoảng 11 phút, lần lượt qua 3 chặng: khởi động → rèn luyện → bứt tốc. Đúng từ 7 câu là hoàn thành; đúng từ 9 câu được tính là thành thạo và cộng điểm lên cấp. Tinh thần cấp 5: Xử lý câu phân loại mà không mất nhịp.",Phải đạt từ 90% để mở khóa cấp độ tiếp theo của tuyến này.
NV-1594,PL-HOA-ORG-L6-001,Khởi động: Hóa hữu cơ — cấp 6,Khoa học,Hóa hữu cơ,3,6,Khởi động,154,"Hoàn thành 10 câu chuyên đề ""Hóa hữu cơ"" trong khoảng 13 phút, lần lượt qua 3 chặng: khởi động → rèn luyện → bứt tốc. Đúng từ 7 câu là hoàn thành; đúng từ 9 câu được tính là thành thạo và cộng điểm lên cấp. Tinh thần cấp 6: Tốc độ và độ chính xác của nhóm dẫn đầu phổ điểm.","Không giới hạn thời gian. Mục tiêu là làm đúng, chưa cần nhanh."
NV-1595,PL-HOA-ORG-L6-002,Rèn kỹ năng: Hóa hữu cơ — cấp 6,Khoa học,Hóa hữu cơ,3,6,Rèn kỹ năng,220,"Hoàn thành 10 câu chuyên đề ""Hóa hữu cơ"" trong khoảng 10 phút, lần lượt qua 3 chặng: khởi động → rèn luyện → bứt tốc. Đúng từ 7 câu là hoàn thành; đúng từ 9 câu được tính là thành thạo và cộng điểm lên cấp. Tinh thần cấp 6: Tốc độ và độ chính xác của nhóm dẫn đầu phổ điểm.","Hoàn thành đủ 3 chặng trong một lượt, không rời phiếu giữa chừng."
NV-1596,PL-HOA-ORG-L6-003,Tốc độ: Hóa hữu cơ — cấp 6,Khoa học,Hóa hữu cơ,3,6,Tốc độ,242,"Hoàn thành 10 câu chuyên đề ""Hóa hữu cơ"" trong khoảng 8 phút, lần lượt qua 3 chặng: khởi động → rèn luyện → bứt tốc. Đúng từ 7 câu là hoàn thành; đúng từ 9 câu được tính là thành thạo và cộng điểm lên cấp. Tinh thần cấp 6: Tốc độ và độ chính xác của nhóm dẫn đầu phổ điểm.",Thời gian bị siết còn 75% mức chuẩn. Quá giờ vẫn chấm nhưng không tính thành thạo.
NV-1597,PL-HOA-ORG-L6-004,Chính xác: Hóa hữu cơ — cấp 6,Khoa học,Hóa hữu cơ,3,6,Chính xác,242,"Hoàn thành 10 câu chuyên đề ""Hóa hữu cơ"" trong khoảng 12 phút, lần lượt qua 3 chặng: khởi động → rèn luyện → bứt tốc. Đúng từ 7 câu là hoàn thành; đúng từ 9 câu được tính là thành thạo và cộng điểm lên cấp. Tinh thần cấp 6: Tốc độ và độ chính xác của nhóm dẫn đầu phổ điểm.",Sai quá 2 câu là phải làm lại phiếu trước khi đi tiếp.
NV-1598,PL-HOA-ORG-L6-005,Thử thách: Hóa hữu cơ — cấp 6,Khoa học,Hóa hữu cơ,3,6,Thử thách,308,"Hoàn thành 10 câu chuyên đề ""Hóa hữu cơ"" trong khoảng 10 phút, lần lượt qua 3 chặng: khởi động → rèn luyện → bứt tốc. Đúng từ 7 câu là hoàn thành; đúng từ 9 câu được tính là thành thạo và cộng điểm lên cấp. Tinh thần cấp 6: Tốc độ và độ chính xác của nhóm dẫn đầu phổ điểm.",Đạt từ 85% mới được tính là vượt thử thách.
NV-1599,PL-HOA-ORG-L6-006,Vượt ải: Hóa hữu cơ — cấp 6,Khoa học,Hóa hữu cơ,3,6,Vượt ải,396,"Hoàn thành 10 câu chuyên đề ""Hóa hữu cơ"" trong khoảng 10 phút, lần lượt qua 3 chặng: khởi động → rèn luyện → bứt tốc. Đúng từ 7 câu là hoàn thành; đúng từ 9 câu được tính là thành thạo và cộng điểm lên cấp. Tinh thần cấp 6: Tốc độ và độ chính xác của nhóm dẫn đầu phổ điểm.",Phải đạt từ 90% để mở khóa cấp độ tiếp theo của tuyến này.
NV-1600,PL-SU-VIE-L1-001,Khởi động: Lịch sử Việt Nam — cấp 1,Khoa học,Lịch sử Việt Nam,1,1,Khởi động,28,"Hoàn thành 8 câu chuyên đề ""Lịch sử Việt Nam"" trong khoảng 10 phút, lần lượt qua 3 chặng: khởi động → rèn luyện → bứt tốc. Đúng từ 6 câu là hoàn thành; đúng từ 7 câu được tính là thành thạo và cộng điểm lên cấp. Tinh thần cấp 1: Nhận diện dạng bài và nhớ lại công thức nền.","Không giới hạn thời gian. Mục tiêu là làm đúng, chưa cần nhanh."
NV-1601,PL-SU-VIE-L1-002,Rèn kỹ năng: Lịch sử Việt Nam — cấp 1,Khoa học,Lịch sử Việt Nam,1,1,Rèn kỹ năng,40,"Hoàn thành 8 câu chuyên đề ""Lịch sử Việt Nam"" trong khoảng 8 phút, lần lượt qua 3 chặng: khởi động → rèn luyện → bứt tốc. Đúng từ 6 câu là hoàn thành; đúng từ 7 câu được tính là thành thạo và cộng điểm lên cấp. Tinh thần cấp 1: Nhận diện dạng bài và nhớ lại công thức nền.","Hoàn thành đủ 3 chặng trong một lượt, không rời phiếu giữa chừng."
NV-1602,PL-SU-VIE-L1-003,Tốc độ: Lịch sử Việt Nam — cấp 1,Khoa học,Lịch sử Việt Nam,1,1,Tốc độ,44,"Hoàn thành 8 câu chuyên đề ""Lịch sử Việt Nam"" trong khoảng 6 phút, lần lượt qua 3 chặng: khởi động → rèn luyện → bứt tốc. Đúng từ 6 câu là hoàn thành; đúng từ 7 câu được tính là thành thạo và cộng điểm lên cấp. Tinh thần cấp 1: Nhận diện dạng bài và nhớ lại công thức nền.",Thời gian bị siết còn 75% mức chuẩn. Quá giờ vẫn chấm nhưng không tính thành thạo.
NV-1603,PL-SU-VIE-L1-004,Chính xác: Lịch sử Việt Nam — cấp 1,Khoa học,Lịch sử Việt Nam,1,1,Chính xác,44,"Hoàn thành 8 câu chuyên đề ""Lịch sử Việt Nam"" trong khoảng 9 phút, lần lượt qua 3 chặng: khởi động → rèn luyện → bứt tốc. Đúng từ 6 câu là hoàn thành; đúng từ 7 câu được tính là thành thạo và cộng điểm lên cấp. Tinh thần cấp 1: Nhận diện dạng bài và nhớ lại công thức nền.",Sai quá 2 câu là phải làm lại phiếu trước khi đi tiếp.
NV-1604,PL-SU-VIE-L1-005,Tổng hợp: Lịch sử Việt Nam — cấp 1,Khoa học,Lịch sử Việt Nam,1,1,Tổng hợp,46,"Hoàn thành 8 câu chuyên đề ""Lịch sử Việt Nam"" trong khoảng 8 phút, lần lượt qua 3 chặng: khởi động → rèn luyện → bứt tốc. Đúng từ 6 câu là hoàn thành; đúng từ 7 câu được tính là thành thạo và cộng điểm lên cấp. Tinh thần cấp 1: Nhận diện dạng bài và nhớ lại công thức nền.",Không được biết trước dạng bài của từng câu.
NV-1605,PL-SU-VIE-L1-006,Ôn lại: Lịch sử Việt Nam — cấp 1,Khoa học,Lịch sử Việt Nam,1,1,Ôn lại,36,"Hoàn thành 8 câu chuyên đề ""Lịch sử Việt Nam"" trong khoảng 9 phút, lần lượt qua 3 chặng: khởi động → rèn luyện → bứt tốc. Đúng từ 6 câu là hoàn thành; đúng từ 7 câu được tính là thành thạo và cộng điểm lên cấp. Tinh thần cấp 1: Nhận diện dạng bài và nhớ lại công thức nền.",Nên làm sau buổi học chính ít nhất một ngày.
NV-1606,PL-SU-VIE-L1-007,Khởi động: Lịch sử Việt Nam — cấp 1,Khoa học,Lịch sử Việt Nam,1,1,Khởi động,28,"Hoàn thành 8 câu chuyên đề ""Lịch sử Việt Nam"" trong khoảng 10 phút, lần lượt qua 3 chặng: khởi động → rèn luyện → bứt tốc. Đúng từ 6 câu là hoàn thành; đúng từ 7 câu được tính là thành thạo và cộng điểm lên cấp. Tinh thần cấp 1: Nhận diện dạng bài và nhớ lại công thức nền.","Không giới hạn thời gian. Mục tiêu là làm đúng, chưa cần nhanh."
NV-1607,PL-SU-VIE-L1-008,Rèn kỹ năng: Lịch sử Việt Nam — cấp 1,Khoa học,Lịch sử Việt Nam,1,1,Rèn kỹ năng,40,"Hoàn thành 8 câu chuyên đề ""Lịch sử Việt Nam"" trong khoảng 8 phút, lần lượt qua 3 chặng: khởi động → rèn luyện → bứt tốc. Đúng từ 6 câu là hoàn thành; đúng từ 7 câu được tính là thành thạo và cộng điểm lên cấp. Tinh thần cấp 1: Nhận diện dạng bài và nhớ lại công thức nền.","Hoàn thành đủ 3 chặng trong một lượt, không rời phiếu giữa chừng."
NV-1608,PL-SU-VIE-L1-009,Tốc độ: Lịch sử Việt Nam — cấp 1,Khoa học,Lịch sử Việt Nam,1,1,Tốc độ,44,"Hoàn thành 8 câu chuyên đề ""Lịch sử Việt Nam"" trong khoảng 6 phút, lần lượt qua 3 chặng: khởi động → rèn luyện → bứt tốc. Đúng từ 6 câu là hoàn thành; đúng từ 7 câu được tính là thành thạo và cộng điểm lên cấp. Tinh thần cấp 1: Nhận diện dạng bài và nhớ lại công thức nền.",Thời gian bị siết còn 75% mức chuẩn. Quá giờ vẫn chấm nhưng không tính thành thạo.
NV-1609,PL-SU-VIE-L1-010,Chính xác: Lịch sử Việt Nam — cấp 1,Khoa học,Lịch sử Việt Nam,1,1,Chính xác,44,"Hoàn thành 8 câu chuyên đề ""Lịch sử Việt Nam"" trong khoảng 9 phút, lần lượt qua 3 chặng: khởi động → rèn luyện → bứt tốc. Đúng từ 6 câu là hoàn thành; đúng từ 7 câu được tính là thành thạo và cộng điểm lên cấp. Tinh thần cấp 1: Nhận diện dạng bài và nhớ lại công thức nền.",Sai quá 2 câu là phải làm lại phiếu trước khi đi tiếp.
NV-1610,PL-SU-VIE-L1-011,Thử thách: Lịch sử Việt Nam — cấp 1,Khoa học,Lịch sử Việt Nam,1,1,Thử thách,56,"Hoàn thành 8 câu chuyên đề ""Lịch sử Việt Nam"" trong khoảng 8 phút, lần lượt qua 3 chặng: khởi động → rèn luyện → bứt tốc. Đúng từ 6 câu là hoàn thành; đúng từ 7 câu được tính là thành thạo và cộng điểm lên cấp. Tinh thần cấp 1: Nhận diện dạng bài và nhớ lại công thức nền.",Đạt từ 85% mới được tính là vượt thử thách.
NV-1611,PL-SU-VIE-L1-012,Vượt ải: Lịch sử Việt Nam — cấp 1,Khoa học,Lịch sử Việt Nam,1,1,Vượt ải,72,"Hoàn thành 8 câu chuyên đề ""Lịch sử Việt Nam"" trong khoảng 8 phút, lần lượt qua 3 chặng: khởi động → rèn luyện → bứt tốc. Đúng từ 6 câu là hoàn thành; đúng từ 8 câu được tính là thành thạo và cộng điểm lên cấp. Tinh thần cấp 1: Nhận diện dạng bài và nhớ lại công thức nền.",Phải đạt từ 90% để mở khóa cấp độ tiếp theo của tuyến này.
NV-1612,PL-SU-VIE-L2-001,Khởi động: Lịch sử Việt Nam — cấp 2,Khoa học,Lịch sử Việt Nam,1,2,Khởi động,42,"Hoàn thành 8 câu chuyên đề ""Lịch sử Việt Nam"" trong khoảng 12 phút, lần lượt qua 3 chặng: khởi động → rèn luyện → bứt tốc. Đúng từ 6 câu là hoàn thành; đúng từ 7 câu được tính là thành thạo và cộng điểm lên cấp. Tinh thần cấp 2: Làm đúng dạng chuẩn mà không cần nhìn gợi ý.","Không giới hạn thời gian. Mục tiêu là làm đúng, chưa cần nhanh."
NV-1613,PL-SU-VIE-L2-002,Rèn kỹ năng: Lịch sử Việt Nam — cấp 2,Khoa học,Lịch sử Việt Nam,1,2,Rèn kỹ năng,60,"Hoàn thành 8 câu chuyên đề ""Lịch sử Việt Nam"" trong khoảng 9 phút, lần lượt qua 3 chặng: khởi động → rèn luyện → bứt tốc. Đúng từ 6 câu là hoàn thành; đúng từ 7 câu được tính là thành thạo và cộng điểm lên cấp. Tinh thần cấp 2: Làm đúng dạng chuẩn mà không cần nhìn gợi ý.","Hoàn thành đủ 3 chặng trong một lượt, không rời phiếu giữa chừng."
NV-1614,PL-SU-VIE-L2-003,Tốc độ: Lịch sử Việt Nam — cấp 2,Khoa học,Lịch sử Việt Nam,1,2,Tốc độ,66,"Hoàn thành 8 câu chuyên đề ""Lịch sử Việt Nam"" trong khoảng 7 phút, lần lượt qua 3 chặng: khởi động → rèn luyện → bứt tốc. Đúng từ 6 câu là hoàn thành; đúng từ 7 câu được tính là thành thạo và cộng điểm lên cấp. Tinh thần cấp 2: Làm đúng dạng chuẩn mà không cần nhìn gợi ý.",Thời gian bị siết còn 75% mức chuẩn. Quá giờ vẫn chấm nhưng không tính thành thạo.
NV-1615,PL-SU-VIE-L2-004,Chính xác: Lịch sử Việt Nam — cấp 2,Khoa học,Lịch sử Việt Nam,1,2,Chính xác,66,"Hoàn thành 8 câu chuyên đề ""Lịch sử Việt Nam"" trong khoảng 11 phút, lần lượt qua 3 chặng: khởi động → rèn luyện → bứt tốc. Đúng từ 6 câu là hoàn thành; đúng từ 7 câu được tính là thành thạo và cộng điểm lên cấp. Tinh thần cấp 2: Làm đúng dạng chuẩn mà không cần nhìn gợi ý.",Sai quá 2 câu là phải làm lại phiếu trước khi đi tiếp.
NV-1616,PL-SU-VIE-L2-005,Tổng hợp: Lịch sử Việt Nam — cấp 2,Khoa học,Lịch sử Việt Nam,1,2,Tổng hợp,69,"Hoàn thành 8 câu chuyên đề ""Lịch sử Việt Nam"" trong khoảng 9 phút, lần lượt qua 3 chặng: khởi động → rèn luyện → bứt tốc. Đúng từ 6 câu là hoàn thành; đúng từ 7 câu được tính là thành thạo và cộng điểm lên cấp. Tinh thần cấp 2: Làm đúng dạng chuẩn mà không cần nhìn gợi ý.",Không được biết trước dạng bài của từng câu.
NV-1617,PL-SU-VIE-L2-006,Ôn lại: Lịch sử Việt Nam — cấp 2,Khoa học,Lịch sử Việt Nam,1,2,Ôn lại,54,"Hoàn thành 8 câu chuyên đề ""Lịch sử Việt Nam"" trong khoảng 10 phút, lần lượt qua 3 chặng: khởi động → rèn luyện → bứt tốc. Đúng từ 6 câu là hoàn thành; đúng từ 7 câu được tính là thành thạo và cộng điểm lên cấp. Tinh thần cấp 2: Làm đúng dạng chuẩn mà không cần nhìn gợi ý.",Nên làm sau buổi học chính ít nhất một ngày.
NV-1618,PL-SU-VIE-L2-007,Khởi động: Lịch sử Việt Nam — cấp 2,Khoa học,Lịch sử Việt Nam,1,2,Khởi động,42,"Hoàn thành 8 câu chuyên đề ""Lịch sử Việt Nam"" trong khoảng 12 phút, lần lượt qua 3 chặng: khởi động → rèn luyện → bứt tốc. Đúng từ 6 câu là hoàn thành; đúng từ 7 câu được tính là thành thạo và cộng điểm lên cấp. Tinh thần cấp 2: Làm đúng dạng chuẩn mà không cần nhìn gợi ý.","Không giới hạn thời gian. Mục tiêu là làm đúng, chưa cần nhanh."
NV-1619,PL-SU-VIE-L2-008,Rèn kỹ năng: Lịch sử Việt Nam — cấp 2,Khoa học,Lịch sử Việt Nam,1,2,Rèn kỹ năng,60,"Hoàn thành 8 câu chuyên đề ""Lịch sử Việt Nam"" trong khoảng 9 phút, lần lượt qua 3 chặng: khởi động → rèn luyện → bứt tốc. Đúng từ 6 câu là hoàn thành; đúng từ 7 câu được tính là thành thạo và cộng điểm lên cấp. Tinh thần cấp 2: Làm đúng dạng chuẩn mà không cần nhìn gợi ý.","Hoàn thành đủ 3 chặng trong một lượt, không rời phiếu giữa chừng."
NV-1620,PL-SU-VIE-L2-009,Tốc độ: Lịch sử Việt Nam — cấp 2,Khoa học,Lịch sử Việt Nam,1,2,Tốc độ,66,"Hoàn thành 8 câu chuyên đề ""Lịch sử Việt Nam"" trong khoảng 7 phút, lần lượt qua 3 chặng: khởi động → rèn luyện → bứt tốc. Đúng từ 6 câu là hoàn thành; đúng từ 7 câu được tính là thành thạo và cộng điểm lên cấp. Tinh thần cấp 2: Làm đúng dạng chuẩn mà không cần nhìn gợi ý.",Thời gian bị siết còn 75% mức chuẩn. Quá giờ vẫn chấm nhưng không tính thành thạo.
NV-1621,PL-SU-VIE-L2-010,Chính xác: Lịch sử Việt Nam — cấp 2,Khoa học,Lịch sử Việt Nam,1,2,Chính xác,66,"Hoàn thành 8 câu chuyên đề ""Lịch sử Việt Nam"" trong khoảng 11 phút, lần lượt qua 3 chặng: khởi động → rèn luyện → bứt tốc. Đúng từ 6 câu là hoàn thành; đúng từ 7 câu được tính là thành thạo và cộng điểm lên cấp. Tinh thần cấp 2: Làm đúng dạng chuẩn mà không cần nhìn gợi ý.",Sai quá 2 câu là phải làm lại phiếu trước khi đi tiếp.
NV-1622,PL-SU-VIE-L2-011,Tổng hợp: Lịch sử Việt Nam — cấp 2,Khoa học,Lịch sử Việt Nam,1,2,Tổng hợp,69,"Hoàn thành 8 câu chuyên đề ""Lịch sử Việt Nam"" trong khoảng 9 phút, lần lượt qua 3 chặng: khởi động → rèn luyện → bứt tốc. Đúng từ 6 câu là hoàn thành; đúng từ 7 câu được tính là thành thạo và cộng điểm lên cấp. Tinh thần cấp 2: Làm đúng dạng chuẩn mà không cần nhìn gợi ý.",Không được biết trước dạng bài của từng câu.
NV-1623,PL-SU-VIE-L2-012,Ôn lại: Lịch sử Việt Nam — cấp 2,Khoa học,Lịch sử Việt Nam,1,2,Ôn lại,54,"Hoàn thành 8 câu chuyên đề ""Lịch sử Việt Nam"" trong khoảng 10 phút, lần lượt qua 3 chặng: khởi động → rèn luyện → bứt tốc. Đúng từ 6 câu là hoàn thành; đúng từ 7 câu được tính là thành thạo và cộng điểm lên cấp. Tinh thần cấp 2: Làm đúng dạng chuẩn mà không cần nhìn gợi ý.",Nên làm sau buổi học chính ít nhất một ngày.
NV-1624,PL-SU-VIE-L2-013,Khởi động: Lịch sử Việt Nam — cấp 2,Khoa học,Lịch sử Việt Nam,1,2,Khởi động,42,"Hoàn thành 8 câu chuyên đề ""Lịch sử Việt Nam"" trong khoảng 12 phút, lần lượt qua 3 chặng: khởi động → rèn luyện → bứt tốc. Đúng từ 6 câu là hoàn thành; đúng từ 7 câu được tính là thành thạo và cộng điểm lên cấp. Tinh thần cấp 2: Làm đúng dạng chuẩn mà không cần nhìn gợi ý.","Không giới hạn thời gian. Mục tiêu là làm đúng, chưa cần nhanh."
NV-1625,PL-SU-VIE-L2-014,Thử thách: Lịch sử Việt Nam — cấp 2,Khoa học,Lịch sử Việt Nam,1,2,Thử thách,84,"Hoàn thành 8 câu chuyên đề ""Lịch sử Việt Nam"" trong khoảng 9 phút, lần lượt qua 3 chặng: khởi động → rèn luyện → bứt tốc. Đúng từ 6 câu là hoàn thành; đúng từ 7 câu được tính là thành thạo và cộng điểm lên cấp. Tinh thần cấp 2: Làm đúng dạng chuẩn mà không cần nhìn gợi ý.",Đạt từ 85% mới được tính là vượt thử thách.
NV-1626,PL-SU-VIE-L2-015,Vượt ải: Lịch sử Việt Nam — cấp 2,Khoa học,Lịch sử Việt Nam,1,2,Vượt ải,108,"Hoàn thành 8 câu chuyên đề ""Lịch sử Việt Nam"" trong khoảng 9 phút, lần lượt qua 3 chặng: khởi động → rèn luyện → bứt tốc. Đúng từ 6 câu là hoàn thành; đúng từ 8 câu được tính là thành thạo và cộng điểm lên cấp. Tinh thần cấp 2: Làm đúng dạng chuẩn mà không cần nhìn gợi ý.",Phải đạt từ 90% để mở khóa cấp độ tiếp theo của tuyến này.
NV-1627,PL-SU-VIE-L3-001,Khởi động: Lịch sử Việt Nam — cấp 3,Khoa học,Lịch sử Việt Nam,2,3,Khởi động,63,"Hoàn thành 8 câu chuyên đề ""Lịch sử Việt Nam"" trong khoảng 13 phút, lần lượt qua 3 chặng: khởi động → rèn luyện → bứt tốc. Đúng từ 6 câu là hoàn thành; đúng từ 7 câu được tính là thành thạo và cộng điểm lên cấp. Tinh thần cấp 3: Ghép nhiều bước và tránh các bẫy quen thuộc.","Không giới hạn thời gian. Mục tiêu là làm đúng, chưa cần nhanh."
NV-1628,PL-SU-VIE-L3-002,Rèn kỹ năng: Lịch sử Việt Nam — cấp 3,Khoa học,Lịch sử Việt Nam,2,3,Rèn kỹ năng,90,"Hoàn thành 8 câu chuyên đề ""Lịch sử Việt Nam"" trong khoảng 10 phút, lần lượt qua 3 chặng: khởi động → rèn luyện → bứt tốc. Đúng từ 6 câu là hoàn thành; đúng từ 7 câu được tính là thành thạo và cộng điểm lên cấp. Tinh thần cấp 3: Ghép nhiều bước và tránh các bẫy quen thuộc.","Hoàn thành đủ 3 chặng trong một lượt, không rời phiếu giữa chừng."
NV-1629,PL-SU-VIE-L3-003,Tốc độ: Lịch sử Việt Nam — cấp 3,Khoa học,Lịch sử Việt Nam,2,3,Tốc độ,99,"Hoàn thành 8 câu chuyên đề ""Lịch sử Việt Nam"" trong khoảng 8 phút, lần lượt qua 3 chặng: khởi động → rèn luyện → bứt tốc. Đúng từ 6 câu là hoàn thành; đúng từ 7 câu được tính là thành thạo và cộng điểm lên cấp. Tinh thần cấp 3: Ghép nhiều bước và tránh các bẫy quen thuộc.",Thời gian bị siết còn 75% mức chuẩn. Quá giờ vẫn chấm nhưng không tính thành thạo.
NV-1630,PL-SU-VIE-L3-004,Chính xác: Lịch sử Việt Nam — cấp 3,Khoa học,Lịch sử Việt Nam,2,3,Chính xác,99,"Hoàn thành 8 câu chuyên đề ""Lịch sử Việt Nam"" trong khoảng 12 phút, lần lượt qua 3 chặng: khởi động → rèn luyện → bứt tốc. Đúng từ 6 câu là hoàn thành; đúng từ 7 câu được tính là thành thạo và cộng điểm lên cấp. Tinh thần cấp 3: Ghép nhiều bước và tránh các bẫy quen thuộc.",Sai quá 2 câu là phải làm lại phiếu trước khi đi tiếp.
NV-1631,PL-SU-VIE-L3-005,Tổng hợp: Lịch sử Việt Nam — cấp 3,Khoa học,Lịch sử Việt Nam,2,3,Tổng hợp,103,"Hoàn thành 8 câu chuyên đề ""Lịch sử Việt Nam"" trong khoảng 10 phút, lần lượt qua 3 chặng: khởi động → rèn luyện → bứt tốc. Đúng từ 6 câu là hoàn thành; đúng từ 7 câu được tính là thành thạo và cộng điểm lên cấp. Tinh thần cấp 3: Ghép nhiều bước và tránh các bẫy quen thuộc.",Không được biết trước dạng bài của từng câu.
NV-1632,PL-SU-VIE-L3-006,Ôn lại: Lịch sử Việt Nam — cấp 3,Khoa học,Lịch sử Việt Nam,2,3,Ôn lại,81,"Hoàn thành 8 câu chuyên đề ""Lịch sử Việt Nam"" trong khoảng 11 phút, lần lượt qua 3 chặng: khởi động → rèn luyện → bứt tốc. Đúng từ 6 câu là hoàn thành; đúng từ 7 câu được tính là thành thạo và cộng điểm lên cấp. Tinh thần cấp 3: Ghép nhiều bước và tránh các bẫy quen thuộc.",Nên làm sau buổi học chính ít nhất một ngày.
NV-1633,PL-SU-VIE-L3-007,Khởi động: Lịch sử Việt Nam — cấp 3,Khoa học,Lịch sử Việt Nam,2,3,Khởi động,63,"Hoàn thành 8 câu chuyên đề ""Lịch sử Việt Nam"" trong khoảng 13 phút, lần lượt qua 3 chặng: khởi động → rèn luyện → bứt tốc. Đúng từ 6 câu là hoàn thành; đúng từ 7 câu được tính là thành thạo và cộng điểm lên cấp. Tinh thần cấp 3: Ghép nhiều bước và tránh các bẫy quen thuộc.","Không giới hạn thời gian. Mục tiêu là làm đúng, chưa cần nhanh."
NV-1634,PL-SU-VIE-L3-008,Rèn kỹ năng: Lịch sử Việt Nam — cấp 3,Khoa học,Lịch sử Việt Nam,2,3,Rèn kỹ năng,90,"Hoàn thành 8 câu chuyên đề ""Lịch sử Việt Nam"" trong khoảng 10 phút, lần lượt qua 3 chặng: khởi động → rèn luyện → bứt tốc. Đúng từ 6 câu là hoàn thành; đúng từ 7 câu được tính là thành thạo và cộng điểm lên cấp. Tinh thần cấp 3: Ghép nhiều bước và tránh các bẫy quen thuộc.","Hoàn thành đủ 3 chặng trong một lượt, không rời phiếu giữa chừng."
NV-1635,PL-SU-VIE-L3-009,Tốc độ: Lịch sử Việt Nam — cấp 3,Khoa học,Lịch sử Việt Nam,2,3,Tốc độ,99,"Hoàn thành 8 câu chuyên đề ""Lịch sử Việt Nam"" trong khoảng 8 phút, lần lượt qua 3 chặng: khởi động → rèn luyện → bứt tốc. Đúng từ 6 câu là hoàn thành; đúng từ 7 câu được tính là thành thạo và cộng điểm lên cấp. Tinh thần cấp 3: Ghép nhiều bước và tránh các bẫy quen thuộc.",Thời gian bị siết còn 75% mức chuẩn. Quá giờ vẫn chấm nhưng không tính thành thạo.
NV-1636,PL-SU-VIE-L3-010,Chính xác: Lịch sử Việt Nam — cấp 3,Khoa học,Lịch sử Việt Nam,2,3,Chính xác,99,"Hoàn thành 8 câu chuyên đề ""Lịch sử Việt Nam"" trong khoảng 12 phút, lần lượt qua 3 chặng: khởi động → rèn luyện → bứt tốc. Đúng từ 6 câu là hoàn thành; đúng từ 7 câu được tính là thành thạo và cộng điểm lên cấp. Tinh thần cấp 3: Ghép nhiều bước và tránh các bẫy quen thuộc.",Sai quá 2 câu là phải làm lại phiếu trước khi đi tiếp.
NV-1637,PL-SU-VIE-L3-011,Tổng hợp: Lịch sử Việt Nam — cấp 3,Khoa học,Lịch sử Việt Nam,2,3,Tổng hợp,103,"Hoàn thành 8 câu chuyên đề ""Lịch sử Việt Nam"" trong khoảng 10 phút, lần lượt qua 3 chặng: khởi động → rèn luyện → bứt tốc. Đúng từ 6 câu là hoàn thành; đúng từ 7 câu được tính là thành thạo và cộng điểm lên cấp. Tinh thần cấp 3: Ghép nhiều bước và tránh các bẫy quen thuộc.",Không được biết trước dạng bài của từng câu.
NV-1638,PL-SU-VIE-L3-012,Ôn lại: Lịch sử Việt Nam — cấp 3,Khoa học,Lịch sử Việt Nam,2,3,Ôn lại,81,"Hoàn thành 8 câu chuyên đề ""Lịch sử Việt Nam"" trong khoảng 11 phút, lần lượt qua 3 chặng: khởi động → rèn luyện → bứt tốc. Đúng từ 6 câu là hoàn thành; đúng từ 7 câu được tính là thành thạo và cộng điểm lên cấp. Tinh thần cấp 3: Ghép nhiều bước và tránh các bẫy quen thuộc.",Nên làm sau buổi học chính ít nhất một ngày.
NV-1639,PL-SU-VIE-L3-013,Khởi động: Lịch sử Việt Nam — cấp 3,Khoa học,Lịch sử Việt Nam,2,3,Khởi động,63,"Hoàn thành 8 câu chuyên đề ""Lịch sử Việt Nam"" trong khoảng 13 phút, lần lượt qua 3 chặng: khởi động → rèn luyện → bứt tốc. Đúng từ 6 câu là hoàn thành; đúng từ 7 câu được tính là thành thạo và cộng điểm lên cấp. Tinh thần cấp 3: Ghép nhiều bước và tránh các bẫy quen thuộc.","Không giới hạn thời gian. Mục tiêu là làm đúng, chưa cần nhanh."
NV-1640,PL-SU-VIE-L3-014,Rèn kỹ năng: Lịch sử Việt Nam — cấp 3,Khoa học,Lịch sử Việt Nam,2,3,Rèn kỹ năng,90,"Hoàn thành 8 câu chuyên đề ""Lịch sử Việt Nam"" trong khoảng 10 phút, lần lượt qua 3 chặng: khởi động → rèn luyện → bứt tốc. Đúng từ 6 câu là hoàn thành; đúng từ 7 câu được tính là thành thạo và cộng điểm lên cấp. Tinh thần cấp 3: Ghép nhiều bước và tránh các bẫy quen thuộc.","Hoàn thành đủ 3 chặng trong một lượt, không rời phiếu giữa chừng."
NV-1641,PL-SU-VIE-L3-015,Tốc độ: Lịch sử Việt Nam — cấp 3,Khoa học,Lịch sử Việt Nam,2,3,Tốc độ,99,"Hoàn thành 8 câu chuyên đề ""Lịch sử Việt Nam"" trong khoảng 8 phút, lần lượt qua 3 chặng: khởi động → rèn luyện → bứt tốc. Đúng từ 6 câu là hoàn thành; đúng từ 7 câu được tính là thành thạo và cộng điểm lên cấp. Tinh thần cấp 3: Ghép nhiều bước và tránh các bẫy quen thuộc.",Thời gian bị siết còn 75% mức chuẩn. Quá giờ vẫn chấm nhưng không tính thành thạo.
NV-1642,PL-SU-VIE-L3-016,Thử thách: Lịch sử Việt Nam — cấp 3,Khoa học,Lịch sử Việt Nam,2,3,Thử thách,126,"Hoàn thành 8 câu chuyên đề ""Lịch sử Việt Nam"" trong khoảng 10 phút, lần lượt qua 3 chặng: khởi động → rèn luyện → bứt tốc. Đúng từ 6 câu là hoàn thành; đúng từ 7 câu được tính là thành thạo và cộng điểm lên cấp. Tinh thần cấp 3: Ghép nhiều bước và tránh các bẫy quen thuộc.",Đạt từ 85% mới được tính là vượt thử thách.
NV-1643,PL-SU-VIE-L3-017,Vượt ải: Lịch sử Việt Nam — cấp 3,Khoa học,Lịch sử Việt Nam,2,3,Vượt ải,162,"Hoàn thành 8 câu chuyên đề ""Lịch sử Việt Nam"" trong khoảng 10 phút, lần lượt qua 3 chặng: khởi động → rèn luyện → bứt tốc. Đúng từ 6 câu là hoàn thành; đúng từ 8 câu được tính là thành thạo và cộng điểm lên cấp. Tinh thần cấp 3: Ghép nhiều bước và tránh các bẫy quen thuộc.",Phải đạt từ 90% để mở khóa cấp độ tiếp theo của tuyến này.
NV-1644,PL-SU-VIE-L4-001,Khởi động: Lịch sử Việt Nam — cấp 4,Khoa học,Lịch sử Việt Nam,2,4,Khởi động,84,"Hoàn thành 8 câu chuyên đề ""Lịch sử Việt Nam"" trong khoảng 11 phút, lần lượt qua 3 chặng: khởi động → rèn luyện → bứt tốc. Đúng từ 6 câu là hoàn thành; đúng từ 7 câu được tính là thành thạo và cộng điểm lên cấp. Tinh thần cấp 4: Giữ độ chính xác khi thời gian bắt đầu siết lại.","Không giới hạn thời gian. Mục tiêu là làm đúng, chưa cần nhanh."
NV-1645,PL-SU-VIE-L4-002,Rèn kỹ năng: Lịch sử Việt Nam — cấp 4,Khoa học,Lịch sử Việt Nam,2,4,Rèn kỹ năng,120,"Hoàn thành 8 câu chuyên đề ""Lịch sử Việt Nam"" trong khoảng 9 phút, lần lượt qua 3 chặng: khởi động → rèn luyện → bứt tốc. Đúng từ 6 câu là hoàn thành; đúng từ 7 câu được tính là thành thạo và cộng điểm lên cấp. Tinh thần cấp 4: Giữ độ chính xác khi thời gian bắt đầu siết lại.","Hoàn thành đủ 3 chặng trong một lượt, không rời phiếu giữa chừng."
NV-1646,PL-SU-VIE-L4-003,Tốc độ: Lịch sử Việt Nam — cấp 4,Khoa học,Lịch sử Việt Nam,2,4,Tốc độ,132,"Hoàn thành 8 câu chuyên đề ""Lịch sử Việt Nam"" trong khoảng 7 phút, lần lượt qua 3 chặng: khởi động → rèn luyện → bứt tốc. Đúng từ 6 câu là hoàn thành; đúng từ 7 câu được tính là thành thạo và cộng điểm lên cấp. Tinh thần cấp 4: Giữ độ chính xác khi thời gian bắt đầu siết lại.",Thời gian bị siết còn 75% mức chuẩn. Quá giờ vẫn chấm nhưng không tính thành thạo.
NV-1647,PL-SU-VIE-L4-004,Chính xác: Lịch sử Việt Nam — cấp 4,Khoa học,Lịch sử Việt Nam,2,4,Chính xác,132,"Hoàn thành 8 câu chuyên đề ""Lịch sử Việt Nam"" trong khoảng 10 phút, lần lượt qua 3 chặng: khởi động → rèn luyện → bứt tốc. Đúng từ 6 câu là hoàn thành; đúng từ 7 câu được tính là thành thạo và cộng điểm lên cấp. Tinh thần cấp 4: Giữ độ chính xác khi thời gian bắt đầu siết lại.",Sai quá 2 câu là phải làm lại phiếu trước khi đi tiếp.
NV-1648,PL-SU-VIE-L4-005,Tổng hợp: Lịch sử Việt Nam — cấp 4,Khoa học,Lịch sử Việt Nam,2,4,Tổng hợp,138,"Hoàn thành 8 câu chuyên đề ""Lịch sử Việt Nam"" trong khoảng 9 phút, lần lượt qua 3 chặng: khởi động → rèn luyện → bứt tốc. Đúng từ 6 câu là hoàn thành; đúng từ 7 câu được tính là thành thạo và cộng điểm lên cấp. Tinh thần cấp 4: Giữ độ chính xác khi thời gian bắt đầu siết lại.",Không được biết trước dạng bài của từng câu.
NV-1649,PL-SU-VIE-L4-006,Ôn lại: Lịch sử Việt Nam — cấp 4,Khoa học,Lịch sử Việt Nam,2,4,Ôn lại,108,"Hoàn thành 8 câu chuyên đề ""Lịch sử Việt Nam"" trong khoảng 10 phút, lần lượt qua 3 chặng: khởi động → rèn luyện → bứt tốc. Đúng từ 6 câu là hoàn thành; đúng từ 7 câu được tính là thành thạo và cộng điểm lên cấp. Tinh thần cấp 4: Giữ độ chính xác khi thời gian bắt đầu siết lại.",Nên làm sau buổi học chính ít nhất một ngày.
NV-1650,PL-SU-VIE-L4-007,Khởi động: Lịch sử Việt Nam — cấp 4,Khoa học,Lịch sử Việt Nam,2,4,Khởi động,84,"Hoàn thành 8 câu chuyên đề ""Lịch sử Việt Nam"" trong khoảng 11 phút, lần lượt qua 3 chặng: khởi động → rèn luyện → bứt tốc. Đúng từ 6 câu là hoàn thành; đúng từ 7 câu được tính là thành thạo và cộng điểm lên cấp. Tinh thần cấp 4: Giữ độ chính xác khi thời gian bắt đầu siết lại.","Không giới hạn thời gian. Mục tiêu là làm đúng, chưa cần nhanh."
NV-1651,PL-SU-VIE-L4-008,Rèn kỹ năng: Lịch sử Việt Nam — cấp 4,Khoa học,Lịch sử Việt Nam,2,4,Rèn kỹ năng,120,"Hoàn thành 8 câu chuyên đề ""Lịch sử Việt Nam"" trong khoảng 9 phút, lần lượt qua 3 chặng: khởi động → rèn luyện → bứt tốc. Đúng từ 6 câu là hoàn thành; đúng từ 7 câu được tính là thành thạo và cộng điểm lên cấp. Tinh thần cấp 4: Giữ độ chính xác khi thời gian bắt đầu siết lại.","Hoàn thành đủ 3 chặng trong một lượt, không rời phiếu giữa chừng."
NV-1652,PL-SU-VIE-L4-009,Tốc độ: Lịch sử Việt Nam — cấp 4,Khoa học,Lịch sử Việt Nam,2,4,Tốc độ,132,"Hoàn thành 8 câu chuyên đề ""Lịch sử Việt Nam"" trong khoảng 7 phút, lần lượt qua 3 chặng: khởi động → rèn luyện → bứt tốc. Đúng từ 6 câu là hoàn thành; đúng từ 7 câu được tính là thành thạo và cộng điểm lên cấp. Tinh thần cấp 4: Giữ độ chính xác khi thời gian bắt đầu siết lại.",Thời gian bị siết còn 75% mức chuẩn. Quá giờ vẫn chấm nhưng không tính thành thạo.
NV-1653,PL-SU-VIE-L4-010,Chính xác: Lịch sử Việt Nam — cấp 4,Khoa học,Lịch sử Việt Nam,2,4,Chính xác,132,"Hoàn thành 8 câu chuyên đề ""Lịch sử Việt Nam"" trong khoảng 10 phút, lần lượt qua 3 chặng: khởi động → rèn luyện → bứt tốc. Đúng từ 6 câu là hoàn thành; đúng từ 7 câu được tính là thành thạo và cộng điểm lên cấp. Tinh thần cấp 4: Giữ độ chính xác khi thời gian bắt đầu siết lại.",Sai quá 2 câu là phải làm lại phiếu trước khi đi tiếp.
NV-1654,PL-SU-VIE-L4-011,Tổng hợp: Lịch sử Việt Nam — cấp 4,Khoa học,Lịch sử Việt Nam,2,4,Tổng hợp,138,"Hoàn thành 8 câu chuyên đề ""Lịch sử Việt Nam"" trong khoảng 9 phút, lần lượt qua 3 chặng: khởi động → rèn luyện → bứt tốc. Đúng từ 6 câu là hoàn thành; đúng từ 7 câu được tính là thành thạo và cộng điểm lên cấp. Tinh thần cấp 4: Giữ độ chính xác khi thời gian bắt đầu siết lại.",Không được biết trước dạng bài của từng câu.
NV-1655,PL-SU-VIE-L4-012,Ôn lại: Lịch sử Việt Nam — cấp 4,Khoa học,Lịch sử Việt Nam,2,4,Ôn lại,108,"Hoàn thành 8 câu chuyên đề ""Lịch sử Việt Nam"" trong khoảng 10 phút, lần lượt qua 3 chặng: khởi động → rèn luyện → bứt tốc. Đúng từ 6 câu là hoàn thành; đúng từ 7 câu được tính là thành thạo và cộng điểm lên cấp. Tinh thần cấp 4: Giữ độ chính xác khi thời gian bắt đầu siết lại.",Nên làm sau buổi học chính ít nhất một ngày.
NV-1656,PL-SU-VIE-L4-013,Khởi động: Lịch sử Việt Nam — cấp 4,Khoa học,Lịch sử Việt Nam,2,4,Khởi động,84,"Hoàn thành 8 câu chuyên đề ""Lịch sử Việt Nam"" trong khoảng 11 phút, lần lượt qua 3 chặng: khởi động → rèn luyện → bứt tốc. Đúng từ 6 câu là hoàn thành; đúng từ 7 câu được tính là thành thạo và cộng điểm lên cấp. Tinh thần cấp 4: Giữ độ chính xác khi thời gian bắt đầu siết lại.","Không giới hạn thời gian. Mục tiêu là làm đúng, chưa cần nhanh."
NV-1657,PL-SU-VIE-L4-014,Rèn kỹ năng: Lịch sử Việt Nam — cấp 4,Khoa học,Lịch sử Việt Nam,2,4,Rèn kỹ năng,120,"Hoàn thành 8 câu chuyên đề ""Lịch sử Việt Nam"" trong khoảng 9 phút, lần lượt qua 3 chặng: khởi động → rèn luyện → bứt tốc. Đúng từ 6 câu là hoàn thành; đúng từ 7 câu được tính là thành thạo và cộng điểm lên cấp. Tinh thần cấp 4: Giữ độ chính xác khi thời gian bắt đầu siết lại.","Hoàn thành đủ 3 chặng trong một lượt, không rời phiếu giữa chừng."
NV-1658,PL-SU-VIE-L4-015,Tốc độ: Lịch sử Việt Nam — cấp 4,Khoa học,Lịch sử Việt Nam,2,4,Tốc độ,132,"Hoàn thành 8 câu chuyên đề ""Lịch sử Việt Nam"" trong khoảng 7 phút, lần lượt qua 3 chặng: khởi động → rèn luyện → bứt tốc. Đúng từ 6 câu là hoàn thành; đúng từ 7 câu được tính là thành thạo và cộng điểm lên cấp. Tinh thần cấp 4: Giữ độ chính xác khi thời gian bắt đầu siết lại.",Thời gian bị siết còn 75% mức chuẩn. Quá giờ vẫn chấm nhưng không tính thành thạo.
NV-1659,PL-SU-VIE-L4-016,Thử thách: Lịch sử Việt Nam — cấp 4,Khoa học,Lịch sử Việt Nam,2,4,Thử thách,168,"Hoàn thành 8 câu chuyên đề ""Lịch sử Việt Nam"" trong khoảng 9 phút, lần lượt qua 3 chặng: khởi động → rèn luyện → bứt tốc. Đúng từ 6 câu là hoàn thành; đúng từ 7 câu được tính là thành thạo và cộng điểm lên cấp. Tinh thần cấp 4: Giữ độ chính xác khi thời gian bắt đầu siết lại.",Đạt từ 85% mới được tính là vượt thử thách.
NV-1660,PL-SU-VIE-L4-017,Vượt ải: Lịch sử Việt Nam — cấp 4,Khoa học,Lịch sử Việt Nam,2,4,Vượt ải,216,"Hoàn thành 8 câu chuyên đề ""Lịch sử Việt Nam"" trong khoảng 8 phút, lần lượt qua 3 chặng: khởi động → rèn luyện → bứt tốc. Đúng từ 6 câu là hoàn thành; đúng từ 8 câu được tính là thành thạo và cộng điểm lên cấp. Tinh thần cấp 4: Giữ độ chính xác khi thời gian bắt đầu siết lại.",Phải đạt từ 90% để mở khóa cấp độ tiếp theo của tuyến này.
NV-1661,PL-SU-VIE-L5-001,Khởi động: Lịch sử Việt Nam — cấp 5,Khoa học,Lịch sử Việt Nam,3,5,Khởi động,112,"Hoàn thành 8 câu chuyên đề ""Lịch sử Việt Nam"" trong khoảng 12 phút, lần lượt qua 3 chặng: khởi động → rèn luyện → bứt tốc. Đúng từ 6 câu là hoàn thành; đúng từ 7 câu được tính là thành thạo và cộng điểm lên cấp. Tinh thần cấp 5: Xử lý câu phân loại mà không mất nhịp.","Không giới hạn thời gian. Mục tiêu là làm đúng, chưa cần nhanh."
NV-1662,PL-SU-VIE-L5-002,Rèn kỹ năng: Lịch sử Việt Nam — cấp 5,Khoa học,Lịch sử Việt Nam,3,5,Rèn kỹ năng,160,"Hoàn thành 8 câu chuyên đề ""Lịch sử Việt Nam"" trong khoảng 9 phút, lần lượt qua 3 chặng: khởi động → rèn luyện → bứt tốc. Đúng từ 6 câu là hoàn thành; đúng từ 7 câu được tính là thành thạo và cộng điểm lên cấp. Tinh thần cấp 5: Xử lý câu phân loại mà không mất nhịp.","Hoàn thành đủ 3 chặng trong một lượt, không rời phiếu giữa chừng."
NV-1663,PL-SU-VIE-L5-003,Tốc độ: Lịch sử Việt Nam — cấp 5,Khoa học,Lịch sử Việt Nam,3,5,Tốc độ,176,"Hoàn thành 8 câu chuyên đề ""Lịch sử Việt Nam"" trong khoảng 7 phút, lần lượt qua 3 chặng: khởi động → rèn luyện → bứt tốc. Đúng từ 6 câu là hoàn thành; đúng từ 7 câu được tính là thành thạo và cộng điểm lên cấp. Tinh thần cấp 5: Xử lý câu phân loại mà không mất nhịp.",Thời gian bị siết còn 75% mức chuẩn. Quá giờ vẫn chấm nhưng không tính thành thạo.
NV-1664,PL-SU-VIE-L5-004,Chính xác: Lịch sử Việt Nam — cấp 5,Khoa học,Lịch sử Việt Nam,3,5,Chính xác,176,"Hoàn thành 8 câu chuyên đề ""Lịch sử Việt Nam"" trong khoảng 11 phút, lần lượt qua 3 chặng: khởi động → rèn luyện → bứt tốc. Đúng từ 6 câu là hoàn thành; đúng từ 7 câu được tính là thành thạo và cộng điểm lên cấp. Tinh thần cấp 5: Xử lý câu phân loại mà không mất nhịp.",Sai quá 2 câu là phải làm lại phiếu trước khi đi tiếp.
NV-1665,PL-SU-VIE-L5-005,Tổng hợp: Lịch sử Việt Nam — cấp 5,Khoa học,Lịch sử Việt Nam,3,5,Tổng hợp,184,"Hoàn thành 8 câu chuyên đề ""Lịch sử Việt Nam"" trong khoảng 9 phút, lần lượt qua 3 chặng: khởi động → rèn luyện → bứt tốc. Đúng từ 6 câu là hoàn thành; đúng từ 7 câu được tính là thành thạo và cộng điểm lên cấp. Tinh thần cấp 5: Xử lý câu phân loại mà không mất nhịp.",Không được biết trước dạng bài của từng câu.
NV-1666,PL-SU-VIE-L5-006,Ôn lại: Lịch sử Việt Nam — cấp 5,Khoa học,Lịch sử Việt Nam,3,5,Ôn lại,144,"Hoàn thành 8 câu chuyên đề ""Lịch sử Việt Nam"" trong khoảng 10 phút, lần lượt qua 3 chặng: khởi động → rèn luyện → bứt tốc. Đúng từ 6 câu là hoàn thành; đúng từ 7 câu được tính là thành thạo và cộng điểm lên cấp. Tinh thần cấp 5: Xử lý câu phân loại mà không mất nhịp.",Nên làm sau buổi học chính ít nhất một ngày.
NV-1667,PL-SU-VIE-L5-007,Khởi động: Lịch sử Việt Nam — cấp 5,Khoa học,Lịch sử Việt Nam,3,5,Khởi động,112,"Hoàn thành 8 câu chuyên đề ""Lịch sử Việt Nam"" trong khoảng 12 phút, lần lượt qua 3 chặng: khởi động → rèn luyện → bứt tốc. Đúng từ 6 câu là hoàn thành; đúng từ 7 câu được tính là thành thạo và cộng điểm lên cấp. Tinh thần cấp 5: Xử lý câu phân loại mà không mất nhịp.","Không giới hạn thời gian. Mục tiêu là làm đúng, chưa cần nhanh."
NV-1668,PL-SU-VIE-L5-008,Rèn kỹ năng: Lịch sử Việt Nam — cấp 5,Khoa học,Lịch sử Việt Nam,3,5,Rèn kỹ năng,160,"Hoàn thành 8 câu chuyên đề ""Lịch sử Việt Nam"" trong khoảng 9 phút, lần lượt qua 3 chặng: khởi động → rèn luyện → bứt tốc. Đúng từ 6 câu là hoàn thành; đúng từ 7 câu được tính là thành thạo và cộng điểm lên cấp. Tinh thần cấp 5: Xử lý câu phân loại mà không mất nhịp.","Hoàn thành đủ 3 chặng trong một lượt, không rời phiếu giữa chừng."
NV-1669,PL-SU-VIE-L5-009,Tốc độ: Lịch sử Việt Nam — cấp 5,Khoa học,Lịch sử Việt Nam,3,5,Tốc độ,176,"Hoàn thành 8 câu chuyên đề ""Lịch sử Việt Nam"" trong khoảng 7 phút, lần lượt qua 3 chặng: khởi động → rèn luyện → bứt tốc. Đúng từ 6 câu là hoàn thành; đúng từ 7 câu được tính là thành thạo và cộng điểm lên cấp. Tinh thần cấp 5: Xử lý câu phân loại mà không mất nhịp.",Thời gian bị siết còn 75% mức chuẩn. Quá giờ vẫn chấm nhưng không tính thành thạo.
NV-1670,PL-SU-VIE-L5-010,Chính xác: Lịch sử Việt Nam — cấp 5,Khoa học,Lịch sử Việt Nam,3,5,Chính xác,176,"Hoàn thành 8 câu chuyên đề ""Lịch sử Việt Nam"" trong khoảng 11 phút, lần lượt qua 3 chặng: khởi động → rèn luyện → bứt tốc. Đúng từ 6 câu là hoàn thành; đúng từ 7 câu được tính là thành thạo và cộng điểm lên cấp. Tinh thần cấp 5: Xử lý câu phân loại mà không mất nhịp.",Sai quá 2 câu là phải làm lại phiếu trước khi đi tiếp.
NV-1671,PL-SU-VIE-L5-011,Tổng hợp: Lịch sử Việt Nam — cấp 5,Khoa học,Lịch sử Việt Nam,3,5,Tổng hợp,184,"Hoàn thành 8 câu chuyên đề ""Lịch sử Việt Nam"" trong khoảng 9 phút, lần lượt qua 3 chặng: khởi động → rèn luyện → bứt tốc. Đúng từ 6 câu là hoàn thành; đúng từ 7 câu được tính là thành thạo và cộng điểm lên cấp. Tinh thần cấp 5: Xử lý câu phân loại mà không mất nhịp.",Không được biết trước dạng bài của từng câu.
NV-1672,PL-SU-VIE-L5-012,Thử thách: Lịch sử Việt Nam — cấp 5,Khoa học,Lịch sử Việt Nam,3,5,Thử thách,224,"Hoàn thành 8 câu chuyên đề ""Lịch sử Việt Nam"" trong khoảng 9 phút, lần lượt qua 3 chặng: khởi động → rèn luyện → bứt tốc. Đúng từ 6 câu là hoàn thành; đúng từ 7 câu được tính là thành thạo và cộng điểm lên cấp. Tinh thần cấp 5: Xử lý câu phân loại mà không mất nhịp.",Đạt từ 85% mới được tính là vượt thử thách.
NV-1673,PL-SU-VIE-L5-013,Vượt ải: Lịch sử Việt Nam — cấp 5,Khoa học,Lịch sử Việt Nam,3,5,Vượt ải,288,"Hoàn thành 8 câu chuyên đề ""Lịch sử Việt Nam"" trong khoảng 9 phút, lần lượt qua 3 chặng: khởi động → rèn luyện → bứt tốc. Đúng từ 6 câu là hoàn thành; đúng từ 8 câu được tính là thành thạo và cộng điểm lên cấp. Tinh thần cấp 5: Xử lý câu phân loại mà không mất nhịp.",Phải đạt từ 90% để mở khóa cấp độ tiếp theo của tuyến này.
NV-1674,PL-SU-VIE-L6-001,Khởi động: Lịch sử Việt Nam — cấp 6,Khoa học,Lịch sử Việt Nam,3,6,Khởi động,154,"Hoàn thành 8 câu chuyên đề ""Lịch sử Việt Nam"" trong khoảng 10 phút, lần lượt qua 3 chặng: khởi động → rèn luyện → bứt tốc. Đúng từ 6 câu là hoàn thành; đúng từ 7 câu được tính là thành thạo và cộng điểm lên cấp. Tinh thần cấp 6: Tốc độ và độ chính xác của nhóm dẫn đầu phổ điểm.","Không giới hạn thời gian. Mục tiêu là làm đúng, chưa cần nhanh."
NV-1675,PL-SU-VIE-L6-002,Rèn kỹ năng: Lịch sử Việt Nam — cấp 6,Khoa học,Lịch sử Việt Nam,3,6,Rèn kỹ năng,220,"Hoàn thành 8 câu chuyên đề ""Lịch sử Việt Nam"" trong khoảng 8 phút, lần lượt qua 3 chặng: khởi động → rèn luyện → bứt tốc. Đúng từ 6 câu là hoàn thành; đúng từ 7 câu được tính là thành thạo và cộng điểm lên cấp. Tinh thần cấp 6: Tốc độ và độ chính xác của nhóm dẫn đầu phổ điểm.","Hoàn thành đủ 3 chặng trong một lượt, không rời phiếu giữa chừng."
NV-1676,PL-SU-VIE-L6-003,Tốc độ: Lịch sử Việt Nam — cấp 6,Khoa học,Lịch sử Việt Nam,3,6,Tốc độ,242,"Hoàn thành 8 câu chuyên đề ""Lịch sử Việt Nam"" trong khoảng 6 phút, lần lượt qua 3 chặng: khởi động → rèn luyện → bứt tốc. Đúng từ 6 câu là hoàn thành; đúng từ 7 câu được tính là thành thạo và cộng điểm lên cấp. Tinh thần cấp 6: Tốc độ và độ chính xác của nhóm dẫn đầu phổ điểm.",Thời gian bị siết còn 75% mức chuẩn. Quá giờ vẫn chấm nhưng không tính thành thạo.
NV-1677,PL-SU-VIE-L6-004,Chính xác: Lịch sử Việt Nam — cấp 6,Khoa học,Lịch sử Việt Nam,3,6,Chính xác,242,"Hoàn thành 8 câu chuyên đề ""Lịch sử Việt Nam"" trong khoảng 9 phút, lần lượt qua 3 chặng: khởi động → rèn luyện → bứt tốc. Đúng từ 6 câu là hoàn thành; đúng từ 7 câu được tính là thành thạo và cộng điểm lên cấp. Tinh thần cấp 6: Tốc độ và độ chính xác của nhóm dẫn đầu phổ điểm.",Sai quá 2 câu là phải làm lại phiếu trước khi đi tiếp.
NV-1678,PL-SU-VIE-L6-005,Tổng hợp: Lịch sử Việt Nam — cấp 6,Khoa học,Lịch sử Việt Nam,3,6,Tổng hợp,253,"Hoàn thành 8 câu chuyên đề ""Lịch sử Việt Nam"" trong khoảng 8 phút, lần lượt qua 3 chặng: khởi động → rèn luyện → bứt tốc. Đúng từ 6 câu là hoàn thành; đúng từ 7 câu được tính là thành thạo và cộng điểm lên cấp. Tinh thần cấp 6: Tốc độ và độ chính xác của nhóm dẫn đầu phổ điểm.",Không được biết trước dạng bài của từng câu.
NV-1679,PL-SU-VIE-L6-006,Ôn lại: Lịch sử Việt Nam — cấp 6,Khoa học,Lịch sử Việt Nam,3,6,Ôn lại,198,"Hoàn thành 8 câu chuyên đề ""Lịch sử Việt Nam"" trong khoảng 9 phút, lần lượt qua 3 chặng: khởi động → rèn luyện → bứt tốc. Đúng từ 6 câu là hoàn thành; đúng từ 7 câu được tính là thành thạo và cộng điểm lên cấp. Tinh thần cấp 6: Tốc độ và độ chính xác của nhóm dẫn đầu phổ điểm.",Nên làm sau buổi học chính ít nhất một ngày.
NV-1680,PL-SU-VIE-L6-007,Khởi động: Lịch sử Việt Nam — cấp 6,Khoa học,Lịch sử Việt Nam,3,6,Khởi động,154,"Hoàn thành 8 câu chuyên đề ""Lịch sử Việt Nam"" trong khoảng 10 phút, lần lượt qua 3 chặng: khởi động → rèn luyện → bứt tốc. Đúng từ 6 câu là hoàn thành; đúng từ 7 câu được tính là thành thạo và cộng điểm lên cấp. Tinh thần cấp 6: Tốc độ và độ chính xác của nhóm dẫn đầu phổ điểm.","Không giới hạn thời gian. Mục tiêu là làm đúng, chưa cần nhanh."
NV-1681,PL-SU-VIE-L6-008,Rèn kỹ năng: Lịch sử Việt Nam — cấp 6,Khoa học,Lịch sử Việt Nam,3,6,Rèn kỹ năng,220,"Hoàn thành 8 câu chuyên đề ""Lịch sử Việt Nam"" trong khoảng 8 phút, lần lượt qua 3 chặng: khởi động → rèn luyện → bứt tốc. Đúng từ 6 câu là hoàn thành; đúng từ 7 câu được tính là thành thạo và cộng điểm lên cấp. Tinh thần cấp 6: Tốc độ và độ chính xác của nhóm dẫn đầu phổ điểm.","Hoàn thành đủ 3 chặng trong một lượt, không rời phiếu giữa chừng."
NV-1682,PL-SU-VIE-L6-009,Thử thách: Lịch sử Việt Nam — cấp 6,Khoa học,Lịch sử Việt Nam,3,6,Thử thách,308,"Hoàn thành 8 câu chuyên đề ""Lịch sử Việt Nam"" trong khoảng 8 phút, lần lượt qua 3 chặng: khởi động → rèn luyện → bứt tốc. Đúng từ 6 câu là hoàn thành; đúng từ 7 câu được tính là thành thạo và cộng điểm lên cấp. Tinh thần cấp 6: Tốc độ và độ chính xác của nhóm dẫn đầu phổ điểm.",Đạt từ 85% mới được tính là vượt thử thách.
NV-1683,PL-SU-VIE-L6-010,Vượt ải: Lịch sử Việt Nam — cấp 6,Khoa học,Lịch sử Việt Nam,3,6,Vượt ải,396,"Hoàn thành 8 câu chuyên đề ""Lịch sử Việt Nam"" trong khoảng 8 phút, lần lượt qua 3 chặng: khởi động → rèn luyện → bứt tốc. Đúng từ 6 câu là hoàn thành; đúng từ 8 câu được tính là thành thạo và cộng điểm lên cấp. Tinh thần cấp 6: Tốc độ và độ chính xác của nhóm dẫn đầu phổ điểm.",Phải đạt từ 90% để mở khóa cấp độ tiếp theo của tuyến này.
NV-1684,PL-SU-WOR-L1-001,Khởi động: Lịch sử thế giới — cấp 1,Khoa học,Lịch sử thế giới,1,1,Khởi động,28,"Hoàn thành 8 câu chuyên đề ""Lịch sử thế giới"" trong khoảng 10 phút, lần lượt qua 3 chặng: khởi động → rèn luyện → bứt tốc. Đúng từ 6 câu là hoàn thành; đúng từ 7 câu được tính là thành thạo và cộng điểm lên cấp. Tinh thần cấp 1: Nhận diện dạng bài và nhớ lại công thức nền.","Không giới hạn thời gian. Mục tiêu là làm đúng, chưa cần nhanh."
NV-1685,PL-SU-WOR-L1-002,Rèn kỹ năng: Lịch sử thế giới — cấp 1,Khoa học,Lịch sử thế giới,1,1,Rèn kỹ năng,40,"Hoàn thành 8 câu chuyên đề ""Lịch sử thế giới"" trong khoảng 8 phút, lần lượt qua 3 chặng: khởi động → rèn luyện → bứt tốc. Đúng từ 6 câu là hoàn thành; đúng từ 7 câu được tính là thành thạo và cộng điểm lên cấp. Tinh thần cấp 1: Nhận diện dạng bài và nhớ lại công thức nền.","Hoàn thành đủ 3 chặng trong một lượt, không rời phiếu giữa chừng."
NV-1686,PL-SU-WOR-L1-003,Tốc độ: Lịch sử thế giới — cấp 1,Khoa học,Lịch sử thế giới,1,1,Tốc độ,44,"Hoàn thành 8 câu chuyên đề ""Lịch sử thế giới"" trong khoảng 6 phút, lần lượt qua 3 chặng: khởi động → rèn luyện → bứt tốc. Đúng từ 6 câu là hoàn thành; đúng từ 7 câu được tính là thành thạo và cộng điểm lên cấp. Tinh thần cấp 1: Nhận diện dạng bài và nhớ lại công thức nền.",Thời gian bị siết còn 75% mức chuẩn. Quá giờ vẫn chấm nhưng không tính thành thạo.
NV-1687,PL-SU-WOR-L1-004,Chính xác: Lịch sử thế giới — cấp 1,Khoa học,Lịch sử thế giới,1,1,Chính xác,44,"Hoàn thành 8 câu chuyên đề ""Lịch sử thế giới"" trong khoảng 9 phút, lần lượt qua 3 chặng: khởi động → rèn luyện → bứt tốc. Đúng từ 6 câu là hoàn thành; đúng từ 7 câu được tính là thành thạo và cộng điểm lên cấp. Tinh thần cấp 1: Nhận diện dạng bài và nhớ lại công thức nền.",Sai quá 2 câu là phải làm lại phiếu trước khi đi tiếp.
NV-1688,PL-SU-WOR-L1-005,Tổng hợp: Lịch sử thế giới — cấp 1,Khoa học,Lịch sử thế giới,1,1,Tổng hợp,46,"Hoàn thành 8 câu chuyên đề ""Lịch sử thế giới"" trong khoảng 8 phút, lần lượt qua 3 chặng: khởi động → rèn luyện → bứt tốc. Đúng từ 6 câu là hoàn thành; đúng từ 7 câu được tính là thành thạo và cộng điểm lên cấp. Tinh thần cấp 1: Nhận diện dạng bài và nhớ lại công thức nền.",Không được biết trước dạng bài của từng câu.
NV-1689,PL-SU-WOR-L1-006,Thử thách: Lịch sử thế giới — cấp 1,Khoa học,Lịch sử thế giới,1,1,Thử thách,56,"Hoàn thành 8 câu chuyên đề ""Lịch sử thế giới"" trong khoảng 8 phút, lần lượt qua 3 chặng: khởi động → rèn luyện → bứt tốc. Đúng từ 6 câu là hoàn thành; đúng từ 7 câu được tính là thành thạo và cộng điểm lên cấp. Tinh thần cấp 1: Nhận diện dạng bài và nhớ lại công thức nền.",Đạt từ 85% mới được tính là vượt thử thách.
NV-1690,PL-SU-WOR-L1-007,Vượt ải: Lịch sử thế giới — cấp 1,Khoa học,Lịch sử thế giới,1,1,Vượt ải,72,"Hoàn thành 8 câu chuyên đề ""Lịch sử thế giới"" trong khoảng 8 phút, lần lượt qua 3 chặng: khởi động → rèn luyện → bứt tốc. Đúng từ 6 câu là hoàn thành; đúng từ 8 câu được tính là thành thạo và cộng điểm lên cấp. Tinh thần cấp 1: Nhận diện dạng bài và nhớ lại công thức nền.",Phải đạt từ 90% để mở khóa cấp độ tiếp theo của tuyến này.
NV-1691,PL-SU-WOR-L2-001,Khởi động: Lịch sử thế giới — cấp 2,Khoa học,Lịch sử thế giới,1,2,Khởi động,42,"Hoàn thành 8 câu chuyên đề ""Lịch sử thế giới"" trong khoảng 12 phút, lần lượt qua 3 chặng: khởi động → rèn luyện → bứt tốc. Đúng từ 6 câu là hoàn thành; đúng từ 7 câu được tính là thành thạo và cộng điểm lên cấp. Tinh thần cấp 2: Làm đúng dạng chuẩn mà không cần nhìn gợi ý.","Không giới hạn thời gian. Mục tiêu là làm đúng, chưa cần nhanh."
NV-1692,PL-SU-WOR-L2-002,Rèn kỹ năng: Lịch sử thế giới — cấp 2,Khoa học,Lịch sử thế giới,1,2,Rèn kỹ năng,60,"Hoàn thành 8 câu chuyên đề ""Lịch sử thế giới"" trong khoảng 9 phút, lần lượt qua 3 chặng: khởi động → rèn luyện → bứt tốc. Đúng từ 6 câu là hoàn thành; đúng từ 7 câu được tính là thành thạo và cộng điểm lên cấp. Tinh thần cấp 2: Làm đúng dạng chuẩn mà không cần nhìn gợi ý.","Hoàn thành đủ 3 chặng trong một lượt, không rời phiếu giữa chừng."
NV-1693,PL-SU-WOR-L2-003,Tốc độ: Lịch sử thế giới — cấp 2,Khoa học,Lịch sử thế giới,1,2,Tốc độ,66,"Hoàn thành 8 câu chuyên đề ""Lịch sử thế giới"" trong khoảng 7 phút, lần lượt qua 3 chặng: khởi động → rèn luyện → bứt tốc. Đúng từ 6 câu là hoàn thành; đúng từ 7 câu được tính là thành thạo và cộng điểm lên cấp. Tinh thần cấp 2: Làm đúng dạng chuẩn mà không cần nhìn gợi ý.",Thời gian bị siết còn 75% mức chuẩn. Quá giờ vẫn chấm nhưng không tính thành thạo.
NV-1694,PL-SU-WOR-L2-004,Chính xác: Lịch sử thế giới — cấp 2,Khoa học,Lịch sử thế giới,1,2,Chính xác,66,"Hoàn thành 8 câu chuyên đề ""Lịch sử thế giới"" trong khoảng 11 phút, lần lượt qua 3 chặng: khởi động → rèn luyện → bứt tốc. Đúng từ 6 câu là hoàn thành; đúng từ 7 câu được tính là thành thạo và cộng điểm lên cấp. Tinh thần cấp 2: Làm đúng dạng chuẩn mà không cần nhìn gợi ý.",Sai quá 2 câu là phải làm lại phiếu trước khi đi tiếp.
NV-1695,PL-SU-WOR-L2-005,Tổng hợp: Lịch sử thế giới — cấp 2,Khoa học,Lịch sử thế giới,1,2,Tổng hợp,69,"Hoàn thành 8 câu chuyên đề ""Lịch sử thế giới"" trong khoảng 9 phút, lần lượt qua 3 chặng: khởi động → rèn luyện → bứt tốc. Đúng từ 6 câu là hoàn thành; đúng từ 7 câu được tính là thành thạo và cộng điểm lên cấp. Tinh thần cấp 2: Làm đúng dạng chuẩn mà không cần nhìn gợi ý.",Không được biết trước dạng bài của từng câu.
NV-1696,PL-SU-WOR-L2-006,Ôn lại: Lịch sử thế giới — cấp 2,Khoa học,Lịch sử thế giới,1,2,Ôn lại,54,"Hoàn thành 8 câu chuyên đề ""Lịch sử thế giới"" trong khoảng 10 phút, lần lượt qua 3 chặng: khởi động → rèn luyện → bứt tốc. Đúng từ 6 câu là hoàn thành; đúng từ 7 câu được tính là thành thạo và cộng điểm lên cấp. Tinh thần cấp 2: Làm đúng dạng chuẩn mà không cần nhìn gợi ý.",Nên làm sau buổi học chính ít nhất một ngày.
NV-1697,PL-SU-WOR-L2-007,Khởi động: Lịch sử thế giới — cấp 2,Khoa học,Lịch sử thế giới,1,2,Khởi động,42,"Hoàn thành 8 câu chuyên đề ""Lịch sử thế giới"" trong khoảng 12 phút, lần lượt qua 3 chặng: khởi động → rèn luyện → bứt tốc. Đúng từ 6 câu là hoàn thành; đúng từ 7 câu được tính là thành thạo và cộng điểm lên cấp. Tinh thần cấp 2: Làm đúng dạng chuẩn mà không cần nhìn gợi ý.","Không giới hạn thời gian. Mục tiêu là làm đúng, chưa cần nhanh."
NV-1698,PL-SU-WOR-L2-008,Thử thách: Lịch sử thế giới — cấp 2,Khoa học,Lịch sử thế giới,1,2,Thử thách,84,"Hoàn thành 8 câu chuyên đề ""Lịch sử thế giới"" trong khoảng 9 phút, lần lượt qua 3 chặng: khởi động → rèn luyện → bứt tốc. Đúng từ 6 câu là hoàn thành; đúng từ 7 câu được tính là thành thạo và cộng điểm lên cấp. Tinh thần cấp 2: Làm đúng dạng chuẩn mà không cần nhìn gợi ý.",Đạt từ 85% mới được tính là vượt thử thách.
NV-1699,PL-SU-WOR-L2-009,Vượt ải: Lịch sử thế giới — cấp 2,Khoa học,Lịch sử thế giới,1,2,Vượt ải,108,"Hoàn thành 8 câu chuyên đề ""Lịch sử thế giới"" trong khoảng 9 phút, lần lượt qua 3 chặng: khởi động → rèn luyện → bứt tốc. Đúng từ 6 câu là hoàn thành; đúng từ 8 câu được tính là thành thạo và cộng điểm lên cấp. Tinh thần cấp 2: Làm đúng dạng chuẩn mà không cần nhìn gợi ý.",Phải đạt từ 90% để mở khóa cấp độ tiếp theo của tuyến này.
NV-1700,PL-SU-WOR-L3-001,Khởi động: Lịch sử thế giới — cấp 3,Khoa học,Lịch sử thế giới,2,3,Khởi động,63,"Hoàn thành 8 câu chuyên đề ""Lịch sử thế giới"" trong khoảng 13 phút, lần lượt qua 3 chặng: khởi động → rèn luyện → bứt tốc. Đúng từ 6 câu là hoàn thành; đúng từ 7 câu được tính là thành thạo và cộng điểm lên cấp. Tinh thần cấp 3: Ghép nhiều bước và tránh các bẫy quen thuộc.","Không giới hạn thời gian. Mục tiêu là làm đúng, chưa cần nhanh."
NV-1701,PL-SU-WOR-L3-002,Rèn kỹ năng: Lịch sử thế giới — cấp 3,Khoa học,Lịch sử thế giới,2,3,Rèn kỹ năng,90,"Hoàn thành 8 câu chuyên đề ""Lịch sử thế giới"" trong khoảng 10 phút, lần lượt qua 3 chặng: khởi động → rèn luyện → bứt tốc. Đúng từ 6 câu là hoàn thành; đúng từ 7 câu được tính là thành thạo và cộng điểm lên cấp. Tinh thần cấp 3: Ghép nhiều bước và tránh các bẫy quen thuộc.","Hoàn thành đủ 3 chặng trong một lượt, không rời phiếu giữa chừng."
NV-1702,PL-SU-WOR-L3-003,Tốc độ: Lịch sử thế giới — cấp 3,Khoa học,Lịch sử thế giới,2,3,Tốc độ,99,"Hoàn thành 8 câu chuyên đề ""Lịch sử thế giới"" trong khoảng 8 phút, lần lượt qua 3 chặng: khởi động → rèn luyện → bứt tốc. Đúng từ 6 câu là hoàn thành; đúng từ 7 câu được tính là thành thạo và cộng điểm lên cấp. Tinh thần cấp 3: Ghép nhiều bước và tránh các bẫy quen thuộc.",Thời gian bị siết còn 75% mức chuẩn. Quá giờ vẫn chấm nhưng không tính thành thạo.
NV-1703,PL-SU-WOR-L3-004,Chính xác: Lịch sử thế giới — cấp 3,Khoa học,Lịch sử thế giới,2,3,Chính xác,99,"Hoàn thành 8 câu chuyên đề ""Lịch sử thế giới"" trong khoảng 12 phút, lần lượt qua 3 chặng: khởi động → rèn luyện → bứt tốc. Đúng từ 6 câu là hoàn thành; đúng từ 7 câu được tính là thành thạo và cộng điểm lên cấp. Tinh thần cấp 3: Ghép nhiều bước và tránh các bẫy quen thuộc.",Sai quá 2 câu là phải làm lại phiếu trước khi đi tiếp.
NV-1704,PL-SU-WOR-L3-005,Tổng hợp: Lịch sử thế giới — cấp 3,Khoa học,Lịch sử thế giới,2,3,Tổng hợp,103,"Hoàn thành 8 câu chuyên đề ""Lịch sử thế giới"" trong khoảng 10 phút, lần lượt qua 3 chặng: khởi động → rèn luyện → bứt tốc. Đúng từ 6 câu là hoàn thành; đúng từ 7 câu được tính là thành thạo và cộng điểm lên cấp. Tinh thần cấp 3: Ghép nhiều bước và tránh các bẫy quen thuộc.",Không được biết trước dạng bài của từng câu.
NV-1705,PL-SU-WOR-L3-006,Ôn lại: Lịch sử thế giới — cấp 3,Khoa học,Lịch sử thế giới,2,3,Ôn lại,81,"Hoàn thành 8 câu chuyên đề ""Lịch sử thế giới"" trong khoảng 11 phút, lần lượt qua 3 chặng: khởi động → rèn luyện → bứt tốc. Đúng từ 6 câu là hoàn thành; đúng từ 7 câu được tính là thành thạo và cộng điểm lên cấp. Tinh thần cấp 3: Ghép nhiều bước và tránh các bẫy quen thuộc.",Nên làm sau buổi học chính ít nhất một ngày.
NV-1706,PL-SU-WOR-L3-007,Khởi động: Lịch sử thế giới — cấp 3,Khoa học,Lịch sử thế giới,2,3,Khởi động,63,"Hoàn thành 8 câu chuyên đề ""Lịch sử thế giới"" trong khoảng 13 phút, lần lượt qua 3 chặng: khởi động → rèn luyện → bứt tốc. Đúng từ 6 câu là hoàn thành; đúng từ 7 câu được tính là thành thạo và cộng điểm lên cấp. Tinh thần cấp 3: Ghép nhiều bước và tránh các bẫy quen thuộc.","Không giới hạn thời gian. Mục tiêu là làm đúng, chưa cần nhanh."
NV-1707,PL-SU-WOR-L3-008,Rèn kỹ năng: Lịch sử thế giới — cấp 3,Khoa học,Lịch sử thế giới,2,3,Rèn kỹ năng,90,"Hoàn thành 8 câu chuyên đề ""Lịch sử thế giới"" trong khoảng 10 phút, lần lượt qua 3 chặng: khởi động → rèn luyện → bứt tốc. Đúng từ 6 câu là hoàn thành; đúng từ 7 câu được tính là thành thạo và cộng điểm lên cấp. Tinh thần cấp 3: Ghép nhiều bước và tránh các bẫy quen thuộc.","Hoàn thành đủ 3 chặng trong một lượt, không rời phiếu giữa chừng."
NV-1708,PL-SU-WOR-L3-009,Thử thách: Lịch sử thế giới — cấp 3,Khoa học,Lịch sử thế giới,2,3,Thử thách,126,"Hoàn thành 8 câu chuyên đề ""Lịch sử thế giới"" trong khoảng 10 phút, lần lượt qua 3 chặng: khởi động → rèn luyện → bứt tốc. Đúng từ 6 câu là hoàn thành; đúng từ 7 câu được tính là thành thạo và cộng điểm lên cấp. Tinh thần cấp 3: Ghép nhiều bước và tránh các bẫy quen thuộc.",Đạt từ 85% mới được tính là vượt thử thách.
NV-1709,PL-SU-WOR-L3-010,Vượt ải: Lịch sử thế giới — cấp 3,Khoa học,Lịch sử thế giới,2,3,Vượt ải,162,"Hoàn thành 8 câu chuyên đề ""Lịch sử thế giới"" trong khoảng 10 phút, lần lượt qua 3 chặng: khởi động → rèn luyện → bứt tốc. Đúng từ 6 câu là hoàn thành; đúng từ 8 câu được tính là thành thạo và cộng điểm lên cấp. Tinh thần cấp 3: Ghép nhiều bước và tránh các bẫy quen thuộc.",Phải đạt từ 90% để mở khóa cấp độ tiếp theo của tuyến này.
NV-1710,PL-SU-WOR-L4-001,Khởi động: Lịch sử thế giới — cấp 4,Khoa học,Lịch sử thế giới,2,4,Khởi động,84,"Hoàn thành 8 câu chuyên đề ""Lịch sử thế giới"" trong khoảng 11 phút, lần lượt qua 3 chặng: khởi động → rèn luyện → bứt tốc. Đúng từ 6 câu là hoàn thành; đúng từ 7 câu được tính là thành thạo và cộng điểm lên cấp. Tinh thần cấp 4: Giữ độ chính xác khi thời gian bắt đầu siết lại.","Không giới hạn thời gian. Mục tiêu là làm đúng, chưa cần nhanh."
NV-1711,PL-SU-WOR-L4-002,Rèn kỹ năng: Lịch sử thế giới — cấp 4,Khoa học,Lịch sử thế giới,2,4,Rèn kỹ năng,120,"Hoàn thành 8 câu chuyên đề ""Lịch sử thế giới"" trong khoảng 9 phút, lần lượt qua 3 chặng: khởi động → rèn luyện → bứt tốc. Đúng từ 6 câu là hoàn thành; đúng từ 7 câu được tính là thành thạo và cộng điểm lên cấp. Tinh thần cấp 4: Giữ độ chính xác khi thời gian bắt đầu siết lại.","Hoàn thành đủ 3 chặng trong một lượt, không rời phiếu giữa chừng."
NV-1712,PL-SU-WOR-L4-003,Tốc độ: Lịch sử thế giới — cấp 4,Khoa học,Lịch sử thế giới,2,4,Tốc độ,132,"Hoàn thành 8 câu chuyên đề ""Lịch sử thế giới"" trong khoảng 7 phút, lần lượt qua 3 chặng: khởi động → rèn luyện → bứt tốc. Đúng từ 6 câu là hoàn thành; đúng từ 7 câu được tính là thành thạo và cộng điểm lên cấp. Tinh thần cấp 4: Giữ độ chính xác khi thời gian bắt đầu siết lại.",Thời gian bị siết còn 75% mức chuẩn. Quá giờ vẫn chấm nhưng không tính thành thạo.
NV-1713,PL-SU-WOR-L4-004,Chính xác: Lịch sử thế giới — cấp 4,Khoa học,Lịch sử thế giới,2,4,Chính xác,132,"Hoàn thành 8 câu chuyên đề ""Lịch sử thế giới"" trong khoảng 10 phút, lần lượt qua 3 chặng: khởi động → rèn luyện → bứt tốc. Đúng từ 6 câu là hoàn thành; đúng từ 7 câu được tính là thành thạo và cộng điểm lên cấp. Tinh thần cấp 4: Giữ độ chính xác khi thời gian bắt đầu siết lại.",Sai quá 2 câu là phải làm lại phiếu trước khi đi tiếp.
NV-1714,PL-SU-WOR-L4-005,Tổng hợp: Lịch sử thế giới — cấp 4,Khoa học,Lịch sử thế giới,2,4,Tổng hợp,138,"Hoàn thành 8 câu chuyên đề ""Lịch sử thế giới"" trong khoảng 9 phút, lần lượt qua 3 chặng: khởi động → rèn luyện → bứt tốc. Đúng từ 6 câu là hoàn thành; đúng từ 7 câu được tính là thành thạo và cộng điểm lên cấp. Tinh thần cấp 4: Giữ độ chính xác khi thời gian bắt đầu siết lại.",Không được biết trước dạng bài của từng câu.
NV-1715,PL-SU-WOR-L4-006,Ôn lại: Lịch sử thế giới — cấp 4,Khoa học,Lịch sử thế giới,2,4,Ôn lại,108,"Hoàn thành 8 câu chuyên đề ""Lịch sử thế giới"" trong khoảng 10 phút, lần lượt qua 3 chặng: khởi động → rèn luyện → bứt tốc. Đúng từ 6 câu là hoàn thành; đúng từ 7 câu được tính là thành thạo và cộng điểm lên cấp. Tinh thần cấp 4: Giữ độ chính xác khi thời gian bắt đầu siết lại.",Nên làm sau buổi học chính ít nhất một ngày.
NV-1716,PL-SU-WOR-L4-007,Khởi động: Lịch sử thế giới — cấp 4,Khoa học,Lịch sử thế giới,2,4,Khởi động,84,"Hoàn thành 8 câu chuyên đề ""Lịch sử thế giới"" trong khoảng 11 phút, lần lượt qua 3 chặng: khởi động → rèn luyện → bứt tốc. Đúng từ 6 câu là hoàn thành; đúng từ 7 câu được tính là thành thạo và cộng điểm lên cấp. Tinh thần cấp 4: Giữ độ chính xác khi thời gian bắt đầu siết lại.","Không giới hạn thời gian. Mục tiêu là làm đúng, chưa cần nhanh."
NV-1717,PL-SU-WOR-L4-008,Rèn kỹ năng: Lịch sử thế giới — cấp 4,Khoa học,Lịch sử thế giới,2,4,Rèn kỹ năng,120,"Hoàn thành 8 câu chuyên đề ""Lịch sử thế giới"" trong khoảng 9 phút, lần lượt qua 3 chặng: khởi động → rèn luyện → bứt tốc. Đúng từ 6 câu là hoàn thành; đúng từ 7 câu được tính là thành thạo và cộng điểm lên cấp. Tinh thần cấp 4: Giữ độ chính xác khi thời gian bắt đầu siết lại.","Hoàn thành đủ 3 chặng trong một lượt, không rời phiếu giữa chừng."
NV-1718,PL-SU-WOR-L4-009,Thử thách: Lịch sử thế giới — cấp 4,Khoa học,Lịch sử thế giới,2,4,Thử thách,168,"Hoàn thành 8 câu chuyên đề ""Lịch sử thế giới"" trong khoảng 9 phút, lần lượt qua 3 chặng: khởi động → rèn luyện → bứt tốc. Đúng từ 6 câu là hoàn thành; đúng từ 7 câu được tính là thành thạo và cộng điểm lên cấp. Tinh thần cấp 4: Giữ độ chính xác khi thời gian bắt đầu siết lại.",Đạt từ 85% mới được tính là vượt thử thách.
NV-1719,PL-SU-WOR-L4-010,Vượt ải: Lịch sử thế giới — cấp 4,Khoa học,Lịch sử thế giới,2,4,Vượt ải,216,"Hoàn thành 8 câu chuyên đề ""Lịch sử thế giới"" trong khoảng 8 phút, lần lượt qua 3 chặng: khởi động → rèn luyện → bứt tốc. Đúng từ 6 câu là hoàn thành; đúng từ 8 câu được tính là thành thạo và cộng điểm lên cấp. Tinh thần cấp 4: Giữ độ chính xác khi thời gian bắt đầu siết lại.",Phải đạt từ 90% để mở khóa cấp độ tiếp theo của tuyến này.
NV-1720,PL-SU-WOR-L5-001,Khởi động: Lịch sử thế giới — cấp 5,Khoa học,Lịch sử thế giới,3,5,Khởi động,112,"Hoàn thành 8 câu chuyên đề ""Lịch sử thế giới"" trong khoảng 12 phút, lần lượt qua 3 chặng: khởi động → rèn luyện → bứt tốc. Đúng từ 6 câu là hoàn thành; đúng từ 7 câu được tính là thành thạo và cộng điểm lên cấp. Tinh thần cấp 5: Xử lý câu phân loại mà không mất nhịp.","Không giới hạn thời gian. Mục tiêu là làm đúng, chưa cần nhanh."
NV-1721,PL-SU-WOR-L5-002,Rèn kỹ năng: Lịch sử thế giới — cấp 5,Khoa học,Lịch sử thế giới,3,5,Rèn kỹ năng,160,"Hoàn thành 8 câu chuyên đề ""Lịch sử thế giới"" trong khoảng 9 phút, lần lượt qua 3 chặng: khởi động → rèn luyện → bứt tốc. Đúng từ 6 câu là hoàn thành; đúng từ 7 câu được tính là thành thạo và cộng điểm lên cấp. Tinh thần cấp 5: Xử lý câu phân loại mà không mất nhịp.","Hoàn thành đủ 3 chặng trong một lượt, không rời phiếu giữa chừng."
NV-1722,PL-SU-WOR-L5-003,Tốc độ: Lịch sử thế giới — cấp 5,Khoa học,Lịch sử thế giới,3,5,Tốc độ,176,"Hoàn thành 8 câu chuyên đề ""Lịch sử thế giới"" trong khoảng 7 phút, lần lượt qua 3 chặng: khởi động → rèn luyện → bứt tốc. Đúng từ 6 câu là hoàn thành; đúng từ 7 câu được tính là thành thạo và cộng điểm lên cấp. Tinh thần cấp 5: Xử lý câu phân loại mà không mất nhịp.",Thời gian bị siết còn 75% mức chuẩn. Quá giờ vẫn chấm nhưng không tính thành thạo.
NV-1723,PL-SU-WOR-L5-004,Chính xác: Lịch sử thế giới — cấp 5,Khoa học,Lịch sử thế giới,3,5,Chính xác,176,"Hoàn thành 8 câu chuyên đề ""Lịch sử thế giới"" trong khoảng 11 phút, lần lượt qua 3 chặng: khởi động → rèn luyện → bứt tốc. Đúng từ 6 câu là hoàn thành; đúng từ 7 câu được tính là thành thạo và cộng điểm lên cấp. Tinh thần cấp 5: Xử lý câu phân loại mà không mất nhịp.",Sai quá 2 câu là phải làm lại phiếu trước khi đi tiếp.
NV-1724,PL-SU-WOR-L5-005,Tổng hợp: Lịch sử thế giới — cấp 5,Khoa học,Lịch sử thế giới,3,5,Tổng hợp,184,"Hoàn thành 8 câu chuyên đề ""Lịch sử thế giới"" trong khoảng 9 phút, lần lượt qua 3 chặng: khởi động → rèn luyện → bứt tốc. Đúng từ 6 câu là hoàn thành; đúng từ 7 câu được tính là thành thạo và cộng điểm lên cấp. Tinh thần cấp 5: Xử lý câu phân loại mà không mất nhịp.",Không được biết trước dạng bài của từng câu.
NV-1725,PL-SU-WOR-L5-006,Ôn lại: Lịch sử thế giới — cấp 5,Khoa học,Lịch sử thế giới,3,5,Ôn lại,144,"Hoàn thành 8 câu chuyên đề ""Lịch sử thế giới"" trong khoảng 10 phút, lần lượt qua 3 chặng: khởi động → rèn luyện → bứt tốc. Đúng từ 6 câu là hoàn thành; đúng từ 7 câu được tính là thành thạo và cộng điểm lên cấp. Tinh thần cấp 5: Xử lý câu phân loại mà không mất nhịp.",Nên làm sau buổi học chính ít nhất một ngày.
NV-1726,PL-SU-WOR-L5-007,Thử thách: Lịch sử thế giới — cấp 5,Khoa học,Lịch sử thế giới,3,5,Thử thách,224,"Hoàn thành 8 câu chuyên đề ""Lịch sử thế giới"" trong khoảng 9 phút, lần lượt qua 3 chặng: khởi động → rèn luyện → bứt tốc. Đúng từ 6 câu là hoàn thành; đúng từ 7 câu được tính là thành thạo và cộng điểm lên cấp. Tinh thần cấp 5: Xử lý câu phân loại mà không mất nhịp.",Đạt từ 85% mới được tính là vượt thử thách.
NV-1727,PL-SU-WOR-L5-008,Vượt ải: Lịch sử thế giới — cấp 5,Khoa học,Lịch sử thế giới,3,5,Vượt ải,288,"Hoàn thành 8 câu chuyên đề ""Lịch sử thế giới"" trong khoảng 9 phút, lần lượt qua 3 chặng: khởi động → rèn luyện → bứt tốc. Đúng từ 6 câu là hoàn thành; đúng từ 8 câu được tính là thành thạo và cộng điểm lên cấp. Tinh thần cấp 5: Xử lý câu phân loại mà không mất nhịp.",Phải đạt từ 90% để mở khóa cấp độ tiếp theo của tuyến này.
NV-1728,PL-SU-WOR-L6-001,Khởi động: Lịch sử thế giới — cấp 6,Khoa học,Lịch sử thế giới,3,6,Khởi động,154,"Hoàn thành 8 câu chuyên đề ""Lịch sử thế giới"" trong khoảng 10 phút, lần lượt qua 3 chặng: khởi động → rèn luyện → bứt tốc. Đúng từ 6 câu là hoàn thành; đúng từ 7 câu được tính là thành thạo và cộng điểm lên cấp. Tinh thần cấp 6: Tốc độ và độ chính xác của nhóm dẫn đầu phổ điểm.","Không giới hạn thời gian. Mục tiêu là làm đúng, chưa cần nhanh."
NV-1729,PL-SU-WOR-L6-002,Rèn kỹ năng: Lịch sử thế giới — cấp 6,Khoa học,Lịch sử thế giới,3,6,Rèn kỹ năng,220,"Hoàn thành 8 câu chuyên đề ""Lịch sử thế giới"" trong khoảng 8 phút, lần lượt qua 3 chặng: khởi động → rèn luyện → bứt tốc. Đúng từ 6 câu là hoàn thành; đúng từ 7 câu được tính là thành thạo và cộng điểm lên cấp. Tinh thần cấp 6: Tốc độ và độ chính xác của nhóm dẫn đầu phổ điểm.","Hoàn thành đủ 3 chặng trong một lượt, không rời phiếu giữa chừng."
NV-1730,PL-SU-WOR-L6-003,Tốc độ: Lịch sử thế giới — cấp 6,Khoa học,Lịch sử thế giới,3,6,Tốc độ,242,"Hoàn thành 8 câu chuyên đề ""Lịch sử thế giới"" trong khoảng 6 phút, lần lượt qua 3 chặng: khởi động → rèn luyện → bứt tốc. Đúng từ 6 câu là hoàn thành; đúng từ 7 câu được tính là thành thạo và cộng điểm lên cấp. Tinh thần cấp 6: Tốc độ và độ chính xác của nhóm dẫn đầu phổ điểm.",Thời gian bị siết còn 75% mức chuẩn. Quá giờ vẫn chấm nhưng không tính thành thạo.
NV-1731,PL-SU-WOR-L6-004,Chính xác: Lịch sử thế giới — cấp 6,Khoa học,Lịch sử thế giới,3,6,Chính xác,242,"Hoàn thành 8 câu chuyên đề ""Lịch sử thế giới"" trong khoảng 9 phút, lần lượt qua 3 chặng: khởi động → rèn luyện → bứt tốc. Đúng từ 6 câu là hoàn thành; đúng từ 7 câu được tính là thành thạo và cộng điểm lên cấp. Tinh thần cấp 6: Tốc độ và độ chính xác của nhóm dẫn đầu phổ điểm.",Sai quá 2 câu là phải làm lại phiếu trước khi đi tiếp.
NV-1732,PL-SU-WOR-L6-005,Thử thách: Lịch sử thế giới — cấp 6,Khoa học,Lịch sử thế giới,3,6,Thử thách,308,"Hoàn thành 8 câu chuyên đề ""Lịch sử thế giới"" trong khoảng 8 phút, lần lượt qua 3 chặng: khởi động → rèn luyện → bứt tốc. Đúng từ 6 câu là hoàn thành; đúng từ 7 câu được tính là thành thạo và cộng điểm lên cấp. Tinh thần cấp 6: Tốc độ và độ chính xác của nhóm dẫn đầu phổ điểm.",Đạt từ 85% mới được tính là vượt thử thách.
NV-1733,PL-SU-WOR-L6-006,Vượt ải: Lịch sử thế giới — cấp 6,Khoa học,Lịch sử thế giới,3,6,Vượt ải,396,"Hoàn thành 8 câu chuyên đề ""Lịch sử thế giới"" trong khoảng 8 phút, lần lượt qua 3 chặng: khởi động → rèn luyện → bứt tốc. Đúng từ 6 câu là hoàn thành; đúng từ 8 câu được tính là thành thạo và cộng điểm lên cấp. Tinh thần cấp 6: Tốc độ và độ chính xác của nhóm dẫn đầu phổ điểm.",Phải đạt từ 90% để mở khóa cấp độ tiếp theo của tuyến này.
NV-1734,PL-DIA-NAT-L1-001,Khởi động: Địa lý tự nhiên — cấp 1,Khoa học,Địa lý tự nhiên,1,1,Khởi động,28,"Hoàn thành 8 câu chuyên đề ""Địa lý tự nhiên"" trong khoảng 10 phút, lần lượt qua 3 chặng: khởi động → rèn luyện → bứt tốc. Đúng từ 6 câu là hoàn thành; đúng từ 7 câu được tính là thành thạo và cộng điểm lên cấp. Tinh thần cấp 1: Nhận diện dạng bài và nhớ lại công thức nền.","Không giới hạn thời gian. Mục tiêu là làm đúng, chưa cần nhanh."
NV-1735,PL-DIA-NAT-L1-002,Rèn kỹ năng: Địa lý tự nhiên — cấp 1,Khoa học,Địa lý tự nhiên,1,1,Rèn kỹ năng,40,"Hoàn thành 8 câu chuyên đề ""Địa lý tự nhiên"" trong khoảng 8 phút, lần lượt qua 3 chặng: khởi động → rèn luyện → bứt tốc. Đúng từ 6 câu là hoàn thành; đúng từ 7 câu được tính là thành thạo và cộng điểm lên cấp. Tinh thần cấp 1: Nhận diện dạng bài và nhớ lại công thức nền.","Hoàn thành đủ 3 chặng trong một lượt, không rời phiếu giữa chừng."
NV-1736,PL-DIA-NAT-L1-003,Tốc độ: Địa lý tự nhiên — cấp 1,Khoa học,Địa lý tự nhiên,1,1,Tốc độ,44,"Hoàn thành 8 câu chuyên đề ""Địa lý tự nhiên"" trong khoảng 6 phút, lần lượt qua 3 chặng: khởi động → rèn luyện → bứt tốc. Đúng từ 6 câu là hoàn thành; đúng từ 7 câu được tính là thành thạo và cộng điểm lên cấp. Tinh thần cấp 1: Nhận diện dạng bài và nhớ lại công thức nền.",Thời gian bị siết còn 75% mức chuẩn. Quá giờ vẫn chấm nhưng không tính thành thạo.
NV-1737,PL-DIA-NAT-L1-004,Chính xác: Địa lý tự nhiên — cấp 1,Khoa học,Địa lý tự nhiên,1,1,Chính xác,44,"Hoàn thành 8 câu chuyên đề ""Địa lý tự nhiên"" trong khoảng 9 phút, lần lượt qua 3 chặng: khởi động → rèn luyện → bứt tốc. Đúng từ 6 câu là hoàn thành; đúng từ 7 câu được tính là thành thạo và cộng điểm lên cấp. Tinh thần cấp 1: Nhận diện dạng bài và nhớ lại công thức nền.",Sai quá 2 câu là phải làm lại phiếu trước khi đi tiếp.
NV-1738,PL-DIA-NAT-L1-005,Thử thách: Địa lý tự nhiên — cấp 1,Khoa học,Địa lý tự nhiên,1,1,Thử thách,56,"Hoàn thành 8 câu chuyên đề ""Địa lý tự nhiên"" trong khoảng 8 phút, lần lượt qua 3 chặng: khởi động → rèn luyện → bứt tốc. Đúng từ 6 câu là hoàn thành; đúng từ 7 câu được tính là thành thạo và cộng điểm lên cấp. Tinh thần cấp 1: Nhận diện dạng bài và nhớ lại công thức nền.",Đạt từ 85% mới được tính là vượt thử thách.
NV-1739,PL-DIA-NAT-L1-006,Vượt ải: Địa lý tự nhiên — cấp 1,Khoa học,Địa lý tự nhiên,1,1,Vượt ải,72,"Hoàn thành 8 câu chuyên đề ""Địa lý tự nhiên"" trong khoảng 8 phút, lần lượt qua 3 chặng: khởi động → rèn luyện → bứt tốc. Đúng từ 6 câu là hoàn thành; đúng từ 8 câu được tính là thành thạo và cộng điểm lên cấp. Tinh thần cấp 1: Nhận diện dạng bài và nhớ lại công thức nền.",Phải đạt từ 90% để mở khóa cấp độ tiếp theo của tuyến này.
NV-1740,PL-DIA-NAT-L2-001,Khởi động: Địa lý tự nhiên — cấp 2,Khoa học,Địa lý tự nhiên,1,2,Khởi động,42,"Hoàn thành 8 câu chuyên đề ""Địa lý tự nhiên"" trong khoảng 12 phút, lần lượt qua 3 chặng: khởi động → rèn luyện → bứt tốc. Đúng từ 6 câu là hoàn thành; đúng từ 7 câu được tính là thành thạo và cộng điểm lên cấp. Tinh thần cấp 2: Làm đúng dạng chuẩn mà không cần nhìn gợi ý.","Không giới hạn thời gian. Mục tiêu là làm đúng, chưa cần nhanh."
NV-1741,PL-DIA-NAT-L2-002,Rèn kỹ năng: Địa lý tự nhiên — cấp 2,Khoa học,Địa lý tự nhiên,1,2,Rèn kỹ năng,60,"Hoàn thành 8 câu chuyên đề ""Địa lý tự nhiên"" trong khoảng 9 phút, lần lượt qua 3 chặng: khởi động → rèn luyện → bứt tốc. Đúng từ 6 câu là hoàn thành; đúng từ 7 câu được tính là thành thạo và cộng điểm lên cấp. Tinh thần cấp 2: Làm đúng dạng chuẩn mà không cần nhìn gợi ý.","Hoàn thành đủ 3 chặng trong một lượt, không rời phiếu giữa chừng."
NV-1742,PL-DIA-NAT-L2-003,Tốc độ: Địa lý tự nhiên — cấp 2,Khoa học,Địa lý tự nhiên,1,2,Tốc độ,66,"Hoàn thành 8 câu chuyên đề ""Địa lý tự nhiên"" trong khoảng 7 phút, lần lượt qua 3 chặng: khởi động → rèn luyện → bứt tốc. Đúng từ 6 câu là hoàn thành; đúng từ 7 câu được tính là thành thạo và cộng điểm lên cấp. Tinh thần cấp 2: Làm đúng dạng chuẩn mà không cần nhìn gợi ý.",Thời gian bị siết còn 75% mức chuẩn. Quá giờ vẫn chấm nhưng không tính thành thạo.
NV-1743,PL-DIA-NAT-L2-004,Chính xác: Địa lý tự nhiên — cấp 2,Khoa học,Địa lý tự nhiên,1,2,Chính xác,66,"Hoàn thành 8 câu chuyên đề ""Địa lý tự nhiên"" trong khoảng 11 phút, lần lượt qua 3 chặng: khởi động → rèn luyện → bứt tốc. Đúng từ 6 câu là hoàn thành; đúng từ 7 câu được tính là thành thạo và cộng điểm lên cấp. Tinh thần cấp 2: Làm đúng dạng chuẩn mà không cần nhìn gợi ý.",Sai quá 2 câu là phải làm lại phiếu trước khi đi tiếp.
NV-1744,PL-DIA-NAT-L2-005,Tổng hợp: Địa lý tự nhiên — cấp 2,Khoa học,Địa lý tự nhiên,1,2,Tổng hợp,69,"Hoàn thành 8 câu chuyên đề ""Địa lý tự nhiên"" trong khoảng 9 phút, lần lượt qua 3 chặng: khởi động → rèn luyện → bứt tốc. Đúng từ 6 câu là hoàn thành; đúng từ 7 câu được tính là thành thạo và cộng điểm lên cấp. Tinh thần cấp 2: Làm đúng dạng chuẩn mà không cần nhìn gợi ý.",Không được biết trước dạng bài của từng câu.
NV-1745,PL-DIA-NAT-L2-006,Ôn lại: Địa lý tự nhiên — cấp 2,Khoa học,Địa lý tự nhiên,1,2,Ôn lại,54,"Hoàn thành 8 câu chuyên đề ""Địa lý tự nhiên"" trong khoảng 10 phút, lần lượt qua 3 chặng: khởi động → rèn luyện → bứt tốc. Đúng từ 6 câu là hoàn thành; đúng từ 7 câu được tính là thành thạo và cộng điểm lên cấp. Tinh thần cấp 2: Làm đúng dạng chuẩn mà không cần nhìn gợi ý.",Nên làm sau buổi học chính ít nhất một ngày.
NV-1746,PL-DIA-NAT-L2-007,Thử thách: Địa lý tự nhiên — cấp 2,Khoa học,Địa lý tự nhiên,1,2,Thử thách,84,"Hoàn thành 8 câu chuyên đề ""Địa lý tự nhiên"" trong khoảng 9 phút, lần lượt qua 3 chặng: khởi động → rèn luyện → bứt tốc. Đúng từ 6 câu là hoàn thành; đúng từ 7 câu được tính là thành thạo và cộng điểm lên cấp. Tinh thần cấp 2: Làm đúng dạng chuẩn mà không cần nhìn gợi ý.",Đạt từ 85% mới được tính là vượt thử thách.
NV-1747,PL-DIA-NAT-L2-008,Vượt ải: Địa lý tự nhiên — cấp 2,Khoa học,Địa lý tự nhiên,1,2,Vượt ải,108,"Hoàn thành 8 câu chuyên đề ""Địa lý tự nhiên"" trong khoảng 9 phút, lần lượt qua 3 chặng: khởi động → rèn luyện → bứt tốc. Đúng từ 6 câu là hoàn thành; đúng từ 8 câu được tính là thành thạo và cộng điểm lên cấp. Tinh thần cấp 2: Làm đúng dạng chuẩn mà không cần nhìn gợi ý.",Phải đạt từ 90% để mở khóa cấp độ tiếp theo của tuyến này.
NV-1748,PL-DIA-NAT-L3-001,Khởi động: Địa lý tự nhiên — cấp 3,Khoa học,Địa lý tự nhiên,2,3,Khởi động,63,"Hoàn thành 8 câu chuyên đề ""Địa lý tự nhiên"" trong khoảng 13 phút, lần lượt qua 3 chặng: khởi động → rèn luyện → bứt tốc. Đúng từ 6 câu là hoàn thành; đúng từ 7 câu được tính là thành thạo và cộng điểm lên cấp. Tinh thần cấp 3: Ghép nhiều bước và tránh các bẫy quen thuộc.","Không giới hạn thời gian. Mục tiêu là làm đúng, chưa cần nhanh."
NV-1749,PL-DIA-NAT-L3-002,Rèn kỹ năng: Địa lý tự nhiên — cấp 3,Khoa học,Địa lý tự nhiên,2,3,Rèn kỹ năng,90,"Hoàn thành 8 câu chuyên đề ""Địa lý tự nhiên"" trong khoảng 10 phút, lần lượt qua 3 chặng: khởi động → rèn luyện → bứt tốc. Đúng từ 6 câu là hoàn thành; đúng từ 7 câu được tính là thành thạo và cộng điểm lên cấp. Tinh thần cấp 3: Ghép nhiều bước và tránh các bẫy quen thuộc.","Hoàn thành đủ 3 chặng trong một lượt, không rời phiếu giữa chừng."
NV-1750,PL-DIA-NAT-L3-003,Tốc độ: Địa lý tự nhiên — cấp 3,Khoa học,Địa lý tự nhiên,2,3,Tốc độ,99,"Hoàn thành 8 câu chuyên đề ""Địa lý tự nhiên"" trong khoảng 8 phút, lần lượt qua 3 chặng: khởi động → rèn luyện → bứt tốc. Đúng từ 6 câu là hoàn thành; đúng từ 7 câu được tính là thành thạo và cộng điểm lên cấp. Tinh thần cấp 3: Ghép nhiều bước và tránh các bẫy quen thuộc.",Thời gian bị siết còn 75% mức chuẩn. Quá giờ vẫn chấm nhưng không tính thành thạo.
NV-1751,PL-DIA-NAT-L3-004,Chính xác: Địa lý tự nhiên — cấp 3,Khoa học,Địa lý tự nhiên,2,3,Chính xác,99,"Hoàn thành 8 câu chuyên đề ""Địa lý tự nhiên"" trong khoảng 12 phút, lần lượt qua 3 chặng: khởi động → rèn luyện → bứt tốc. Đúng từ 6 câu là hoàn thành; đúng từ 7 câu được tính là thành thạo và cộng điểm lên cấp. Tinh thần cấp 3: Ghép nhiều bước và tránh các bẫy quen thuộc.",Sai quá 2 câu là phải làm lại phiếu trước khi đi tiếp.
NV-1752,PL-DIA-NAT-L3-005,Tổng hợp: Địa lý tự nhiên — cấp 3,Khoa học,Địa lý tự nhiên,2,3,Tổng hợp,103,"Hoàn thành 8 câu chuyên đề ""Địa lý tự nhiên"" trong khoảng 10 phút, lần lượt qua 3 chặng: khởi động → rèn luyện → bứt tốc. Đúng từ 6 câu là hoàn thành; đúng từ 7 câu được tính là thành thạo và cộng điểm lên cấp. Tinh thần cấp 3: Ghép nhiều bước và tránh các bẫy quen thuộc.",Không được biết trước dạng bài của từng câu.
NV-1753,PL-DIA-NAT-L3-006,Ôn lại: Địa lý tự nhiên — cấp 3,Khoa học,Địa lý tự nhiên,2,3,Ôn lại,81,"Hoàn thành 8 câu chuyên đề ""Địa lý tự nhiên"" trong khoảng 11 phút, lần lượt qua 3 chặng: khởi động → rèn luyện → bứt tốc. Đúng từ 6 câu là hoàn thành; đúng từ 7 câu được tính là thành thạo và cộng điểm lên cấp. Tinh thần cấp 3: Ghép nhiều bước và tránh các bẫy quen thuộc.",Nên làm sau buổi học chính ít nhất một ngày.
NV-1754,PL-DIA-NAT-L3-007,Khởi động: Địa lý tự nhiên — cấp 3,Khoa học,Địa lý tự nhiên,2,3,Khởi động,63,"Hoàn thành 8 câu chuyên đề ""Địa lý tự nhiên"" trong khoảng 13 phút, lần lượt qua 3 chặng: khởi động → rèn luyện → bứt tốc. Đúng từ 6 câu là hoàn thành; đúng từ 7 câu được tính là thành thạo và cộng điểm lên cấp. Tinh thần cấp 3: Ghép nhiều bước và tránh các bẫy quen thuộc.","Không giới hạn thời gian. Mục tiêu là làm đúng, chưa cần nhanh."
NV-1755,PL-DIA-NAT-L3-008,Thử thách: Địa lý tự nhiên — cấp 3,Khoa học,Địa lý tự nhiên,2,3,Thử thách,126,"Hoàn thành 8 câu chuyên đề ""Địa lý tự nhiên"" trong khoảng 10 phút, lần lượt qua 3 chặng: khởi động → rèn luyện → bứt tốc. Đúng từ 6 câu là hoàn thành; đúng từ 7 câu được tính là thành thạo và cộng điểm lên cấp. Tinh thần cấp 3: Ghép nhiều bước và tránh các bẫy quen thuộc.",Đạt từ 85% mới được tính là vượt thử thách.
NV-1756,PL-DIA-NAT-L3-009,Vượt ải: Địa lý tự nhiên — cấp 3,Khoa học,Địa lý tự nhiên,2,3,Vượt ải,162,"Hoàn thành 8 câu chuyên đề ""Địa lý tự nhiên"" trong khoảng 10 phút, lần lượt qua 3 chặng: khởi động → rèn luyện → bứt tốc. Đúng từ 6 câu là hoàn thành; đúng từ 8 câu được tính là thành thạo và cộng điểm lên cấp. Tinh thần cấp 3: Ghép nhiều bước và tránh các bẫy quen thuộc.",Phải đạt từ 90% để mở khóa cấp độ tiếp theo của tuyến này.
NV-1757,PL-DIA-NAT-L4-001,Khởi động: Địa lý tự nhiên — cấp 4,Khoa học,Địa lý tự nhiên,2,4,Khởi động,84,"Hoàn thành 8 câu chuyên đề ""Địa lý tự nhiên"" trong khoảng 11 phút, lần lượt qua 3 chặng: khởi động → rèn luyện → bứt tốc. Đúng từ 6 câu là hoàn thành; đúng từ 7 câu được tính là thành thạo và cộng điểm lên cấp. Tinh thần cấp 4: Giữ độ chính xác khi thời gian bắt đầu siết lại.","Không giới hạn thời gian. Mục tiêu là làm đúng, chưa cần nhanh."
NV-1758,PL-DIA-NAT-L4-002,Rèn kỹ năng: Địa lý tự nhiên — cấp 4,Khoa học,Địa lý tự nhiên,2,4,Rèn kỹ năng,120,"Hoàn thành 8 câu chuyên đề ""Địa lý tự nhiên"" trong khoảng 9 phút, lần lượt qua 3 chặng: khởi động → rèn luyện → bứt tốc. Đúng từ 6 câu là hoàn thành; đúng từ 7 câu được tính là thành thạo và cộng điểm lên cấp. Tinh thần cấp 4: Giữ độ chính xác khi thời gian bắt đầu siết lại.","Hoàn thành đủ 3 chặng trong một lượt, không rời phiếu giữa chừng."
NV-1759,PL-DIA-NAT-L4-003,Tốc độ: Địa lý tự nhiên — cấp 4,Khoa học,Địa lý tự nhiên,2,4,Tốc độ,132,"Hoàn thành 8 câu chuyên đề ""Địa lý tự nhiên"" trong khoảng 7 phút, lần lượt qua 3 chặng: khởi động → rèn luyện → bứt tốc. Đúng từ 6 câu là hoàn thành; đúng từ 7 câu được tính là thành thạo và cộng điểm lên cấp. Tinh thần cấp 4: Giữ độ chính xác khi thời gian bắt đầu siết lại.",Thời gian bị siết còn 75% mức chuẩn. Quá giờ vẫn chấm nhưng không tính thành thạo.
NV-1760,PL-DIA-NAT-L4-004,Chính xác: Địa lý tự nhiên — cấp 4,Khoa học,Địa lý tự nhiên,2,4,Chính xác,132,"Hoàn thành 8 câu chuyên đề ""Địa lý tự nhiên"" trong khoảng 10 phút, lần lượt qua 3 chặng: khởi động → rèn luyện → bứt tốc. Đúng từ 6 câu là hoàn thành; đúng từ 7 câu được tính là thành thạo và cộng điểm lên cấp. Tinh thần cấp 4: Giữ độ chính xác khi thời gian bắt đầu siết lại.",Sai quá 2 câu là phải làm lại phiếu trước khi đi tiếp.
NV-1761,PL-DIA-NAT-L4-005,Tổng hợp: Địa lý tự nhiên — cấp 4,Khoa học,Địa lý tự nhiên,2,4,Tổng hợp,138,"Hoàn thành 8 câu chuyên đề ""Địa lý tự nhiên"" trong khoảng 9 phút, lần lượt qua 3 chặng: khởi động → rèn luyện → bứt tốc. Đúng từ 6 câu là hoàn thành; đúng từ 7 câu được tính là thành thạo và cộng điểm lên cấp. Tinh thần cấp 4: Giữ độ chính xác khi thời gian bắt đầu siết lại.",Không được biết trước dạng bài của từng câu.
NV-1762,PL-DIA-NAT-L4-006,Ôn lại: Địa lý tự nhiên — cấp 4,Khoa học,Địa lý tự nhiên,2,4,Ôn lại,108,"Hoàn thành 8 câu chuyên đề ""Địa lý tự nhiên"" trong khoảng 10 phút, lần lượt qua 3 chặng: khởi động → rèn luyện → bứt tốc. Đúng từ 6 câu là hoàn thành; đúng từ 7 câu được tính là thành thạo và cộng điểm lên cấp. Tinh thần cấp 4: Giữ độ chính xác khi thời gian bắt đầu siết lại.",Nên làm sau buổi học chính ít nhất một ngày.
NV-1763,PL-DIA-NAT-L4-007,Khởi động: Địa lý tự nhiên — cấp 4,Khoa học,Địa lý tự nhiên,2,4,Khởi động,84,"Hoàn thành 8 câu chuyên đề ""Địa lý tự nhiên"" trong khoảng 11 phút, lần lượt qua 3 chặng: khởi động → rèn luyện → bứt tốc. Đúng từ 6 câu là hoàn thành; đúng từ 7 câu được tính là thành thạo và cộng điểm lên cấp. Tinh thần cấp 4: Giữ độ chính xác khi thời gian bắt đầu siết lại.","Không giới hạn thời gian. Mục tiêu là làm đúng, chưa cần nhanh."
NV-1764,PL-DIA-NAT-L4-008,Thử thách: Địa lý tự nhiên — cấp 4,Khoa học,Địa lý tự nhiên,2,4,Thử thách,168,"Hoàn thành 8 câu chuyên đề ""Địa lý tự nhiên"" trong khoảng 9 phút, lần lượt qua 3 chặng: khởi động → rèn luyện → bứt tốc. Đúng từ 6 câu là hoàn thành; đúng từ 7 câu được tính là thành thạo và cộng điểm lên cấp. Tinh thần cấp 4: Giữ độ chính xác khi thời gian bắt đầu siết lại.",Đạt từ 85% mới được tính là vượt thử thách.
NV-1765,PL-DIA-NAT-L4-009,Vượt ải: Địa lý tự nhiên — cấp 4,Khoa học,Địa lý tự nhiên,2,4,Vượt ải,216,"Hoàn thành 8 câu chuyên đề ""Địa lý tự nhiên"" trong khoảng 8 phút, lần lượt qua 3 chặng: khởi động → rèn luyện → bứt tốc. Đúng từ 6 câu là hoàn thành; đúng từ 8 câu được tính là thành thạo và cộng điểm lên cấp. Tinh thần cấp 4: Giữ độ chính xác khi thời gian bắt đầu siết lại.",Phải đạt từ 90% để mở khóa cấp độ tiếp theo của tuyến này.
NV-1766,PL-DIA-NAT-L5-001,Khởi động: Địa lý tự nhiên — cấp 5,Khoa học,Địa lý tự nhiên,3,5,Khởi động,112,"Hoàn thành 8 câu chuyên đề ""Địa lý tự nhiên"" trong khoảng 12 phút, lần lượt qua 3 chặng: khởi động → rèn luyện → bứt tốc. Đúng từ 6 câu là hoàn thành; đúng từ 7 câu được tính là thành thạo và cộng điểm lên cấp. Tinh thần cấp 5: Xử lý câu phân loại mà không mất nhịp.","Không giới hạn thời gian. Mục tiêu là làm đúng, chưa cần nhanh."
NV-1767,PL-DIA-NAT-L5-002,Rèn kỹ năng: Địa lý tự nhiên — cấp 5,Khoa học,Địa lý tự nhiên,3,5,Rèn kỹ năng,160,"Hoàn thành 8 câu chuyên đề ""Địa lý tự nhiên"" trong khoảng 9 phút, lần lượt qua 3 chặng: khởi động → rèn luyện → bứt tốc. Đúng từ 6 câu là hoàn thành; đúng từ 7 câu được tính là thành thạo và cộng điểm lên cấp. Tinh thần cấp 5: Xử lý câu phân loại mà không mất nhịp.","Hoàn thành đủ 3 chặng trong một lượt, không rời phiếu giữa chừng."
NV-1768,PL-DIA-NAT-L5-003,Tốc độ: Địa lý tự nhiên — cấp 5,Khoa học,Địa lý tự nhiên,3,5,Tốc độ,176,"Hoàn thành 8 câu chuyên đề ""Địa lý tự nhiên"" trong khoảng 7 phút, lần lượt qua 3 chặng: khởi động → rèn luyện → bứt tốc. Đúng từ 6 câu là hoàn thành; đúng từ 7 câu được tính là thành thạo và cộng điểm lên cấp. Tinh thần cấp 5: Xử lý câu phân loại mà không mất nhịp.",Thời gian bị siết còn 75% mức chuẩn. Quá giờ vẫn chấm nhưng không tính thành thạo.
NV-1769,PL-DIA-NAT-L5-004,Chính xác: Địa lý tự nhiên — cấp 5,Khoa học,Địa lý tự nhiên,3,5,Chính xác,176,"Hoàn thành 8 câu chuyên đề ""Địa lý tự nhiên"" trong khoảng 11 phút, lần lượt qua 3 chặng: khởi động → rèn luyện → bứt tốc. Đúng từ 6 câu là hoàn thành; đúng từ 7 câu được tính là thành thạo và cộng điểm lên cấp. Tinh thần cấp 5: Xử lý câu phân loại mà không mất nhịp.",Sai quá 2 câu là phải làm lại phiếu trước khi đi tiếp.
NV-1770,PL-DIA-NAT-L5-005,Tổng hợp: Địa lý tự nhiên — cấp 5,Khoa học,Địa lý tự nhiên,3,5,Tổng hợp,184,"Hoàn thành 8 câu chuyên đề ""Địa lý tự nhiên"" trong khoảng 9 phút, lần lượt qua 3 chặng: khởi động → rèn luyện → bứt tốc. Đúng từ 6 câu là hoàn thành; đúng từ 7 câu được tính là thành thạo và cộng điểm lên cấp. Tinh thần cấp 5: Xử lý câu phân loại mà không mất nhịp.",Không được biết trước dạng bài của từng câu.
NV-1771,PL-DIA-NAT-L5-006,Thử thách: Địa lý tự nhiên — cấp 5,Khoa học,Địa lý tự nhiên,3,5,Thử thách,224,"Hoàn thành 8 câu chuyên đề ""Địa lý tự nhiên"" trong khoảng 9 phút, lần lượt qua 3 chặng: khởi động → rèn luyện → bứt tốc. Đúng từ 6 câu là hoàn thành; đúng từ 7 câu được tính là thành thạo và cộng điểm lên cấp. Tinh thần cấp 5: Xử lý câu phân loại mà không mất nhịp.",Đạt từ 85% mới được tính là vượt thử thách.
NV-1772,PL-DIA-NAT-L5-007,Vượt ải: Địa lý tự nhiên — cấp 5,Khoa học,Địa lý tự nhiên,3,5,Vượt ải,288,"Hoàn thành 8 câu chuyên đề ""Địa lý tự nhiên"" trong khoảng 9 phút, lần lượt qua 3 chặng: khởi động → rèn luyện → bứt tốc. Đúng từ 6 câu là hoàn thành; đúng từ 8 câu được tính là thành thạo và cộng điểm lên cấp. Tinh thần cấp 5: Xử lý câu phân loại mà không mất nhịp.",Phải đạt từ 90% để mở khóa cấp độ tiếp theo của tuyến này.
NV-1773,PL-DIA-NAT-L6-001,Khởi động: Địa lý tự nhiên — cấp 6,Khoa học,Địa lý tự nhiên,3,6,Khởi động,154,"Hoàn thành 8 câu chuyên đề ""Địa lý tự nhiên"" trong khoảng 10 phút, lần lượt qua 3 chặng: khởi động → rèn luyện → bứt tốc. Đúng từ 6 câu là hoàn thành; đúng từ 7 câu được tính là thành thạo và cộng điểm lên cấp. Tinh thần cấp 6: Tốc độ và độ chính xác của nhóm dẫn đầu phổ điểm.","Không giới hạn thời gian. Mục tiêu là làm đúng, chưa cần nhanh."
NV-1774,PL-DIA-NAT-L6-002,Rèn kỹ năng: Địa lý tự nhiên — cấp 6,Khoa học,Địa lý tự nhiên,3,6,Rèn kỹ năng,220,"Hoàn thành 8 câu chuyên đề ""Địa lý tự nhiên"" trong khoảng 8 phút, lần lượt qua 3 chặng: khởi động → rèn luyện → bứt tốc. Đúng từ 6 câu là hoàn thành; đúng từ 7 câu được tính là thành thạo và cộng điểm lên cấp. Tinh thần cấp 6: Tốc độ và độ chính xác của nhóm dẫn đầu phổ điểm.","Hoàn thành đủ 3 chặng trong một lượt, không rời phiếu giữa chừng."
NV-1775,PL-DIA-NAT-L6-003,Tốc độ: Địa lý tự nhiên — cấp 6,Khoa học,Địa lý tự nhiên,3,6,Tốc độ,242,"Hoàn thành 8 câu chuyên đề ""Địa lý tự nhiên"" trong khoảng 6 phút, lần lượt qua 3 chặng: khởi động → rèn luyện → bứt tốc. Đúng từ 6 câu là hoàn thành; đúng từ 7 câu được tính là thành thạo và cộng điểm lên cấp. Tinh thần cấp 6: Tốc độ và độ chính xác của nhóm dẫn đầu phổ điểm.",Thời gian bị siết còn 75% mức chuẩn. Quá giờ vẫn chấm nhưng không tính thành thạo.
NV-1776,PL-DIA-NAT-L6-004,Thử thách: Địa lý tự nhiên — cấp 6,Khoa học,Địa lý tự nhiên,3,6,Thử thách,308,"Hoàn thành 8 câu chuyên đề ""Địa lý tự nhiên"" trong khoảng 8 phút, lần lượt qua 3 chặng: khởi động → rèn luyện → bứt tốc. Đúng từ 6 câu là hoàn thành; đúng từ 7 câu được tính là thành thạo và cộng điểm lên cấp. Tinh thần cấp 6: Tốc độ và độ chính xác của nhóm dẫn đầu phổ điểm.",Đạt từ 85% mới được tính là vượt thử thách.
NV-1777,PL-DIA-NAT-L6-005,Vượt ải: Địa lý tự nhiên — cấp 6,Khoa học,Địa lý tự nhiên,3,6,Vượt ải,396,"Hoàn thành 8 câu chuyên đề ""Địa lý tự nhiên"" trong khoảng 8 phút, lần lượt qua 3 chặng: khởi động → rèn luyện → bứt tốc. Đúng từ 6 câu là hoàn thành; đúng từ 8 câu được tính là thành thạo và cộng điểm lên cấp. Tinh thần cấp 6: Tốc độ và độ chính xác của nhóm dẫn đầu phổ điểm.",Phải đạt từ 90% để mở khóa cấp độ tiếp theo của tuyến này.
NV-1778,PL-DIA-ECO-L1-001,Khởi động: Địa lý kinh tế — xã hội — cấp 1,Khoa học,Địa lý kinh tế — xã hội,1,1,Khởi động,28,"Hoàn thành 8 câu chuyên đề ""Địa lý kinh tế — xã hội"" trong khoảng 10 phút, lần lượt qua 3 chặng: khởi động → rèn luyện → bứt tốc. Đúng từ 6 câu là hoàn thành; đúng từ 7 câu được tính là thành thạo và cộng điểm lên cấp. Tinh thần cấp 1: Nhận diện dạng bài và nhớ lại công thức nền.","Không giới hạn thời gian. Mục tiêu là làm đúng, chưa cần nhanh."
NV-1779,PL-DIA-ECO-L1-002,Rèn kỹ năng: Địa lý kinh tế — xã hội — cấp 1,Khoa học,Địa lý kinh tế — xã hội,1,1,Rèn kỹ năng,40,"Hoàn thành 8 câu chuyên đề ""Địa lý kinh tế — xã hội"" trong khoảng 8 phút, lần lượt qua 3 chặng: khởi động → rèn luyện → bứt tốc. Đúng từ 6 câu là hoàn thành; đúng từ 7 câu được tính là thành thạo và cộng điểm lên cấp. Tinh thần cấp 1: Nhận diện dạng bài và nhớ lại công thức nền.","Hoàn thành đủ 3 chặng trong một lượt, không rời phiếu giữa chừng."
NV-1780,PL-DIA-ECO-L1-003,Tốc độ: Địa lý kinh tế — xã hội — cấp 1,Khoa học,Địa lý kinh tế — xã hội,1,1,Tốc độ,44,"Hoàn thành 8 câu chuyên đề ""Địa lý kinh tế — xã hội"" trong khoảng 6 phút, lần lượt qua 3 chặng: khởi động → rèn luyện → bứt tốc. Đúng từ 6 câu là hoàn thành; đúng từ 7 câu được tính là thành thạo và cộng điểm lên cấp. Tinh thần cấp 1: Nhận diện dạng bài và nhớ lại công thức nền.",Thời gian bị siết còn 75% mức chuẩn. Quá giờ vẫn chấm nhưng không tính thành thạo.
NV-1781,PL-DIA-ECO-L1-004,Chính xác: Địa lý kinh tế — xã hội — cấp 1,Khoa học,Địa lý kinh tế — xã hội,1,1,Chính xác,44,"Hoàn thành 8 câu chuyên đề ""Địa lý kinh tế — xã hội"" trong khoảng 9 phút, lần lượt qua 3 chặng: khởi động → rèn luyện → bứt tốc. Đúng từ 6 câu là hoàn thành; đúng từ 7 câu được tính là thành thạo và cộng điểm lên cấp. Tinh thần cấp 1: Nhận diện dạng bài và nhớ lại công thức nền.",Sai quá 2 câu là phải làm lại phiếu trước khi đi tiếp.
NV-1782,PL-DIA-ECO-L1-005,Tổng hợp: Địa lý kinh tế — xã hội — cấp 1,Khoa học,Địa lý kinh tế — xã hội,1,1,Tổng hợp,46,"Hoàn thành 8 câu chuyên đề ""Địa lý kinh tế — xã hội"" trong khoảng 8 phút, lần lượt qua 3 chặng: khởi động → rèn luyện → bứt tốc. Đúng từ 6 câu là hoàn thành; đúng từ 7 câu được tính là thành thạo và cộng điểm lên cấp. Tinh thần cấp 1: Nhận diện dạng bài và nhớ lại công thức nền.",Không được biết trước dạng bài của từng câu.
NV-1783,PL-DIA-ECO-L1-006,Thử thách: Địa lý kinh tế — xã hội — cấp 1,Khoa học,Địa lý kinh tế — xã hội,1,1,Thử thách,56,"Hoàn thành 8 câu chuyên đề ""Địa lý kinh tế — xã hội"" trong khoảng 8 phút, lần lượt qua 3 chặng: khởi động → rèn luyện → bứt tốc. Đúng từ 6 câu là hoàn thành; đúng từ 7 câu được tính là thành thạo và cộng điểm lên cấp. Tinh thần cấp 1: Nhận diện dạng bài và nhớ lại công thức nền.",Đạt từ 85% mới được tính là vượt thử thách.
NV-1784,PL-DIA-ECO-L1-007,Vượt ải: Địa lý kinh tế — xã hội — cấp 1,Khoa học,Địa lý kinh tế — xã hội,1,1,Vượt ải,72,"Hoàn thành 8 câu chuyên đề ""Địa lý kinh tế — xã hội"" trong khoảng 8 phút, lần lượt qua 3 chặng: khởi động → rèn luyện → bứt tốc. Đúng từ 6 câu là hoàn thành; đúng từ 8 câu được tính là thành thạo và cộng điểm lên cấp. Tinh thần cấp 1: Nhận diện dạng bài và nhớ lại công thức nền.",Phải đạt từ 90% để mở khóa cấp độ tiếp theo của tuyến này.
NV-1785,PL-DIA-ECO-L2-001,Khởi động: Địa lý kinh tế — xã hội — cấp 2,Khoa học,Địa lý kinh tế — xã hội,1,2,Khởi động,42,"Hoàn thành 8 câu chuyên đề ""Địa lý kinh tế — xã hội"" trong khoảng 12 phút, lần lượt qua 3 chặng: khởi động → rèn luyện → bứt tốc. Đúng từ 6 câu là hoàn thành; đúng từ 7 câu được tính là thành thạo và cộng điểm lên cấp. Tinh thần cấp 2: Làm đúng dạng chuẩn mà không cần nhìn gợi ý.","Không giới hạn thời gian. Mục tiêu là làm đúng, chưa cần nhanh."
NV-1786,PL-DIA-ECO-L2-002,Rèn kỹ năng: Địa lý kinh tế — xã hội — cấp 2,Khoa học,Địa lý kinh tế — xã hội,1,2,Rèn kỹ năng,60,"Hoàn thành 8 câu chuyên đề ""Địa lý kinh tế — xã hội"" trong khoảng 9 phút, lần lượt qua 3 chặng: khởi động → rèn luyện → bứt tốc. Đúng từ 6 câu là hoàn thành; đúng từ 7 câu được tính là thành thạo và cộng điểm lên cấp. Tinh thần cấp 2: Làm đúng dạng chuẩn mà không cần nhìn gợi ý.","Hoàn thành đủ 3 chặng trong một lượt, không rời phiếu giữa chừng."
NV-1787,PL-DIA-ECO-L2-003,Tốc độ: Địa lý kinh tế — xã hội — cấp 2,Khoa học,Địa lý kinh tế — xã hội,1,2,Tốc độ,66,"Hoàn thành 8 câu chuyên đề ""Địa lý kinh tế — xã hội"" trong khoảng 7 phút, lần lượt qua 3 chặng: khởi động → rèn luyện → bứt tốc. Đúng từ 6 câu là hoàn thành; đúng từ 7 câu được tính là thành thạo và cộng điểm lên cấp. Tinh thần cấp 2: Làm đúng dạng chuẩn mà không cần nhìn gợi ý.",Thời gian bị siết còn 75% mức chuẩn. Quá giờ vẫn chấm nhưng không tính thành thạo.
NV-1788,PL-DIA-ECO-L2-004,Chính xác: Địa lý kinh tế — xã hội — cấp 2,Khoa học,Địa lý kinh tế — xã hội,1,2,Chính xác,66,"Hoàn thành 8 câu chuyên đề ""Địa lý kinh tế — xã hội"" trong khoảng 11 phút, lần lượt qua 3 chặng: khởi động → rèn luyện → bứt tốc. Đúng từ 6 câu là hoàn thành; đúng từ 7 câu được tính là thành thạo và cộng điểm lên cấp. Tinh thần cấp 2: Làm đúng dạng chuẩn mà không cần nhìn gợi ý.",Sai quá 2 câu là phải làm lại phiếu trước khi đi tiếp.
NV-1789,PL-DIA-ECO-L2-005,Tổng hợp: Địa lý kinh tế — xã hội — cấp 2,Khoa học,Địa lý kinh tế — xã hội,1,2,Tổng hợp,69,"Hoàn thành 8 câu chuyên đề ""Địa lý kinh tế — xã hội"" trong khoảng 9 phút, lần lượt qua 3 chặng: khởi động → rèn luyện → bứt tốc. Đúng từ 6 câu là hoàn thành; đúng từ 7 câu được tính là thành thạo và cộng điểm lên cấp. Tinh thần cấp 2: Làm đúng dạng chuẩn mà không cần nhìn gợi ý.",Không được biết trước dạng bài của từng câu.
NV-1790,PL-DIA-ECO-L2-006,Ôn lại: Địa lý kinh tế — xã hội — cấp 2,Khoa học,Địa lý kinh tế — xã hội,1,2,Ôn lại,54,"Hoàn thành 8 câu chuyên đề ""Địa lý kinh tế — xã hội"" trong khoảng 10 phút, lần lượt qua 3 chặng: khởi động → rèn luyện → bứt tốc. Đúng từ 6 câu là hoàn thành; đúng từ 7 câu được tính là thành thạo và cộng điểm lên cấp. Tinh thần cấp 2: Làm đúng dạng chuẩn mà không cần nhìn gợi ý.",Nên làm sau buổi học chính ít nhất một ngày.
NV-1791,PL-DIA-ECO-L2-007,Khởi động: Địa lý kinh tế — xã hội — cấp 2,Khoa học,Địa lý kinh tế — xã hội,1,2,Khởi động,42,"Hoàn thành 8 câu chuyên đề ""Địa lý kinh tế — xã hội"" trong khoảng 12 phút, lần lượt qua 3 chặng: khởi động → rèn luyện → bứt tốc. Đúng từ 6 câu là hoàn thành; đúng từ 7 câu được tính là thành thạo và cộng điểm lên cấp. Tinh thần cấp 2: Làm đúng dạng chuẩn mà không cần nhìn gợi ý.","Không giới hạn thời gian. Mục tiêu là làm đúng, chưa cần nhanh."
NV-1792,PL-DIA-ECO-L2-008,Rèn kỹ năng: Địa lý kinh tế — xã hội — cấp 2,Khoa học,Địa lý kinh tế — xã hội,1,2,Rèn kỹ năng,60,"Hoàn thành 8 câu chuyên đề ""Địa lý kinh tế — xã hội"" trong khoảng 9 phút, lần lượt qua 3 chặng: khởi động → rèn luyện → bứt tốc. Đúng từ 6 câu là hoàn thành; đúng từ 7 câu được tính là thành thạo và cộng điểm lên cấp. Tinh thần cấp 2: Làm đúng dạng chuẩn mà không cần nhìn gợi ý.","Hoàn thành đủ 3 chặng trong một lượt, không rời phiếu giữa chừng."
NV-1793,PL-DIA-ECO-L2-009,Thử thách: Địa lý kinh tế — xã hội — cấp 2,Khoa học,Địa lý kinh tế — xã hội,1,2,Thử thách,84,"Hoàn thành 8 câu chuyên đề ""Địa lý kinh tế — xã hội"" trong khoảng 9 phút, lần lượt qua 3 chặng: khởi động → rèn luyện → bứt tốc. Đúng từ 6 câu là hoàn thành; đúng từ 7 câu được tính là thành thạo và cộng điểm lên cấp. Tinh thần cấp 2: Làm đúng dạng chuẩn mà không cần nhìn gợi ý.",Đạt từ 85% mới được tính là vượt thử thách.
NV-1794,PL-DIA-ECO-L2-010,Vượt ải: Địa lý kinh tế — xã hội — cấp 2,Khoa học,Địa lý kinh tế — xã hội,1,2,Vượt ải,108,"Hoàn thành 8 câu chuyên đề ""Địa lý kinh tế — xã hội"" trong khoảng 9 phút, lần lượt qua 3 chặng: khởi động → rèn luyện → bứt tốc. Đúng từ 6 câu là hoàn thành; đúng từ 8 câu được tính là thành thạo và cộng điểm lên cấp. Tinh thần cấp 2: Làm đúng dạng chuẩn mà không cần nhìn gợi ý.",Phải đạt từ 90% để mở khóa cấp độ tiếp theo của tuyến này.
NV-1795,PL-DIA-ECO-L3-001,Khởi động: Địa lý kinh tế — xã hội — cấp 3,Khoa học,Địa lý kinh tế — xã hội,2,3,Khởi động,63,"Hoàn thành 8 câu chuyên đề ""Địa lý kinh tế — xã hội"" trong khoảng 13 phút, lần lượt qua 3 chặng: khởi động → rèn luyện → bứt tốc. Đúng từ 6 câu là hoàn thành; đúng từ 7 câu được tính là thành thạo và cộng điểm lên cấp. Tinh thần cấp 3: Ghép nhiều bước và tránh các bẫy quen thuộc.","Không giới hạn thời gian. Mục tiêu là làm đúng, chưa cần nhanh."
NV-1796,PL-DIA-ECO-L3-002,Rèn kỹ năng: Địa lý kinh tế — xã hội — cấp 3,Khoa học,Địa lý kinh tế — xã hội,2,3,Rèn kỹ năng,90,"Hoàn thành 8 câu chuyên đề ""Địa lý kinh tế — xã hội"" trong khoảng 10 phút, lần lượt qua 3 chặng: khởi động → rèn luyện → bứt tốc. Đúng từ 6 câu là hoàn thành; đúng từ 7 câu được tính là thành thạo và cộng điểm lên cấp. Tinh thần cấp 3: Ghép nhiều bước và tránh các bẫy quen thuộc.","Hoàn thành đủ 3 chặng trong một lượt, không rời phiếu giữa chừng."
NV-1797,PL-DIA-ECO-L3-003,Tốc độ: Địa lý kinh tế — xã hội — cấp 3,Khoa học,Địa lý kinh tế — xã hội,2,3,Tốc độ,99,"Hoàn thành 8 câu chuyên đề ""Địa lý kinh tế — xã hội"" trong khoảng 8 phút, lần lượt qua 3 chặng: khởi động → rèn luyện → bứt tốc. Đúng từ 6 câu là hoàn thành; đúng từ 7 câu được tính là thành thạo và cộng điểm lên cấp. Tinh thần cấp 3: Ghép nhiều bước và tránh các bẫy quen thuộc.",Thời gian bị siết còn 75% mức chuẩn. Quá giờ vẫn chấm nhưng không tính thành thạo.
NV-1798,PL-DIA-ECO-L3-004,Chính xác: Địa lý kinh tế — xã hội — cấp 3,Khoa học,Địa lý kinh tế — xã hội,2,3,Chính xác,99,"Hoàn thành 8 câu chuyên đề ""Địa lý kinh tế — xã hội"" trong khoảng 12 phút, lần lượt qua 3 chặng: khởi động → rèn luyện → bứt tốc. Đúng từ 6 câu là hoàn thành; đúng từ 7 câu được tính là thành thạo và cộng điểm lên cấp. Tinh thần cấp 3: Ghép nhiều bước và tránh các bẫy quen thuộc.",Sai quá 2 câu là phải làm lại phiếu trước khi đi tiếp.
NV-1799,PL-DIA-ECO-L3-005,Tổng hợp: Địa lý kinh tế — xã hội — cấp 3,Khoa học,Địa lý kinh tế — xã hội,2,3,Tổng hợp,103,"Hoàn thành 8 câu chuyên đề ""Địa lý kinh tế — xã hội"" trong khoảng 10 phút, lần lượt qua 3 chặng: khởi động → rèn luyện → bứt tốc. Đúng từ 6 câu là hoàn thành; đúng từ 7 câu được tính là thành thạo và cộng điểm lên cấp. Tinh thần cấp 3: Ghép nhiều bước và tránh các bẫy quen thuộc.",Không được biết trước dạng bài của từng câu.
NV-1800,PL-DIA-ECO-L3-006,Ôn lại: Địa lý kinh tế — xã hội — cấp 3,Khoa học,Địa lý kinh tế — xã hội,2,3,Ôn lại,81,"Hoàn thành 8 câu chuyên đề ""Địa lý kinh tế — xã hội"" trong khoảng 11 phút, lần lượt qua 3 chặng: khởi động → rèn luyện → bứt tốc. Đúng từ 6 câu là hoàn thành; đúng từ 7 câu được tính là thành thạo và cộng điểm lên cấp. Tinh thần cấp 3: Ghép nhiều bước và tránh các bẫy quen thuộc.",Nên làm sau buổi học chính ít nhất một ngày.
NV-1801,PL-DIA-ECO-L3-007,Khởi động: Địa lý kinh tế — xã hội — cấp 3,Khoa học,Địa lý kinh tế — xã hội,2,3,Khởi động,63,"Hoàn thành 8 câu chuyên đề ""Địa lý kinh tế — xã hội"" trong khoảng 13 phút, lần lượt qua 3 chặng: khởi động → rèn luyện → bứt tốc. Đúng từ 6 câu là hoàn thành; đúng từ 7 câu được tính là thành thạo và cộng điểm lên cấp. Tinh thần cấp 3: Ghép nhiều bước và tránh các bẫy quen thuộc.","Không giới hạn thời gian. Mục tiêu là làm đúng, chưa cần nhanh."
NV-1802,PL-DIA-ECO-L3-008,Rèn kỹ năng: Địa lý kinh tế — xã hội — cấp 3,Khoa học,Địa lý kinh tế — xã hội,2,3,Rèn kỹ năng,90,"Hoàn thành 8 câu chuyên đề ""Địa lý kinh tế — xã hội"" trong khoảng 10 phút, lần lượt qua 3 chặng: khởi động → rèn luyện → bứt tốc. Đúng từ 6 câu là hoàn thành; đúng từ 7 câu được tính là thành thạo và cộng điểm lên cấp. Tinh thần cấp 3: Ghép nhiều bước và tránh các bẫy quen thuộc.","Hoàn thành đủ 3 chặng trong một lượt, không rời phiếu giữa chừng."
NV-1803,PL-DIA-ECO-L3-009,Tốc độ: Địa lý kinh tế — xã hội — cấp 3,Khoa học,Địa lý kinh tế — xã hội,2,3,Tốc độ,99,"Hoàn thành 8 câu chuyên đề ""Địa lý kinh tế — xã hội"" trong khoảng 8 phút, lần lượt qua 3 chặng: khởi động → rèn luyện → bứt tốc. Đúng từ 6 câu là hoàn thành; đúng từ 7 câu được tính là thành thạo và cộng điểm lên cấp. Tinh thần cấp 3: Ghép nhiều bước và tránh các bẫy quen thuộc.",Thời gian bị siết còn 75% mức chuẩn. Quá giờ vẫn chấm nhưng không tính thành thạo.
NV-1804,PL-DIA-ECO-L3-010,Thử thách: Địa lý kinh tế — xã hội — cấp 3,Khoa học,Địa lý kinh tế — xã hội,2,3,Thử thách,126,"Hoàn thành 8 câu chuyên đề ""Địa lý kinh tế — xã hội"" trong khoảng 10 phút, lần lượt qua 3 chặng: khởi động → rèn luyện → bứt tốc. Đúng từ 6 câu là hoàn thành; đúng từ 7 câu được tính là thành thạo và cộng điểm lên cấp. Tinh thần cấp 3: Ghép nhiều bước và tránh các bẫy quen thuộc.",Đạt từ 85% mới được tính là vượt thử thách.
NV-1805,PL-DIA-ECO-L3-011,Vượt ải: Địa lý kinh tế — xã hội — cấp 3,Khoa học,Địa lý kinh tế — xã hội,2,3,Vượt ải,162,"Hoàn thành 8 câu chuyên đề ""Địa lý kinh tế — xã hội"" trong khoảng 10 phút, lần lượt qua 3 chặng: khởi động → rèn luyện → bứt tốc. Đúng từ 6 câu là hoàn thành; đúng từ 8 câu được tính là thành thạo và cộng điểm lên cấp. Tinh thần cấp 3: Ghép nhiều bước và tránh các bẫy quen thuộc.",Phải đạt từ 90% để mở khóa cấp độ tiếp theo của tuyến này.
NV-1806,PL-DIA-ECO-L4-001,Khởi động: Địa lý kinh tế — xã hội — cấp 4,Khoa học,Địa lý kinh tế — xã hội,2,4,Khởi động,84,"Hoàn thành 8 câu chuyên đề ""Địa lý kinh tế — xã hội"" trong khoảng 11 phút, lần lượt qua 3 chặng: khởi động → rèn luyện → bứt tốc. Đúng từ 6 câu là hoàn thành; đúng từ 7 câu được tính là thành thạo và cộng điểm lên cấp. Tinh thần cấp 4: Giữ độ chính xác khi thời gian bắt đầu siết lại.","Không giới hạn thời gian. Mục tiêu là làm đúng, chưa cần nhanh."
NV-1807,PL-DIA-ECO-L4-002,Rèn kỹ năng: Địa lý kinh tế — xã hội — cấp 4,Khoa học,Địa lý kinh tế — xã hội,2,4,Rèn kỹ năng,120,"Hoàn thành 8 câu chuyên đề ""Địa lý kinh tế — xã hội"" trong khoảng 9 phút, lần lượt qua 3 chặng: khởi động → rèn luyện → bứt tốc. Đúng từ 6 câu là hoàn thành; đúng từ 7 câu được tính là thành thạo và cộng điểm lên cấp. Tinh thần cấp 4: Giữ độ chính xác khi thời gian bắt đầu siết lại.","Hoàn thành đủ 3 chặng trong một lượt, không rời phiếu giữa chừng."
NV-1808,PL-DIA-ECO-L4-003,Tốc độ: Địa lý kinh tế — xã hội — cấp 4,Khoa học,Địa lý kinh tế — xã hội,2,4,Tốc độ,132,"Hoàn thành 8 câu chuyên đề ""Địa lý kinh tế — xã hội"" trong khoảng 7 phút, lần lượt qua 3 chặng: khởi động → rèn luyện → bứt tốc. Đúng từ 6 câu là hoàn thành; đúng từ 7 câu được tính là thành thạo và cộng điểm lên cấp. Tinh thần cấp 4: Giữ độ chính xác khi thời gian bắt đầu siết lại.",Thời gian bị siết còn 75% mức chuẩn. Quá giờ vẫn chấm nhưng không tính thành thạo.
NV-1809,PL-DIA-ECO-L4-004,Chính xác: Địa lý kinh tế — xã hội — cấp 4,Khoa học,Địa lý kinh tế — xã hội,2,4,Chính xác,132,"Hoàn thành 8 câu chuyên đề ""Địa lý kinh tế — xã hội"" trong khoảng 10 phút, lần lượt qua 3 chặng: khởi động → rèn luyện → bứt tốc. Đúng từ 6 câu là hoàn thành; đúng từ 7 câu được tính là thành thạo và cộng điểm lên cấp. Tinh thần cấp 4: Giữ độ chính xác khi thời gian bắt đầu siết lại.",Sai quá 2 câu là phải làm lại phiếu trước khi đi tiếp.
NV-1810,PL-DIA-ECO-L4-005,Tổng hợp: Địa lý kinh tế — xã hội — cấp 4,Khoa học,Địa lý kinh tế — xã hội,2,4,Tổng hợp,138,"Hoàn thành 8 câu chuyên đề ""Địa lý kinh tế — xã hội"" trong khoảng 9 phút, lần lượt qua 3 chặng: khởi động → rèn luyện → bứt tốc. Đúng từ 6 câu là hoàn thành; đúng từ 7 câu được tính là thành thạo và cộng điểm lên cấp. Tinh thần cấp 4: Giữ độ chính xác khi thời gian bắt đầu siết lại.",Không được biết trước dạng bài của từng câu.
NV-1811,PL-DIA-ECO-L4-006,Ôn lại: Địa lý kinh tế — xã hội — cấp 4,Khoa học,Địa lý kinh tế — xã hội,2,4,Ôn lại,108,"Hoàn thành 8 câu chuyên đề ""Địa lý kinh tế — xã hội"" trong khoảng 10 phút, lần lượt qua 3 chặng: khởi động → rèn luyện → bứt tốc. Đúng từ 6 câu là hoàn thành; đúng từ 7 câu được tính là thành thạo và cộng điểm lên cấp. Tinh thần cấp 4: Giữ độ chính xác khi thời gian bắt đầu siết lại.",Nên làm sau buổi học chính ít nhất một ngày.
NV-1812,PL-DIA-ECO-L4-007,Khởi động: Địa lý kinh tế — xã hội — cấp 4,Khoa học,Địa lý kinh tế — xã hội,2,4,Khởi động,84,"Hoàn thành 8 câu chuyên đề ""Địa lý kinh tế — xã hội"" trong khoảng 11 phút, lần lượt qua 3 chặng: khởi động → rèn luyện → bứt tốc. Đúng từ 6 câu là hoàn thành; đúng từ 7 câu được tính là thành thạo và cộng điểm lên cấp. Tinh thần cấp 4: Giữ độ chính xác khi thời gian bắt đầu siết lại.","Không giới hạn thời gian. Mục tiêu là làm đúng, chưa cần nhanh."
NV-1813,PL-DIA-ECO-L4-008,Rèn kỹ năng: Địa lý kinh tế — xã hội — cấp 4,Khoa học,Địa lý kinh tế — xã hội,2,4,Rèn kỹ năng,120,"Hoàn thành 8 câu chuyên đề ""Địa lý kinh tế — xã hội"" trong khoảng 9 phút, lần lượt qua 3 chặng: khởi động → rèn luyện → bứt tốc. Đúng từ 6 câu là hoàn thành; đúng từ 7 câu được tính là thành thạo và cộng điểm lên cấp. Tinh thần cấp 4: Giữ độ chính xác khi thời gian bắt đầu siết lại.","Hoàn thành đủ 3 chặng trong một lượt, không rời phiếu giữa chừng."
NV-1814,PL-DIA-ECO-L4-009,Tốc độ: Địa lý kinh tế — xã hội — cấp 4,Khoa học,Địa lý kinh tế — xã hội,2,4,Tốc độ,132,"Hoàn thành 8 câu chuyên đề ""Địa lý kinh tế — xã hội"" trong khoảng 7 phút, lần lượt qua 3 chặng: khởi động → rèn luyện → bứt tốc. Đúng từ 6 câu là hoàn thành; đúng từ 7 câu được tính là thành thạo và cộng điểm lên cấp. Tinh thần cấp 4: Giữ độ chính xác khi thời gian bắt đầu siết lại.",Thời gian bị siết còn 75% mức chuẩn. Quá giờ vẫn chấm nhưng không tính thành thạo.
NV-1815,PL-DIA-ECO-L4-010,Thử thách: Địa lý kinh tế — xã hội — cấp 4,Khoa học,Địa lý kinh tế — xã hội,2,4,Thử thách,168,"Hoàn thành 8 câu chuyên đề ""Địa lý kinh tế — xã hội"" trong khoảng 9 phút, lần lượt qua 3 chặng: khởi động → rèn luyện → bứt tốc. Đúng từ 6 câu là hoàn thành; đúng từ 7 câu được tính là thành thạo và cộng điểm lên cấp. Tinh thần cấp 4: Giữ độ chính xác khi thời gian bắt đầu siết lại.",Đạt từ 85% mới được tính là vượt thử thách.
NV-1816,PL-DIA-ECO-L4-011,Vượt ải: Địa lý kinh tế — xã hội — cấp 4,Khoa học,Địa lý kinh tế — xã hội,2,4,Vượt ải,216,"Hoàn thành 8 câu chuyên đề ""Địa lý kinh tế — xã hội"" trong khoảng 8 phút, lần lượt qua 3 chặng: khởi động → rèn luyện → bứt tốc. Đúng từ 6 câu là hoàn thành; đúng từ 8 câu được tính là thành thạo và cộng điểm lên cấp. Tinh thần cấp 4: Giữ độ chính xác khi thời gian bắt đầu siết lại.",Phải đạt từ 90% để mở khóa cấp độ tiếp theo của tuyến này.
NV-1817,PL-DIA-ECO-L5-001,Khởi động: Địa lý kinh tế — xã hội — cấp 5,Khoa học,Địa lý kinh tế — xã hội,3,5,Khởi động,112,"Hoàn thành 8 câu chuyên đề ""Địa lý kinh tế — xã hội"" trong khoảng 12 phút, lần lượt qua 3 chặng: khởi động → rèn luyện → bứt tốc. Đúng từ 6 câu là hoàn thành; đúng từ 7 câu được tính là thành thạo và cộng điểm lên cấp. Tinh thần cấp 5: Xử lý câu phân loại mà không mất nhịp.","Không giới hạn thời gian. Mục tiêu là làm đúng, chưa cần nhanh."
NV-1818,PL-DIA-ECO-L5-002,Rèn kỹ năng: Địa lý kinh tế — xã hội — cấp 5,Khoa học,Địa lý kinh tế — xã hội,3,5,Rèn kỹ năng,160,"Hoàn thành 8 câu chuyên đề ""Địa lý kinh tế — xã hội"" trong khoảng 9 phút, lần lượt qua 3 chặng: khởi động → rèn luyện → bứt tốc. Đúng từ 6 câu là hoàn thành; đúng từ 7 câu được tính là thành thạo và cộng điểm lên cấp. Tinh thần cấp 5: Xử lý câu phân loại mà không mất nhịp.","Hoàn thành đủ 3 chặng trong một lượt, không rời phiếu giữa chừng."
NV-1819,PL-DIA-ECO-L5-003,Tốc độ: Địa lý kinh tế — xã hội — cấp 5,Khoa học,Địa lý kinh tế — xã hội,3,5,Tốc độ,176,"Hoàn thành 8 câu chuyên đề ""Địa lý kinh tế — xã hội"" trong khoảng 7 phút, lần lượt qua 3 chặng: khởi động → rèn luyện → bứt tốc. Đúng từ 6 câu là hoàn thành; đúng từ 7 câu được tính là thành thạo và cộng điểm lên cấp. Tinh thần cấp 5: Xử lý câu phân loại mà không mất nhịp.",Thời gian bị siết còn 75% mức chuẩn. Quá giờ vẫn chấm nhưng không tính thành thạo.
NV-1820,PL-DIA-ECO-L5-004,Chính xác: Địa lý kinh tế — xã hội — cấp 5,Khoa học,Địa lý kinh tế — xã hội,3,5,Chính xác,176,"Hoàn thành 8 câu chuyên đề ""Địa lý kinh tế — xã hội"" trong khoảng 11 phút, lần lượt qua 3 chặng: khởi động → rèn luyện → bứt tốc. Đúng từ 6 câu là hoàn thành; đúng từ 7 câu được tính là thành thạo và cộng điểm lên cấp. Tinh thần cấp 5: Xử lý câu phân loại mà không mất nhịp.",Sai quá 2 câu là phải làm lại phiếu trước khi đi tiếp.
NV-1821,PL-DIA-ECO-L5-005,Tổng hợp: Địa lý kinh tế — xã hội — cấp 5,Khoa học,Địa lý kinh tế — xã hội,3,5,Tổng hợp,184,"Hoàn thành 8 câu chuyên đề ""Địa lý kinh tế — xã hội"" trong khoảng 9 phút, lần lượt qua 3 chặng: khởi động → rèn luyện → bứt tốc. Đúng từ 6 câu là hoàn thành; đúng từ 7 câu được tính là thành thạo và cộng điểm lên cấp. Tinh thần cấp 5: Xử lý câu phân loại mà không mất nhịp.",Không được biết trước dạng bài của từng câu.
NV-1822,PL-DIA-ECO-L5-006,Ôn lại: Địa lý kinh tế — xã hội — cấp 5,Khoa học,Địa lý kinh tế — xã hội,3,5,Ôn lại,144,"Hoàn thành 8 câu chuyên đề ""Địa lý kinh tế — xã hội"" trong khoảng 10 phút, lần lượt qua 3 chặng: khởi động → rèn luyện → bứt tốc. Đúng từ 6 câu là hoàn thành; đúng từ 7 câu được tính là thành thạo và cộng điểm lên cấp. Tinh thần cấp 5: Xử lý câu phân loại mà không mất nhịp.",Nên làm sau buổi học chính ít nhất một ngày.
NV-1823,PL-DIA-ECO-L5-007,Khởi động: Địa lý kinh tế — xã hội — cấp 5,Khoa học,Địa lý kinh tế — xã hội,3,5,Khởi động,112,"Hoàn thành 8 câu chuyên đề ""Địa lý kinh tế — xã hội"" trong khoảng 12 phút, lần lượt qua 3 chặng: khởi động → rèn luyện → bứt tốc. Đúng từ 6 câu là hoàn thành; đúng từ 7 câu được tính là thành thạo và cộng điểm lên cấp. Tinh thần cấp 5: Xử lý câu phân loại mà không mất nhịp.","Không giới hạn thời gian. Mục tiêu là làm đúng, chưa cần nhanh."
NV-1824,PL-DIA-ECO-L5-008,Thử thách: Địa lý kinh tế — xã hội — cấp 5,Khoa học,Địa lý kinh tế — xã hội,3,5,Thử thách,224,"Hoàn thành 8 câu chuyên đề ""Địa lý kinh tế — xã hội"" trong khoảng 9 phút, lần lượt qua 3 chặng: khởi động → rèn luyện → bứt tốc. Đúng từ 6 câu là hoàn thành; đúng từ 7 câu được tính là thành thạo và cộng điểm lên cấp. Tinh thần cấp 5: Xử lý câu phân loại mà không mất nhịp.",Đạt từ 85% mới được tính là vượt thử thách.
NV-1825,PL-DIA-ECO-L5-009,Vượt ải: Địa lý kinh tế — xã hội — cấp 5,Khoa học,Địa lý kinh tế — xã hội,3,5,Vượt ải,288,"Hoàn thành 8 câu chuyên đề ""Địa lý kinh tế — xã hội"" trong khoảng 9 phút, lần lượt qua 3 chặng: khởi động → rèn luyện → bứt tốc. Đúng từ 6 câu là hoàn thành; đúng từ 8 câu được tính là thành thạo và cộng điểm lên cấp. Tinh thần cấp 5: Xử lý câu phân loại mà không mất nhịp.",Phải đạt từ 90% để mở khóa cấp độ tiếp theo của tuyến này.
NV-1826,PL-DIA-ECO-L6-001,Khởi động: Địa lý kinh tế — xã hội — cấp 6,Khoa học,Địa lý kinh tế — xã hội,3,6,Khởi động,154,"Hoàn thành 8 câu chuyên đề ""Địa lý kinh tế — xã hội"" trong khoảng 10 phút, lần lượt qua 3 chặng: khởi động → rèn luyện → bứt tốc. Đúng từ 6 câu là hoàn thành; đúng từ 7 câu được tính là thành thạo và cộng điểm lên cấp. Tinh thần cấp 6: Tốc độ và độ chính xác của nhóm dẫn đầu phổ điểm.","Không giới hạn thời gian. Mục tiêu là làm đúng, chưa cần nhanh."
NV-1827,PL-DIA-ECO-L6-002,Rèn kỹ năng: Địa lý kinh tế — xã hội — cấp 6,Khoa học,Địa lý kinh tế — xã hội,3,6,Rèn kỹ năng,220,"Hoàn thành 8 câu chuyên đề ""Địa lý kinh tế — xã hội"" trong khoảng 8 phút, lần lượt qua 3 chặng: khởi động → rèn luyện → bứt tốc. Đúng từ 6 câu là hoàn thành; đúng từ 7 câu được tính là thành thạo và cộng điểm lên cấp. Tinh thần cấp 6: Tốc độ và độ chính xác của nhóm dẫn đầu phổ điểm.","Hoàn thành đủ 3 chặng trong một lượt, không rời phiếu giữa chừng."
NV-1828,PL-DIA-ECO-L6-003,Tốc độ: Địa lý kinh tế — xã hội — cấp 6,Khoa học,Địa lý kinh tế — xã hội,3,6,Tốc độ,242,"Hoàn thành 8 câu chuyên đề ""Địa lý kinh tế — xã hội"" trong khoảng 6 phút, lần lượt qua 3 chặng: khởi động → rèn luyện → bứt tốc. Đúng từ 6 câu là hoàn thành; đúng từ 7 câu được tính là thành thạo và cộng điểm lên cấp. Tinh thần cấp 6: Tốc độ và độ chính xác của nhóm dẫn đầu phổ điểm.",Thời gian bị siết còn 75% mức chuẩn. Quá giờ vẫn chấm nhưng không tính thành thạo.
NV-1829,PL-DIA-ECO-L6-004,Chính xác: Địa lý kinh tế — xã hội — cấp 6,Khoa học,Địa lý kinh tế — xã hội,3,6,Chính xác,242,"Hoàn thành 8 câu chuyên đề ""Địa lý kinh tế — xã hội"" trong khoảng 9 phút, lần lượt qua 3 chặng: khởi động → rèn luyện → bứt tốc. Đúng từ 6 câu là hoàn thành; đúng từ 7 câu được tính là thành thạo và cộng điểm lên cấp. Tinh thần cấp 6: Tốc độ và độ chính xác của nhóm dẫn đầu phổ điểm.",Sai quá 2 câu là phải làm lại phiếu trước khi đi tiếp.
NV-1830,PL-DIA-ECO-L6-005,Thử thách: Địa lý kinh tế — xã hội — cấp 6,Khoa học,Địa lý kinh tế — xã hội,3,6,Thử thách,308,"Hoàn thành 8 câu chuyên đề ""Địa lý kinh tế — xã hội"" trong khoảng 8 phút, lần lượt qua 3 chặng: khởi động → rèn luyện → bứt tốc. Đúng từ 6 câu là hoàn thành; đúng từ 7 câu được tính là thành thạo và cộng điểm lên cấp. Tinh thần cấp 6: Tốc độ và độ chính xác của nhóm dẫn đầu phổ điểm.",Đạt từ 85% mới được tính là vượt thử thách.
NV-1831,PL-DIA-ECO-L6-006,Vượt ải: Địa lý kinh tế — xã hội — cấp 6,Khoa học,Địa lý kinh tế — xã hội,3,6,Vượt ải,396,"Hoàn thành 8 câu chuyên đề ""Địa lý kinh tế — xã hội"" trong khoảng 8 phút, lần lượt qua 3 chặng: khởi động → rèn luyện → bứt tốc. Đúng từ 6 câu là hoàn thành; đúng từ 8 câu được tính là thành thạo và cộng điểm lên cấp. Tinh thần cấp 6: Tốc độ và độ chính xác của nhóm dẫn đầu phổ điểm.",Phải đạt từ 90% để mở khóa cấp độ tiếp theo của tuyến này.
NV-1832,PL-DIA-DAT-L1-001,"Khởi động: Bảng số liệu, biểu đồ & Atlat — cấp 1",Khoa học,"Bảng số liệu, biểu đồ & Atlat",1,1,Khởi động,28,"Hoàn thành 8 câu chuyên đề ""Bảng số liệu, biểu đồ & Atlat"" trong khoảng 10 phút, lần lượt qua 3 chặng: khởi động → rèn luyện → bứt tốc. Đúng từ 6 câu là hoàn thành; đúng từ 7 câu được tính là thành thạo và cộng điểm lên cấp. Tinh thần cấp 1: Nhận diện dạng bài và nhớ lại công thức nền.","Không giới hạn thời gian. Mục tiêu là làm đúng, chưa cần nhanh."
NV-1833,PL-DIA-DAT-L1-002,"Rèn kỹ năng: Bảng số liệu, biểu đồ & Atlat — cấp 1",Khoa học,"Bảng số liệu, biểu đồ & Atlat",1,1,Rèn kỹ năng,40,"Hoàn thành 8 câu chuyên đề ""Bảng số liệu, biểu đồ & Atlat"" trong khoảng 8 phút, lần lượt qua 3 chặng: khởi động → rèn luyện → bứt tốc. Đúng từ 6 câu là hoàn thành; đúng từ 7 câu được tính là thành thạo và cộng điểm lên cấp. Tinh thần cấp 1: Nhận diện dạng bài và nhớ lại công thức nền.","Hoàn thành đủ 3 chặng trong một lượt, không rời phiếu giữa chừng."
NV-1834,PL-DIA-DAT-L1-003,"Tốc độ: Bảng số liệu, biểu đồ & Atlat — cấp 1",Khoa học,"Bảng số liệu, biểu đồ & Atlat",1,1,Tốc độ,44,"Hoàn thành 8 câu chuyên đề ""Bảng số liệu, biểu đồ & Atlat"" trong khoảng 6 phút, lần lượt qua 3 chặng: khởi động → rèn luyện → bứt tốc. Đúng từ 6 câu là hoàn thành; đúng từ 7 câu được tính là thành thạo và cộng điểm lên cấp. Tinh thần cấp 1: Nhận diện dạng bài và nhớ lại công thức nền.",Thời gian bị siết còn 75% mức chuẩn. Quá giờ vẫn chấm nhưng không tính thành thạo.
NV-1835,PL-DIA-DAT-L1-004,"Thử thách: Bảng số liệu, biểu đồ & Atlat — cấp 1",Khoa học,"Bảng số liệu, biểu đồ & Atlat",1,1,Thử thách,56,"Hoàn thành 8 câu chuyên đề ""Bảng số liệu, biểu đồ & Atlat"" trong khoảng 8 phút, lần lượt qua 3 chặng: khởi động → rèn luyện → bứt tốc. Đúng từ 6 câu là hoàn thành; đúng từ 7 câu được tính là thành thạo và cộng điểm lên cấp. Tinh thần cấp 1: Nhận diện dạng bài và nhớ lại công thức nền.",Đạt từ 85% mới được tính là vượt thử thách.
NV-1836,PL-DIA-DAT-L1-005,"Vượt ải: Bảng số liệu, biểu đồ & Atlat — cấp 1",Khoa học,"Bảng số liệu, biểu đồ & Atlat",1,1,Vượt ải,72,"Hoàn thành 8 câu chuyên đề ""Bảng số liệu, biểu đồ & Atlat"" trong khoảng 8 phút, lần lượt qua 3 chặng: khởi động → rèn luyện → bứt tốc. Đúng từ 6 câu là hoàn thành; đúng từ 8 câu được tính là thành thạo và cộng điểm lên cấp. Tinh thần cấp 1: Nhận diện dạng bài và nhớ lại công thức nền.",Phải đạt từ 90% để mở khóa cấp độ tiếp theo của tuyến này.
NV-1837,PL-DIA-DAT-L2-001,"Khởi động: Bảng số liệu, biểu đồ & Atlat — cấp 2",Khoa học,"Bảng số liệu, biểu đồ & Atlat",1,2,Khởi động,42,"Hoàn thành 8 câu chuyên đề ""Bảng số liệu, biểu đồ & Atlat"" trong khoảng 12 phút, lần lượt qua 3 chặng: khởi động → rèn luyện → bứt tốc. Đúng từ 6 câu là hoàn thành; đúng từ 7 câu được tính là thành thạo và cộng điểm lên cấp. Tinh thần cấp 2: Làm đúng dạng chuẩn mà không cần nhìn gợi ý.","Không giới hạn thời gian. Mục tiêu là làm đúng, chưa cần nhanh."
NV-1838,PL-DIA-DAT-L2-002,"Rèn kỹ năng: Bảng số liệu, biểu đồ & Atlat — cấp 2",Khoa học,"Bảng số liệu, biểu đồ & Atlat",1,2,Rèn kỹ năng,60,"Hoàn thành 8 câu chuyên đề ""Bảng số liệu, biểu đồ & Atlat"" trong khoảng 9 phút, lần lượt qua 3 chặng: khởi động → rèn luyện → bứt tốc. Đúng từ 6 câu là hoàn thành; đúng từ 7 câu được tính là thành thạo và cộng điểm lên cấp. Tinh thần cấp 2: Làm đúng dạng chuẩn mà không cần nhìn gợi ý.","Hoàn thành đủ 3 chặng trong một lượt, không rời phiếu giữa chừng."
NV-1839,PL-DIA-DAT-L2-003,"Tốc độ: Bảng số liệu, biểu đồ & Atlat — cấp 2",Khoa học,"Bảng số liệu, biểu đồ & Atlat",1,2,Tốc độ,66,"Hoàn thành 8 câu chuyên đề ""Bảng số liệu, biểu đồ & Atlat"" trong khoảng 7 phút, lần lượt qua 3 chặng: khởi động → rèn luyện → bứt tốc. Đúng từ 6 câu là hoàn thành; đúng từ 7 câu được tính là thành thạo và cộng điểm lên cấp. Tinh thần cấp 2: Làm đúng dạng chuẩn mà không cần nhìn gợi ý.",Thời gian bị siết còn 75% mức chuẩn. Quá giờ vẫn chấm nhưng không tính thành thạo.
NV-1840,PL-DIA-DAT-L2-004,"Chính xác: Bảng số liệu, biểu đồ & Atlat — cấp 2",Khoa học,"Bảng số liệu, biểu đồ & Atlat",1,2,Chính xác,66,"Hoàn thành 8 câu chuyên đề ""Bảng số liệu, biểu đồ & Atlat"" trong khoảng 11 phút, lần lượt qua 3 chặng: khởi động → rèn luyện → bứt tốc. Đúng từ 6 câu là hoàn thành; đúng từ 7 câu được tính là thành thạo và cộng điểm lên cấp. Tinh thần cấp 2: Làm đúng dạng chuẩn mà không cần nhìn gợi ý.",Sai quá 2 câu là phải làm lại phiếu trước khi đi tiếp.
NV-1841,PL-DIA-DAT-L2-005,"Thử thách: Bảng số liệu, biểu đồ & Atlat — cấp 2",Khoa học,"Bảng số liệu, biểu đồ & Atlat",1,2,Thử thách,84,"Hoàn thành 8 câu chuyên đề ""Bảng số liệu, biểu đồ & Atlat"" trong khoảng 9 phút, lần lượt qua 3 chặng: khởi động → rèn luyện → bứt tốc. Đúng từ 6 câu là hoàn thành; đúng từ 7 câu được tính là thành thạo và cộng điểm lên cấp. Tinh thần cấp 2: Làm đúng dạng chuẩn mà không cần nhìn gợi ý.",Đạt từ 85% mới được tính là vượt thử thách.
NV-1842,PL-DIA-DAT-L2-006,"Vượt ải: Bảng số liệu, biểu đồ & Atlat — cấp 2",Khoa học,"Bảng số liệu, biểu đồ & Atlat",1,2,Vượt ải,108,"Hoàn thành 8 câu chuyên đề ""Bảng số liệu, biểu đồ & Atlat"" trong khoảng 9 phút, lần lượt qua 3 chặng: khởi động → rèn luyện → bứt tốc. Đúng từ 6 câu là hoàn thành; đúng từ 8 câu được tính là thành thạo và cộng điểm lên cấp. Tinh thần cấp 2: Làm đúng dạng chuẩn mà không cần nhìn gợi ý.",Phải đạt từ 90% để mở khóa cấp độ tiếp theo của tuyến này.
NV-1843,PL-DIA-DAT-L3-001,"Khởi động: Bảng số liệu, biểu đồ & Atlat — cấp 3",Khoa học,"Bảng số liệu, biểu đồ & Atlat",2,3,Khởi động,63,"Hoàn thành 8 câu chuyên đề ""Bảng số liệu, biểu đồ & Atlat"" trong khoảng 13 phút, lần lượt qua 3 chặng: khởi động → rèn luyện → bứt tốc. Đúng từ 6 câu là hoàn thành; đúng từ 7 câu được tính là thành thạo và cộng điểm lên cấp. Tinh thần cấp 3: Ghép nhiều bước và tránh các bẫy quen thuộc.","Không giới hạn thời gian. Mục tiêu là làm đúng, chưa cần nhanh."
NV-1844,PL-DIA-DAT-L3-002,"Rèn kỹ năng: Bảng số liệu, biểu đồ & Atlat — cấp 3",Khoa học,"Bảng số liệu, biểu đồ & Atlat",2,3,Rèn kỹ năng,90,"Hoàn thành 8 câu chuyên đề ""Bảng số liệu, biểu đồ & Atlat"" trong khoảng 10 phút, lần lượt qua 3 chặng: khởi động → rèn luyện → bứt tốc. Đúng từ 6 câu là hoàn thành; đúng từ 7 câu được tính là thành thạo và cộng điểm lên cấp. Tinh thần cấp 3: Ghép nhiều bước và tránh các bẫy quen thuộc.","Hoàn thành đủ 3 chặng trong một lượt, không rời phiếu giữa chừng."
NV-1845,PL-DIA-DAT-L3-003,"Tốc độ: Bảng số liệu, biểu đồ & Atlat — cấp 3",Khoa học,"Bảng số liệu, biểu đồ & Atlat",2,3,Tốc độ,99,"Hoàn thành 8 câu chuyên đề ""Bảng số liệu, biểu đồ & Atlat"" trong khoảng 8 phút, lần lượt qua 3 chặng: khởi động → rèn luyện → bứt tốc. Đúng từ 6 câu là hoàn thành; đúng từ 7 câu được tính là thành thạo và cộng điểm lên cấp. Tinh thần cấp 3: Ghép nhiều bước và tránh các bẫy quen thuộc.",Thời gian bị siết còn 75% mức chuẩn. Quá giờ vẫn chấm nhưng không tính thành thạo.
NV-1846,PL-DIA-DAT-L3-004,"Chính xác: Bảng số liệu, biểu đồ & Atlat — cấp 3",Khoa học,"Bảng số liệu, biểu đồ & Atlat",2,3,Chính xác,99,"Hoàn thành 8 câu chuyên đề ""Bảng số liệu, biểu đồ & Atlat"" trong khoảng 12 phút, lần lượt qua 3 chặng: khởi động → rèn luyện → bứt tốc. Đúng từ 6 câu là hoàn thành; đúng từ 7 câu được tính là thành thạo và cộng điểm lên cấp. Tinh thần cấp 3: Ghép nhiều bước và tránh các bẫy quen thuộc.",Sai quá 2 câu là phải làm lại phiếu trước khi đi tiếp.
NV-1847,PL-DIA-DAT-L3-005,"Tổng hợp: Bảng số liệu, biểu đồ & Atlat — cấp 3",Khoa học,"Bảng số liệu, biểu đồ & Atlat",2,3,Tổng hợp,103,"Hoàn thành 8 câu chuyên đề ""Bảng số liệu, biểu đồ & Atlat"" trong khoảng 10 phút, lần lượt qua 3 chặng: khởi động → rèn luyện → bứt tốc. Đúng từ 6 câu là hoàn thành; đúng từ 7 câu được tính là thành thạo và cộng điểm lên cấp. Tinh thần cấp 3: Ghép nhiều bước và tránh các bẫy quen thuộc.",Không được biết trước dạng bài của từng câu.
NV-1848,PL-DIA-DAT-L3-006,"Thử thách: Bảng số liệu, biểu đồ & Atlat — cấp 3",Khoa học,"Bảng số liệu, biểu đồ & Atlat",2,3,Thử thách,126,"Hoàn thành 8 câu chuyên đề ""Bảng số liệu, biểu đồ & Atlat"" trong khoảng 10 phút, lần lượt qua 3 chặng: khởi động → rèn luyện → bứt tốc. Đúng từ 6 câu là hoàn thành; đúng từ 7 câu được tính là thành thạo và cộng điểm lên cấp. Tinh thần cấp 3: Ghép nhiều bước và tránh các bẫy quen thuộc.",Đạt từ 85% mới được tính là vượt thử thách.
NV-1849,PL-DIA-DAT-L3-007,"Vượt ải: Bảng số liệu, biểu đồ & Atlat — cấp 3",Khoa học,"Bảng số liệu, biểu đồ & Atlat",2,3,Vượt ải,162,"Hoàn thành 8 câu chuyên đề ""Bảng số liệu, biểu đồ & Atlat"" trong khoảng 10 phút, lần lượt qua 3 chặng: khởi động → rèn luyện → bứt tốc. Đúng từ 6 câu là hoàn thành; đúng từ 8 câu được tính là thành thạo và cộng điểm lên cấp. Tinh thần cấp 3: Ghép nhiều bước và tránh các bẫy quen thuộc.",Phải đạt từ 90% để mở khóa cấp độ tiếp theo của tuyến này.
NV-1850,PL-DIA-DAT-L4-001,"Khởi động: Bảng số liệu, biểu đồ & Atlat — cấp 4",Khoa học,"Bảng số liệu, biểu đồ & Atlat",2,4,Khởi động,84,"Hoàn thành 8 câu chuyên đề ""Bảng số liệu, biểu đồ & Atlat"" trong khoảng 11 phút, lần lượt qua 3 chặng: khởi động → rèn luyện → bứt tốc. Đúng từ 6 câu là hoàn thành; đúng từ 7 câu được tính là thành thạo và cộng điểm lên cấp. Tinh thần cấp 4: Giữ độ chính xác khi thời gian bắt đầu siết lại.","Không giới hạn thời gian. Mục tiêu là làm đúng, chưa cần nhanh."
NV-1851,PL-DIA-DAT-L4-002,"Rèn kỹ năng: Bảng số liệu, biểu đồ & Atlat — cấp 4",Khoa học,"Bảng số liệu, biểu đồ & Atlat",2,4,Rèn kỹ năng,120,"Hoàn thành 8 câu chuyên đề ""Bảng số liệu, biểu đồ & Atlat"" trong khoảng 9 phút, lần lượt qua 3 chặng: khởi động → rèn luyện → bứt tốc. Đúng từ 6 câu là hoàn thành; đúng từ 7 câu được tính là thành thạo và cộng điểm lên cấp. Tinh thần cấp 4: Giữ độ chính xác khi thời gian bắt đầu siết lại.","Hoàn thành đủ 3 chặng trong một lượt, không rời phiếu giữa chừng."
NV-1852,PL-DIA-DAT-L4-003,"Tốc độ: Bảng số liệu, biểu đồ & Atlat — cấp 4",Khoa học,"Bảng số liệu, biểu đồ & Atlat",2,4,Tốc độ,132,"Hoàn thành 8 câu chuyên đề ""Bảng số liệu, biểu đồ & Atlat"" trong khoảng 7 phút, lần lượt qua 3 chặng: khởi động → rèn luyện → bứt tốc. Đúng từ 6 câu là hoàn thành; đúng từ 7 câu được tính là thành thạo và cộng điểm lên cấp. Tinh thần cấp 4: Giữ độ chính xác khi thời gian bắt đầu siết lại.",Thời gian bị siết còn 75% mức chuẩn. Quá giờ vẫn chấm nhưng không tính thành thạo.
NV-1853,PL-DIA-DAT-L4-004,"Chính xác: Bảng số liệu, biểu đồ & Atlat — cấp 4",Khoa học,"Bảng số liệu, biểu đồ & Atlat",2,4,Chính xác,132,"Hoàn thành 8 câu chuyên đề ""Bảng số liệu, biểu đồ & Atlat"" trong khoảng 10 phút, lần lượt qua 3 chặng: khởi động → rèn luyện → bứt tốc. Đúng từ 6 câu là hoàn thành; đúng từ 7 câu được tính là thành thạo và cộng điểm lên cấp. Tinh thần cấp 4: Giữ độ chính xác khi thời gian bắt đầu siết lại.",Sai quá 2 câu là phải làm lại phiếu trước khi đi tiếp.
NV-1854,PL-DIA-DAT-L4-005,"Tổng hợp: Bảng số liệu, biểu đồ & Atlat — cấp 4",Khoa học,"Bảng số liệu, biểu đồ & Atlat",2,4,Tổng hợp,138,"Hoàn thành 8 câu chuyên đề ""Bảng số liệu, biểu đồ & Atlat"" trong khoảng 9 phút, lần lượt qua 3 chặng: khởi động → rèn luyện → bứt tốc. Đúng từ 6 câu là hoàn thành; đúng từ 7 câu được tính là thành thạo và cộng điểm lên cấp. Tinh thần cấp 4: Giữ độ chính xác khi thời gian bắt đầu siết lại.",Không được biết trước dạng bài của từng câu.
NV-1855,PL-DIA-DAT-L4-006,"Thử thách: Bảng số liệu, biểu đồ & Atlat — cấp 4",Khoa học,"Bảng số liệu, biểu đồ & Atlat",2,4,Thử thách,168,"Hoàn thành 8 câu chuyên đề ""Bảng số liệu, biểu đồ & Atlat"" trong khoảng 9 phút, lần lượt qua 3 chặng: khởi động → rèn luyện → bứt tốc. Đúng từ 6 câu là hoàn thành; đúng từ 7 câu được tính là thành thạo và cộng điểm lên cấp. Tinh thần cấp 4: Giữ độ chính xác khi thời gian bắt đầu siết lại.",Đạt từ 85% mới được tính là vượt thử thách.
NV-1856,PL-DIA-DAT-L4-007,"Vượt ải: Bảng số liệu, biểu đồ & Atlat — cấp 4",Khoa học,"Bảng số liệu, biểu đồ & Atlat",2,4,Vượt ải,216,"Hoàn thành 8 câu chuyên đề ""Bảng số liệu, biểu đồ & Atlat"" trong khoảng 8 phút, lần lượt qua 3 chặng: khởi động → rèn luyện → bứt tốc. Đúng từ 6 câu là hoàn thành; đúng từ 8 câu được tính là thành thạo và cộng điểm lên cấp. Tinh thần cấp 4: Giữ độ chính xác khi thời gian bắt đầu siết lại.",Phải đạt từ 90% để mở khóa cấp độ tiếp theo của tuyến này.
NV-1857,PL-DIA-DAT-L5-001,"Khởi động: Bảng số liệu, biểu đồ & Atlat — cấp 5",Khoa học,"Bảng số liệu, biểu đồ & Atlat",3,5,Khởi động,112,"Hoàn thành 8 câu chuyên đề ""Bảng số liệu, biểu đồ & Atlat"" trong khoảng 12 phút, lần lượt qua 3 chặng: khởi động → rèn luyện → bứt tốc. Đúng từ 6 câu là hoàn thành; đúng từ 7 câu được tính là thành thạo và cộng điểm lên cấp. Tinh thần cấp 5: Xử lý câu phân loại mà không mất nhịp.","Không giới hạn thời gian. Mục tiêu là làm đúng, chưa cần nhanh."
NV-1858,PL-DIA-DAT-L5-002,"Rèn kỹ năng: Bảng số liệu, biểu đồ & Atlat — cấp 5",Khoa học,"Bảng số liệu, biểu đồ & Atlat",3,5,Rèn kỹ năng,160,"Hoàn thành 8 câu chuyên đề ""Bảng số liệu, biểu đồ & Atlat"" trong khoảng 9 phút, lần lượt qua 3 chặng: khởi động → rèn luyện → bứt tốc. Đúng từ 6 câu là hoàn thành; đúng từ 7 câu được tính là thành thạo và cộng điểm lên cấp. Tinh thần cấp 5: Xử lý câu phân loại mà không mất nhịp.","Hoàn thành đủ 3 chặng trong một lượt, không rời phiếu giữa chừng."
NV-1859,PL-DIA-DAT-L5-003,"Tốc độ: Bảng số liệu, biểu đồ & Atlat — cấp 5",Khoa học,"Bảng số liệu, biểu đồ & Atlat",3,5,Tốc độ,176,"Hoàn thành 8 câu chuyên đề ""Bảng số liệu, biểu đồ & Atlat"" trong khoảng 7 phút, lần lượt qua 3 chặng: khởi động → rèn luyện → bứt tốc. Đúng từ 6 câu là hoàn thành; đúng từ 7 câu được tính là thành thạo và cộng điểm lên cấp. Tinh thần cấp 5: Xử lý câu phân loại mà không mất nhịp.",Thời gian bị siết còn 75% mức chuẩn. Quá giờ vẫn chấm nhưng không tính thành thạo.
NV-1860,PL-DIA-DAT-L5-004,"Chính xác: Bảng số liệu, biểu đồ & Atlat — cấp 5",Khoa học,"Bảng số liệu, biểu đồ & Atlat",3,5,Chính xác,176,"Hoàn thành 8 câu chuyên đề ""Bảng số liệu, biểu đồ & Atlat"" trong khoảng 11 phút, lần lượt qua 3 chặng: khởi động → rèn luyện → bứt tốc. Đúng từ 6 câu là hoàn thành; đúng từ 7 câu được tính là thành thạo và cộng điểm lên cấp. Tinh thần cấp 5: Xử lý câu phân loại mà không mất nhịp.",Sai quá 2 câu là phải làm lại phiếu trước khi đi tiếp.
NV-1861,PL-DIA-DAT-L5-005,"Thử thách: Bảng số liệu, biểu đồ & Atlat — cấp 5",Khoa học,"Bảng số liệu, biểu đồ & Atlat",3,5,Thử thách,224,"Hoàn thành 8 câu chuyên đề ""Bảng số liệu, biểu đồ & Atlat"" trong khoảng 9 phút, lần lượt qua 3 chặng: khởi động → rèn luyện → bứt tốc. Đúng từ 6 câu là hoàn thành; đúng từ 7 câu được tính là thành thạo và cộng điểm lên cấp. Tinh thần cấp 5: Xử lý câu phân loại mà không mất nhịp.",Đạt từ 85% mới được tính là vượt thử thách.
NV-1862,PL-DIA-DAT-L5-006,"Vượt ải: Bảng số liệu, biểu đồ & Atlat — cấp 5",Khoa học,"Bảng số liệu, biểu đồ & Atlat",3,5,Vượt ải,288,"Hoàn thành 8 câu chuyên đề ""Bảng số liệu, biểu đồ & Atlat"" trong khoảng 9 phút, lần lượt qua 3 chặng: khởi động → rèn luyện → bứt tốc. Đúng từ 6 câu là hoàn thành; đúng từ 8 câu được tính là thành thạo và cộng điểm lên cấp. Tinh thần cấp 5: Xử lý câu phân loại mà không mất nhịp.",Phải đạt từ 90% để mở khóa cấp độ tiếp theo của tuyến này.
NV-1863,PL-DIA-DAT-L6-001,"Khởi động: Bảng số liệu, biểu đồ & Atlat — cấp 6",Khoa học,"Bảng số liệu, biểu đồ & Atlat",3,6,Khởi động,154,"Hoàn thành 8 câu chuyên đề ""Bảng số liệu, biểu đồ & Atlat"" trong khoảng 10 phút, lần lượt qua 3 chặng: khởi động → rèn luyện → bứt tốc. Đúng từ 6 câu là hoàn thành; đúng từ 7 câu được tính là thành thạo và cộng điểm lên cấp. Tinh thần cấp 6: Tốc độ và độ chính xác của nhóm dẫn đầu phổ điểm.","Không giới hạn thời gian. Mục tiêu là làm đúng, chưa cần nhanh."
NV-1864,PL-DIA-DAT-L6-002,"Rèn kỹ năng: Bảng số liệu, biểu đồ & Atlat — cấp 6",Khoa học,"Bảng số liệu, biểu đồ & Atlat",3,6,Rèn kỹ năng,220,"Hoàn thành 8 câu chuyên đề ""Bảng số liệu, biểu đồ & Atlat"" trong khoảng 8 phút, lần lượt qua 3 chặng: khởi động → rèn luyện → bứt tốc. Đúng từ 6 câu là hoàn thành; đúng từ 7 câu được tính là thành thạo và cộng điểm lên cấp. Tinh thần cấp 6: Tốc độ và độ chính xác của nhóm dẫn đầu phổ điểm.","Hoàn thành đủ 3 chặng trong một lượt, không rời phiếu giữa chừng."
NV-1865,PL-DIA-DAT-L6-003,"Thử thách: Bảng số liệu, biểu đồ & Atlat — cấp 6",Khoa học,"Bảng số liệu, biểu đồ & Atlat",3,6,Thử thách,308,"Hoàn thành 8 câu chuyên đề ""Bảng số liệu, biểu đồ & Atlat"" trong khoảng 8 phút, lần lượt qua 3 chặng: khởi động → rèn luyện → bứt tốc. Đúng từ 6 câu là hoàn thành; đúng từ 7 câu được tính là thành thạo và cộng điểm lên cấp. Tinh thần cấp 6: Tốc độ và độ chính xác của nhóm dẫn đầu phổ điểm.",Đạt từ 85% mới được tính là vượt thử thách.
NV-1866,PL-DIA-DAT-L6-004,"Vượt ải: Bảng số liệu, biểu đồ & Atlat — cấp 6",Khoa học,"Bảng số liệu, biểu đồ & Atlat",3,6,Vượt ải,396,"Hoàn thành 8 câu chuyên đề ""Bảng số liệu, biểu đồ & Atlat"" trong khoảng 8 phút, lần lượt qua 3 chặng: khởi động → rèn luyện → bứt tốc. Đúng từ 6 câu là hoàn thành; đúng từ 8 câu được tính là thành thạo và cộng điểm lên cấp. Tinh thần cấp 6: Tốc độ và độ chính xác của nhóm dẫn đầu phổ điểm.",Phải đạt từ 90% để mở khóa cấp độ tiếp theo của tuyến này.
NV-1867,PL-ANH-GRA-L1-001,Khởi động: Grammar & Structure — cấp 1,Khoa học,Grammar & Structure,1,1,Khởi động,28,"Hoàn thành 8 câu chuyên đề ""Grammar & Structure"" trong khoảng 10 phút, lần lượt qua 3 chặng: khởi động → rèn luyện → bứt tốc. Đúng từ 6 câu là hoàn thành; đúng từ 7 câu được tính là thành thạo và cộng điểm lên cấp. Tinh thần cấp 1: Nhận diện dạng bài và nhớ lại công thức nền.","Không giới hạn thời gian. Mục tiêu là làm đúng, chưa cần nhanh."
NV-1868,PL-ANH-GRA-L1-002,Rèn kỹ năng: Grammar & Structure — cấp 1,Khoa học,Grammar & Structure,1,1,Rèn kỹ năng,40,"Hoàn thành 8 câu chuyên đề ""Grammar & Structure"" trong khoảng 8 phút, lần lượt qua 3 chặng: khởi động → rèn luyện → bứt tốc. Đúng từ 6 câu là hoàn thành; đúng từ 7 câu được tính là thành thạo và cộng điểm lên cấp. Tinh thần cấp 1: Nhận diện dạng bài và nhớ lại công thức nền.","Hoàn thành đủ 3 chặng trong một lượt, không rời phiếu giữa chừng."
NV-1869,PL-ANH-GRA-L1-003,Tốc độ: Grammar & Structure — cấp 1,Khoa học,Grammar & Structure,1,1,Tốc độ,44,"Hoàn thành 8 câu chuyên đề ""Grammar & Structure"" trong khoảng 6 phút, lần lượt qua 3 chặng: khởi động → rèn luyện → bứt tốc. Đúng từ 6 câu là hoàn thành; đúng từ 7 câu được tính là thành thạo và cộng điểm lên cấp. Tinh thần cấp 1: Nhận diện dạng bài và nhớ lại công thức nền.",Thời gian bị siết còn 75% mức chuẩn. Quá giờ vẫn chấm nhưng không tính thành thạo.
NV-1870,PL-ANH-GRA-L1-004,Chính xác: Grammar & Structure — cấp 1,Khoa học,Grammar & Structure,1,1,Chính xác,44,"Hoàn thành 8 câu chuyên đề ""Grammar & Structure"" trong khoảng 9 phút, lần lượt qua 3 chặng: khởi động → rèn luyện → bứt tốc. Đúng từ 6 câu là hoàn thành; đúng từ 7 câu được tính là thành thạo và cộng điểm lên cấp. Tinh thần cấp 1: Nhận diện dạng bài và nhớ lại công thức nền.",Sai quá 2 câu là phải làm lại phiếu trước khi đi tiếp.
NV-1871,PL-ANH-GRA-L1-005,Thử thách: Grammar & Structure — cấp 1,Khoa học,Grammar & Structure,1,1,Thử thách,56,"Hoàn thành 8 câu chuyên đề ""Grammar & Structure"" trong khoảng 8 phút, lần lượt qua 3 chặng: khởi động → rèn luyện → bứt tốc. Đúng từ 6 câu là hoàn thành; đúng từ 7 câu được tính là thành thạo và cộng điểm lên cấp. Tinh thần cấp 1: Nhận diện dạng bài và nhớ lại công thức nền.",Đạt từ 85% mới được tính là vượt thử thách.
NV-1872,PL-ANH-GRA-L1-006,Vượt ải: Grammar & Structure — cấp 1,Khoa học,Grammar & Structure,1,1,Vượt ải,72,"Hoàn thành 8 câu chuyên đề ""Grammar & Structure"" trong khoảng 8 phút, lần lượt qua 3 chặng: khởi động → rèn luyện → bứt tốc. Đúng từ 6 câu là hoàn thành; đúng từ 8 câu được tính là thành thạo và cộng điểm lên cấp. Tinh thần cấp 1: Nhận diện dạng bài và nhớ lại công thức nền.",Phải đạt từ 90% để mở khóa cấp độ tiếp theo của tuyến này.
NV-1873,PL-ANH-GRA-L2-001,Khởi động: Grammar & Structure — cấp 2,Khoa học,Grammar & Structure,1,2,Khởi động,42,"Hoàn thành 10 câu chuyên đề ""Grammar & Structure"" trong khoảng 15 phút, lần lượt qua 3 chặng: khởi động → rèn luyện → bứt tốc. Đúng từ 7 câu là hoàn thành; đúng từ 9 câu được tính là thành thạo và cộng điểm lên cấp. Tinh thần cấp 2: Làm đúng dạng chuẩn mà không cần nhìn gợi ý.","Không giới hạn thời gian. Mục tiêu là làm đúng, chưa cần nhanh."
NV-1874,PL-ANH-GRA-L2-002,Rèn kỹ năng: Grammar & Structure — cấp 2,Khoa học,Grammar & Structure,1,2,Rèn kỹ năng,60,"Hoàn thành 10 câu chuyên đề ""Grammar & Structure"" trong khoảng 12 phút, lần lượt qua 3 chặng: khởi động → rèn luyện → bứt tốc. Đúng từ 7 câu là hoàn thành; đúng từ 9 câu được tính là thành thạo và cộng điểm lên cấp. Tinh thần cấp 2: Làm đúng dạng chuẩn mà không cần nhìn gợi ý.","Hoàn thành đủ 3 chặng trong một lượt, không rời phiếu giữa chừng."
NV-1875,PL-ANH-GRA-L2-003,Tốc độ: Grammar & Structure — cấp 2,Khoa học,Grammar & Structure,1,2,Tốc độ,66,"Hoàn thành 10 câu chuyên đề ""Grammar & Structure"" trong khoảng 9 phút, lần lượt qua 3 chặng: khởi động → rèn luyện → bứt tốc. Đúng từ 7 câu là hoàn thành; đúng từ 9 câu được tính là thành thạo và cộng điểm lên cấp. Tinh thần cấp 2: Làm đúng dạng chuẩn mà không cần nhìn gợi ý.",Thời gian bị siết còn 75% mức chuẩn. Quá giờ vẫn chấm nhưng không tính thành thạo.
NV-1876,PL-ANH-GRA-L2-004,Chính xác: Grammar & Structure — cấp 2,Khoa học,Grammar & Structure,1,2,Chính xác,66,"Hoàn thành 10 câu chuyên đề ""Grammar & Structure"" trong khoảng 13 phút, lần lượt qua 3 chặng: khởi động → rèn luyện → bứt tốc. Đúng từ 7 câu là hoàn thành; đúng từ 9 câu được tính là thành thạo và cộng điểm lên cấp. Tinh thần cấp 2: Làm đúng dạng chuẩn mà không cần nhìn gợi ý.",Sai quá 2 câu là phải làm lại phiếu trước khi đi tiếp.
NV-1877,PL-ANH-GRA-L2-005,Tổng hợp: Grammar & Structure — cấp 2,Khoa học,Grammar & Structure,1,2,Tổng hợp,69,"Hoàn thành 10 câu chuyên đề ""Grammar & Structure"" trong khoảng 12 phút, lần lượt qua 3 chặng: khởi động → rèn luyện → bứt tốc. Đúng từ 7 câu là hoàn thành; đúng từ 9 câu được tính là thành thạo và cộng điểm lên cấp. Tinh thần cấp 2: Làm đúng dạng chuẩn mà không cần nhìn gợi ý.",Không được biết trước dạng bài của từng câu.
NV-1878,PL-ANH-GRA-L2-006,Ôn lại: Grammar & Structure — cấp 2,Khoa học,Grammar & Structure,1,2,Ôn lại,54,"Hoàn thành 10 câu chuyên đề ""Grammar & Structure"" trong khoảng 13 phút, lần lượt qua 3 chặng: khởi động → rèn luyện → bứt tốc. Đúng từ 7 câu là hoàn thành; đúng từ 9 câu được tính là thành thạo và cộng điểm lên cấp. Tinh thần cấp 2: Làm đúng dạng chuẩn mà không cần nhìn gợi ý.",Nên làm sau buổi học chính ít nhất một ngày.
NV-1879,PL-ANH-GRA-L2-007,Thử thách: Grammar & Structure — cấp 2,Khoa học,Grammar & Structure,1,2,Thử thách,84,"Hoàn thành 10 câu chuyên đề ""Grammar & Structure"" trong khoảng 12 phút, lần lượt qua 3 chặng: khởi động → rèn luyện → bứt tốc. Đúng từ 7 câu là hoàn thành; đúng từ 9 câu được tính là thành thạo và cộng điểm lên cấp. Tinh thần cấp 2: Làm đúng dạng chuẩn mà không cần nhìn gợi ý.",Đạt từ 85% mới được tính là vượt thử thách.
NV-1880,PL-ANH-GRA-L2-008,Vượt ải: Grammar & Structure — cấp 2,Khoa học,Grammar & Structure,1,2,Vượt ải,108,"Hoàn thành 10 câu chuyên đề ""Grammar & Structure"" trong khoảng 11 phút, lần lượt qua 3 chặng: khởi động → rèn luyện → bứt tốc. Đúng từ 7 câu là hoàn thành; đúng từ 9 câu được tính là thành thạo và cộng điểm lên cấp. Tinh thần cấp 2: Làm đúng dạng chuẩn mà không cần nhìn gợi ý.",Phải đạt từ 90% để mở khóa cấp độ tiếp theo của tuyến này.
NV-1881,PL-ANH-GRA-L3-001,Khởi động: Grammar & Structure — cấp 3,Khoa học,Grammar & Structure,2,3,Khởi động,63,"Hoàn thành 12 câu chuyên đề ""Grammar & Structure"" trong khoảng 19 phút, lần lượt qua 3 chặng: khởi động → rèn luyện → bứt tốc. Đúng từ 9 câu là hoàn thành; đúng từ 11 câu được tính là thành thạo và cộng điểm lên cấp. Tinh thần cấp 3: Ghép nhiều bước và tránh các bẫy quen thuộc.","Không giới hạn thời gian. Mục tiêu là làm đúng, chưa cần nhanh."
NV-1882,PL-ANH-GRA-L3-002,Rèn kỹ năng: Grammar & Structure — cấp 3,Khoa học,Grammar & Structure,2,3,Rèn kỹ năng,90,"Hoàn thành 12 câu chuyên đề ""Grammar & Structure"" trong khoảng 15 phút, lần lượt qua 3 chặng: khởi động → rèn luyện → bứt tốc. Đúng từ 9 câu là hoàn thành; đúng từ 11 câu được tính là thành thạo và cộng điểm lên cấp. Tinh thần cấp 3: Ghép nhiều bước và tránh các bẫy quen thuộc.","Hoàn thành đủ 3 chặng trong một lượt, không rời phiếu giữa chừng."
NV-1883,PL-ANH-GRA-L3-003,Tốc độ: Grammar & Structure — cấp 3,Khoa học,Grammar & Structure,2,3,Tốc độ,99,"Hoàn thành 12 câu chuyên đề ""Grammar & Structure"" trong khoảng 11 phút, lần lượt qua 3 chặng: khởi động → rèn luyện → bứt tốc. Đúng từ 9 câu là hoàn thành; đúng từ 11 câu được tính là thành thạo và cộng điểm lên cấp. Tinh thần cấp 3: Ghép nhiều bước và tránh các bẫy quen thuộc.",Thời gian bị siết còn 75% mức chuẩn. Quá giờ vẫn chấm nhưng không tính thành thạo.
NV-1884,PL-ANH-GRA-L3-004,Chính xác: Grammar & Structure — cấp 3,Khoa học,Grammar & Structure,2,3,Chính xác,99,"Hoàn thành 12 câu chuyên đề ""Grammar & Structure"" trong khoảng 17 phút, lần lượt qua 3 chặng: khởi động → rèn luyện → bứt tốc. Đúng từ 9 câu là hoàn thành; đúng từ 11 câu được tính là thành thạo và cộng điểm lên cấp. Tinh thần cấp 3: Ghép nhiều bước và tránh các bẫy quen thuộc.",Sai quá 2 câu là phải làm lại phiếu trước khi đi tiếp.
NV-1885,PL-ANH-GRA-L3-005,Tổng hợp: Grammar & Structure — cấp 3,Khoa học,Grammar & Structure,2,3,Tổng hợp,103,"Hoàn thành 12 câu chuyên đề ""Grammar & Structure"" trong khoảng 15 phút, lần lượt qua 3 chặng: khởi động → rèn luyện → bứt tốc. Đúng từ 9 câu là hoàn thành; đúng từ 11 câu được tính là thành thạo và cộng điểm lên cấp. Tinh thần cấp 3: Ghép nhiều bước và tránh các bẫy quen thuộc.",Không được biết trước dạng bài của từng câu.
NV-1886,PL-ANH-GRA-L3-006,Ôn lại: Grammar & Structure — cấp 3,Khoa học,Grammar & Structure,2,3,Ôn lại,81,"Hoàn thành 12 câu chuyên đề ""Grammar & Structure"" trong khoảng 17 phút, lần lượt qua 3 chặng: khởi động → rèn luyện → bứt tốc. Đúng từ 9 câu là hoàn thành; đúng từ 11 câu được tính là thành thạo và cộng điểm lên cấp. Tinh thần cấp 3: Ghép nhiều bước và tránh các bẫy quen thuộc.",Nên làm sau buổi học chính ít nhất một ngày.
NV-1887,PL-ANH-GRA-L3-007,Khởi động: Grammar & Structure — cấp 3,Khoa học,Grammar & Structure,2,3,Khởi động,63,"Hoàn thành 12 câu chuyên đề ""Grammar & Structure"" trong khoảng 19 phút, lần lượt qua 3 chặng: khởi động → rèn luyện → bứt tốc. Đúng từ 9 câu là hoàn thành; đúng từ 11 câu được tính là thành thạo và cộng điểm lên cấp. Tinh thần cấp 3: Ghép nhiều bước và tránh các bẫy quen thuộc.","Không giới hạn thời gian. Mục tiêu là làm đúng, chưa cần nhanh."
NV-1888,PL-ANH-GRA-L3-008,Thử thách: Grammar & Structure — cấp 3,Khoa học,Grammar & Structure,2,3,Thử thách,126,"Hoàn thành 12 câu chuyên đề ""Grammar & Structure"" trong khoảng 15 phút, lần lượt qua 3 chặng: khởi động → rèn luyện → bứt tốc. Đúng từ 9 câu là hoàn thành; đúng từ 11 câu được tính là thành thạo và cộng điểm lên cấp. Tinh thần cấp 3: Ghép nhiều bước và tránh các bẫy quen thuộc.",Đạt từ 85% mới được tính là vượt thử thách.
NV-1889,PL-ANH-GRA-L3-009,Vượt ải: Grammar & Structure — cấp 3,Khoa học,Grammar & Structure,2,3,Vượt ải,162,"Hoàn thành 12 câu chuyên đề ""Grammar & Structure"" trong khoảng 14 phút, lần lượt qua 3 chặng: khởi động → rèn luyện → bứt tốc. Đúng từ 9 câu là hoàn thành; đúng từ 11 câu được tính là thành thạo và cộng điểm lên cấp. Tinh thần cấp 3: Ghép nhiều bước và tránh các bẫy quen thuộc.",Phải đạt từ 90% để mở khóa cấp độ tiếp theo của tuyến này.
NV-1890,PL-ANH-GRA-L4-001,Khởi động: Grammar & Structure — cấp 4,Khoa học,Grammar & Structure,2,4,Khởi động,84,"Hoàn thành 12 câu chuyên đề ""Grammar & Structure"" trong khoảng 16 phút, lần lượt qua 3 chặng: khởi động → rèn luyện → bứt tốc. Đúng từ 9 câu là hoàn thành; đúng từ 11 câu được tính là thành thạo và cộng điểm lên cấp. Tinh thần cấp 4: Giữ độ chính xác khi thời gian bắt đầu siết lại.","Không giới hạn thời gian. Mục tiêu là làm đúng, chưa cần nhanh."
NV-1891,PL-ANH-GRA-L4-002,Rèn kỹ năng: Grammar & Structure — cấp 4,Khoa học,Grammar & Structure,2,4,Rèn kỹ năng,120,"Hoàn thành 12 câu chuyên đề ""Grammar & Structure"" trong khoảng 13 phút, lần lượt qua 3 chặng: khởi động → rèn luyện → bứt tốc. Đúng từ 9 câu là hoàn thành; đúng từ 11 câu được tính là thành thạo và cộng điểm lên cấp. Tinh thần cấp 4: Giữ độ chính xác khi thời gian bắt đầu siết lại.","Hoàn thành đủ 3 chặng trong một lượt, không rời phiếu giữa chừng."
NV-1892,PL-ANH-GRA-L4-003,Tốc độ: Grammar & Structure — cấp 4,Khoa học,Grammar & Structure,2,4,Tốc độ,132,"Hoàn thành 12 câu chuyên đề ""Grammar & Structure"" trong khoảng 10 phút, lần lượt qua 3 chặng: khởi động → rèn luyện → bứt tốc. Đúng từ 9 câu là hoàn thành; đúng từ 11 câu được tính là thành thạo và cộng điểm lên cấp. Tinh thần cấp 4: Giữ độ chính xác khi thời gian bắt đầu siết lại.",Thời gian bị siết còn 75% mức chuẩn. Quá giờ vẫn chấm nhưng không tính thành thạo.
NV-1893,PL-ANH-GRA-L4-004,Chính xác: Grammar & Structure — cấp 4,Khoa học,Grammar & Structure,2,4,Chính xác,132,"Hoàn thành 12 câu chuyên đề ""Grammar & Structure"" trong khoảng 15 phút, lần lượt qua 3 chặng: khởi động → rèn luyện → bứt tốc. Đúng từ 9 câu là hoàn thành; đúng từ 11 câu được tính là thành thạo và cộng điểm lên cấp. Tinh thần cấp 4: Giữ độ chính xác khi thời gian bắt đầu siết lại.",Sai quá 2 câu là phải làm lại phiếu trước khi đi tiếp.
NV-1894,PL-ANH-GRA-L4-005,Tổng hợp: Grammar & Structure — cấp 4,Khoa học,Grammar & Structure,2,4,Tổng hợp,138,"Hoàn thành 12 câu chuyên đề ""Grammar & Structure"" trong khoảng 13 phút, lần lượt qua 3 chặng: khởi động → rèn luyện → bứt tốc. Đúng từ 9 câu là hoàn thành; đúng từ 11 câu được tính là thành thạo và cộng điểm lên cấp. Tinh thần cấp 4: Giữ độ chính xác khi thời gian bắt đầu siết lại.",Không được biết trước dạng bài của từng câu.
NV-1895,PL-ANH-GRA-L4-006,Ôn lại: Grammar & Structure — cấp 4,Khoa học,Grammar & Structure,2,4,Ôn lại,108,"Hoàn thành 12 câu chuyên đề ""Grammar & Structure"" trong khoảng 14 phút, lần lượt qua 3 chặng: khởi động → rèn luyện → bứt tốc. Đúng từ 9 câu là hoàn thành; đúng từ 11 câu được tính là thành thạo và cộng điểm lên cấp. Tinh thần cấp 4: Giữ độ chính xác khi thời gian bắt đầu siết lại.",Nên làm sau buổi học chính ít nhất một ngày.
NV-1896,PL-ANH-GRA-L4-007,Khởi động: Grammar & Structure — cấp 4,Khoa học,Grammar & Structure,2,4,Khởi động,84,"Hoàn thành 12 câu chuyên đề ""Grammar & Structure"" trong khoảng 16 phút, lần lượt qua 3 chặng: khởi động → rèn luyện → bứt tốc. Đúng từ 9 câu là hoàn thành; đúng từ 11 câu được tính là thành thạo và cộng điểm lên cấp. Tinh thần cấp 4: Giữ độ chính xác khi thời gian bắt đầu siết lại.","Không giới hạn thời gian. Mục tiêu là làm đúng, chưa cần nhanh."
NV-1897,PL-ANH-GRA-L4-008,Thử thách: Grammar & Structure — cấp 4,Khoa học,Grammar & Structure,2,4,Thử thách,168,"Hoàn thành 12 câu chuyên đề ""Grammar & Structure"" trong khoảng 13 phút, lần lượt qua 3 chặng: khởi động → rèn luyện → bứt tốc. Đúng từ 9 câu là hoàn thành; đúng từ 11 câu được tính là thành thạo và cộng điểm lên cấp. Tinh thần cấp 4: Giữ độ chính xác khi thời gian bắt đầu siết lại.",Đạt từ 85% mới được tính là vượt thử thách.
NV-1898,PL-ANH-GRA-L4-009,Vượt ải: Grammar & Structure — cấp 4,Khoa học,Grammar & Structure,2,4,Vượt ải,216,"Hoàn thành 12 câu chuyên đề ""Grammar & Structure"" trong khoảng 12 phút, lần lượt qua 3 chặng: khởi động → rèn luyện → bứt tốc. Đúng từ 9 câu là hoàn thành; đúng từ 11 câu được tính là thành thạo và cộng điểm lên cấp. Tinh thần cấp 4: Giữ độ chính xác khi thời gian bắt đầu siết lại.",Phải đạt từ 90% để mở khóa cấp độ tiếp theo của tuyến này.
NV-1899,PL-ANH-GRA-L5-001,Khởi động: Grammar & Structure — cấp 5,Khoa học,Grammar & Structure,3,5,Khởi động,112,"Hoàn thành 14 câu chuyên đề ""Grammar & Structure"" trong khoảng 20 phút, lần lượt qua 3 chặng: khởi động → rèn luyện → bứt tốc. Đúng từ 10 câu là hoàn thành; đúng từ 12 câu được tính là thành thạo và cộng điểm lên cấp. Tinh thần cấp 5: Xử lý câu phân loại mà không mất nhịp.","Không giới hạn thời gian. Mục tiêu là làm đúng, chưa cần nhanh."
NV-1900,PL-ANH-GRA-L5-002,Rèn kỹ năng: Grammar & Structure — cấp 5,Khoa học,Grammar & Structure,3,5,Rèn kỹ năng,160,"Hoàn thành 14 câu chuyên đề ""Grammar & Structure"" trong khoảng 16 phút, lần lượt qua 3 chặng: khởi động → rèn luyện → bứt tốc. Đúng từ 10 câu là hoàn thành; đúng từ 12 câu được tính là thành thạo và cộng điểm lên cấp. Tinh thần cấp 5: Xử lý câu phân loại mà không mất nhịp.","Hoàn thành đủ 3 chặng trong một lượt, không rời phiếu giữa chừng."
NV-1901,PL-ANH-GRA-L5-003,Tốc độ: Grammar & Structure — cấp 5,Khoa học,Grammar & Structure,3,5,Tốc độ,176,"Hoàn thành 14 câu chuyên đề ""Grammar & Structure"" trong khoảng 12 phút, lần lượt qua 3 chặng: khởi động → rèn luyện → bứt tốc. Đúng từ 10 câu là hoàn thành; đúng từ 12 câu được tính là thành thạo và cộng điểm lên cấp. Tinh thần cấp 5: Xử lý câu phân loại mà không mất nhịp.",Thời gian bị siết còn 75% mức chuẩn. Quá giờ vẫn chấm nhưng không tính thành thạo.
NV-1902,PL-ANH-GRA-L5-004,Chính xác: Grammar & Structure — cấp 5,Khoa học,Grammar & Structure,3,5,Chính xác,176,"Hoàn thành 14 câu chuyên đề ""Grammar & Structure"" trong khoảng 19 phút, lần lượt qua 3 chặng: khởi động → rèn luyện → bứt tốc. Đúng từ 10 câu là hoàn thành; đúng từ 12 câu được tính là thành thạo và cộng điểm lên cấp. Tinh thần cấp 5: Xử lý câu phân loại mà không mất nhịp.",Sai quá 2 câu là phải làm lại phiếu trước khi đi tiếp.
NV-1903,PL-ANH-GRA-L5-005,Tổng hợp: Grammar & Structure — cấp 5,Khoa học,Grammar & Structure,3,5,Tổng hợp,184,"Hoàn thành 14 câu chuyên đề ""Grammar & Structure"" trong khoảng 16 phút, lần lượt qua 3 chặng: khởi động → rèn luyện → bứt tốc. Đúng từ 10 câu là hoàn thành; đúng từ 12 câu được tính là thành thạo và cộng điểm lên cấp. Tinh thần cấp 5: Xử lý câu phân loại mà không mất nhịp.",Không được biết trước dạng bài của từng câu.
NV-1904,PL-ANH-GRA-L5-006,Thử thách: Grammar & Structure — cấp 5,Khoa học,Grammar & Structure,3,5,Thử thách,224,"Hoàn thành 14 câu chuyên đề ""Grammar & Structure"" trong khoảng 16 phút, lần lượt qua 3 chặng: khởi động → rèn luyện → bứt tốc. Đúng từ 10 câu là hoàn thành; đúng từ 12 câu được tính là thành thạo và cộng điểm lên cấp. Tinh thần cấp 5: Xử lý câu phân loại mà không mất nhịp.",Đạt từ 85% mới được tính là vượt thử thách.
NV-1905,PL-ANH-GRA-L5-007,Vượt ải: Grammar & Structure — cấp 5,Khoa học,Grammar & Structure,3,5,Vượt ải,288,"Hoàn thành 14 câu chuyên đề ""Grammar & Structure"" trong khoảng 16 phút, lần lượt qua 3 chặng: khởi động → rèn luyện → bứt tốc. Đúng từ 10 câu là hoàn thành; đúng từ 13 câu được tính là thành thạo và cộng điểm lên cấp. Tinh thần cấp 5: Xử lý câu phân loại mà không mất nhịp.",Phải đạt từ 90% để mở khóa cấp độ tiếp theo của tuyến này.
NV-1906,PL-ANH-GRA-L6-001,Khởi động: Grammar & Structure — cấp 6,Khoa học,Grammar & Structure,3,6,Khởi động,154,"Hoàn thành 15 câu chuyên đề ""Grammar & Structure"" trong khoảng 19 phút, lần lượt qua 3 chặng: khởi động → rèn luyện → bứt tốc. Đúng từ 11 câu là hoàn thành; đúng từ 13 câu được tính là thành thạo và cộng điểm lên cấp. Tinh thần cấp 6: Tốc độ và độ chính xác của nhóm dẫn đầu phổ điểm.","Không giới hạn thời gian. Mục tiêu là làm đúng, chưa cần nhanh."
NV-1907,PL-ANH-GRA-L6-002,Rèn kỹ năng: Grammar & Structure — cấp 6,Khoa học,Grammar & Structure,3,6,Rèn kỹ năng,220,"Hoàn thành 15 câu chuyên đề ""Grammar & Structure"" trong khoảng 15 phút, lần lượt qua 3 chặng: khởi động → rèn luyện → bứt tốc. Đúng từ 11 câu là hoàn thành; đúng từ 13 câu được tính là thành thạo và cộng điểm lên cấp. Tinh thần cấp 6: Tốc độ và độ chính xác của nhóm dẫn đầu phổ điểm.","Hoàn thành đủ 3 chặng trong một lượt, không rời phiếu giữa chừng."
NV-1908,PL-ANH-GRA-L6-003,Tốc độ: Grammar & Structure — cấp 6,Khoa học,Grammar & Structure,3,6,Tốc độ,242,"Hoàn thành 15 câu chuyên đề ""Grammar & Structure"" trong khoảng 11 phút, lần lượt qua 3 chặng: khởi động → rèn luyện → bứt tốc. Đúng từ 11 câu là hoàn thành; đúng từ 13 câu được tính là thành thạo và cộng điểm lên cấp. Tinh thần cấp 6: Tốc độ và độ chính xác của nhóm dẫn đầu phổ điểm.",Thời gian bị siết còn 75% mức chuẩn. Quá giờ vẫn chấm nhưng không tính thành thạo.
NV-1909,PL-ANH-GRA-L6-004,Thử thách: Grammar & Structure — cấp 6,Khoa học,Grammar & Structure,3,6,Thử thách,308,"Hoàn thành 15 câu chuyên đề ""Grammar & Structure"" trong khoảng 15 phút, lần lượt qua 3 chặng: khởi động → rèn luyện → bứt tốc. Đúng từ 11 câu là hoàn thành; đúng từ 13 câu được tính là thành thạo và cộng điểm lên cấp. Tinh thần cấp 6: Tốc độ và độ chính xác của nhóm dẫn đầu phổ điểm.",Đạt từ 85% mới được tính là vượt thử thách.
NV-1910,PL-ANH-GRA-L6-005,Vượt ải: Grammar & Structure — cấp 6,Khoa học,Grammar & Structure,3,6,Vượt ải,396,"Hoàn thành 15 câu chuyên đề ""Grammar & Structure"" trong khoảng 14 phút, lần lượt qua 3 chặng: khởi động → rèn luyện → bứt tốc. Đúng từ 11 câu là hoàn thành; đúng từ 14 câu được tính là thành thạo và cộng điểm lên cấp. Tinh thần cấp 6: Tốc độ và độ chính xác của nhóm dẫn đầu phổ điểm.",Phải đạt từ 90% để mở khóa cấp độ tiếp theo của tuyến này.
NV-1911,PL-ANH-VOC-L1-001,Khởi động: Vocabulary & Collocation — cấp 1,Khoa học,Vocabulary & Collocation,1,1,Khởi động,28,"Hoàn thành 8 câu chuyên đề ""Vocabulary & Collocation"" trong khoảng 10 phút, lần lượt qua 3 chặng: khởi động → rèn luyện → bứt tốc. Đúng từ 6 câu là hoàn thành; đúng từ 7 câu được tính là thành thạo và cộng điểm lên cấp. Tinh thần cấp 1: Nhận diện dạng bài và nhớ lại công thức nền.","Không giới hạn thời gian. Mục tiêu là làm đúng, chưa cần nhanh."
NV-1912,PL-ANH-VOC-L1-002,Rèn kỹ năng: Vocabulary & Collocation — cấp 1,Khoa học,Vocabulary & Collocation,1,1,Rèn kỹ năng,40,"Hoàn thành 8 câu chuyên đề ""Vocabulary & Collocation"" trong khoảng 8 phút, lần lượt qua 3 chặng: khởi động → rèn luyện → bứt tốc. Đúng từ 6 câu là hoàn thành; đúng từ 7 câu được tính là thành thạo và cộng điểm lên cấp. Tinh thần cấp 1: Nhận diện dạng bài và nhớ lại công thức nền.","Hoàn thành đủ 3 chặng trong một lượt, không rời phiếu giữa chừng."
NV-1913,PL-ANH-VOC-L1-003,Tốc độ: Vocabulary & Collocation — cấp 1,Khoa học,Vocabulary & Collocation,1,1,Tốc độ,44,"Hoàn thành 8 câu chuyên đề ""Vocabulary & Collocation"" trong khoảng 6 phút, lần lượt qua 3 chặng: khởi động → rèn luyện → bứt tốc. Đúng từ 6 câu là hoàn thành; đúng từ 7 câu được tính là thành thạo và cộng điểm lên cấp. Tinh thần cấp 1: Nhận diện dạng bài và nhớ lại công thức nền.",Thời gian bị siết còn 75% mức chuẩn. Quá giờ vẫn chấm nhưng không tính thành thạo.
NV-1914,PL-ANH-VOC-L1-004,Chính xác: Vocabulary & Collocation — cấp 1,Khoa học,Vocabulary & Collocation,1,1,Chính xác,44,"Hoàn thành 8 câu chuyên đề ""Vocabulary & Collocation"" trong khoảng 9 phút, lần lượt qua 3 chặng: khởi động → rèn luyện → bứt tốc. Đúng từ 6 câu là hoàn thành; đúng từ 7 câu được tính là thành thạo và cộng điểm lên cấp. Tinh thần cấp 1: Nhận diện dạng bài và nhớ lại công thức nền.",Sai quá 2 câu là phải làm lại phiếu trước khi đi tiếp.
NV-1915,PL-ANH-VOC-L1-005,Thử thách: Vocabulary & Collocation — cấp 1,Khoa học,Vocabulary & Collocation,1,1,Thử thách,56,"Hoàn thành 8 câu chuyên đề ""Vocabulary & Collocation"" trong khoảng 8 phút, lần lượt qua 3 chặng: khởi động → rèn luyện → bứt tốc. Đúng từ 6 câu là hoàn thành; đúng từ 7 câu được tính là thành thạo và cộng điểm lên cấp. Tinh thần cấp 1: Nhận diện dạng bài và nhớ lại công thức nền.",Đạt từ 85% mới được tính là vượt thử thách.
NV-1916,PL-ANH-VOC-L1-006,Vượt ải: Vocabulary & Collocation — cấp 1,Khoa học,Vocabulary & Collocation,1,1,Vượt ải,72,"Hoàn thành 8 câu chuyên đề ""Vocabulary & Collocation"" trong khoảng 8 phút, lần lượt qua 3 chặng: khởi động → rèn luyện → bứt tốc. Đúng từ 6 câu là hoàn thành; đúng từ 8 câu được tính là thành thạo và cộng điểm lên cấp. Tinh thần cấp 1: Nhận diện dạng bài và nhớ lại công thức nền.",Phải đạt từ 90% để mở khóa cấp độ tiếp theo của tuyến này.
NV-1917,PL-ANH-VOC-L2-001,Khởi động: Vocabulary & Collocation — cấp 2,Khoa học,Vocabulary & Collocation,1,2,Khởi động,42,"Hoàn thành 10 câu chuyên đề ""Vocabulary & Collocation"" trong khoảng 15 phút, lần lượt qua 3 chặng: khởi động → rèn luyện → bứt tốc. Đúng từ 7 câu là hoàn thành; đúng từ 9 câu được tính là thành thạo và cộng điểm lên cấp. Tinh thần cấp 2: Làm đúng dạng chuẩn mà không cần nhìn gợi ý.","Không giới hạn thời gian. Mục tiêu là làm đúng, chưa cần nhanh."
NV-1918,PL-ANH-VOC-L2-002,Rèn kỹ năng: Vocabulary & Collocation — cấp 2,Khoa học,Vocabulary & Collocation,1,2,Rèn kỹ năng,60,"Hoàn thành 10 câu chuyên đề ""Vocabulary & Collocation"" trong khoảng 12 phút, lần lượt qua 3 chặng: khởi động → rèn luyện → bứt tốc. Đúng từ 7 câu là hoàn thành; đúng từ 9 câu được tính là thành thạo và cộng điểm lên cấp. Tinh thần cấp 2: Làm đúng dạng chuẩn mà không cần nhìn gợi ý.","Hoàn thành đủ 3 chặng trong một lượt, không rời phiếu giữa chừng."
NV-1919,PL-ANH-VOC-L2-003,Tốc độ: Vocabulary & Collocation — cấp 2,Khoa học,Vocabulary & Collocation,1,2,Tốc độ,66,"Hoàn thành 10 câu chuyên đề ""Vocabulary & Collocation"" trong khoảng 9 phút, lần lượt qua 3 chặng: khởi động → rèn luyện → bứt tốc. Đúng từ 7 câu là hoàn thành; đúng từ 9 câu được tính là thành thạo và cộng điểm lên cấp. Tinh thần cấp 2: Làm đúng dạng chuẩn mà không cần nhìn gợi ý.",Thời gian bị siết còn 75% mức chuẩn. Quá giờ vẫn chấm nhưng không tính thành thạo.
NV-1920,PL-ANH-VOC-L2-004,Chính xác: Vocabulary & Collocation — cấp 2,Khoa học,Vocabulary & Collocation,1,2,Chính xác,66,"Hoàn thành 10 câu chuyên đề ""Vocabulary & Collocation"" trong khoảng 13 phút, lần lượt qua 3 chặng: khởi động → rèn luyện → bứt tốc. Đúng từ 7 câu là hoàn thành; đúng từ 9 câu được tính là thành thạo và cộng điểm lên cấp. Tinh thần cấp 2: Làm đúng dạng chuẩn mà không cần nhìn gợi ý.",Sai quá 2 câu là phải làm lại phiếu trước khi đi tiếp.
NV-1921,PL-ANH-VOC-L2-005,Tổng hợp: Vocabulary & Collocation — cấp 2,Khoa học,Vocabulary & Collocation,1,2,Tổng hợp,69,"Hoàn thành 10 câu chuyên đề ""Vocabulary & Collocation"" trong khoảng 12 phút, lần lượt qua 3 chặng: khởi động → rèn luyện → bứt tốc. Đúng từ 7 câu là hoàn thành; đúng từ 9 câu được tính là thành thạo và cộng điểm lên cấp. Tinh thần cấp 2: Làm đúng dạng chuẩn mà không cần nhìn gợi ý.",Không được biết trước dạng bài của từng câu.
NV-1922,PL-ANH-VOC-L2-006,Thử thách: Vocabulary & Collocation — cấp 2,Khoa học,Vocabulary & Collocation,1,2,Thử thách,84,"Hoàn thành 10 câu chuyên đề ""Vocabulary & Collocation"" trong khoảng 12 phút, lần lượt qua 3 chặng: khởi động → rèn luyện → bứt tốc. Đúng từ 7 câu là hoàn thành; đúng từ 9 câu được tính là thành thạo và cộng điểm lên cấp. Tinh thần cấp 2: Làm đúng dạng chuẩn mà không cần nhìn gợi ý.",Đạt từ 85% mới được tính là vượt thử thách.
NV-1923,PL-ANH-VOC-L2-007,Vượt ải: Vocabulary & Collocation — cấp 2,Khoa học,Vocabulary & Collocation,1,2,Vượt ải,108,"Hoàn thành 10 câu chuyên đề ""Vocabulary & Collocation"" trong khoảng 11 phút, lần lượt qua 3 chặng: khởi động → rèn luyện → bứt tốc. Đúng từ 7 câu là hoàn thành; đúng từ 9 câu được tính là thành thạo và cộng điểm lên cấp. Tinh thần cấp 2: Làm đúng dạng chuẩn mà không cần nhìn gợi ý.",Phải đạt từ 90% để mở khóa cấp độ tiếp theo của tuyến này.
NV-1924,PL-ANH-VOC-L3-001,Khởi động: Vocabulary & Collocation — cấp 3,Khoa học,Vocabulary & Collocation,2,3,Khởi động,63,"Hoàn thành 12 câu chuyên đề ""Vocabulary & Collocation"" trong khoảng 19 phút, lần lượt qua 3 chặng: khởi động → rèn luyện → bứt tốc. Đúng từ 9 câu là hoàn thành; đúng từ 11 câu được tính là thành thạo và cộng điểm lên cấp. Tinh thần cấp 3: Ghép nhiều bước và tránh các bẫy quen thuộc.","Không giới hạn thời gian. Mục tiêu là làm đúng, chưa cần nhanh."
NV-1925,PL-ANH-VOC-L3-002,Rèn kỹ năng: Vocabulary & Collocation — cấp 3,Khoa học,Vocabulary & Collocation,2,3,Rèn kỹ năng,90,"Hoàn thành 12 câu chuyên đề ""Vocabulary & Collocation"" trong khoảng 15 phút, lần lượt qua 3 chặng: khởi động → rèn luyện → bứt tốc. Đúng từ 9 câu là hoàn thành; đúng từ 11 câu được tính là thành thạo và cộng điểm lên cấp. Tinh thần cấp 3: Ghép nhiều bước và tránh các bẫy quen thuộc.","Hoàn thành đủ 3 chặng trong một lượt, không rời phiếu giữa chừng."
NV-1926,PL-ANH-VOC-L3-003,Tốc độ: Vocabulary & Collocation — cấp 3,Khoa học,Vocabulary & Collocation,2,3,Tốc độ,99,"Hoàn thành 12 câu chuyên đề ""Vocabulary & Collocation"" trong khoảng 11 phút, lần lượt qua 3 chặng: khởi động → rèn luyện → bứt tốc. Đúng từ 9 câu là hoàn thành; đúng từ 11 câu được tính là thành thạo và cộng điểm lên cấp. Tinh thần cấp 3: Ghép nhiều bước và tránh các bẫy quen thuộc.",Thời gian bị siết còn 75% mức chuẩn. Quá giờ vẫn chấm nhưng không tính thành thạo.
NV-1927,PL-ANH-VOC-L3-004,Chính xác: Vocabulary & Collocation — cấp 3,Khoa học,Vocabulary & Collocation,2,3,Chính xác,99,"Hoàn thành 12 câu chuyên đề ""Vocabulary & Collocation"" trong khoảng 17 phút, lần lượt qua 3 chặng: khởi động → rèn luyện → bứt tốc. Đúng từ 9 câu là hoàn thành; đúng từ 11 câu được tính là thành thạo và cộng điểm lên cấp. Tinh thần cấp 3: Ghép nhiều bước và tránh các bẫy quen thuộc.",Sai quá 2 câu là phải làm lại phiếu trước khi đi tiếp.
NV-1928,PL-ANH-VOC-L3-005,Tổng hợp: Vocabulary & Collocation — cấp 3,Khoa học,Vocabulary & Collocation,2,3,Tổng hợp,103,"Hoàn thành 12 câu chuyên đề ""Vocabulary & Collocation"" trong khoảng 15 phút, lần lượt qua 3 chặng: khởi động → rèn luyện → bứt tốc. Đúng từ 9 câu là hoàn thành; đúng từ 11 câu được tính là thành thạo và cộng điểm lên cấp. Tinh thần cấp 3: Ghép nhiều bước và tránh các bẫy quen thuộc.",Không được biết trước dạng bài của từng câu.
NV-1929,PL-ANH-VOC-L3-006,Ôn lại: Vocabulary & Collocation — cấp 3,Khoa học,Vocabulary & Collocation,2,3,Ôn lại,81,"Hoàn thành 12 câu chuyên đề ""Vocabulary & Collocation"" trong khoảng 17 phút, lần lượt qua 3 chặng: khởi động → rèn luyện → bứt tốc. Đúng từ 9 câu là hoàn thành; đúng từ 11 câu được tính là thành thạo và cộng điểm lên cấp. Tinh thần cấp 3: Ghép nhiều bước và tránh các bẫy quen thuộc.",Nên làm sau buổi học chính ít nhất một ngày.
NV-1930,PL-ANH-VOC-L3-007,Thử thách: Vocabulary & Collocation — cấp 3,Khoa học,Vocabulary & Collocation,2,3,Thử thách,126,"Hoàn thành 12 câu chuyên đề ""Vocabulary & Collocation"" trong khoảng 15 phút, lần lượt qua 3 chặng: khởi động → rèn luyện → bứt tốc. Đúng từ 9 câu là hoàn thành; đúng từ 11 câu được tính là thành thạo và cộng điểm lên cấp. Tinh thần cấp 3: Ghép nhiều bước và tránh các bẫy quen thuộc.",Đạt từ 85% mới được tính là vượt thử thách.
NV-1931,PL-ANH-VOC-L3-008,Vượt ải: Vocabulary & Collocation — cấp 3,Khoa học,Vocabulary & Collocation,2,3,Vượt ải,162,"Hoàn thành 12 câu chuyên đề ""Vocabulary & Collocation"" trong khoảng 14 phút, lần lượt qua 3 chặng: khởi động → rèn luyện → bứt tốc. Đúng từ 9 câu là hoàn thành; đúng từ 11 câu được tính là thành thạo và cộng điểm lên cấp. Tinh thần cấp 3: Ghép nhiều bước và tránh các bẫy quen thuộc.",Phải đạt từ 90% để mở khóa cấp độ tiếp theo của tuyến này.
NV-1932,PL-ANH-VOC-L4-001,Khởi động: Vocabulary & Collocation — cấp 4,Khoa học,Vocabulary & Collocation,2,4,Khởi động,84,"Hoàn thành 12 câu chuyên đề ""Vocabulary & Collocation"" trong khoảng 16 phút, lần lượt qua 3 chặng: khởi động → rèn luyện → bứt tốc. Đúng từ 9 câu là hoàn thành; đúng từ 11 câu được tính là thành thạo và cộng điểm lên cấp. Tinh thần cấp 4: Giữ độ chính xác khi thời gian bắt đầu siết lại.","Không giới hạn thời gian. Mục tiêu là làm đúng, chưa cần nhanh."
NV-1933,PL-ANH-VOC-L4-002,Rèn kỹ năng: Vocabulary & Collocation — cấp 4,Khoa học,Vocabulary & Collocation,2,4,Rèn kỹ năng,120,"Hoàn thành 12 câu chuyên đề ""Vocabulary & Collocation"" trong khoảng 13 phút, lần lượt qua 3 chặng: khởi động → rèn luyện → bứt tốc. Đúng từ 9 câu là hoàn thành; đúng từ 11 câu được tính là thành thạo và cộng điểm lên cấp. Tinh thần cấp 4: Giữ độ chính xác khi thời gian bắt đầu siết lại.","Hoàn thành đủ 3 chặng trong một lượt, không rời phiếu giữa chừng."
NV-1934,PL-ANH-VOC-L4-003,Tốc độ: Vocabulary & Collocation — cấp 4,Khoa học,Vocabulary & Collocation,2,4,Tốc độ,132,"Hoàn thành 12 câu chuyên đề ""Vocabulary & Collocation"" trong khoảng 10 phút, lần lượt qua 3 chặng: khởi động → rèn luyện → bứt tốc. Đúng từ 9 câu là hoàn thành; đúng từ 11 câu được tính là thành thạo và cộng điểm lên cấp. Tinh thần cấp 4: Giữ độ chính xác khi thời gian bắt đầu siết lại.",Thời gian bị siết còn 75% mức chuẩn. Quá giờ vẫn chấm nhưng không tính thành thạo.
NV-1935,PL-ANH-VOC-L4-004,Chính xác: Vocabulary & Collocation — cấp 4,Khoa học,Vocabulary & Collocation,2,4,Chính xác,132,"Hoàn thành 12 câu chuyên đề ""Vocabulary & Collocation"" trong khoảng 15 phút, lần lượt qua 3 chặng: khởi động → rèn luyện → bứt tốc. Đúng từ 9 câu là hoàn thành; đúng từ 11 câu được tính là thành thạo và cộng điểm lên cấp. Tinh thần cấp 4: Giữ độ chính xác khi thời gian bắt đầu siết lại.",Sai quá 2 câu là phải làm lại phiếu trước khi đi tiếp.
NV-1936,PL-ANH-VOC-L4-005,Tổng hợp: Vocabulary & Collocation — cấp 4,Khoa học,Vocabulary & Collocation,2,4,Tổng hợp,138,"Hoàn thành 12 câu chuyên đề ""Vocabulary & Collocation"" trong khoảng 13 phút, lần lượt qua 3 chặng: khởi động → rèn luyện → bứt tốc. Đúng từ 9 câu là hoàn thành; đúng từ 11 câu được tính là thành thạo và cộng điểm lên cấp. Tinh thần cấp 4: Giữ độ chính xác khi thời gian bắt đầu siết lại.",Không được biết trước dạng bài của từng câu.
NV-1937,PL-ANH-VOC-L4-006,Ôn lại: Vocabulary & Collocation — cấp 4,Khoa học,Vocabulary & Collocation,2,4,Ôn lại,108,"Hoàn thành 12 câu chuyên đề ""Vocabulary & Collocation"" trong khoảng 14 phút, lần lượt qua 3 chặng: khởi động → rèn luyện → bứt tốc. Đúng từ 9 câu là hoàn thành; đúng từ 11 câu được tính là thành thạo và cộng điểm lên cấp. Tinh thần cấp 4: Giữ độ chính xác khi thời gian bắt đầu siết lại.",Nên làm sau buổi học chính ít nhất một ngày.
NV-1938,PL-ANH-VOC-L4-007,Thử thách: Vocabulary & Collocation — cấp 4,Khoa học,Vocabulary & Collocation,2,4,Thử thách,168,"Hoàn thành 12 câu chuyên đề ""Vocabulary & Collocation"" trong khoảng 13 phút, lần lượt qua 3 chặng: khởi động → rèn luyện → bứt tốc. Đúng từ 9 câu là hoàn thành; đúng từ 11 câu được tính là thành thạo và cộng điểm lên cấp. Tinh thần cấp 4: Giữ độ chính xác khi thời gian bắt đầu siết lại.",Đạt từ 85% mới được tính là vượt thử thách.
NV-1939,PL-ANH-VOC-L4-008,Vượt ải: Vocabulary & Collocation — cấp 4,Khoa học,Vocabulary & Collocation,2,4,Vượt ải,216,"Hoàn thành 12 câu chuyên đề ""Vocabulary & Collocation"" trong khoảng 12 phút, lần lượt qua 3 chặng: khởi động → rèn luyện → bứt tốc. Đúng từ 9 câu là hoàn thành; đúng từ 11 câu được tính là thành thạo và cộng điểm lên cấp. Tinh thần cấp 4: Giữ độ chính xác khi thời gian bắt đầu siết lại.",Phải đạt từ 90% để mở khóa cấp độ tiếp theo của tuyến này.
NV-1940,PL-ANH-VOC-L5-001,Khởi động: Vocabulary & Collocation — cấp 5,Khoa học,Vocabulary & Collocation,3,5,Khởi động,112,"Hoàn thành 14 câu chuyên đề ""Vocabulary & Collocation"" trong khoảng 20 phút, lần lượt qua 3 chặng: khởi động → rèn luyện → bứt tốc. Đúng từ 10 câu là hoàn thành; đúng từ 12 câu được tính là thành thạo và cộng điểm lên cấp. Tinh thần cấp 5: Xử lý câu phân loại mà không mất nhịp.","Không giới hạn thời gian. Mục tiêu là làm đúng, chưa cần nhanh."
NV-1941,PL-ANH-VOC-L5-002,Rèn kỹ năng: Vocabulary & Collocation — cấp 5,Khoa học,Vocabulary & Collocation,3,5,Rèn kỹ năng,160,"Hoàn thành 14 câu chuyên đề ""Vocabulary & Collocation"" trong khoảng 16 phút, lần lượt qua 3 chặng: khởi động → rèn luyện → bứt tốc. Đúng từ 10 câu là hoàn thành; đúng từ 12 câu được tính là thành thạo và cộng điểm lên cấp. Tinh thần cấp 5: Xử lý câu phân loại mà không mất nhịp.","Hoàn thành đủ 3 chặng trong một lượt, không rời phiếu giữa chừng."
NV-1942,PL-ANH-VOC-L5-003,Tốc độ: Vocabulary & Collocation — cấp 5,Khoa học,Vocabulary & Collocation,3,5,Tốc độ,176,"Hoàn thành 14 câu chuyên đề ""Vocabulary & Collocation"" trong khoảng 12 phút, lần lượt qua 3 chặng: khởi động → rèn luyện → bứt tốc. Đúng từ 10 câu là hoàn thành; đúng từ 12 câu được tính là thành thạo và cộng điểm lên cấp. Tinh thần cấp 5: Xử lý câu phân loại mà không mất nhịp.",Thời gian bị siết còn 75% mức chuẩn. Quá giờ vẫn chấm nhưng không tính thành thạo.
NV-1943,PL-ANH-VOC-L5-004,Chính xác: Vocabulary & Collocation — cấp 5,Khoa học,Vocabulary & Collocation,3,5,Chính xác,176,"Hoàn thành 14 câu chuyên đề ""Vocabulary & Collocation"" trong khoảng 19 phút, lần lượt qua 3 chặng: khởi động → rèn luyện → bứt tốc. Đúng từ 10 câu là hoàn thành; đúng từ 12 câu được tính là thành thạo và cộng điểm lên cấp. Tinh thần cấp 5: Xử lý câu phân loại mà không mất nhịp.",Sai quá 2 câu là phải làm lại phiếu trước khi đi tiếp.
NV-1944,PL-ANH-VOC-L5-005,Thử thách: Vocabulary & Collocation — cấp 5,Khoa học,Vocabulary & Collocation,3,5,Thử thách,224,"Hoàn thành 14 câu chuyên đề ""Vocabulary & Collocation"" trong khoảng 16 phút, lần lượt qua 3 chặng: khởi động → rèn luyện → bứt tốc. Đúng từ 10 câu là hoàn thành; đúng từ 12 câu được tính là thành thạo và cộng điểm lên cấp. Tinh thần cấp 5: Xử lý câu phân loại mà không mất nhịp.",Đạt từ 85% mới được tính là vượt thử thách.
NV-1945,PL-ANH-VOC-L5-006,Vượt ải: Vocabulary & Collocation — cấp 5,Khoa học,Vocabulary & Collocation,3,5,Vượt ải,288,"Hoàn thành 14 câu chuyên đề ""Vocabulary & Collocation"" trong khoảng 16 phút, lần lượt qua 3 chặng: khởi động → rèn luyện → bứt tốc. Đúng từ 10 câu là hoàn thành; đúng từ 13 câu được tính là thành thạo và cộng điểm lên cấp. Tinh thần cấp 5: Xử lý câu phân loại mà không mất nhịp.",Phải đạt từ 90% để mở khóa cấp độ tiếp theo của tuyến này.
NV-1946,PL-ANH-VOC-L6-001,Khởi động: Vocabulary & Collocation — cấp 6,Khoa học,Vocabulary & Collocation,3,6,Khởi động,154,"Hoàn thành 15 câu chuyên đề ""Vocabulary & Collocation"" trong khoảng 19 phút, lần lượt qua 3 chặng: khởi động → rèn luyện → bứt tốc. Đúng từ 11 câu là hoàn thành; đúng từ 13 câu được tính là thành thạo và cộng điểm lên cấp. Tinh thần cấp 6: Tốc độ và độ chính xác của nhóm dẫn đầu phổ điểm.","Không giới hạn thời gian. Mục tiêu là làm đúng, chưa cần nhanh."
NV-1947,PL-ANH-VOC-L6-002,Rèn kỹ năng: Vocabulary & Collocation — cấp 6,Khoa học,Vocabulary & Collocation,3,6,Rèn kỹ năng,220,"Hoàn thành 15 câu chuyên đề ""Vocabulary & Collocation"" trong khoảng 15 phút, lần lượt qua 3 chặng: khởi động → rèn luyện → bứt tốc. Đúng từ 11 câu là hoàn thành; đúng từ 13 câu được tính là thành thạo và cộng điểm lên cấp. Tinh thần cấp 6: Tốc độ và độ chính xác của nhóm dẫn đầu phổ điểm.","Hoàn thành đủ 3 chặng trong một lượt, không rời phiếu giữa chừng."
NV-1948,PL-ANH-VOC-L6-003,Tốc độ: Vocabulary & Collocation — cấp 6,Khoa học,Vocabulary & Collocation,3,6,Tốc độ,242,"Hoàn thành 15 câu chuyên đề ""Vocabulary & Collocation"" trong khoảng 11 phút, lần lượt qua 3 chặng: khởi động → rèn luyện → bứt tốc. Đúng từ 11 câu là hoàn thành; đúng từ 13 câu được tính là thành thạo và cộng điểm lên cấp. Tinh thần cấp 6: Tốc độ và độ chính xác của nhóm dẫn đầu phổ điểm.",Thời gian bị siết còn 75% mức chuẩn. Quá giờ vẫn chấm nhưng không tính thành thạo.
NV-1949,PL-ANH-VOC-L6-004,Thử thách: Vocabulary & Collocation — cấp 6,Khoa học,Vocabulary & Collocation,3,6,Thử thách,308,"Hoàn thành 15 câu chuyên đề ""Vocabulary & Collocation"" trong khoảng 15 phút, lần lượt qua 3 chặng: khởi động → rèn luyện → bứt tốc. Đúng từ 11 câu là hoàn thành; đúng từ 13 câu được tính là thành thạo và cộng điểm lên cấp. Tinh thần cấp 6: Tốc độ và độ chính xác của nhóm dẫn đầu phổ điểm.",Đạt từ 85% mới được tính là vượt thử thách.
NV-1950,PL-ANH-VOC-L6-005,Vượt ải: Vocabulary & Collocation — cấp 6,Khoa học,Vocabulary & Collocation,3,6,Vượt ải,396,"Hoàn thành 15 câu chuyên đề ""Vocabulary & Collocation"" trong khoảng 14 phút, lần lượt qua 3 chặng: khởi động → rèn luyện → bứt tốc. Đúng từ 11 câu là hoàn thành; đúng từ 14 câu được tính là thành thạo và cộng điểm lên cấp. Tinh thần cấp 6: Tốc độ và độ chính xác của nhóm dẫn đầu phổ điểm.",Phải đạt từ 90% để mở khóa cấp độ tiếp theo của tuyến này.
NV-1951,PL-ANH-REA-L1-001,Khởi động: Reading Comprehension — cấp 1,Khoa học,Reading Comprehension,1,1,Khởi động,28,"Hoàn thành 8 câu chuyên đề ""Reading Comprehension"" trong khoảng 10 phút, lần lượt qua 3 chặng: khởi động → rèn luyện → bứt tốc. Đúng từ 6 câu là hoàn thành; đúng từ 7 câu được tính là thành thạo và cộng điểm lên cấp. Tinh thần cấp 1: Nhận diện dạng bài và nhớ lại công thức nền.","Không giới hạn thời gian. Mục tiêu là làm đúng, chưa cần nhanh."
NV-1952,PL-ANH-REA-L1-002,Rèn kỹ năng: Reading Comprehension — cấp 1,Khoa học,Reading Comprehension,1,1,Rèn kỹ năng,40,"Hoàn thành 8 câu chuyên đề ""Reading Comprehension"" trong khoảng 8 phút, lần lượt qua 3 chặng: khởi động → rèn luyện → bứt tốc. Đúng từ 6 câu là hoàn thành; đúng từ 7 câu được tính là thành thạo và cộng điểm lên cấp. Tinh thần cấp 1: Nhận diện dạng bài và nhớ lại công thức nền.","Hoàn thành đủ 3 chặng trong một lượt, không rời phiếu giữa chừng."
NV-1953,PL-ANH-REA-L1-003,Tốc độ: Reading Comprehension — cấp 1,Khoa học,Reading Comprehension,1,1,Tốc độ,44,"Hoàn thành 8 câu chuyên đề ""Reading Comprehension"" trong khoảng 6 phút, lần lượt qua 3 chặng: khởi động → rèn luyện → bứt tốc. Đúng từ 6 câu là hoàn thành; đúng từ 7 câu được tính là thành thạo và cộng điểm lên cấp. Tinh thần cấp 1: Nhận diện dạng bài và nhớ lại công thức nền.",Thời gian bị siết còn 75% mức chuẩn. Quá giờ vẫn chấm nhưng không tính thành thạo.
NV-1954,PL-ANH-REA-L1-004,Chính xác: Reading Comprehension — cấp 1,Khoa học,Reading Comprehension,1,1,Chính xác,44,"Hoàn thành 8 câu chuyên đề ""Reading Comprehension"" trong khoảng 9 phút, lần lượt qua 3 chặng: khởi động → rèn luyện → bứt tốc. Đúng từ 6 câu là hoàn thành; đúng từ 7 câu được tính là thành thạo và cộng điểm lên cấp. Tinh thần cấp 1: Nhận diện dạng bài và nhớ lại công thức nền.",Sai quá 2 câu là phải làm lại phiếu trước khi đi tiếp.
NV-1955,PL-ANH-REA-L1-005,Tổng hợp: Reading Comprehension — cấp 1,Khoa học,Reading Comprehension,1,1,Tổng hợp,46,"Hoàn thành 8 câu chuyên đề ""Reading Comprehension"" trong khoảng 8 phút, lần lượt qua 3 chặng: khởi động → rèn luyện → bứt tốc. Đúng từ 6 câu là hoàn thành; đúng từ 7 câu được tính là thành thạo và cộng điểm lên cấp. Tinh thần cấp 1: Nhận diện dạng bài và nhớ lại công thức nền.",Không được biết trước dạng bài của từng câu.
NV-1956,PL-ANH-REA-L1-006,Thử thách: Reading Comprehension — cấp 1,Khoa học,Reading Comprehension,1,1,Thử thách,56,"Hoàn thành 8 câu chuyên đề ""Reading Comprehension"" trong khoảng 8 phút, lần lượt qua 3 chặng: khởi động → rèn luyện → bứt tốc. Đúng từ 6 câu là hoàn thành; đúng từ 7 câu được tính là thành thạo và cộng điểm lên cấp. Tinh thần cấp 1: Nhận diện dạng bài và nhớ lại công thức nền.",Đạt từ 85% mới được tính là vượt thử thách.
NV-1957,PL-ANH-REA-L1-007,Vượt ải: Reading Comprehension — cấp 1,Khoa học,Reading Comprehension,1,1,Vượt ải,72,"Hoàn thành 8 câu chuyên đề ""Reading Comprehension"" trong khoảng 8 phút, lần lượt qua 3 chặng: khởi động → rèn luyện → bứt tốc. Đúng từ 6 câu là hoàn thành; đúng từ 8 câu được tính là thành thạo và cộng điểm lên cấp. Tinh thần cấp 1: Nhận diện dạng bài và nhớ lại công thức nền.",Phải đạt từ 90% để mở khóa cấp độ tiếp theo của tuyến này.
NV-1958,PL-ANH-REA-L2-001,Khởi động: Reading Comprehension — cấp 2,Khoa học,Reading Comprehension,1,2,Khởi động,42,"Hoàn thành 10 câu chuyên đề ""Reading Comprehension"" trong khoảng 15 phút, lần lượt qua 3 chặng: khởi động → rèn luyện → bứt tốc. Đúng từ 7 câu là hoàn thành; đúng từ 9 câu được tính là thành thạo và cộng điểm lên cấp. Tinh thần cấp 2: Làm đúng dạng chuẩn mà không cần nhìn gợi ý.","Không giới hạn thời gian. Mục tiêu là làm đúng, chưa cần nhanh."
NV-1959,PL-ANH-REA-L2-002,Rèn kỹ năng: Reading Comprehension — cấp 2,Khoa học,Reading Comprehension,1,2,Rèn kỹ năng,60,"Hoàn thành 10 câu chuyên đề ""Reading Comprehension"" trong khoảng 12 phút, lần lượt qua 3 chặng: khởi động → rèn luyện → bứt tốc. Đúng từ 7 câu là hoàn thành; đúng từ 9 câu được tính là thành thạo và cộng điểm lên cấp. Tinh thần cấp 2: Làm đúng dạng chuẩn mà không cần nhìn gợi ý.","Hoàn thành đủ 3 chặng trong một lượt, không rời phiếu giữa chừng."
NV-1960,PL-ANH-REA-L2-003,Tốc độ: Reading Comprehension — cấp 2,Khoa học,Reading Comprehension,1,2,Tốc độ,66,"Hoàn thành 10 câu chuyên đề ""Reading Comprehension"" trong khoảng 9 phút, lần lượt qua 3 chặng: khởi động → rèn luyện → bứt tốc. Đúng từ 7 câu là hoàn thành; đúng từ 9 câu được tính là thành thạo và cộng điểm lên cấp. Tinh thần cấp 2: Làm đúng dạng chuẩn mà không cần nhìn gợi ý.",Thời gian bị siết còn 75% mức chuẩn. Quá giờ vẫn chấm nhưng không tính thành thạo.
NV-1961,PL-ANH-REA-L2-004,Chính xác: Reading Comprehension — cấp 2,Khoa học,Reading Comprehension,1,2,Chính xác,66,"Hoàn thành 10 câu chuyên đề ""Reading Comprehension"" trong khoảng 13 phút, lần lượt qua 3 chặng: khởi động → rèn luyện → bứt tốc. Đúng từ 7 câu là hoàn thành; đúng từ 9 câu được tính là thành thạo và cộng điểm lên cấp. Tinh thần cấp 2: Làm đúng dạng chuẩn mà không cần nhìn gợi ý.",Sai quá 2 câu là phải làm lại phiếu trước khi đi tiếp.
NV-1962,PL-ANH-REA-L2-005,Tổng hợp: Reading Comprehension — cấp 2,Khoa học,Reading Comprehension,1,2,Tổng hợp,69,"Hoàn thành 10 câu chuyên đề ""Reading Comprehension"" trong khoảng 12 phút, lần lượt qua 3 chặng: khởi động → rèn luyện → bứt tốc. Đúng từ 7 câu là hoàn thành; đúng từ 9 câu được tính là thành thạo và cộng điểm lên cấp. Tinh thần cấp 2: Làm đúng dạng chuẩn mà không cần nhìn gợi ý.",Không được biết trước dạng bài của từng câu.
NV-1963,PL-ANH-REA-L2-006,Ôn lại: Reading Comprehension — cấp 2,Khoa học,Reading Comprehension,1,2,Ôn lại,54,"Hoàn thành 10 câu chuyên đề ""Reading Comprehension"" trong khoảng 13 phút, lần lượt qua 3 chặng: khởi động → rèn luyện → bứt tốc. Đúng từ 7 câu là hoàn thành; đúng từ 9 câu được tính là thành thạo và cộng điểm lên cấp. Tinh thần cấp 2: Làm đúng dạng chuẩn mà không cần nhìn gợi ý.",Nên làm sau buổi học chính ít nhất một ngày.
NV-1964,PL-ANH-REA-L2-007,Khởi động: Reading Comprehension — cấp 2,Khoa học,Reading Comprehension,1,2,Khởi động,42,"Hoàn thành 10 câu chuyên đề ""Reading Comprehension"" trong khoảng 15 phút, lần lượt qua 3 chặng: khởi động → rèn luyện → bứt tốc. Đúng từ 7 câu là hoàn thành; đúng từ 9 câu được tính là thành thạo và cộng điểm lên cấp. Tinh thần cấp 2: Làm đúng dạng chuẩn mà không cần nhìn gợi ý.","Không giới hạn thời gian. Mục tiêu là làm đúng, chưa cần nhanh."
NV-1965,PL-ANH-REA-L2-008,Thử thách: Reading Comprehension — cấp 2,Khoa học,Reading Comprehension,1,2,Thử thách,84,"Hoàn thành 10 câu chuyên đề ""Reading Comprehension"" trong khoảng 12 phút, lần lượt qua 3 chặng: khởi động → rèn luyện → bứt tốc. Đúng từ 7 câu là hoàn thành; đúng từ 9 câu được tính là thành thạo và cộng điểm lên cấp. Tinh thần cấp 2: Làm đúng dạng chuẩn mà không cần nhìn gợi ý.",Đạt từ 85% mới được tính là vượt thử thách.
NV-1966,PL-ANH-REA-L2-009,Vượt ải: Reading Comprehension — cấp 2,Khoa học,Reading Comprehension,1,2,Vượt ải,108,"Hoàn thành 10 câu chuyên đề ""Reading Comprehension"" trong khoảng 11 phút, lần lượt qua 3 chặng: khởi động → rèn luyện → bứt tốc. Đúng từ 7 câu là hoàn thành; đúng từ 9 câu được tính là thành thạo và cộng điểm lên cấp. Tinh thần cấp 2: Làm đúng dạng chuẩn mà không cần nhìn gợi ý.",Phải đạt từ 90% để mở khóa cấp độ tiếp theo của tuyến này.
NV-1967,PL-ANH-REA-L3-001,Khởi động: Reading Comprehension — cấp 3,Khoa học,Reading Comprehension,2,3,Khởi động,63,"Hoàn thành 12 câu chuyên đề ""Reading Comprehension"" trong khoảng 19 phút, lần lượt qua 3 chặng: khởi động → rèn luyện → bứt tốc. Đúng từ 9 câu là hoàn thành; đúng từ 11 câu được tính là thành thạo và cộng điểm lên cấp. Tinh thần cấp 3: Ghép nhiều bước và tránh các bẫy quen thuộc.","Không giới hạn thời gian. Mục tiêu là làm đúng, chưa cần nhanh."
NV-1968,PL-ANH-REA-L3-002,Rèn kỹ năng: Reading Comprehension — cấp 3,Khoa học,Reading Comprehension,2,3,Rèn kỹ năng,90,"Hoàn thành 12 câu chuyên đề ""Reading Comprehension"" trong khoảng 15 phút, lần lượt qua 3 chặng: khởi động → rèn luyện → bứt tốc. Đúng từ 9 câu là hoàn thành; đúng từ 11 câu được tính là thành thạo và cộng điểm lên cấp. Tinh thần cấp 3: Ghép nhiều bước và tránh các bẫy quen thuộc.","Hoàn thành đủ 3 chặng trong một lượt, không rời phiếu giữa chừng."
NV-1969,PL-ANH-REA-L3-003,Tốc độ: Reading Comprehension — cấp 3,Khoa học,Reading Comprehension,2,3,Tốc độ,99,"Hoàn thành 12 câu chuyên đề ""Reading Comprehension"" trong khoảng 11 phút, lần lượt qua 3 chặng: khởi động → rèn luyện → bứt tốc. Đúng từ 9 câu là hoàn thành; đúng từ 11 câu được tính là thành thạo và cộng điểm lên cấp. Tinh thần cấp 3: Ghép nhiều bước và tránh các bẫy quen thuộc.",Thời gian bị siết còn 75% mức chuẩn. Quá giờ vẫn chấm nhưng không tính thành thạo.
NV-1970,PL-ANH-REA-L3-004,Chính xác: Reading Comprehension — cấp 3,Khoa học,Reading Comprehension,2,3,Chính xác,99,"Hoàn thành 12 câu chuyên đề ""Reading Comprehension"" trong khoảng 17 phút, lần lượt qua 3 chặng: khởi động → rèn luyện → bứt tốc. Đúng từ 9 câu là hoàn thành; đúng từ 11 câu được tính là thành thạo và cộng điểm lên cấp. Tinh thần cấp 3: Ghép nhiều bước và tránh các bẫy quen thuộc.",Sai quá 2 câu là phải làm lại phiếu trước khi đi tiếp.
NV-1971,PL-ANH-REA-L3-005,Tổng hợp: Reading Comprehension — cấp 3,Khoa học,Reading Comprehension,2,3,Tổng hợp,103,"Hoàn thành 12 câu chuyên đề ""Reading Comprehension"" trong khoảng 15 phút, lần lượt qua 3 chặng: khởi động → rèn luyện → bứt tốc. Đúng từ 9 câu là hoàn thành; đúng từ 11 câu được tính là thành thạo và cộng điểm lên cấp. Tinh thần cấp 3: Ghép nhiều bước và tránh các bẫy quen thuộc.",Không được biết trước dạng bài của từng câu.
NV-1972,PL-ANH-REA-L3-006,Ôn lại: Reading Comprehension — cấp 3,Khoa học,Reading Comprehension,2,3,Ôn lại,81,"Hoàn thành 12 câu chuyên đề ""Reading Comprehension"" trong khoảng 17 phút, lần lượt qua 3 chặng: khởi động → rèn luyện → bứt tốc. Đúng từ 9 câu là hoàn thành; đúng từ 11 câu được tính là thành thạo và cộng điểm lên cấp. Tinh thần cấp 3: Ghép nhiều bước và tránh các bẫy quen thuộc.",Nên làm sau buổi học chính ít nhất một ngày.
NV-1973,PL-ANH-REA-L3-007,Khởi động: Reading Comprehension — cấp 3,Khoa học,Reading Comprehension,2,3,Khởi động,63,"Hoàn thành 12 câu chuyên đề ""Reading Comprehension"" trong khoảng 19 phút, lần lượt qua 3 chặng: khởi động → rèn luyện → bứt tốc. Đúng từ 9 câu là hoàn thành; đúng từ 11 câu được tính là thành thạo và cộng điểm lên cấp. Tinh thần cấp 3: Ghép nhiều bước và tránh các bẫy quen thuộc.","Không giới hạn thời gian. Mục tiêu là làm đúng, chưa cần nhanh."
NV-1974,PL-ANH-REA-L3-008,Rèn kỹ năng: Reading Comprehension — cấp 3,Khoa học,Reading Comprehension,2,3,Rèn kỹ năng,90,"Hoàn thành 12 câu chuyên đề ""Reading Comprehension"" trong khoảng 15 phút, lần lượt qua 3 chặng: khởi động → rèn luyện → bứt tốc. Đúng từ 9 câu là hoàn thành; đúng từ 11 câu được tính là thành thạo và cộng điểm lên cấp. Tinh thần cấp 3: Ghép nhiều bước và tránh các bẫy quen thuộc.","Hoàn thành đủ 3 chặng trong một lượt, không rời phiếu giữa chừng."
NV-1975,PL-ANH-REA-L3-009,Thử thách: Reading Comprehension — cấp 3,Khoa học,Reading Comprehension,2,3,Thử thách,126,"Hoàn thành 12 câu chuyên đề ""Reading Comprehension"" trong khoảng 15 phút, lần lượt qua 3 chặng: khởi động → rèn luyện → bứt tốc. Đúng từ 9 câu là hoàn thành; đúng từ 11 câu được tính là thành thạo và cộng điểm lên cấp. Tinh thần cấp 3: Ghép nhiều bước và tránh các bẫy quen thuộc.",Đạt từ 85% mới được tính là vượt thử thách.
NV-1976,PL-ANH-REA-L3-010,Vượt ải: Reading Comprehension — cấp 3,Khoa học,Reading Comprehension,2,3,Vượt ải,162,"Hoàn thành 12 câu chuyên đề ""Reading Comprehension"" trong khoảng 14 phút, lần lượt qua 3 chặng: khởi động → rèn luyện → bứt tốc. Đúng từ 9 câu là hoàn thành; đúng từ 11 câu được tính là thành thạo và cộng điểm lên cấp. Tinh thần cấp 3: Ghép nhiều bước và tránh các bẫy quen thuộc.",Phải đạt từ 90% để mở khóa cấp độ tiếp theo của tuyến này.
NV-1977,PL-ANH-REA-L4-001,Khởi động: Reading Comprehension — cấp 4,Khoa học,Reading Comprehension,2,4,Khởi động,84,"Hoàn thành 12 câu chuyên đề ""Reading Comprehension"" trong khoảng 16 phút, lần lượt qua 3 chặng: khởi động → rèn luyện → bứt tốc. Đúng từ 9 câu là hoàn thành; đúng từ 11 câu được tính là thành thạo và cộng điểm lên cấp. Tinh thần cấp 4: Giữ độ chính xác khi thời gian bắt đầu siết lại.","Không giới hạn thời gian. Mục tiêu là làm đúng, chưa cần nhanh."
NV-1978,PL-ANH-REA-L4-002,Rèn kỹ năng: Reading Comprehension — cấp 4,Khoa học,Reading Comprehension,2,4,Rèn kỹ năng,120,"Hoàn thành 12 câu chuyên đề ""Reading Comprehension"" trong khoảng 13 phút, lần lượt qua 3 chặng: khởi động → rèn luyện → bứt tốc. Đúng từ 9 câu là hoàn thành; đúng từ 11 câu được tính là thành thạo và cộng điểm lên cấp. Tinh thần cấp 4: Giữ độ chính xác khi thời gian bắt đầu siết lại.","Hoàn thành đủ 3 chặng trong một lượt, không rời phiếu giữa chừng."
NV-1979,PL-ANH-REA-L4-003,Tốc độ: Reading Comprehension — cấp 4,Khoa học,Reading Comprehension,2,4,Tốc độ,132,"Hoàn thành 12 câu chuyên đề ""Reading Comprehension"" trong khoảng 10 phút, lần lượt qua 3 chặng: khởi động → rèn luyện → bứt tốc. Đúng từ 9 câu là hoàn thành; đúng từ 11 câu được tính là thành thạo và cộng điểm lên cấp. Tinh thần cấp 4: Giữ độ chính xác khi thời gian bắt đầu siết lại.",Thời gian bị siết còn 75% mức chuẩn. Quá giờ vẫn chấm nhưng không tính thành thạo.
NV-1980,PL-ANH-REA-L4-004,Chính xác: Reading Comprehension — cấp 4,Khoa học,Reading Comprehension,2,4,Chính xác,132,"Hoàn thành 12 câu chuyên đề ""Reading Comprehension"" trong khoảng 15 phút, lần lượt qua 3 chặng: khởi động → rèn luyện → bứt tốc. Đúng từ 9 câu là hoàn thành; đúng từ 11 câu được tính là thành thạo và cộng điểm lên cấp. Tinh thần cấp 4: Giữ độ chính xác khi thời gian bắt đầu siết lại.",Sai quá 2 câu là phải làm lại phiếu trước khi đi tiếp.
NV-1981,PL-ANH-REA-L4-005,Tổng hợp: Reading Comprehension — cấp 4,Khoa học,Reading Comprehension,2,4,Tổng hợp,138,"Hoàn thành 12 câu chuyên đề ""Reading Comprehension"" trong khoảng 13 phút, lần lượt qua 3 chặng: khởi động → rèn luyện → bứt tốc. Đúng từ 9 câu là hoàn thành; đúng từ 11 câu được tính là thành thạo và cộng điểm lên cấp. Tinh thần cấp 4: Giữ độ chính xác khi thời gian bắt đầu siết lại.",Không được biết trước dạng bài của từng câu.
NV-1982,PL-ANH-REA-L4-006,Ôn lại: Reading Comprehension — cấp 4,Khoa học,Reading Comprehension,2,4,Ôn lại,108,"Hoàn thành 12 câu chuyên đề ""Reading Comprehension"" trong khoảng 14 phút, lần lượt qua 3 chặng: khởi động → rèn luyện → bứt tốc. Đúng từ 9 câu là hoàn thành; đúng từ 11 câu được tính là thành thạo và cộng điểm lên cấp. Tinh thần cấp 4: Giữ độ chính xác khi thời gian bắt đầu siết lại.",Nên làm sau buổi học chính ít nhất một ngày.
NV-1983,PL-ANH-REA-L4-007,Khởi động: Reading Comprehension — cấp 4,Khoa học,Reading Comprehension,2,4,Khởi động,84,"Hoàn thành 12 câu chuyên đề ""Reading Comprehension"" trong khoảng 16 phút, lần lượt qua 3 chặng: khởi động → rèn luyện → bứt tốc. Đúng từ 9 câu là hoàn thành; đúng từ 11 câu được tính là thành thạo và cộng điểm lên cấp. Tinh thần cấp 4: Giữ độ chính xác khi thời gian bắt đầu siết lại.","Không giới hạn thời gian. Mục tiêu là làm đúng, chưa cần nhanh."
NV-1984,PL-ANH-REA-L4-008,Rèn kỹ năng: Reading Comprehension — cấp 4,Khoa học,Reading Comprehension,2,4,Rèn kỹ năng,120,"Hoàn thành 12 câu chuyên đề ""Reading Comprehension"" trong khoảng 13 phút, lần lượt qua 3 chặng: khởi động → rèn luyện → bứt tốc. Đúng từ 9 câu là hoàn thành; đúng từ 11 câu được tính là thành thạo và cộng điểm lên cấp. Tinh thần cấp 4: Giữ độ chính xác khi thời gian bắt đầu siết lại.","Hoàn thành đủ 3 chặng trong một lượt, không rời phiếu giữa chừng."
NV-1985,PL-ANH-REA-L4-009,Thử thách: Reading Comprehension — cấp 4,Khoa học,Reading Comprehension,2,4,Thử thách,168,"Hoàn thành 12 câu chuyên đề ""Reading Comprehension"" trong khoảng 13 phút, lần lượt qua 3 chặng: khởi động → rèn luyện → bứt tốc. Đúng từ 9 câu là hoàn thành; đúng từ 11 câu được tính là thành thạo và cộng điểm lên cấp. Tinh thần cấp 4: Giữ độ chính xác khi thời gian bắt đầu siết lại.",Đạt từ 85% mới được tính là vượt thử thách.
NV-1986,PL-ANH-REA-L4-010,Vượt ải: Reading Comprehension — cấp 4,Khoa học,Reading Comprehension,2,4,Vượt ải,216,"Hoàn thành 12 câu chuyên đề ""Reading Comprehension"" trong khoảng 12 phút, lần lượt qua 3 chặng: khởi động → rèn luyện → bứt tốc. Đúng từ 9 câu là hoàn thành; đúng từ 11 câu được tính là thành thạo và cộng điểm lên cấp. Tinh thần cấp 4: Giữ độ chính xác khi thời gian bắt đầu siết lại.",Phải đạt từ 90% để mở khóa cấp độ tiếp theo của tuyến này.
NV-1987,PL-ANH-REA-L5-001,Khởi động: Reading Comprehension — cấp 5,Khoa học,Reading Comprehension,3,5,Khởi động,112,"Hoàn thành 14 câu chuyên đề ""Reading Comprehension"" trong khoảng 20 phút, lần lượt qua 3 chặng: khởi động → rèn luyện → bứt tốc. Đúng từ 10 câu là hoàn thành; đúng từ 12 câu được tính là thành thạo và cộng điểm lên cấp. Tinh thần cấp 5: Xử lý câu phân loại mà không mất nhịp.","Không giới hạn thời gian. Mục tiêu là làm đúng, chưa cần nhanh."
NV-1988,PL-ANH-REA-L5-002,Rèn kỹ năng: Reading Comprehension — cấp 5,Khoa học,Reading Comprehension,3,5,Rèn kỹ năng,160,"Hoàn thành 14 câu chuyên đề ""Reading Comprehension"" trong khoảng 16 phút, lần lượt qua 3 chặng: khởi động → rèn luyện → bứt tốc. Đúng từ 10 câu là hoàn thành; đúng từ 12 câu được tính là thành thạo và cộng điểm lên cấp. Tinh thần cấp 5: Xử lý câu phân loại mà không mất nhịp.","Hoàn thành đủ 3 chặng trong một lượt, không rời phiếu giữa chừng."
NV-1989,PL-ANH-REA-L5-003,Tốc độ: Reading Comprehension — cấp 5,Khoa học,Reading Comprehension,3,5,Tốc độ,176,"Hoàn thành 14 câu chuyên đề ""Reading Comprehension"" trong khoảng 12 phút, lần lượt qua 3 chặng: khởi động → rèn luyện → bứt tốc. Đúng từ 10 câu là hoàn thành; đúng từ 12 câu được tính là thành thạo và cộng điểm lên cấp. Tinh thần cấp 5: Xử lý câu phân loại mà không mất nhịp.",Thời gian bị siết còn 75% mức chuẩn. Quá giờ vẫn chấm nhưng không tính thành thạo.
NV-1990,PL-ANH-REA-L5-004,Chính xác: Reading Comprehension — cấp 5,Khoa học,Reading Comprehension,3,5,Chính xác,176,"Hoàn thành 14 câu chuyên đề ""Reading Comprehension"" trong khoảng 19 phút, lần lượt qua 3 chặng: khởi động → rèn luyện → bứt tốc. Đúng từ 10 câu là hoàn thành; đúng từ 12 câu được tính là thành thạo và cộng điểm lên cấp. Tinh thần cấp 5: Xử lý câu phân loại mà không mất nhịp.",Sai quá 2 câu là phải làm lại phiếu trước khi đi tiếp.
NV-1991,PL-ANH-REA-L5-005,Tổng hợp: Reading Comprehension — cấp 5,Khoa học,Reading Comprehension,3,5,Tổng hợp,184,"Hoàn thành 14 câu chuyên đề ""Reading Comprehension"" trong khoảng 16 phút, lần lượt qua 3 chặng: khởi động → rèn luyện → bứt tốc. Đúng từ 10 câu là hoàn thành; đúng từ 12 câu được tính là thành thạo và cộng điểm lên cấp. Tinh thần cấp 5: Xử lý câu phân loại mà không mất nhịp.",Không được biết trước dạng bài của từng câu.
NV-1992,PL-ANH-REA-L5-006,Ôn lại: Reading Comprehension — cấp 5,Khoa học,Reading Comprehension,3,5,Ôn lại,144,"Hoàn thành 14 câu chuyên đề ""Reading Comprehension"" trong khoảng 18 phút, lần lượt qua 3 chặng: khởi động → rèn luyện → bứt tốc. Đúng từ 10 câu là hoàn thành; đúng từ 12 câu được tính là thành thạo và cộng điểm lên cấp. Tinh thần cấp 5: Xử lý câu phân loại mà không mất nhịp.",Nên làm sau buổi học chính ít nhất một ngày.
NV-1993,PL-ANH-REA-L5-007,Thử thách: Reading Comprehension — cấp 5,Khoa học,Reading Comprehension,3,5,Thử thách,224,"Hoàn thành 14 câu chuyên đề ""Reading Comprehension"" trong khoảng 16 phút, lần lượt qua 3 chặng: khởi động → rèn luyện → bứt tốc. Đúng từ 10 câu là hoàn thành; đúng từ 12 câu được tính là thành thạo và cộng điểm lên cấp. Tinh thần cấp 5: Xử lý câu phân loại mà không mất nhịp.",Đạt từ 85% mới được tính là vượt thử thách.
NV-1994,PL-ANH-REA-L5-008,Vượt ải: Reading Comprehension — cấp 5,Khoa học,Reading Comprehension,3,5,Vượt ải,288,"Hoàn thành 14 câu chuyên đề ""Reading Comprehension"" trong khoảng 16 phút, lần lượt qua 3 chặng: khởi động → rèn luyện → bứt tốc. Đúng từ 10 câu là hoàn thành; đúng từ 13 câu được tính là thành thạo và cộng điểm lên cấp. Tinh thần cấp 5: Xử lý câu phân loại mà không mất nhịp.",Phải đạt từ 90% để mở khóa cấp độ tiếp theo của tuyến này.
NV-1995,PL-ANH-REA-L6-001,Khởi động: Reading Comprehension — cấp 6,Khoa học,Reading Comprehension,3,6,Khởi động,154,"Hoàn thành 15 câu chuyên đề ""Reading Comprehension"" trong khoảng 19 phút, lần lượt qua 3 chặng: khởi động → rèn luyện → bứt tốc. Đúng từ 11 câu là hoàn thành; đúng từ 13 câu được tính là thành thạo và cộng điểm lên cấp. Tinh thần cấp 6: Tốc độ và độ chính xác của nhóm dẫn đầu phổ điểm.","Không giới hạn thời gian. Mục tiêu là làm đúng, chưa cần nhanh."
NV-1996,PL-ANH-REA-L6-002,Rèn kỹ năng: Reading Comprehension — cấp 6,Khoa học,Reading Comprehension,3,6,Rèn kỹ năng,220,"Hoàn thành 15 câu chuyên đề ""Reading Comprehension"" trong khoảng 15 phút, lần lượt qua 3 chặng: khởi động → rèn luyện → bứt tốc. Đúng từ 11 câu là hoàn thành; đúng từ 13 câu được tính là thành thạo và cộng điểm lên cấp. Tinh thần cấp 6: Tốc độ và độ chính xác của nhóm dẫn đầu phổ điểm.","Hoàn thành đủ 3 chặng trong một lượt, không rời phiếu giữa chừng."
NV-1997,PL-ANH-REA-L6-003,Tốc độ: Reading Comprehension — cấp 6,Khoa học,Reading Comprehension,3,6,Tốc độ,242,"Hoàn thành 15 câu chuyên đề ""Reading Comprehension"" trong khoảng 11 phút, lần lượt qua 3 chặng: khởi động → rèn luyện → bứt tốc. Đúng từ 11 câu là hoàn thành; đúng từ 13 câu được tính là thành thạo và cộng điểm lên cấp. Tinh thần cấp 6: Tốc độ và độ chính xác của nhóm dẫn đầu phổ điểm.",Thời gian bị siết còn 75% mức chuẩn. Quá giờ vẫn chấm nhưng không tính thành thạo.
NV-1998,PL-ANH-REA-L6-004,Chính xác: Reading Comprehension — cấp 6,Khoa học,Reading Comprehension,3,6,Chính xác,242,"Hoàn thành 15 câu chuyên đề ""Reading Comprehension"" trong khoảng 17 phút, lần lượt qua 3 chặng: khởi động → rèn luyện → bứt tốc. Đúng từ 11 câu là hoàn thành; đúng từ 13 câu được tính là thành thạo và cộng điểm lên cấp. Tinh thần cấp 6: Tốc độ và độ chính xác của nhóm dẫn đầu phổ điểm.",Sai quá 2 câu là phải làm lại phiếu trước khi đi tiếp.
NV-1999,PL-ANH-REA-L6-005,Thử thách: Reading Comprehension — cấp 6,Khoa học,Reading Comprehension,3,6,Thử thách,308,"Hoàn thành 15 câu chuyên đề ""Reading Comprehension"" trong khoảng 15 phút, lần lượt qua 3 chặng: khởi động → rèn luyện → bứt tốc. Đúng từ 11 câu là hoàn thành; đúng từ 13 câu được tính là thành thạo và cộng điểm lên cấp. Tinh thần cấp 6: Tốc độ và độ chính xác của nhóm dẫn đầu phổ điểm.",Đạt từ 85% mới được tính là vượt thử thách.
NV-2000,PL-ANH-REA-L6-006,Vượt ải: Reading Comprehension — cấp 6,Khoa học,Reading Comprehension,3,6,Vượt ải,396,"Hoàn thành 15 câu chuyên đề ""Reading Comprehension"" trong khoảng 14 phút, lần lượt qua 3 chặng: khởi động → rèn luyện → bứt tốc. Đúng từ 11 câu là hoàn thành; đúng từ 14 câu được tính là thành thạo và cộng điểm lên cấp. Tinh thần cấp 6: Tốc độ và độ chính xác của nhóm dẫn đầu phổ điểm.",Phải đạt từ 90% để mở khóa cấp độ tiếp theo của tuyến này.
