Mã phiếu,Tiêu đề,Phần thi,Môn tự chọn,Chuyên đề,Giai đoạn,Cấp độ,Dạng phiếu,Số câu,Thời gian (phút),Ngưỡng hoàn thành,Ngưỡng thành thạo,Điểm KN,Phiếu tiên quyết,Chặng 1 (số câu),Chặng 2 (số câu),Chặng 3 (số câu),Mã câu hỏi,Mục tiêu
PL-TOA-ARI-L1-001,Khởi động · Số học & tỉ lệ phần trăm · Cấp 1,Toán,,Số học & tỉ lệ phần trăm,1,1,Khởi động,8,10,70%,85%,28,,2,4,2,q.exp.1 | q.sta.1 | q.seq.1 | q.geo.1 | q.coo.1 | q.coo.2 | q.com.1 | q.com.2,Nhắc lại công thức và nhận diện dạng bài trước khi vào phần nặng. Nhận diện dạng bài và nhớ lại công thức nền.
PL-TOA-ARI-L1-002,Rèn kỹ năng · Số học & tỉ lệ phần trăm · Cấp 1,Toán,,Số học & tỉ lệ phần trăm,1,1,Rèn kỹ năng,8,8,70%,85%,40,PL-TOA-ARI-L1-001,2,4,2,q.alg.1 | q.seq.1 | q.exp.2 | q.com.1 | q.com.2 | q.sta.2 | q.coo.3 | q.cal.2,Làm chắc một kỹ năng lõi qua các biến thể liên tiếp của cùng một dạng. Nhận diện dạng bài và nhớ lại công thức nền.
PL-TOA-ARI-L1-003,Tốc độ · Số học & tỉ lệ phần trăm · Cấp 1,Toán,,Số học & tỉ lệ phần trăm,1,1,Tốc độ,8,6,70%,85%,44,PL-TOA-ARI-L1-002,2,4,2,q.coo.1 | q.coo.2 | q.com.1 | q.com.2 | q.sta.2 | q.ari.2 | q.geo.2 | q.geo.3,Rút ngắn thời gian trên mỗi câu mà vẫn giữ được độ chính xác. Nhận diện dạng bài và nhớ lại công thức nền.
PL-TOA-ARI-L1-004,Chính xác · Số học & tỉ lệ phần trăm · Cấp 1,Toán,,Số học & tỉ lệ phần trăm,1,1,Chính xác,8,9,70%,85%,44,PL-TOA-ARI-L1-003,2,4,2,q.exp.2 | q.com.1 | q.alg.2 | q.alg.3 | q.seq.2 | q.geo.2 | q.geo.1 | q.coo.1,Loại bỏ lỗi ẩu và các bẫy quen thuộc trong chuyên đề. Nhận diện dạng bài và nhớ lại công thức nền.
PL-TOA-ARI-L1-005,Tổng hợp · Số học & tỉ lệ phần trăm · Cấp 1,Toán,,Số học & tỉ lệ phần trăm,1,1,Tổng hợp,8,8,70%,85%,46,PL-TOA-ARI-L1-004,2,4,2,q.sta.2 | q.ari.2 | q.geo.2 | q.geo.3 | q.coo.3 | q.cal.2 | q.cal.4 | q.exp.2,Trộn nhiều dạng trong cùng chuyên đề để rèn phản xạ nhận diện. Nhận diện dạng bài và nhớ lại công thức nền.
PL-TOA-ARI-L1-006,Ôn lại · Số học & tỉ lệ phần trăm · Cấp 1,Toán,,Số học & tỉ lệ phần trăm,1,1,Ôn lại,8,9,70%,85%,36,PL-TOA-ARI-L1-005,2,4,2,q.alg.2 | q.alg.3 | q.cal.2 | q.cal.3 | q.exp.1 | q.exp.3 | q.com.2 | q.com.4,Quay lại các câu từng sai để kiến thức không phai theo thời gian. Nhận diện dạng bài và nhớ lại công thức nền.
PL-TOA-ARI-L1-007,Khởi động · Số học & tỉ lệ phần trăm · Cấp 1,Toán,,Số học & tỉ lệ phần trăm,1,1,Khởi động,8,10,70%,85%,28,PL-TOA-ARI-L1-006,2,4,2,q.geo.2 | q.geo.3 | q.cal.3 | q.exp.3 | q.com.3 | q.sta.3 | q.com.4 | q.sta.4,Nhắc lại công thức và nhận diện dạng bài trước khi vào phần nặng. Nhận diện dạng bài và nhớ lại công thức nền.
PL-TOA-ARI-L1-008,Thử thách · Số học & tỉ lệ phần trăm · Cấp 1,Toán,,Số học & tỉ lệ phần trăm,1,1,Thử thách,8,8,70%,85%,56,PL-TOA-ARI-L1-007,2,4,2,q.exp.1 | q.exp.3 | q.com.2 | q.com.4 | q.sta.2 | q.sta.4 | q.cal.4 | q.ari.2,Đẩy lên mức khó hơn cấp hiện tại để chuẩn bị lên cấp. Nhận diện dạng bài và nhớ lại công thức nền.
PL-TOA-ARI-L1-009,Vượt ải · Số học & tỉ lệ phần trăm · Cấp 1,Toán,,Số học & tỉ lệ phần trăm,1,1,Vượt ải,8,8,70%,90%,72,PL-TOA-ARI-L1-008,2,4,2,q.sta.1 | q.sta.3 | q.sta.4 | q.exp.1 | q.ari.2 | q.ari.3 | q.alg.3 | q.seq.2,Bài kiểm tra chốt cấp độ của tuyến chuyên đề. Nhận diện dạng bài và nhớ lại công thức nền.
PL-TOA-ARI-L2-001,Khởi động · Số học & tỉ lệ phần trăm · Cấp 2,Toán,,Số học & tỉ lệ phần trăm,1,2,Khởi động,10,15,70%,85%,42,PL-TOA-ARI-L1-009,3,5,2,q.exp.1 | q.sta.1 | q.ari.1 | q.geo.1 | q.coo.1 | q.coo.2 | q.cal.1 | q.exp.2 | q.sta.2 | q.ari.2,Nhắc lại công thức và nhận diện dạng bài trước khi vào phần nặng. Làm đúng dạng chuẩn mà không cần nhìn gợi ý.
PL-TOA-ARI-L2-002,Rèn kỹ năng · Số học & tỉ lệ phần trăm · Cấp 2,Toán,,Số học & tỉ lệ phần trăm,1,2,Rèn kỹ năng,10,12,70%,85%,60,PL-TOA-ARI-L2-001,3,5,2,q.alg.1 | q.seq.1 | q.geo.1 | q.com.1 | q.com.2 | q.sta.2 | q.ari.2 | q.ari.3 | q.cal.3 | q.exp.3,Làm chắc một kỹ năng lõi qua các biến thể liên tiếp của cùng một dạng. Làm đúng dạng chuẩn mà không cần nhìn gợi ý.
PL-TOA-ARI-L2-003,Tốc độ · Số học & tỉ lệ phần trăm · Cấp 2,Toán,,Số học & tỉ lệ phần trăm,1,2,Tốc độ,10,9,70%,85%,66,PL-TOA-ARI-L2-002,3,5,2,q.coo.1 | q.coo.2 | q.cal.1 | q.com.2 | q.sta.2 | q.ari.2 | q.ari.3 | q.alg.2 | q.coo.3 | q.cal.2,Rút ngắn thời gian trên mỗi câu mà vẫn giữ được độ chính xác. Làm đúng dạng chuẩn mà không cần nhìn gợi ý.
PL-TOA-ARI-L2-004,Chính xác · Số học & tỉ lệ phần trăm · Cấp 2,Toán,,Số học & tỉ lệ phần trăm,1,2,Chính xác,10,13,70%,85%,66,PL-TOA-ARI-L2-003,3,5,2,q.exp.2 | q.com.1 | q.com.2 | q.alg.3 | q.seq.2 | q.geo.2 | q.geo.3 | q.coo.3 | q.coo.1 | q.coo.2,Loại bỏ lỗi ẩu và các bẫy quen thuộc trong chuyên đề. Làm đúng dạng chuẩn mà không cần nhìn gợi ý.
PL-TOA-ARI-L2-005,Tổng hợp · Số học & tỉ lệ phần trăm · Cấp 2,Toán,,Số học & tỉ lệ phần trăm,1,2,Tổng hợp,10,12,70%,85%,69,PL-TOA-ARI-L2-004,3,5,2,q.sta.2 | q.ari.2 | q.ari.3 | q.geo.3 | q.coo.3 | q.cal.2 | q.cal.3 | q.exp.1 | q.exp.2 | q.com.1,Trộn nhiều dạng trong cùng chuyên đề để rèn phản xạ nhận diện. Làm đúng dạng chuẩn mà không cần nhìn gợi ý.
PL-TOA-ARI-L2-006,Ôn lại · Số học & tỉ lệ phần trăm · Cấp 2,Toán,,Số học & tỉ lệ phần trăm,1,2,Ôn lại,10,13,70%,85%,54,PL-TOA-ARI-L2-005,3,5,2,q.alg.2 | q.alg.3 | q.seq.2 | q.cal.3 | q.exp.1 | q.exp.3 | q.com.3 | q.sta.1 | q.com.4 | q.sta.2,Quay lại các câu từng sai để kiến thức không phai theo thời gian. Làm đúng dạng chuẩn mà không cần nhìn gợi ý.
PL-TOA-ARI-L2-007,Khởi động · Số học & tỉ lệ phần trăm · Cấp 2,Toán,,Số học & tỉ lệ phần trăm,1,2,Khởi động,10,15,70%,85%,42,PL-TOA-ARI-L2-006,3,5,2,q.geo.2 | q.geo.3 | q.coo.3 | q.exp.3 | q.com.3 | q.sta.3 | q.alg.4 | q.cal.4 | q.ari.1 | q.alg.1,Nhắc lại công thức và nhận diện dạng bài trước khi vào phần nặng. Làm đúng dạng chuẩn mà không cần nhìn gợi ý.
PL-TOA-ARI-L2-008,Rèn kỹ năng · Số học & tỉ lệ phần trăm · Cấp 2,Toán,,Số học & tỉ lệ phần trăm,1,2,Rèn kỹ năng,10,12,70%,85%,60,PL-TOA-ARI-L2-007,3,5,2,q.cal.2 | q.cal.3 | q.exp.3 | q.alg.4 | q.cal.4 | q.com.4 | q.sta.4 | q.ari.1 | q.alg.3 | q.seq.2,Làm chắc một kỹ năng lõi qua các biến thể liên tiếp của cùng một dạng. Làm đúng dạng chuẩn mà không cần nhìn gợi ý.
PL-TOA-ARI-L2-009,Tốc độ · Số học & tỉ lệ phần trăm · Cấp 2,Toán,,Số học & tỉ lệ phần trăm,1,2,Tốc độ,10,9,70%,85%,66,PL-TOA-ARI-L2-008,3,5,2,q.com.3 | q.sta.3 | q.alg.4 | q.sta.4 | q.exp.1 | q.sta.1 | q.ari.1 | q.alg.1 | q.com.1 | q.com.2,Rút ngắn thời gian trên mỗi câu mà vẫn giữ được độ chính xác. Làm đúng dạng chuẩn mà không cần nhìn gợi ý.
PL-TOA-ARI-L2-010,Chính xác · Số học & tỉ lệ phần trăm · Cấp 2,Toán,,Số học & tỉ lệ phần trăm,1,2,Chính xác,10,13,70%,85%,66,PL-TOA-ARI-L2-009,3,5,2,q.cal.4 | q.com.4 | q.sta.4 | q.seq.1 | q.geo.1 | q.coo.1 | q.coo.2 | q.cal.1 | q.cal.3 | q.exp.3,Loại bỏ lỗi ẩu và các bẫy quen thuộc trong chuyên đề. Làm đúng dạng chuẩn mà không cần nhìn gợi ý.
PL-TOA-ARI-L2-011,Thử thách · Số học & tỉ lệ phần trăm · Cấp 2,Toán,,Số học & tỉ lệ phần trăm,1,2,Thử thách,10,12,70%,85%,84,PL-TOA-ARI-L2-010,3,5,2,q.ari.1 | q.alg.1 | q.seq.1 | q.geo.2 | q.geo.3 | q.coo.3 | q.cal.2 | q.cal.3 | q.geo.1 | q.coo.1,Đẩy lên mức khó hơn cấp hiện tại để chuẩn bị lên cấp. Làm đúng dạng chuẩn mà không cần nhìn gợi ý.
PL-TOA-ARI-L2-012,Vượt ải · Số học & tỉ lệ phần trăm · Cấp 2,Toán,,Số học & tỉ lệ phần trăm,1,2,Vượt ải,10,11,70%,90%,108,PL-TOA-ARI-L2-011,3,5,2,q.geo.1 | q.coo.1 | q.coo.2 | q.cal.2 | q.cal.3 | q.exp.3 | q.com.3 | q.sta.3 | q.cal.1 | q.exp.2,Bài kiểm tra chốt cấp độ của tuyến chuyên đề. Làm đúng dạng chuẩn mà không cần nhìn gợi ý.
PL-TOA-ARI-L3-001,Khởi động · Số học & tỉ lệ phần trăm · Cấp 3,Toán,,Số học & tỉ lệ phần trăm,2,3,Khởi động,12,19,70%,85%,63,PL-TOA-ARI-L2-012,3,6,3,q.exp.1 | q.sta.1 | q.ari.1 | q.geo.1 | q.coo.1 | q.coo.2 | q.cal.1 | q.exp.2 | q.com.1 | q.seq.2 | q.geo.2 | q.geo.3,Nhắc lại công thức và nhận diện dạng bài trước khi vào phần nặng. Ghép nhiều bước và tránh các bẫy quen thuộc.
PL-TOA-ARI-L3-002,Rèn kỹ năng · Số học & tỉ lệ phần trăm · Cấp 3,Toán,,Số học & tỉ lệ phần trăm,2,3,Rèn kỹ năng,12,15,70%,85%,90,PL-TOA-ARI-L3-001,3,6,3,q.geo.1 | q.coo.1 | q.coo.2 | q.geo.2 | q.geo.3 | q.coo.3 | q.cal.2 | q.cal.3 | q.exp.3 | q.alg.3 | q.seq.2 | q.com.3,Làm chắc một kỹ năng lõi qua các biến thể liên tiếp của cùng một dạng. Ghép nhiều bước và tránh các bẫy quen thuộc.
PL-TOA-ARI-L3-003,Tốc độ · Số học & tỉ lệ phần trăm · Cấp 3,Toán,,Số học & tỉ lệ phần trăm,2,3,Tốc độ,12,11,70%,85%,99,PL-TOA-ARI-L3-002,3,6,3,q.coo.1 | q.coo.2 | q.cal.1 | q.ari.2 | q.ari.3 | q.alg.2 | q.alg.3 | q.seq.2 | q.geo.2 | q.seq.1 | q.geo.1 | q.cal.4,Rút ngắn thời gian trên mỗi câu mà vẫn giữ được độ chính xác. Ghép nhiều bước và tránh các bẫy quen thuộc.
PL-TOA-ARI-L3-004,Chính xác · Số học & tỉ lệ phần trăm · Cấp 3,Toán,,Số học & tỉ lệ phần trăm,2,3,Chính xác,12,17,70%,85%,99,PL-TOA-ARI-L3-003,3,6,3,q.com.2 | q.sta.2 | q.ari.2 | q.sta.3 | q.ari.1 | q.alg.1 | q.alg.4 | q.seq.1 | q.geo.1 | q.com.3 | q.coo.1 | q.coo.2,Loại bỏ lỗi ẩu và các bẫy quen thuộc trong chuyên đề. Ghép nhiều bước và tránh các bẫy quen thuộc.
PL-TOA-ARI-L3-005,Tổng hợp · Số học & tỉ lệ phần trăm · Cấp 3,Toán,,Số học & tỉ lệ phần trăm,2,3,Tổng hợp,12,15,70%,85%,103,PL-TOA-ARI-L3-004,3,6,3,q.ari.3 | q.alg.2 | q.alg.3 | q.geo.1 | q.coo.1 | q.coo.2 | q.cal.1 | q.cal.4 | q.exp.2 | q.com.1 | q.com.2 | q.sta.2,Trộn nhiều dạng trong cùng chuyên đề để rèn phản xạ nhận diện. Ghép nhiều bước và tránh các bẫy quen thuộc.
PL-TOA-ARI-L3-006,Ôn lại · Số học & tỉ lệ phần trăm · Cấp 3,Toán,,Số học & tỉ lệ phần trăm,2,3,Ôn lại,12,17,70%,85%,81,PL-TOA-ARI-L3-005,3,6,3,q.seq.2 | q.geo.2 | q.geo.3 | q.cal.1 | q.cal.4 | q.exp.2 | q.com.1 | q.com.2 | q.com.4 | q.exp.1 | q.sta.1 | q.alg.4,Quay lại các câu từng sai để kiến thức không phai theo thời gian. Ghép nhiều bước và tránh các bẫy quen thuộc.
PL-TOA-ARI-L3-007,Khởi động · Số học & tỉ lệ phần trăm · Cấp 3,Toán,,Số học & tỉ lệ phần trăm,2,3,Khởi động,12,19,70%,85%,63,PL-TOA-ARI-L3-006,3,6,3,q.geo.2 | q.geo.3 | q.coo.3 | q.com.3 | q.sta.1 | q.sta.3 | q.alg.4 | q.cal.4 | q.com.4 | q.ari.3 | q.alg.2 | q.alg.3,Nhắc lại công thức và nhận diện dạng bài trước khi vào phần nặng. Ghép nhiều bước và tránh các bẫy quen thuộc.
PL-TOA-ARI-L3-008,Rèn kỹ năng · Số học & tỉ lệ phần trăm · Cấp 3,Toán,,Số học & tỉ lệ phần trăm,2,3,Rèn kỹ năng,12,15,70%,85%,90,PL-TOA-ARI-L3-007,3,6,3,q.exp.1 | q.exp.3 | q.com.3 | q.com.4 | q.sta.2 | q.sta.4 | q.sta.1 | q.ari.2 | q.ari.3 | q.seq.2 | q.geo.2 | q.geo.3,Làm chắc một kỹ năng lõi qua các biến thể liên tiếp của cùng một dạng. Ghép nhiều bước và tránh các bẫy quen thuộc.
PL-TOA-ARI-L3-009,Tốc độ · Số học & tỉ lệ phần trăm · Cấp 3,Toán,,Số học & tỉ lệ phần trăm,2,3,Tốc độ,12,11,70%,85%,99,PL-TOA-ARI-L3-008,3,6,3,q.com.3 | q.sta.3 | q.alg.4 | q.sta.4 | q.ari.1 | q.alg.1 | q.seq.1 | q.geo.1 | q.coo.1 | q.coo.3 | q.cal.2 | q.cal.3,Rút ngắn thời gian trên mỗi câu mà vẫn giữ được độ chính xác. Ghép nhiều bước và tránh các bẫy quen thuộc.
PL-TOA-ARI-L3-010,Chính xác · Số học & tỉ lệ phần trăm · Cấp 3,Toán,,Số học & tỉ lệ phần trăm,2,3,Chính xác,12,17,70%,85%,99,PL-TOA-ARI-L3-009,3,6,3,q.cal.4 | q.com.4 | q.sta.4 | q.alg.2 | q.alg.3 | q.seq.2 | q.geo.2 | q.geo.3 | q.coo.3 | q.seq.1 | q.geo.1 | q.coo.1,Loại bỏ lỗi ẩu và các bẫy quen thuộc trong chuyên đề. Ghép nhiều bước và tránh các bẫy quen thuộc.
PL-TOA-ARI-L3-011,Tổng hợp · Số học & tỉ lệ phần trăm · Cấp 3,Toán,,Số học & tỉ lệ phần trăm,2,3,Tổng hợp,12,15,70%,85%,103,PL-TOA-ARI-L3-010,3,6,3,q.ari.1 | q.alg.1 | q.seq.1 | q.geo.2 | q.geo.3 | q.coo.3 | q.cal.2 | q.cal.3 | q.exp.3 | q.coo.2 | q.cal.1 | q.exp.2,Trộn nhiều dạng trong cùng chuyên đề để rèn phản xạ nhận diện. Ghép nhiều bước và tránh các bẫy quen thuộc.
PL-TOA-ARI-L3-012,Thử thách · Số học & tỉ lệ phần trăm · Cấp 3,Toán,,Số học & tỉ lệ phần trăm,2,3,Thử thách,12,15,70%,85%,126,PL-TOA-ARI-L3-011,3,6,3,q.alg.3 | q.seq.2 | q.geo.2 | q.coo.3 | q.cal.2 | q.cal.3 | q.exp.3 | q.com.3 | q.sta.3 | q.com.1 | q.com.2 | q.sta.2,Đẩy lên mức khó hơn cấp hiện tại để chuẩn bị lên cấp. Ghép nhiều bước và tránh các bẫy quen thuộc.
PL-TOA-ARI-L3-013,Vượt ải · Số học & tỉ lệ phần trăm · Cấp 3,Toán,,Số học & tỉ lệ phần trăm,2,3,Vượt ải,12,14,70%,90%,162,PL-TOA-ARI-L3-012,3,6,3,q.geo.3 | q.coo.3 | q.cal.2 | q.exp.3 | q.com.3 | q.sta.3 | q.ari.1 | q.alg.1 | q.seq.1 | q.exp.1 | q.sta.1 | q.alg.4,Bài kiểm tra chốt cấp độ của tuyến chuyên đề. Ghép nhiều bước và tránh các bẫy quen thuộc.
PL-TOA-ARI-L4-001,Khởi động · Số học & tỉ lệ phần trăm · Cấp 4,Toán,,Số học & tỉ lệ phần trăm,2,4,Khởi động,12,16,70%,85%,84,PL-TOA-ARI-L3-013,3,6,3,q.exp.1 | q.sta.1 | q.ari.1 | q.geo.1 | q.coo.1 | q.coo.2 | q.cal.1 | q.exp.2 | q.com.1 | q.seq.2 | q.geo.2 | q.geo.3,Nhắc lại công thức và nhận diện dạng bài trước khi vào phần nặng. Giữ độ chính xác khi thời gian bắt đầu siết lại.
PL-TOA-ARI-L4-002,Rèn kỹ năng · Số học & tỉ lệ phần trăm · Cấp 4,Toán,,Số học & tỉ lệ phần trăm,2,4,Rèn kỹ năng,12,13,70%,85%,120,PL-TOA-ARI-L4-001,3,6,3,q.geo.1 | q.coo.1 | q.coo.2 | q.geo.2 | q.geo.3 | q.coo.3 | q.cal.2 | q.cal.3 | q.exp.3 | q.alg.3 | q.seq.2 | q.com.3,Làm chắc một kỹ năng lõi qua các biến thể liên tiếp của cùng một dạng. Giữ độ chính xác khi thời gian bắt đầu siết lại.
PL-TOA-ARI-L4-003,Tốc độ · Số học & tỉ lệ phần trăm · Cấp 4,Toán,,Số học & tỉ lệ phần trăm,2,4,Tốc độ,12,10,70%,85%,132,PL-TOA-ARI-L4-002,3,6,3,q.coo.1 | q.coo.2 | q.cal.1 | q.ari.2 | q.ari.3 | q.alg.2 | q.alg.3 | q.seq.2 | q.geo.2 | q.seq.1 | q.geo.1 | q.cal.4,Rút ngắn thời gian trên mỗi câu mà vẫn giữ được độ chính xác. Giữ độ chính xác khi thời gian bắt đầu siết lại.
PL-TOA-ARI-L4-004,Chính xác · Số học & tỉ lệ phần trăm · Cấp 4,Toán,,Số học & tỉ lệ phần trăm,2,4,Chính xác,12,15,70%,85%,132,PL-TOA-ARI-L4-003,3,6,3,q.com.2 | q.sta.2 | q.ari.2 | q.sta.3 | q.ari.1 | q.alg.1 | q.alg.4 | q.seq.1 | q.geo.1 | q.com.3 | q.coo.1 | q.coo.2,Loại bỏ lỗi ẩu và các bẫy quen thuộc trong chuyên đề. Giữ độ chính xác khi thời gian bắt đầu siết lại.
PL-TOA-ARI-L4-005,Tổng hợp · Số học & tỉ lệ phần trăm · Cấp 4,Toán,,Số học & tỉ lệ phần trăm,2,4,Tổng hợp,12,13,70%,85%,138,PL-TOA-ARI-L4-004,3,6,3,q.ari.3 | q.alg.2 | q.alg.3 | q.geo.1 | q.coo.1 | q.coo.2 | q.cal.1 | q.cal.4 | q.exp.2 | q.com.1 | q.com.2 | q.sta.2,Trộn nhiều dạng trong cùng chuyên đề để rèn phản xạ nhận diện. Giữ độ chính xác khi thời gian bắt đầu siết lại.
PL-TOA-ARI-L4-006,Ôn lại · Số học & tỉ lệ phần trăm · Cấp 4,Toán,,Số học & tỉ lệ phần trăm,2,4,Ôn lại,12,14,70%,85%,108,PL-TOA-ARI-L4-005,3,6,3,q.seq.2 | q.geo.2 | q.geo.3 | q.cal.1 | q.cal.4 | q.exp.2 | q.com.1 | q.com.2 | q.com.4 | q.exp.1 | q.sta.1 | q.alg.4,Quay lại các câu từng sai để kiến thức không phai theo thời gian. Giữ độ chính xác khi thời gian bắt đầu siết lại.
PL-TOA-ARI-L4-007,Khởi động · Số học & tỉ lệ phần trăm · Cấp 4,Toán,,Số học & tỉ lệ phần trăm,2,4,Khởi động,12,16,70%,85%,84,PL-TOA-ARI-L4-006,3,6,3,q.geo.2 | q.geo.3 | q.coo.3 | q.com.3 | q.sta.1 | q.sta.3 | q.alg.4 | q.cal.4 | q.com.4 | q.ari.3 | q.alg.2 | q.alg.3,Nhắc lại công thức và nhận diện dạng bài trước khi vào phần nặng. Giữ độ chính xác khi thời gian bắt đầu siết lại.
PL-TOA-ARI-L4-008,Rèn kỹ năng · Số học & tỉ lệ phần trăm · Cấp 4,Toán,,Số học & tỉ lệ phần trăm,2,4,Rèn kỹ năng,12,13,70%,85%,120,PL-TOA-ARI-L4-007,3,6,3,q.exp.1 | q.exp.3 | q.com.3 | q.com.4 | q.sta.2 | q.sta.4 | q.sta.1 | q.ari.2 | q.ari.3 | q.seq.2 | q.geo.2 | q.geo.3,Làm chắc một kỹ năng lõi qua các biến thể liên tiếp của cùng một dạng. Giữ độ chính xác khi thời gian bắt đầu siết lại.
PL-TOA-ARI-L4-009,Tốc độ · Số học & tỉ lệ phần trăm · Cấp 4,Toán,,Số học & tỉ lệ phần trăm,2,4,Tốc độ,12,10,70%,85%,132,PL-TOA-ARI-L4-008,3,6,3,q.com.3 | q.sta.3 | q.alg.4 | q.sta.4 | q.ari.1 | q.alg.1 | q.seq.1 | q.geo.1 | q.coo.1 | q.coo.3 | q.cal.2 | q.cal.3,Rút ngắn thời gian trên mỗi câu mà vẫn giữ được độ chính xác. Giữ độ chính xác khi thời gian bắt đầu siết lại.
PL-TOA-ARI-L4-010,Chính xác · Số học & tỉ lệ phần trăm · Cấp 4,Toán,,Số học & tỉ lệ phần trăm,2,4,Chính xác,12,15,70%,85%,132,PL-TOA-ARI-L4-009,3,6,3,q.cal.4 | q.com.4 | q.sta.4 | q.alg.2 | q.alg.3 | q.seq.2 | q.geo.2 | q.geo.3 | q.coo.3 | q.seq.1 | q.geo.1 | q.coo.1,Loại bỏ lỗi ẩu và các bẫy quen thuộc trong chuyên đề. Giữ độ chính xác khi thời gian bắt đầu siết lại.
PL-TOA-ARI-L4-011,Tổng hợp · Số học & tỉ lệ phần trăm · Cấp 4,Toán,,Số học & tỉ lệ phần trăm,2,4,Tổng hợp,12,13,70%,85%,138,PL-TOA-ARI-L4-010,3,6,3,q.ari.1 | q.alg.1 | q.seq.1 | q.geo.2 | q.geo.3 | q.coo.3 | q.cal.2 | q.cal.3 | q.exp.3 | q.coo.2 | q.cal.1 | q.exp.2,Trộn nhiều dạng trong cùng chuyên đề để rèn phản xạ nhận diện. Giữ độ chính xác khi thời gian bắt đầu siết lại.
PL-TOA-ARI-L4-012,Thử thách · Số học & tỉ lệ phần trăm · Cấp 4,Toán,,Số học & tỉ lệ phần trăm,2,4,Thử thách,12,13,70%,85%,168,PL-TOA-ARI-L4-011,3,6,3,q.alg.3 | q.seq.2 | q.geo.2 | q.coo.3 | q.cal.2 | q.cal.3 | q.exp.3 | q.com.3 | q.sta.3 | q.com.1 | q.com.2 | q.sta.2,Đẩy lên mức khó hơn cấp hiện tại để chuẩn bị lên cấp. Giữ độ chính xác khi thời gian bắt đầu siết lại.
PL-TOA-ARI-L4-013,Vượt ải · Số học & tỉ lệ phần trăm · Cấp 4,Toán,,Số học & tỉ lệ phần trăm,2,4,Vượt ải,12,12,70%,90%,216,PL-TOA-ARI-L4-012,3,6,3,q.geo.3 | q.coo.3 | q.cal.2 | q.exp.3 | q.com.3 | q.sta.3 | q.ari.1 | q.alg.1 | q.seq.1 | q.exp.1 | q.sta.1 | q.alg.4,Bài kiểm tra chốt cấp độ của tuyến chuyên đề. Giữ độ chính xác khi thời gian bắt đầu siết lại.
PL-TOA-ARI-L5-001,Khởi động · Số học & tỉ lệ phần trăm · Cấp 5,Toán,,Số học & tỉ lệ phần trăm,3,5,Khởi động,14,20,70%,85%,112,PL-TOA-ARI-L4-013,4,7,3,q.ari.1 | q.alg.1 | q.seq.1 | q.geo.1 | q.alg.2 | q.alg.3 | q.seq.2 | q.geo.2 | q.geo.3 | q.coo.3 | q.cal.2 | q.ari.2 | q.ari.3 | q.cal.3,Nhắc lại công thức và nhận diện dạng bài trước khi vào phần nặng. Xử lý câu phân loại mà không mất nhịp.
PL-TOA-ARI-L5-002,Rèn kỹ năng · Số học & tỉ lệ phần trăm · Cấp 5,Toán,,Số học & tỉ lệ phần trăm,3,5,Rèn kỹ năng,14,16,70%,85%,160,PL-TOA-ARI-L5-001,4,7,3,q.alg.3 | q.seq.2 | q.geo.2 | q.geo.3 | q.ari.3 | q.alg.2 | q.coo.3 | q.cal.2 | q.cal.3 | q.exp.3 | q.com.3 | q.alg.1 | q.seq.1 | q.geo.1,Làm chắc một kỹ năng lõi qua các biến thể liên tiếp của cùng một dạng. Xử lý câu phân loại mà không mất nhịp.
PL-TOA-ARI-L5-003,Tốc độ · Số học & tỉ lệ phần trăm · Cấp 5,Toán,,Số học & tỉ lệ phần trăm,3,5,Tốc độ,14,12,70%,85%,176,PL-TOA-ARI-L5-002,4,7,3,q.cal.1 | q.exp.2 | q.com.1 | q.com.2 | q.cal.2 | q.cal.3 | q.exp.3 | q.com.3 | q.sta.3 | q.ari.1 | q.alg.1 | q.geo.3 | q.coo.3 | q.seq.1,Rút ngắn thời gian trên mỗi câu mà vẫn giữ được độ chính xác. Xử lý câu phân loại mà không mất nhịp.
PL-TOA-ARI-L5-004,Chính xác · Số học & tỉ lệ phần trăm · Cấp 5,Toán,,Số học & tỉ lệ phần trăm,3,5,Chính xác,14,19,70%,85%,176,PL-TOA-ARI-L5-003,4,7,3,q.cal.3 | q.exp.3 | q.com.3 | q.sta.3 | q.coo.3 | q.cal.2 | q.ari.1 | q.alg.1 | q.seq.1 | q.geo.1 | q.coo.1 | q.exp.2 | q.com.1 | q.com.2,Loại bỏ lỗi ẩu và các bẫy quen thuộc trong chuyên đề. Xử lý câu phân loại mà không mất nhịp.
PL-TOA-ARI-L5-005,Tổng hợp · Số học & tỉ lệ phần trăm · Cấp 5,Toán,,Số học & tỉ lệ phần trăm,3,5,Tổng hợp,14,16,70%,85%,184,PL-TOA-ARI-L5-004,4,7,3,q.sta.3 | q.ari.1 | q.alg.1 | q.alg.4 | q.com.3 | q.seq.1 | q.geo.1 | q.coo.1 | q.coo.2 | q.cal.1 | q.exp.2 | q.sta.2 | q.exp.1 | q.sta.1,Trộn nhiều dạng trong cùng chuyên đề để rèn phản xạ nhận diện. Xử lý câu phân loại mà không mất nhịp.
PL-TOA-ARI-L5-006,Ôn lại · Số học & tỉ lệ phần trăm · Cấp 5,Toán,,Số học & tỉ lệ phần trăm,3,5,Ôn lại,14,18,70%,85%,144,PL-TOA-ARI-L5-005,4,7,3,q.alg.4 | q.seq.1 | q.geo.1 | q.coo.1 | q.alg.1 | q.coo.2 | q.cal.1 | q.exp.2 | q.com.1 | q.com.2 | q.sta.2 | q.cal.4 | q.com.4 | q.sta.4,Quay lại các câu từng sai để kiến thức không phai theo thời gian. Xử lý câu phân loại mà không mất nhịp.
PL-TOA-ARI-L5-007,Khởi động · Số học & tỉ lệ phần trăm · Cấp 5,Toán,,Số học & tỉ lệ phần trăm,3,5,Khởi động,14,20,70%,85%,112,PL-TOA-ARI-L5-006,4,7,3,q.coo.3 | q.cal.2 | q.cal.3 | q.exp.1 | q.com.1 | q.com.2 | q.com.4 | q.sta.2 | q.sta.4 | q.sta.1 | q.ari.2 | q.alg.2 | q.alg.3 | q.seq.2,Nhắc lại công thức và nhận diện dạng bài trước khi vào phần nặng. Xử lý câu phân loại mà không mất nhịp.
PL-TOA-ARI-L5-008,Rèn kỹ năng · Số học & tỉ lệ phần trăm · Cấp 5,Toán,,Số học & tỉ lệ phần trăm,3,5,Rèn kỹ năng,14,16,70%,85%,160,PL-TOA-ARI-L5-007,4,7,3,q.cal.4 | q.exp.2 | q.com.1 | q.com.2 | q.sta.2 | q.exp.1 | q.sta.1 | q.alg.4 | q.com.4 | q.sta.4 | q.ari.2 | q.coo.3 | q.cal.2 | q.cal.3,Làm chắc một kỹ năng lõi qua các biến thể liên tiếp của cùng một dạng. Xử lý câu phân loại mà không mất nhịp.
PL-TOA-ARI-L5-009,Tốc độ · Số học & tỉ lệ phần trăm · Cấp 5,Toán,,Số học & tỉ lệ phần trăm,3,5,Tốc độ,14,12,70%,85%,176,PL-TOA-ARI-L5-008,4,7,3,q.sta.1 | q.sta.3 | q.alg.4 | q.cal.4 | q.ari.2 | q.ari.3 | q.alg.2 | q.alg.3 | q.seq.2 | q.geo.2 | q.geo.3 | q.seq.1 | q.geo.1 | q.coo.1,Rút ngắn thời gian trên mỗi câu mà vẫn giữ được độ chính xác. Xử lý câu phân loại mà không mất nhịp.
PL-TOA-ARI-L5-010,Thử thách · Số học & tỉ lệ phần trăm · Cấp 5,Toán,,Số học & tỉ lệ phần trăm,3,5,Thử thách,14,16,70%,85%,224,PL-TOA-ARI-L5-009,4,7,3,q.sta.2 | q.exp.1 | q.sta.1 | q.alg.4 | q.ari.2 | q.ari.3 | q.alg.2 | q.alg.3 | q.seq.2 | q.geo.2 | q.geo.3 | q.geo.1 | q.coo.1 | q.coo.2,Đẩy lên mức khó hơn cấp hiện tại để chuẩn bị lên cấp. Xử lý câu phân loại mà không mất nhịp.
PL-TOA-ARI-L5-011,Vượt ải · Số học & tỉ lệ phần trăm · Cấp 5,Toán,,Số học & tỉ lệ phần trăm,3,5,Vượt ải,14,16,70%,90%,288,PL-TOA-ARI-L5-010,4,7,3,q.alg.4 | q.cal.4 | q.com.4 | q.sta.4 | q.geo.3 | q.coo.3 | q.cal.2 | q.cal.3 | q.exp.3 | q.com.3 | q.sta.3 | q.com.2 | q.sta.2 | q.exp.1,Bài kiểm tra chốt cấp độ của tuyến chuyên đề. Xử lý câu phân loại mà không mất nhịp.
PL-TOA-ARI-L6-001,Khởi động · Số học & tỉ lệ phần trăm · Cấp 6,Toán,,Số học & tỉ lệ phần trăm,3,6,Khởi động,15,19,70%,85%,154,PL-TOA-ARI-L5-011,4,7,4,q.ari.2 | q.ari.3 | q.alg.2 | q.alg.3 | q.com.4 | q.sta.4 | q.seq.2 | q.geo.2 | q.geo.3 | q.coo.3 | q.cal.2 | q.com.3 | q.sta.3 | q.ari.1 | q.alg.1,Nhắc lại công thức và nhận diện dạng bài trước khi vào phần nặng. Tốc độ và độ chính xác của nhóm dẫn đầu phổ điểm.
PL-TOA-ARI-L6-002,Rèn kỹ năng · Số học & tỉ lệ phần trăm · Cấp 6,Toán,,Số học & tỉ lệ phần trăm,3,6,Rèn kỹ năng,15,15,70%,85%,220,PL-TOA-ARI-L6-001,4,7,4,q.sta.4 | q.ari.2 | q.ari.3 | q.alg.2 | q.geo.2 | q.geo.3 | q.coo.3 | q.cal.2 | q.cal.3 | q.exp.3 | q.com.3 | q.alg.1 | q.seq.1 | q.geo.1 | q.coo.1,Làm chắc một kỹ năng lõi qua các biến thể liên tiếp của cùng một dạng. Tốc độ và độ chính xác của nhóm dẫn đầu phổ điểm.
PL-TOA-ARI-L6-003,Tốc độ · Số học & tỉ lệ phần trăm · Cấp 6,Toán,,Số học & tỉ lệ phần trăm,3,6,Tốc độ,15,11,70%,85%,242,PL-TOA-ARI-L6-002,4,7,4,q.geo.3 | q.coo.3 | q.cal.2 | q.cal.3 | q.seq.2 | q.geo.2 | q.exp.3 | q.com.3 | q.sta.3 | q.ari.1 | q.alg.1 | q.coo.1 | q.coo.2 | q.cal.1 | q.exp.2,Rút ngắn thời gian trên mỗi câu mà vẫn giữ được độ chính xác. Tốc độ và độ chính xác của nhóm dẫn đầu phổ điểm.
PL-TOA-ARI-L6-004,Chính xác · Số học & tỉ lệ phần trăm · Cấp 6,Toán,,Số học & tỉ lệ phần trăm,3,6,Chính xác,15,17,70%,85%,242,PL-TOA-ARI-L6-003,4,7,4,q.geo.2 | q.geo.3 | q.coo.3 | q.cal.2 | q.com.3 | q.sta.3 | q.ari.1 | q.alg.1 | q.seq.1 | q.geo.1 | q.coo.1 | q.exp.2 | q.com.1 | q.com.2 | q.sta.2,Loại bỏ lỗi ẩu và các bẫy quen thuộc trong chuyên đề. Tốc độ và độ chính xác của nhóm dẫn đầu phổ điểm.
PL-TOA-ARI-L6-005,Tổng hợp · Số học & tỉ lệ phần trăm · Cấp 6,Toán,,Số học & tỉ lệ phần trăm,3,6,Tổng hợp,15,15,70%,85%,253,PL-TOA-ARI-L6-004,4,7,4,q.cal.2 | q.cal.3 | q.exp.3 | q.com.3 | q.alg.1 | q.seq.1 | q.geo.1 | q.coo.1 | q.coo.2 | q.cal.1 | q.exp.2 | q.sta.2 | q.exp.1 | q.sta.1 | q.alg.4,Trộn nhiều dạng trong cùng chuyên đề để rèn phản xạ nhận diện. Tốc độ và độ chính xác của nhóm dẫn đầu phổ điểm.
PL-TOA-ARI-L6-006,Ôn lại · Số học & tỉ lệ phần trăm · Cấp 6,Toán,,Số học & tỉ lệ phần trăm,3,6,Ôn lại,15,17,70%,85%,198,PL-TOA-ARI-L6-005,4,7,4,q.com.3 | q.sta.3 | q.ari.1 | q.alg.1 | q.coo.1 | q.coo.2 | q.cal.1 | q.exp.2 | q.com.1 | q.com.2 | q.sta.2 | q.alg.4 | q.cal.4 | q.com.4 | q.sta.4,Quay lại các câu từng sai để kiến thức không phai theo thời gian. Tốc độ và độ chính xác của nhóm dẫn đầu phổ điểm.
PL-TOA-ARI-L6-007,Thử thách · Số học & tỉ lệ phần trăm · Cấp 6,Toán,,Số học & tỉ lệ phần trăm,3,6,Thử thách,15,15,70%,85%,308,PL-TOA-ARI-L6-006,4,7,4,q.alg.1 | q.seq.1 | q.geo.1 | q.coo.1 | q.exp.2 | q.com.1 | q.com.2 | q.sta.2 | q.exp.1 | q.sta.1 | q.alg.4 | q.ari.2 | q.ari.3 | q.alg.2 | q.alg.3,Đẩy lên mức khó hơn cấp hiện tại để chuẩn bị lên cấp. Tốc độ và độ chính xác của nhóm dẫn đầu phổ điểm.
PL-TOA-ARI-L6-008,Vượt ải · Số học & tỉ lệ phần trăm · Cấp 6,Toán,,Số học & tỉ lệ phần trăm,3,6,Vượt ải,15,14,70%,90%,396,PL-TOA-ARI-L6-007,4,7,4,q.coo.1 | q.coo.2 | q.cal.1 | q.exp.2 | q.sta.2 | q.exp.1 | q.sta.1 | q.alg.4 | q.cal.4 | q.com.4 | q.sta.4 | q.geo.3 | q.coo.3 | q.cal.2 | q.cal.3,Bài kiểm tra chốt cấp độ của tuyến chuyên đề. Tốc độ và độ chính xác của nhóm dẫn đầu phổ điểm.
PL-TOA-ALG-L1-001,"Khởi động · Hàm số, phương trình & bất phương trình · Cấp 1",Toán,,"Hàm số, phương trình & bất phương trình",1,1,Khởi động,8,10,70%,85%,28,,2,4,2,q.exp.1 | q.sta.1 | q.seq.1 | q.geo.1 | q.coo.1 | q.coo.2 | q.com.1 | q.com.2,Nhắc lại công thức và nhận diện dạng bài trước khi vào phần nặng. Nhận diện dạng bài và nhớ lại công thức nền.
PL-TOA-ALG-L1-002,"Rèn kỹ năng · Hàm số, phương trình & bất phương trình · Cấp 1",Toán,,"Hàm số, phương trình & bất phương trình",1,1,Rèn kỹ năng,8,8,70%,85%,40,PL-TOA-ALG-L1-001,2,4,2,q.ari.1 | q.seq.1 | q.exp.2 | q.com.1 | q.com.2 | q.sta.2 | q.coo.3 | q.cal.2,Làm chắc một kỹ năng lõi qua các biến thể liên tiếp của cùng một dạng. Nhận diện dạng bài và nhớ lại công thức nền.
PL-TOA-ALG-L1-003,"Tốc độ · Hàm số, phương trình & bất phương trình · Cấp 1",Toán,,"Hàm số, phương trình & bất phương trình",1,1,Tốc độ,8,6,70%,85%,44,PL-TOA-ALG-L1-002,2,4,2,q.coo.1 | q.coo.2 | q.com.1 | q.com.2 | q.sta.2 | q.alg.2 | q.geo.2 | q.geo.3,Rút ngắn thời gian trên mỗi câu mà vẫn giữ được độ chính xác. Nhận diện dạng bài và nhớ lại công thức nền.
PL-TOA-ALG-L1-004,"Chính xác · Hàm số, phương trình & bất phương trình · Cấp 1",Toán,,"Hàm số, phương trình & bất phương trình",1,1,Chính xác,8,9,70%,85%,44,PL-TOA-ALG-L1-003,2,4,2,q.exp.2 | q.com.1 | q.ari.2 | q.ari.3 | q.seq.2 | q.geo.2 | q.geo.1 | q.coo.1,Loại bỏ lỗi ẩu và các bẫy quen thuộc trong chuyên đề. Nhận diện dạng bài và nhớ lại công thức nền.
PL-TOA-ALG-L1-005,"Tổng hợp · Hàm số, phương trình & bất phương trình · Cấp 1",Toán,,"Hàm số, phương trình & bất phương trình",1,1,Tổng hợp,8,8,70%,85%,46,PL-TOA-ALG-L1-004,2,4,2,q.sta.2 | q.alg.2 | q.geo.2 | q.geo.3 | q.coo.3 | q.cal.2 | q.cal.4 | q.exp.2,Trộn nhiều dạng trong cùng chuyên đề để rèn phản xạ nhận diện. Nhận diện dạng bài và nhớ lại công thức nền.
PL-TOA-ALG-L1-006,"Ôn lại · Hàm số, phương trình & bất phương trình · Cấp 1",Toán,,"Hàm số, phương trình & bất phương trình",1,1,Ôn lại,8,9,70%,85%,36,PL-TOA-ALG-L1-005,2,4,2,q.ari.2 | q.ari.3 | q.cal.2 | q.cal.3 | q.exp.1 | q.exp.3 | q.com.2 | q.com.4,Quay lại các câu từng sai để kiến thức không phai theo thời gian. Nhận diện dạng bài và nhớ lại công thức nền.
PL-TOA-ALG-L1-007,"Khởi động · Hàm số, phương trình & bất phương trình · Cấp 1",Toán,,"Hàm số, phương trình & bất phương trình",1,1,Khởi động,8,10,70%,85%,28,PL-TOA-ALG-L1-006,2,4,2,q.geo.2 | q.geo.3 | q.cal.3 | q.exp.3 | q.com.3 | q.sta.3 | q.com.4 | q.sta.4,Nhắc lại công thức và nhận diện dạng bài trước khi vào phần nặng. Nhận diện dạng bài và nhớ lại công thức nền.
PL-TOA-ALG-L1-008,"Rèn kỹ năng · Hàm số, phương trình & bất phương trình · Cấp 1",Toán,,"Hàm số, phương trình & bất phương trình",1,1,Rèn kỹ năng,8,8,70%,85%,40,PL-TOA-ALG-L1-007,2,4,2,q.cal.2 | q.cal.3 | q.sta.3 | q.alg.4 | q.cal.4 | q.com.4 | q.alg.3 | q.ari.2,Làm chắc một kỹ năng lõi qua các biến thể liên tiếp của cùng một dạng. Nhận diện dạng bài và nhớ lại công thức nền.
PL-TOA-ALG-L1-009,"Tốc độ · Hàm số, phương trình & bất phương trình · Cấp 1",Toán,,"Hàm số, phương trình & bất phương trình",1,1,Tốc độ,8,6,70%,85%,44,PL-TOA-ALG-L1-008,2,4,2,q.com.3 | q.sta.3 | q.com.4 | q.sta.4 | q.exp.1 | q.sta.1 | q.coo.1 | q.coo.2,Rút ngắn thời gian trên mỗi câu mà vẫn giữ được độ chính xác. Nhận diện dạng bài và nhớ lại công thức nền.
PL-TOA-ALG-L1-010,"Chính xác · Hàm số, phương trình & bất phương trình · Cấp 1",Toán,,"Hàm số, phương trình & bất phương trình",1,1,Chính xác,8,9,70%,85%,44,PL-TOA-ALG-L1-009,2,4,2,q.cal.4 | q.com.4 | q.ari.1 | q.seq.1 | q.geo.1 | q.coo.1 | q.coo.3 | q.cal.2,Loại bỏ lỗi ẩu và các bẫy quen thuộc trong chuyên đề. Nhận diện dạng bài và nhớ lại công thức nền.
PL-TOA-ALG-L1-011,"Tổng hợp · Hàm số, phương trình & bất phương trình · Cấp 1",Toán,,"Hàm số, phương trình & bất phương trình",1,1,Tổng hợp,8,8,70%,85%,46,PL-TOA-ALG-L1-010,2,4,2,q.exp.1 | q.sta.1 | q.coo.1 | q.coo.2 | q.cal.1 | q.exp.2 | q.exp.3 | q.com.3,Trộn nhiều dạng trong cùng chuyên đề để rèn phản xạ nhận diện. Nhận diện dạng bài và nhớ lại công thức nền.
PL-TOA-ALG-L1-012,"Ôn lại · Hàm số, phương trình & bất phương trình · Cấp 1",Toán,,"Hàm số, phương trình & bất phương trình",1,1,Ôn lại,8,9,70%,85%,36,PL-TOA-ALG-L1-011,2,4,2,q.ari.1 | q.seq.1 | q.com.2 | q.sta.2 | q.alg.2 | q.alg.3 | q.geo.1 | q.coo.1,Quay lại các câu từng sai để kiến thức không phai theo thời gian. Nhận diện dạng bài và nhớ lại công thức nền.
PL-TOA-ALG-L1-013,"Khởi động · Hàm số, phương trình & bất phương trình · Cấp 1",Toán,,"Hàm số, phương trình & bất phương trình",1,1,Khởi động,8,10,70%,85%,28,PL-TOA-ALG-L1-012,2,4,2,q.coo.1 | q.coo.2 | q.sta.2 | q.alg.2 | q.alg.3 | q.ari.2 | q.exp.3 | q.com.3,Nhắc lại công thức và nhận diện dạng bài trước khi vào phần nặng. Nhận diện dạng bài và nhớ lại công thức nền.
PL-TOA-ALG-L1-014,"Thử thách · Hàm số, phương trình & bất phương trình · Cấp 1",Toán,,"Hàm số, phương trình & bất phương trình",1,1,Thử thách,8,8,70%,85%,56,PL-TOA-ALG-L1-013,2,4,2,q.com.2 | q.sta.2 | q.alg.1 | q.alg.4 | q.ari.1 | q.seq.1 | q.cal.1 | q.exp.2,Đẩy lên mức khó hơn cấp hiện tại để chuẩn bị lên cấp. Nhận diện dạng bài và nhớ lại công thức nền.
PL-TOA-ALG-L1-015,"Vượt ải · Hàm số, phương trình & bất phương trình · Cấp 1",Toán,,"Hàm số, phương trình & bất phương trình",1,1,Vượt ải,8,8,70%,90%,72,PL-TOA-ALG-L1-014,2,4,2,q.alg.3 | q.ari.2 | q.coo.1 | q.coo.2 | q.cal.1 | q.cal.4 | q.exp.1 | q.sta.1,Bài kiểm tra chốt cấp độ của tuyến chuyên đề. Nhận diện dạng bài và nhớ lại công thức nền.
PL-TOA-ALG-L2-001,"Khởi động · Hàm số, phương trình & bất phương trình · Cấp 2",Toán,,"Hàm số, phương trình & bất phương trình",1,2,Khởi động,10,15,70%,85%,42,PL-TOA-ALG-L1-015,3,5,2,q.exp.1 | q.sta.1 | q.alg.1 | q.geo.1 | q.coo.1 | q.coo.2 | q.cal.1 | q.exp.2 | q.sta.2 | q.alg.2,Nhắc lại công thức và nhận diện dạng bài trước khi vào phần nặng. Làm đúng dạng chuẩn mà không cần nhìn gợi ý.
PL-TOA-ALG-L2-002,"Rèn kỹ năng · Hàm số, phương trình & bất phương trình · Cấp 2",Toán,,"Hàm số, phương trình & bất phương trình",1,2,Rèn kỹ năng,10,12,70%,85%,60,PL-TOA-ALG-L2-001,3,5,2,q.ari.1 | q.seq.1 | q.geo.1 | q.com.1 | q.com.2 | q.sta.2 | q.alg.2 | q.alg.3 | q.cal.3 | q.exp.3,Làm chắc một kỹ năng lõi qua các biến thể liên tiếp của cùng một dạng. Làm đúng dạng chuẩn mà không cần nhìn gợi ý.
PL-TOA-ALG-L2-003,"Tốc độ · Hàm số, phương trình & bất phương trình · Cấp 2",Toán,,"Hàm số, phương trình & bất phương trình",1,2,Tốc độ,10,9,70%,85%,66,PL-TOA-ALG-L2-002,3,5,2,q.coo.1 | q.coo.2 | q.cal.1 | q.com.2 | q.sta.2 | q.alg.2 | q.alg.3 | q.ari.2 | q.coo.3 | q.cal.2,Rút ngắn thời gian trên mỗi câu mà vẫn giữ được độ chính xác. Làm đúng dạng chuẩn mà không cần nhìn gợi ý.
PL-TOA-ALG-L2-004,"Chính xác · Hàm số, phương trình & bất phương trình · Cấp 2",Toán,,"Hàm số, phương trình & bất phương trình",1,2,Chính xác,10,13,70%,85%,66,PL-TOA-ALG-L2-003,3,5,2,q.exp.2 | q.com.1 | q.com.2 | q.ari.3 | q.seq.2 | q.geo.2 | q.geo.3 | q.coo.3 | q.coo.1 | q.coo.2,Loại bỏ lỗi ẩu và các bẫy quen thuộc trong chuyên đề. Làm đúng dạng chuẩn mà không cần nhìn gợi ý.
PL-TOA-ALG-L2-005,"Tổng hợp · Hàm số, phương trình & bất phương trình · Cấp 2",Toán,,"Hàm số, phương trình & bất phương trình",1,2,Tổng hợp,10,12,70%,85%,69,PL-TOA-ALG-L2-004,3,5,2,q.sta.2 | q.alg.2 | q.alg.3 | q.geo.3 | q.coo.3 | q.cal.2 | q.cal.3 | q.exp.1 | q.exp.2 | q.com.1,Trộn nhiều dạng trong cùng chuyên đề để rèn phản xạ nhận diện. Làm đúng dạng chuẩn mà không cần nhìn gợi ý.
PL-TOA-ALG-L2-006,"Ôn lại · Hàm số, phương trình & bất phương trình · Cấp 2",Toán,,"Hàm số, phương trình & bất phương trình",1,2,Ôn lại,10,13,70%,85%,54,PL-TOA-ALG-L2-005,3,5,2,q.ari.2 | q.ari.3 | q.seq.2 | q.cal.3 | q.exp.1 | q.exp.3 | q.com.3 | q.sta.1 | q.com.4 | q.sta.2,Quay lại các câu từng sai để kiến thức không phai theo thời gian. Làm đúng dạng chuẩn mà không cần nhìn gợi ý.
PL-TOA-ALG-L2-007,"Khởi động · Hàm số, phương trình & bất phương trình · Cấp 2",Toán,,"Hàm số, phương trình & bất phương trình",1,2,Khởi động,10,15,70%,85%,42,PL-TOA-ALG-L2-006,3,5,2,q.geo.2 | q.geo.3 | q.coo.3 | q.exp.3 | q.com.3 | q.sta.3 | q.alg.4 | q.cal.4 | q.alg.1 | q.ari.1,Nhắc lại công thức và nhận diện dạng bài trước khi vào phần nặng. Làm đúng dạng chuẩn mà không cần nhìn gợi ý.
PL-TOA-ALG-L2-008,"Rèn kỹ năng · Hàm số, phương trình & bất phương trình · Cấp 2",Toán,,"Hàm số, phương trình & bất phương trình",1,2,Rèn kỹ năng,10,12,70%,85%,60,PL-TOA-ALG-L2-007,3,5,2,q.cal.2 | q.cal.3 | q.exp.3 | q.alg.4 | q.cal.4 | q.com.4 | q.sta.4 | q.alg.1 | q.ari.3 | q.seq.2,Làm chắc một kỹ năng lõi qua các biến thể liên tiếp của cùng một dạng. Làm đúng dạng chuẩn mà không cần nhìn gợi ý.
PL-TOA-ALG-L2-009,"Tốc độ · Hàm số, phương trình & bất phương trình · Cấp 2",Toán,,"Hàm số, phương trình & bất phương trình",1,2,Tốc độ,10,9,70%,85%,66,PL-TOA-ALG-L2-008,3,5,2,q.com.3 | q.sta.3 | q.alg.4 | q.sta.4 | q.exp.1 | q.sta.1 | q.alg.1 | q.ari.1 | q.com.1 | q.com.2,Rút ngắn thời gian trên mỗi câu mà vẫn giữ được độ chính xác. Làm đúng dạng chuẩn mà không cần nhìn gợi ý.
PL-TOA-ALG-L2-010,"Chính xác · Hàm số, phương trình & bất phương trình · Cấp 2",Toán,,"Hàm số, phương trình & bất phương trình",1,2,Chính xác,10,13,70%,85%,66,PL-TOA-ALG-L2-009,3,5,2,q.cal.4 | q.com.4 | q.sta.4 | q.seq.1 | q.geo.1 | q.coo.1 | q.coo.2 | q.cal.1 | q.cal.3 | q.exp.3,Loại bỏ lỗi ẩu và các bẫy quen thuộc trong chuyên đề. Làm đúng dạng chuẩn mà không cần nhìn gợi ý.
PL-TOA-ALG-L2-011,"Tổng hợp · Hàm số, phương trình & bất phương trình · Cấp 2",Toán,,"Hàm số, phương trình & bất phương trình",1,2,Tổng hợp,10,12,70%,85%,69,PL-TOA-ALG-L2-010,3,5,2,q.exp.1 | q.sta.1 | q.alg.1 | q.cal.1 | q.exp.2 | q.com.1 | q.com.2 | q.sta.2 | q.sta.3 | q.alg.4,Trộn nhiều dạng trong cùng chuyên đề để rèn phản xạ nhận diện. Làm đúng dạng chuẩn mà không cần nhìn gợi ý.
PL-TOA-ALG-L2-012,"Ôn lại · Hàm số, phương trình & bất phương trình · Cấp 2",Toán,,"Hàm số, phương trình & bất phương trình",1,2,Ôn lại,10,13,70%,85%,54,PL-TOA-ALG-L2-011,3,5,2,q.ari.1 | q.seq.1 | q.geo.1 | q.alg.2 | q.alg.3 | q.ari.2 | q.ari.3 | q.seq.2 | q.com.1 | q.com.2,Quay lại các câu từng sai để kiến thức không phai theo thời gian. Làm đúng dạng chuẩn mà không cần nhìn gợi ý.
PL-TOA-ALG-L2-013,"Khởi động · Hàm số, phương trình & bất phương trình · Cấp 2",Toán,,"Hàm số, phương trình & bất phương trình",1,2,Khởi động,10,15,70%,85%,42,PL-TOA-ALG-L2-012,3,5,2,q.coo.1 | q.coo.2 | q.cal.1 | q.alg.3 | q.ari.2 | q.ari.3 | q.seq.2 | q.geo.2 | q.alg.4 | q.cal.4,Nhắc lại công thức và nhận diện dạng bài trước khi vào phần nặng. Làm đúng dạng chuẩn mà không cần nhìn gợi ý.
PL-TOA-ALG-L2-014,"Rèn kỹ năng · Hàm số, phương trình & bất phương trình · Cấp 2",Toán,,"Hàm số, phương trình & bất phương trình",1,2,Rèn kỹ năng,10,12,70%,85%,60,PL-TOA-ALG-L2-013,3,5,2,q.exp.2 | q.com.1 | q.com.2 | q.geo.3 | q.coo.3 | q.cal.2 | q.cal.3 | q.exp.1 | q.sta.1 | q.alg.2,Làm chắc một kỹ năng lõi qua các biến thể liên tiếp của cùng một dạng. Làm đúng dạng chuẩn mà không cần nhìn gợi ý.
PL-TOA-ALG-L2-015,"Tốc độ · Hàm số, phương trình & bất phương trình · Cấp 2",Toán,,"Hàm số, phương trình & bất phương trình",1,2,Tốc độ,10,9,70%,85%,66,PL-TOA-ALG-L2-014,3,5,2,q.sta.2 | q.alg.2 | q.alg.3 | q.coo.3 | q.cal.2 | q.cal.3 | q.exp.3 | q.com.3 | q.seq.1 | q.geo.1,Rút ngắn thời gian trên mỗi câu mà vẫn giữ được độ chính xác. Làm đúng dạng chuẩn mà không cần nhìn gợi ý.
PL-TOA-ALG-L2-016,"Chính xác · Hàm số, phương trình & bất phương trình · Cấp 2",Toán,,"Hàm số, phương trình & bất phương trình",1,2,Chính xác,10,13,70%,85%,66,PL-TOA-ALG-L2-015,3,5,2,q.ari.2 | q.ari.3 | q.seq.2 | q.com.3 | q.sta.1 | q.sta.3 | q.alg.4 | q.cal.4 | q.cal.2 | q.cal.3,Loại bỏ lỗi ẩu và các bẫy quen thuộc trong chuyên đề. Làm đúng dạng chuẩn mà không cần nhìn gợi ý.
PL-TOA-ALG-L2-017,"Tổng hợp · Hàm số, phương trình & bất phương trình · Cấp 2",Toán,,"Hàm số, phương trình & bất phương trình",1,2,Tổng hợp,10,12,70%,85%,69,PL-TOA-ALG-L2-016,3,5,2,q.geo.2 | q.geo.3 | q.coo.3 | q.alg.4 | q.cal.4 | q.com.4 | q.sta.4 | q.alg.1 | q.com.3 | q.sta.3,Trộn nhiều dạng trong cùng chuyên đề để rèn phản xạ nhận diện. Làm đúng dạng chuẩn mà không cần nhìn gợi ý.
PL-TOA-ALG-L2-018,"Thử thách · Hàm số, phương trình & bất phương trình · Cấp 2",Toán,,"Hàm số, phương trình & bất phương trình",1,2,Thử thách,10,12,70%,85%,84,PL-TOA-ALG-L2-017,3,5,2,q.exp.1 | q.exp.3 | q.com.3 | q.sta.1 | q.alg.2 | q.alg.3 | q.ari.2 | q.ari.3 | q.alg.1 | q.ari.1,Đẩy lên mức khó hơn cấp hiện tại để chuẩn bị lên cấp. Làm đúng dạng chuẩn mà không cần nhìn gợi ý.
PL-TOA-ALG-L2-019,"Vượt ải · Hàm số, phương trình & bất phương trình · Cấp 2",Toán,,"Hàm số, phương trình & bất phương trình",1,2,Vượt ải,10,11,70%,90%,108,PL-TOA-ALG-L2-018,3,5,2,q.sta.1 | q.sta.3 | q.alg.4 | q.ari.2 | q.ari.3 | q.seq.2 | q.geo.2 | q.geo.3 | q.coo.1 | q.coo.2,Bài kiểm tra chốt cấp độ của tuyến chuyên đề. Làm đúng dạng chuẩn mà không cần nhìn gợi ý.
PL-TOA-ALG-L3-001,"Khởi động · Hàm số, phương trình & bất phương trình · Cấp 3",Toán,,"Hàm số, phương trình & bất phương trình",2,3,Khởi động,12,19,70%,85%,63,PL-TOA-ALG-L2-019,3,6,3,q.exp.1 | q.sta.1 | q.alg.1 | q.geo.1 | q.coo.1 | q.coo.2 | q.cal.1 | q.exp.2 | q.com.1 | q.seq.2 | q.geo.2 | q.geo.3,Nhắc lại công thức và nhận diện dạng bài trước khi vào phần nặng. Ghép nhiều bước và tránh các bẫy quen thuộc.
PL-TOA-ALG-L3-002,"Rèn kỹ năng · Hàm số, phương trình & bất phương trình · Cấp 3",Toán,,"Hàm số, phương trình & bất phương trình",2,3,Rèn kỹ năng,12,15,70%,85%,90,PL-TOA-ALG-L3-001,3,6,3,q.geo.1 | q.coo.1 | q.coo.2 | q.geo.2 | q.geo.3 | q.coo.3 | q.cal.2 | q.cal.3 | q.exp.3 | q.ari.3 | q.seq.2 | q.com.3,Làm chắc một kỹ năng lõi qua các biến thể liên tiếp của cùng một dạng. Ghép nhiều bước và tránh các bẫy quen thuộc.
PL-TOA-ALG-L3-003,"Tốc độ · Hàm số, phương trình & bất phương trình · Cấp 3",Toán,,"Hàm số, phương trình & bất phương trình",2,3,Tốc độ,12,11,70%,85%,99,PL-TOA-ALG-L3-002,3,6,3,q.coo.1 | q.coo.2 | q.cal.1 | q.alg.2 | q.alg.3 | q.ari.2 | q.ari.3 | q.seq.2 | q.geo.2 | q.seq.1 | q.geo.1 | q.cal.4,Rút ngắn thời gian trên mỗi câu mà vẫn giữ được độ chính xác. Ghép nhiều bước và tránh các bẫy quen thuộc.
PL-TOA-ALG-L3-004,"Chính xác · Hàm số, phương trình & bất phương trình · Cấp 3",Toán,,"Hàm số, phương trình & bất phương trình",2,3,Chính xác,12,17,70%,85%,99,PL-TOA-ALG-L3-003,3,6,3,q.com.2 | q.sta.2 | q.alg.2 | q.sta.3 | q.alg.1 | q.alg.4 | q.ari.1 | q.seq.1 | q.geo.1 | q.com.3 | q.coo.1 | q.coo.2,Loại bỏ lỗi ẩu và các bẫy quen thuộc trong chuyên đề. Ghép nhiều bước và tránh các bẫy quen thuộc.
PL-TOA-ALG-L3-005,"Tổng hợp · Hàm số, phương trình & bất phương trình · Cấp 3",Toán,,"Hàm số, phương trình & bất phương trình",2,3,Tổng hợp,12,15,70%,85%,103,PL-TOA-ALG-L3-004,3,6,3,q.alg.3 | q.ari.2 | q.ari.3 | q.geo.1 | q.coo.1 | q.coo.2 | q.cal.1 | q.cal.4 | q.exp.2 | q.com.1 | q.com.2 | q.sta.2,Trộn nhiều dạng trong cùng chuyên đề để rèn phản xạ nhận diện. Ghép nhiều bước và tránh các bẫy quen thuộc.
PL-TOA-ALG-L3-006,"Ôn lại · Hàm số, phương trình & bất phương trình · Cấp 3",Toán,,"Hàm số, phương trình & bất phương trình",2,3,Ôn lại,12,17,70%,85%,81,PL-TOA-ALG-L3-005,3,6,3,q.seq.2 | q.geo.2 | q.geo.3 | q.cal.1 | q.cal.4 | q.exp.2 | q.com.1 | q.com.2 | q.com.4 | q.exp.1 | q.sta.1 | q.alg.4,Quay lại các câu từng sai để kiến thức không phai theo thời gian. Ghép nhiều bước và tránh các bẫy quen thuộc.
PL-TOA-ALG-L3-007,"Khởi động · Hàm số, phương trình & bất phương trình · Cấp 3",Toán,,"Hàm số, phương trình & bất phương trình",2,3,Khởi động,12,19,70%,85%,63,PL-TOA-ALG-L3-006,3,6,3,q.geo.2 | q.geo.3 | q.coo.3 | q.com.3 | q.sta.1 | q.sta.3 | q.alg.4 | q.cal.4 | q.com.4 | q.alg.3 | q.ari.2 | q.ari.3,Nhắc lại công thức và nhận diện dạng bài trước khi vào phần nặng. Ghép nhiều bước và tránh các bẫy quen thuộc.
PL-TOA-ALG-L3-008,"Rèn kỹ năng · Hàm số, phương trình & bất phương trình · Cấp 3",Toán,,"Hàm số, phương trình & bất phương trình",2,3,Rèn kỹ năng,12,15,70%,85%,90,PL-TOA-ALG-L3-007,3,6,3,q.exp.1 | q.exp.3 | q.com.3 | q.com.4 | q.sta.2 | q.sta.4 | q.sta.1 | q.alg.2 | q.alg.3 | q.seq.2 | q.geo.2 | q.geo.3,Làm chắc một kỹ năng lõi qua các biến thể liên tiếp của cùng một dạng. Ghép nhiều bước và tránh các bẫy quen thuộc.
PL-TOA-ALG-L3-009,"Tốc độ · Hàm số, phương trình & bất phương trình · Cấp 3",Toán,,"Hàm số, phương trình & bất phương trình",2,3,Tốc độ,12,11,70%,85%,99,PL-TOA-ALG-L3-008,3,6,3,q.com.3 | q.sta.3 | q.alg.4 | q.sta.4 | q.alg.1 | q.ari.1 | q.seq.1 | q.geo.1 | q.coo.1 | q.coo.3 | q.cal.2 | q.cal.3,Rút ngắn thời gian trên mỗi câu mà vẫn giữ được độ chính xác. Ghép nhiều bước và tránh các bẫy quen thuộc.
PL-TOA-ALG-L3-010,"Chính xác · Hàm số, phương trình & bất phương trình · Cấp 3",Toán,,"Hàm số, phương trình & bất phương trình",2,3,Chính xác,12,17,70%,85%,99,PL-TOA-ALG-L3-009,3,6,3,q.cal.4 | q.com.4 | q.sta.4 | q.ari.2 | q.ari.3 | q.seq.2 | q.geo.2 | q.geo.3 | q.coo.3 | q.seq.1 | q.geo.1 | q.coo.1,Loại bỏ lỗi ẩu và các bẫy quen thuộc trong chuyên đề. Ghép nhiều bước và tránh các bẫy quen thuộc.
PL-TOA-ALG-L3-011,"Tổng hợp · Hàm số, phương trình & bất phương trình · Cấp 3",Toán,,"Hàm số, phương trình & bất phương trình",2,3,Tổng hợp,12,15,70%,85%,103,PL-TOA-ALG-L3-010,3,6,3,q.alg.1 | q.ari.1 | q.seq.1 | q.geo.2 | q.geo.3 | q.coo.3 | q.cal.2 | q.cal.3 | q.exp.3 | q.coo.2 | q.cal.1 | q.exp.2,Trộn nhiều dạng trong cùng chuyên đề để rèn phản xạ nhận diện. Ghép nhiều bước và tránh các bẫy quen thuộc.
PL-TOA-ALG-L3-012,"Ôn lại · Hàm số, phương trình & bất phương trình · Cấp 3",Toán,,"Hàm số, phương trình & bất phương trình",2,3,Ôn lại,12,17,70%,85%,81,PL-TOA-ALG-L3-011,3,6,3,q.geo.1 | q.coo.1 | q.coo.2 | q.cal.2 | q.cal.3 | q.exp.3 | q.com.3 | q.sta.3 | q.alg.1 | q.com.1 | q.com.2 | q.sta.2,Quay lại các câu từng sai để kiến thức không phai theo thời gian. Ghép nhiều bước và tránh các bẫy quen thuộc.
PL-TOA-ALG-L3-013,"Khởi động · Hàm số, phương trình & bất phương trình · Cấp 3",Toán,,"Hàm số, phương trình & bất phương trình",2,3,Khởi động,12,19,70%,85%,63,PL-TOA-ALG-L3-012,3,6,3,q.coo.1 | q.coo.2 | q.cal.1 | q.ari.3 | q.seq.2 | q.geo.2 | q.geo.3 | q.coo.3 | q.cal.2 | q.exp.1 | q.sta.1 | q.alg.2,Nhắc lại công thức và nhận diện dạng bài trước khi vào phần nặng. Ghép nhiều bước và tránh các bẫy quen thuộc.
PL-TOA-ALG-L3-014,"Rèn kỹ năng · Hàm số, phương trình & bất phương trình · Cấp 3",Toán,,"Hàm số, phương trình & bất phương trình",2,3,Rèn kỹ năng,12,15,70%,85%,90,PL-TOA-ALG-L3-013,3,6,3,q.com.2 | q.sta.2 | q.alg.2 | q.ari.1 | q.seq.1 | q.geo.1 | q.coo.1 | q.coo.2 | q.cal.1 | q.cal.4 | q.com.4 | q.sta.4,Làm chắc một kỹ năng lõi qua các biến thể liên tiếp của cùng một dạng. Ghép nhiều bước và tránh các bẫy quen thuộc.
PL-TOA-ALG-L3-015,"Tốc độ · Hàm số, phương trình & bất phương trình · Cấp 3",Toán,,"Hàm số, phương trình & bất phương trình",2,3,Tốc độ,12,11,70%,85%,99,PL-TOA-ALG-L3-014,3,6,3,q.sta.2 | q.alg.2 | q.alg.3 | q.cal.3 | q.exp.1 | q.exp.3 | q.com.3 | q.sta.1 | q.sta.3 | q.geo.3 | q.coo.3 | q.cal.2,Rút ngắn thời gian trên mỗi câu mà vẫn giữ được độ chính xác. Ghép nhiều bước và tránh các bẫy quen thuộc.
PL-TOA-ALG-L3-016,"Chính xác · Hàm số, phương trình & bất phương trình · Cấp 3",Toán,,"Hàm số, phương trình & bất phương trình",2,3,Chính xác,12,17,70%,85%,99,PL-TOA-ALG-L3-015,3,6,3,q.seq.2 | q.geo.2 | q.geo.3 | q.com.1 | q.com.2 | q.com.4 | q.sta.2 | q.sta.4 | q.exp.1 | q.cal.2 | q.cal.3 | q.exp.3,Loại bỏ lỗi ẩu và các bẫy quen thuộc trong chuyên đề. Ghép nhiều bước và tránh các bẫy quen thuộc.
PL-TOA-ALG-L3-017,"Tổng hợp · Hàm số, phương trình & bất phương trình · Cấp 3",Toán,,"Hàm số, phương trình & bất phương trình",2,3,Tổng hợp,12,15,70%,85%,103,PL-TOA-ALG-L3-016,3,6,3,q.coo.3 | q.cal.2 | q.cal.3 | q.sta.2 | q.sta.4 | q.exp.1 | q.sta.1 | q.alg.2 | q.alg.3 | q.sta.3 | q.alg.1 | q.ari.1,Trộn nhiều dạng trong cùng chuyên đề để rèn phản xạ nhận diện. Ghép nhiều bước và tránh các bẫy quen thuộc.
PL-TOA-ALG-L3-018,"Ôn lại · Hàm số, phương trình & bất phương trình · Cấp 3",Toán,,"Hàm số, phương trình & bất phương trình",2,3,Ôn lại,12,17,70%,85%,81,PL-TOA-ALG-L3-017,3,6,3,q.exp.1 | q.exp.3 | q.com.3 | q.sta.1 | q.alg.2 | q.alg.3 | q.ari.2 | q.ari.3 | q.seq.2 | q.geo.1 | q.coo.1 | q.coo.2,Quay lại các câu từng sai để kiến thức không phai theo thời gian. Ghép nhiều bước và tránh các bẫy quen thuộc.
PL-TOA-ALG-L3-019,"Khởi động · Hàm số, phương trình & bất phương trình · Cấp 3",Toán,,"Hàm số, phương trình & bất phương trình",2,3,Khởi động,12,19,70%,85%,63,PL-TOA-ALG-L3-018,3,6,3,q.com.3 | q.sta.3 | q.alg.4 | q.seq.1 | q.geo.1 | q.coo.1 | q.coo.2 | q.cal.1 | q.exp.2 | q.com.4 | q.sta.2 | q.sta.4,Nhắc lại công thức và nhận diện dạng bài trước khi vào phần nặng. Ghép nhiều bước và tránh các bẫy quen thuộc.
PL-TOA-ALG-L3-020,"Thử thách · Hàm số, phương trình & bất phương trình · Cấp 3",Toán,,"Hàm số, phương trình & bất phương trình",2,3,Thử thách,12,15,70%,85%,126,PL-TOA-ALG-L3-019,3,6,3,q.sta.4 | q.exp.1 | q.sta.1 | q.ari.2 | q.ari.3 | q.seq.2 | q.geo.2 | q.geo.3 | q.coo.3 | q.com.2 | q.sta.2 | q.alg.4,Đẩy lên mức khó hơn cấp hiện tại để chuẩn bị lên cấp. Ghép nhiều bước và tránh các bẫy quen thuộc.
PL-TOA-ALG-L3-021,"Vượt ải · Hàm số, phương trình & bất phương trình · Cấp 3",Toán,,"Hàm số, phương trình & bất phương trình",2,3,Vượt ải,12,14,70%,90%,162,PL-TOA-ALG-L3-020,3,6,3,q.alg.2 | q.alg.3 | q.ari.2 | q.coo.3 | q.cal.2 | q.cal.3 | q.exp.3 | q.com.3 | q.sta.3 | q.cal.4 | q.com.4 | q.sta.4,Bài kiểm tra chốt cấp độ của tuyến chuyên đề. Ghép nhiều bước và tránh các bẫy quen thuộc.
PL-TOA-ALG-L4-001,"Khởi động · Hàm số, phương trình & bất phương trình · Cấp 4",Toán,,"Hàm số, phương trình & bất phương trình",2,4,Khởi động,12,16,70%,85%,84,PL-TOA-ALG-L3-021,3,6,3,q.exp.1 | q.sta.1 | q.alg.1 | q.geo.1 | q.coo.1 | q.coo.2 | q.cal.1 | q.exp.2 | q.com.1 | q.seq.2 | q.geo.2 | q.geo.3,Nhắc lại công thức và nhận diện dạng bài trước khi vào phần nặng. Giữ độ chính xác khi thời gian bắt đầu siết lại.
PL-TOA-ALG-L4-002,"Rèn kỹ năng · Hàm số, phương trình & bất phương trình · Cấp 4",Toán,,"Hàm số, phương trình & bất phương trình",2,4,Rèn kỹ năng,12,13,70%,85%,120,PL-TOA-ALG-L4-001,3,6,3,q.geo.1 | q.coo.1 | q.coo.2 | q.geo.2 | q.geo.3 | q.coo.3 | q.cal.2 | q.cal.3 | q.exp.3 | q.ari.3 | q.seq.2 | q.com.3,Làm chắc một kỹ năng lõi qua các biến thể liên tiếp của cùng một dạng. Giữ độ chính xác khi thời gian bắt đầu siết lại.
PL-TOA-ALG-L4-003,"Tốc độ · Hàm số, phương trình & bất phương trình · Cấp 4",Toán,,"Hàm số, phương trình & bất phương trình",2,4,Tốc độ,12,10,70%,85%,132,PL-TOA-ALG-L4-002,3,6,3,q.coo.1 | q.coo.2 | q.cal.1 | q.alg.2 | q.alg.3 | q.ari.2 | q.ari.3 | q.seq.2 | q.geo.2 | q.seq.1 | q.geo.1 | q.cal.4,Rút ngắn thời gian trên mỗi câu mà vẫn giữ được độ chính xác. Giữ độ chính xác khi thời gian bắt đầu siết lại.
PL-TOA-ALG-L4-004,"Chính xác · Hàm số, phương trình & bất phương trình · Cấp 4",Toán,,"Hàm số, phương trình & bất phương trình",2,4,Chính xác,12,15,70%,85%,132,PL-TOA-ALG-L4-003,3,6,3,q.com.2 | q.sta.2 | q.alg.2 | q.sta.3 | q.alg.1 | q.alg.4 | q.ari.1 | q.seq.1 | q.geo.1 | q.com.3 | q.coo.1 | q.coo.2,Loại bỏ lỗi ẩu và các bẫy quen thuộc trong chuyên đề. Giữ độ chính xác khi thời gian bắt đầu siết lại.
PL-TOA-ALG-L4-005,"Tổng hợp · Hàm số, phương trình & bất phương trình · Cấp 4",Toán,,"Hàm số, phương trình & bất phương trình",2,4,Tổng hợp,12,13,70%,85%,138,PL-TOA-ALG-L4-004,3,6,3,q.alg.3 | q.ari.2 | q.ari.3 | q.geo.1 | q.coo.1 | q.coo.2 | q.cal.1 | q.cal.4 | q.exp.2 | q.com.1 | q.com.2 | q.sta.2,Trộn nhiều dạng trong cùng chuyên đề để rèn phản xạ nhận diện. Giữ độ chính xác khi thời gian bắt đầu siết lại.
PL-TOA-ALG-L4-006,"Ôn lại · Hàm số, phương trình & bất phương trình · Cấp 4",Toán,,"Hàm số, phương trình & bất phương trình",2,4,Ôn lại,12,14,70%,85%,108,PL-TOA-ALG-L4-005,3,6,3,q.seq.2 | q.geo.2 | q.geo.3 | q.cal.1 | q.cal.4 | q.exp.2 | q.com.1 | q.com.2 | q.com.4 | q.exp.1 | q.sta.1 | q.alg.4,Quay lại các câu từng sai để kiến thức không phai theo thời gian. Giữ độ chính xác khi thời gian bắt đầu siết lại.
PL-TOA-ALG-L4-007,"Khởi động · Hàm số, phương trình & bất phương trình · Cấp 4",Toán,,"Hàm số, phương trình & bất phương trình",2,4,Khởi động,12,16,70%,85%,84,PL-TOA-ALG-L4-006,3,6,3,q.geo.2 | q.geo.3 | q.coo.3 | q.com.3 | q.sta.1 | q.sta.3 | q.alg.4 | q.cal.4 | q.com.4 | q.alg.3 | q.ari.2 | q.ari.3,Nhắc lại công thức và nhận diện dạng bài trước khi vào phần nặng. Giữ độ chính xác khi thời gian bắt đầu siết lại.
PL-TOA-ALG-L4-008,"Rèn kỹ năng · Hàm số, phương trình & bất phương trình · Cấp 4",Toán,,"Hàm số, phương trình & bất phương trình",2,4,Rèn kỹ năng,12,13,70%,85%,120,PL-TOA-ALG-L4-007,3,6,3,q.exp.1 | q.exp.3 | q.com.3 | q.com.4 | q.sta.2 | q.sta.4 | q.sta.1 | q.alg.2 | q.alg.3 | q.seq.2 | q.geo.2 | q.geo.3,Làm chắc một kỹ năng lõi qua các biến thể liên tiếp của cùng một dạng. Giữ độ chính xác khi thời gian bắt đầu siết lại.
PL-TOA-ALG-L4-009,"Tốc độ · Hàm số, phương trình & bất phương trình · Cấp 4",Toán,,"Hàm số, phương trình & bất phương trình",2,4,Tốc độ,12,10,70%,85%,132,PL-TOA-ALG-L4-008,3,6,3,q.com.3 | q.sta.3 | q.alg.4 | q.sta.4 | q.alg.1 | q.ari.1 | q.seq.1 | q.geo.1 | q.coo.1 | q.coo.3 | q.cal.2 | q.cal.3,Rút ngắn thời gian trên mỗi câu mà vẫn giữ được độ chính xác. Giữ độ chính xác khi thời gian bắt đầu siết lại.
PL-TOA-ALG-L4-010,"Chính xác · Hàm số, phương trình & bất phương trình · Cấp 4",Toán,,"Hàm số, phương trình & bất phương trình",2,4,Chính xác,12,15,70%,85%,132,PL-TOA-ALG-L4-009,3,6,3,q.cal.4 | q.com.4 | q.sta.4 | q.ari.2 | q.ari.3 | q.seq.2 | q.geo.2 | q.geo.3 | q.coo.3 | q.seq.1 | q.geo.1 | q.coo.1,Loại bỏ lỗi ẩu và các bẫy quen thuộc trong chuyên đề. Giữ độ chính xác khi thời gian bắt đầu siết lại.
PL-TOA-ALG-L4-011,"Tổng hợp · Hàm số, phương trình & bất phương trình · Cấp 4",Toán,,"Hàm số, phương trình & bất phương trình",2,4,Tổng hợp,12,13,70%,85%,138,PL-TOA-ALG-L4-010,3,6,3,q.alg.1 | q.ari.1 | q.seq.1 | q.geo.2 | q.geo.3 | q.coo.3 | q.cal.2 | q.cal.3 | q.exp.3 | q.coo.2 | q.cal.1 | q.exp.2,Trộn nhiều dạng trong cùng chuyên đề để rèn phản xạ nhận diện. Giữ độ chính xác khi thời gian bắt đầu siết lại.
PL-TOA-ALG-L4-012,"Ôn lại · Hàm số, phương trình & bất phương trình · Cấp 4",Toán,,"Hàm số, phương trình & bất phương trình",2,4,Ôn lại,12,14,70%,85%,108,PL-TOA-ALG-L4-011,3,6,3,q.geo.1 | q.coo.1 | q.coo.2 | q.cal.2 | q.cal.3 | q.exp.3 | q.com.3 | q.sta.3 | q.alg.1 | q.com.1 | q.com.2 | q.sta.2,Quay lại các câu từng sai để kiến thức không phai theo thời gian. Giữ độ chính xác khi thời gian bắt đầu siết lại.
PL-TOA-ALG-L4-013,"Khởi động · Hàm số, phương trình & bất phương trình · Cấp 4",Toán,,"Hàm số, phương trình & bất phương trình",2,4,Khởi động,12,16,70%,85%,84,PL-TOA-ALG-L4-012,3,6,3,q.coo.1 | q.coo.2 | q.cal.1 | q.ari.3 | q.seq.2 | q.geo.2 | q.geo.3 | q.coo.3 | q.cal.2 | q.exp.1 | q.sta.1 | q.alg.2,Nhắc lại công thức và nhận diện dạng bài trước khi vào phần nặng. Giữ độ chính xác khi thời gian bắt đầu siết lại.
PL-TOA-ALG-L4-014,"Rèn kỹ năng · Hàm số, phương trình & bất phương trình · Cấp 4",Toán,,"Hàm số, phương trình & bất phương trình",2,4,Rèn kỹ năng,12,13,70%,85%,120,PL-TOA-ALG-L4-013,3,6,3,q.com.2 | q.sta.2 | q.alg.2 | q.ari.1 | q.seq.1 | q.geo.1 | q.coo.1 | q.coo.2 | q.cal.1 | q.cal.4 | q.com.4 | q.sta.4,Làm chắc một kỹ năng lõi qua các biến thể liên tiếp của cùng một dạng. Giữ độ chính xác khi thời gian bắt đầu siết lại.
PL-TOA-ALG-L4-015,"Tốc độ · Hàm số, phương trình & bất phương trình · Cấp 4",Toán,,"Hàm số, phương trình & bất phương trình",2,4,Tốc độ,12,10,70%,85%,132,PL-TOA-ALG-L4-014,3,6,3,q.sta.2 | q.alg.2 | q.alg.3 | q.cal.3 | q.exp.1 | q.exp.3 | q.com.3 | q.sta.1 | q.sta.3 | q.geo.3 | q.coo.3 | q.cal.2,Rút ngắn thời gian trên mỗi câu mà vẫn giữ được độ chính xác. Giữ độ chính xác khi thời gian bắt đầu siết lại.
PL-TOA-ALG-L4-016,"Chính xác · Hàm số, phương trình & bất phương trình · Cấp 4",Toán,,"Hàm số, phương trình & bất phương trình",2,4,Chính xác,12,15,70%,85%,132,PL-TOA-ALG-L4-015,3,6,3,q.seq.2 | q.geo.2 | q.geo.3 | q.com.1 | q.com.2 | q.com.4 | q.sta.2 | q.sta.4 | q.exp.1 | q.cal.2 | q.cal.3 | q.exp.3,Loại bỏ lỗi ẩu và các bẫy quen thuộc trong chuyên đề. Giữ độ chính xác khi thời gian bắt đầu siết lại.
PL-TOA-ALG-L4-017,"Tổng hợp · Hàm số, phương trình & bất phương trình · Cấp 4",Toán,,"Hàm số, phương trình & bất phương trình",2,4,Tổng hợp,12,13,70%,85%,138,PL-TOA-ALG-L4-016,3,6,3,q.coo.3 | q.cal.2 | q.cal.3 | q.sta.2 | q.sta.4 | q.exp.1 | q.sta.1 | q.alg.2 | q.alg.3 | q.sta.3 | q.alg.1 | q.ari.1,Trộn nhiều dạng trong cùng chuyên đề để rèn phản xạ nhận diện. Giữ độ chính xác khi thời gian bắt đầu siết lại.
PL-TOA-ALG-L4-018,"Ôn lại · Hàm số, phương trình & bất phương trình · Cấp 4",Toán,,"Hàm số, phương trình & bất phương trình",2,4,Ôn lại,12,14,70%,85%,108,PL-TOA-ALG-L4-017,3,6,3,q.exp.1 | q.exp.3 | q.com.3 | q.sta.1 | q.alg.2 | q.alg.3 | q.ari.2 | q.ari.3 | q.seq.2 | q.geo.1 | q.coo.1 | q.coo.2,Quay lại các câu từng sai để kiến thức không phai theo thời gian. Giữ độ chính xác khi thời gian bắt đầu siết lại.
PL-TOA-ALG-L4-019,"Khởi động · Hàm số, phương trình & bất phương trình · Cấp 4",Toán,,"Hàm số, phương trình & bất phương trình",2,4,Khởi động,12,16,70%,85%,84,PL-TOA-ALG-L4-018,3,6,3,q.com.3 | q.sta.3 | q.alg.4 | q.seq.1 | q.geo.1 | q.coo.1 | q.coo.2 | q.cal.1 | q.exp.2 | q.com.4 | q.sta.2 | q.sta.4,Nhắc lại công thức và nhận diện dạng bài trước khi vào phần nặng. Giữ độ chính xác khi thời gian bắt đầu siết lại.
PL-TOA-ALG-L4-020,"Thử thách · Hàm số, phương trình & bất phương trình · Cấp 4",Toán,,"Hàm số, phương trình & bất phương trình",2,4,Thử thách,12,13,70%,85%,168,PL-TOA-ALG-L4-019,3,6,3,q.sta.4 | q.exp.1 | q.sta.1 | q.ari.2 | q.ari.3 | q.seq.2 | q.geo.2 | q.geo.3 | q.coo.3 | q.com.2 | q.sta.2 | q.alg.4,Đẩy lên mức khó hơn cấp hiện tại để chuẩn bị lên cấp. Giữ độ chính xác khi thời gian bắt đầu siết lại.
PL-TOA-ALG-L4-021,"Vượt ải · Hàm số, phương trình & bất phương trình · Cấp 4",Toán,,"Hàm số, phương trình & bất phương trình",2,4,Vượt ải,12,12,70%,90%,216,PL-TOA-ALG-L4-020,3,6,3,q.alg.2 | q.alg.3 | q.ari.2 | q.coo.3 | q.cal.2 | q.cal.3 | q.exp.3 | q.com.3 | q.sta.3 | q.cal.4 | q.com.4 | q.sta.4,Bài kiểm tra chốt cấp độ của tuyến chuyên đề. Giữ độ chính xác khi thời gian bắt đầu siết lại.
PL-TOA-ALG-L5-001,"Khởi động · Hàm số, phương trình & bất phương trình · Cấp 5",Toán,,"Hàm số, phương trình & bất phương trình",3,5,Khởi động,14,20,70%,85%,112,PL-TOA-ALG-L4-021,4,7,3,q.alg.1 | q.ari.1 | q.seq.1 | q.geo.1 | q.ari.2 | q.ari.3 | q.seq.2 | q.geo.2 | q.geo.3 | q.coo.3 | q.cal.2 | q.alg.2 | q.alg.3 | q.cal.3,Nhắc lại công thức và nhận diện dạng bài trước khi vào phần nặng. Xử lý câu phân loại mà không mất nhịp.
PL-TOA-ALG-L5-002,"Rèn kỹ năng · Hàm số, phương trình & bất phương trình · Cấp 5",Toán,,"Hàm số, phương trình & bất phương trình",3,5,Rèn kỹ năng,14,16,70%,85%,160,PL-TOA-ALG-L5-001,4,7,3,q.ari.3 | q.seq.2 | q.geo.2 | q.geo.3 | q.alg.3 | q.ari.2 | q.coo.3 | q.cal.2 | q.cal.3 | q.exp.3 | q.com.3 | q.ari.1 | q.seq.1 | q.geo.1,Làm chắc một kỹ năng lõi qua các biến thể liên tiếp của cùng một dạng. Xử lý câu phân loại mà không mất nhịp.
PL-TOA-ALG-L5-003,"Tốc độ · Hàm số, phương trình & bất phương trình · Cấp 5",Toán,,"Hàm số, phương trình & bất phương trình",3,5,Tốc độ,14,12,70%,85%,176,PL-TOA-ALG-L5-002,4,7,3,q.cal.1 | q.exp.2 | q.com.1 | q.com.2 | q.cal.2 | q.cal.3 | q.exp.3 | q.com.3 | q.sta.3 | q.alg.1 | q.alg.4 | q.coo.3 | q.ari.1 | q.seq.1,Rút ngắn thời gian trên mỗi câu mà vẫn giữ được độ chính xác. Xử lý câu phân loại mà không mất nhịp.
PL-TOA-ALG-L5-004,"Chính xác · Hàm số, phương trình & bất phương trình · Cấp 5",Toán,,"Hàm số, phương trình & bất phương trình",3,5,Chính xác,14,19,70%,85%,176,PL-TOA-ALG-L5-003,4,7,3,q.cal.3 | q.exp.3 | q.com.3 | q.sta.3 | q.coo.3 | q.cal.2 | q.alg.1 | q.ari.1 | q.seq.1 | q.geo.1 | q.coo.1 | q.exp.2 | q.com.1 | q.com.2,Loại bỏ lỗi ẩu và các bẫy quen thuộc trong chuyên đề. Xử lý câu phân loại mà không mất nhịp.
PL-TOA-ALG-L5-005,"Tổng hợp · Hàm số, phương trình & bất phương trình · Cấp 5",Toán,,"Hàm số, phương trình & bất phương trình",3,5,Tổng hợp,14,16,70%,85%,184,PL-TOA-ALG-L5-004,4,7,3,q.sta.3 | q.alg.1 | q.alg.4 | q.ari.1 | q.com.3 | q.seq.1 | q.geo.1 | q.coo.1 | q.coo.2 | q.cal.1 | q.exp.2 | q.sta.2 | q.exp.1 | q.sta.1,Trộn nhiều dạng trong cùng chuyên đề để rèn phản xạ nhận diện. Xử lý câu phân loại mà không mất nhịp.
PL-TOA-ALG-L5-006,"Ôn lại · Hàm số, phương trình & bất phương trình · Cấp 5",Toán,,"Hàm số, phương trình & bất phương trình",3,5,Ôn lại,14,18,70%,85%,144,PL-TOA-ALG-L5-005,4,7,3,q.ari.1 | q.seq.1 | q.geo.1 | q.coo.1 | q.alg.1 | q.coo.2 | q.cal.1 | q.exp.2 | q.com.1 | q.com.2 | q.sta.2 | q.alg.4 | q.cal.4 | q.com.4,Quay lại các câu từng sai để kiến thức không phai theo thời gian. Xử lý câu phân loại mà không mất nhịp.
PL-TOA-ALG-L5-007,"Khởi động · Hàm số, phương trình & bất phương trình · Cấp 5",Toán,,"Hàm số, phương trình & bất phương trình",3,5,Khởi động,14,20,70%,85%,112,PL-TOA-ALG-L5-006,4,7,3,q.coo.3 | q.cal.2 | q.cal.3 | q.exp.1 | q.com.1 | q.com.2 | q.com.4 | q.sta.2 | q.sta.4 | q.sta.1 | q.alg.2 | q.ari.2 | q.ari.3 | q.seq.2,Nhắc lại công thức và nhận diện dạng bài trước khi vào phần nặng. Xử lý câu phân loại mà không mất nhịp.
PL-TOA-ALG-L5-008,"Rèn kỹ năng · Hàm số, phương trình & bất phương trình · Cấp 5",Toán,,"Hàm số, phương trình & bất phương trình",3,5,Rèn kỹ năng,14,16,70%,85%,160,PL-TOA-ALG-L5-007,4,7,3,q.cal.4 | q.exp.2 | q.com.1 | q.com.2 | q.sta.2 | q.exp.1 | q.sta.1 | q.alg.4 | q.com.4 | q.sta.4 | q.alg.2 | q.coo.3 | q.cal.2 | q.cal.3,Làm chắc một kỹ năng lõi qua các biến thể liên tiếp của cùng một dạng. Xử lý câu phân loại mà không mất nhịp.
PL-TOA-ALG-L5-009,"Tốc độ · Hàm số, phương trình & bất phương trình · Cấp 5",Toán,,"Hàm số, phương trình & bất phương trình",3,5,Tốc độ,14,12,70%,85%,176,PL-TOA-ALG-L5-008,4,7,3,q.sta.1 | q.sta.3 | q.alg.4 | q.cal.4 | q.alg.2 | q.alg.3 | q.ari.2 | q.ari.3 | q.seq.2 | q.geo.2 | q.geo.3 | q.seq.1 | q.geo.1 | q.coo.1,Rút ngắn thời gian trên mỗi câu mà vẫn giữ được độ chính xác. Xử lý câu phân loại mà không mất nhịp.
PL-TOA-ALG-L5-010,"Chính xác · Hàm số, phương trình & bất phương trình · Cấp 5",Toán,,"Hàm số, phương trình & bất phương trình",3,5,Chính xác,14,19,70%,85%,176,PL-TOA-ALG-L5-009,4,7,3,q.sta.4 | q.exp.1 | q.sta.1 | q.alg.2 | q.alg.3 | q.ari.2 | q.ari.3 | q.seq.2 | q.geo.2 | q.geo.3 | q.coo.3 | q.coo.1 | q.coo.2 | q.cal.1,Loại bỏ lỗi ẩu và các bẫy quen thuộc trong chuyên đề. Xử lý câu phân loại mà không mất nhịp.
PL-TOA-ALG-L5-011,"Tổng hợp · Hàm số, phương trình & bất phương trình · Cấp 5",Toán,,"Hàm số, phương trình & bất phương trình",3,5,Tổng hợp,14,16,70%,85%,184,PL-TOA-ALG-L5-010,4,7,3,q.alg.2 | q.alg.3 | q.ari.2 | q.ari.3 | q.geo.3 | q.coo.3 | q.cal.2 | q.cal.3 | q.exp.3 | q.com.3 | q.sta.3 | q.com.2 | q.sta.2 | q.exp.1,Trộn nhiều dạng trong cùng chuyên đề để rèn phản xạ nhận diện. Xử lý câu phân loại mà không mất nhịp.
PL-TOA-ALG-L5-012,"Ôn lại · Hàm số, phương trình & bất phương trình · Cấp 5",Toán,,"Hàm số, phương trình & bất phương trình",3,5,Ôn lại,14,18,70%,85%,144,PL-TOA-ALG-L5-011,4,7,3,q.ari.3 | q.seq.2 | q.geo.2 | q.geo.3 | q.cal.3 | q.exp.3 | q.com.3 | q.sta.3 | q.alg.1 | q.ari.1 | q.seq.1 | q.sta.1 | q.alg.4 | q.cal.4,Quay lại các câu từng sai để kiến thức không phai theo thời gian. Xử lý câu phân loại mà không mất nhịp.
PL-TOA-ALG-L5-013,"Khởi động · Hàm số, phương trình & bất phương trình · Cấp 5",Toán,,"Hàm số, phương trình & bất phương trình",3,5,Khởi động,14,20,70%,85%,112,PL-TOA-ALG-L5-012,4,7,3,q.cal.1 | q.exp.2 | q.com.1 | q.com.2 | q.sta.3 | q.alg.1 | q.alg.4 | q.ari.1 | q.seq.1 | q.geo.1 | q.coo.1 | q.sta.4 | q.alg.2 | q.alg.3,Nhắc lại công thức và nhận diện dạng bài trước khi vào phần nặng. Xử lý câu phân loại mà không mất nhịp.
PL-TOA-ALG-L5-014,"Rèn kỹ năng · Hàm số, phương trình & bất phương trình · Cấp 5",Toán,,"Hàm số, phương trình & bất phương trình",3,5,Rèn kỹ năng,14,16,70%,85%,160,PL-TOA-ALG-L5-013,4,7,3,q.cal.3 | q.exp.3 | q.com.3 | q.sta.3 | q.seq.1 | q.geo.1 | q.coo.1 | q.coo.2 | q.cal.1 | q.exp.2 | q.com.1 | q.alg.3 | q.ari.2 | q.ari.3,Làm chắc một kỹ năng lõi qua các biến thể liên tiếp của cùng một dạng. Xử lý câu phân loại mà không mất nhịp.
PL-TOA-ALG-L5-015,"Tốc độ · Hàm số, phương trình & bất phương trình · Cấp 5",Toán,,"Hàm số, phương trình & bất phương trình",3,5,Tốc độ,14,12,70%,85%,176,PL-TOA-ALG-L5-014,4,7,3,q.alg.3 | q.ari.2 | q.ari.3 | q.seq.2 | q.exp.2 | q.com.1 | q.com.2 | q.com.4 | q.sta.2 | q.sta.4 | q.exp.1 | q.exp.3 | q.com.3 | q.sta.3,Rút ngắn thời gian trên mỗi câu mà vẫn giữ được độ chính xác. Xử lý câu phân loại mà không mất nhịp.
PL-TOA-ALG-L5-016,"Thử thách · Hàm số, phương trình & bất phương trình · Cấp 5",Toán,,"Hàm số, phương trình & bất phương trình",3,5,Thử thách,14,16,70%,85%,224,PL-TOA-ALG-L5-015,4,7,3,q.com.3 | q.sta.3 | q.alg.1 | q.ari.1 | q.com.1 | q.com.2 | q.sta.2 | q.exp.1 | q.sta.1 | q.alg.4 | q.cal.4 | q.cal.3 | q.exp.3 | q.seq.1,Đẩy lên mức khó hơn cấp hiện tại để chuẩn bị lên cấp. Xử lý câu phân loại mà không mất nhịp.
PL-TOA-ALG-L5-017,"Vượt ải · Hàm số, phương trình & bất phương trình · Cấp 5",Toán,,"Hàm số, phương trình & bất phương trình",3,5,Vượt ải,14,16,70%,90%,288,PL-TOA-ALG-L5-016,4,7,3,q.ari.1 | q.seq.1 | q.geo.1 | q.coo.1 | q.exp.1 | q.sta.1 | q.alg.4 | q.cal.4 | q.com.4 | q.sta.4 | q.alg.2 | q.cal.1 | q.exp.2 | q.com.1,Bài kiểm tra chốt cấp độ của tuyến chuyên đề. Xử lý câu phân loại mà không mất nhịp.
PL-TOA-ALG-L6-001,"Khởi động · Hàm số, phương trình & bất phương trình · Cấp 6",Toán,,"Hàm số, phương trình & bất phương trình",3,6,Khởi động,15,19,70%,85%,154,PL-TOA-ALG-L5-017,4,7,4,q.alg.2 | q.alg.3 | q.ari.2 | q.ari.3 | q.com.4 | q.sta.4 | q.seq.2 | q.geo.2 | q.geo.3 | q.coo.3 | q.cal.2 | q.com.3 | q.sta.3 | q.alg.1 | q.ari.1,Nhắc lại công thức và nhận diện dạng bài trước khi vào phần nặng. Tốc độ và độ chính xác của nhóm dẫn đầu phổ điểm.
PL-TOA-ALG-L6-002,"Rèn kỹ năng · Hàm số, phương trình & bất phương trình · Cấp 6",Toán,,"Hàm số, phương trình & bất phương trình",3,6,Rèn kỹ năng,15,15,70%,85%,220,PL-TOA-ALG-L6-001,4,7,4,q.sta.4 | q.alg.2 | q.alg.3 | q.ari.2 | q.geo.2 | q.geo.3 | q.coo.3 | q.cal.2 | q.cal.3 | q.exp.3 | q.com.3 | q.ari.1 | q.seq.1 | q.geo.1 | q.coo.1,Làm chắc một kỹ năng lõi qua các biến thể liên tiếp của cùng một dạng. Tốc độ và độ chính xác của nhóm dẫn đầu phổ điểm.
PL-TOA-ALG-L6-003,"Tốc độ · Hàm số, phương trình & bất phương trình · Cấp 6",Toán,,"Hàm số, phương trình & bất phương trình",3,6,Tốc độ,15,11,70%,85%,242,PL-TOA-ALG-L6-002,4,7,4,q.geo.3 | q.coo.3 | q.cal.2 | q.cal.3 | q.seq.2 | q.geo.2 | q.exp.3 | q.com.3 | q.sta.3 | q.alg.1 | q.ari.1 | q.coo.1 | q.coo.2 | q.cal.1 | q.exp.2,Rút ngắn thời gian trên mỗi câu mà vẫn giữ được độ chính xác. Tốc độ và độ chính xác của nhóm dẫn đầu phổ điểm.
PL-TOA-ALG-L6-004,"Chính xác · Hàm số, phương trình & bất phương trình · Cấp 6",Toán,,"Hàm số, phương trình & bất phương trình",3,6,Chính xác,15,17,70%,85%,242,PL-TOA-ALG-L6-003,4,7,4,q.geo.2 | q.geo.3 | q.coo.3 | q.cal.2 | q.com.3 | q.sta.3 | q.alg.1 | q.ari.1 | q.seq.1 | q.geo.1 | q.coo.1 | q.exp.2 | q.com.1 | q.com.2 | q.sta.2,Loại bỏ lỗi ẩu và các bẫy quen thuộc trong chuyên đề. Tốc độ và độ chính xác của nhóm dẫn đầu phổ điểm.
PL-TOA-ALG-L6-005,"Tổng hợp · Hàm số, phương trình & bất phương trình · Cấp 6",Toán,,"Hàm số, phương trình & bất phương trình",3,6,Tổng hợp,15,15,70%,85%,253,PL-TOA-ALG-L6-004,4,7,4,q.cal.2 | q.cal.3 | q.exp.3 | q.com.3 | q.ari.1 | q.seq.1 | q.geo.1 | q.coo.1 | q.coo.2 | q.cal.1 | q.exp.2 | q.sta.2 | q.exp.1 | q.sta.1 | q.alg.4,Trộn nhiều dạng trong cùng chuyên đề để rèn phản xạ nhận diện. Tốc độ và độ chính xác của nhóm dẫn đầu phổ điểm.
PL-TOA-ALG-L6-006,"Ôn lại · Hàm số, phương trình & bất phương trình · Cấp 6",Toán,,"Hàm số, phương trình & bất phương trình",3,6,Ôn lại,15,17,70%,85%,198,PL-TOA-ALG-L6-005,4,7,4,q.com.3 | q.sta.3 | q.alg.1 | q.ari.1 | q.coo.1 | q.coo.2 | q.cal.1 | q.exp.2 | q.com.1 | q.com.2 | q.sta.2 | q.alg.4 | q.cal.4 | q.com.4 | q.sta.4,Quay lại các câu từng sai để kiến thức không phai theo thời gian. Tốc độ và độ chính xác của nhóm dẫn đầu phổ điểm.
PL-TOA-ALG-L6-007,"Khởi động · Hàm số, phương trình & bất phương trình · Cấp 6",Toán,,"Hàm số, phương trình & bất phương trình",3,6,Khởi động,15,19,70%,85%,154,PL-TOA-ALG-L6-006,4,7,4,q.coo.1 | q.coo.2 | q.cal.1 | q.cal.4 | q.exp.2 | q.com.1 | q.com.2 | q.sta.2 | q.exp.1 | q.sta.1 | q.alg.4 | q.alg.3 | q.ari.2 | q.ari.3 | q.seq.2,Nhắc lại công thức và nhận diện dạng bài trước khi vào phần nặng. Tốc độ và độ chính xác của nhóm dẫn đầu phổ điểm.
PL-TOA-ALG-L6-008,"Rèn kỹ năng · Hàm số, phương trình & bất phương trình · Cấp 6",Toán,,"Hàm số, phương trình & bất phương trình",3,6,Rèn kỹ năng,15,15,70%,85%,220,PL-TOA-ALG-L6-007,4,7,4,q.coo.1 | q.coo.2 | q.cal.1 | q.exp.2 | q.sta.2 | q.exp.1 | q.sta.1 | q.alg.4 | q.cal.4 | q.com.4 | q.sta.4 | q.geo.3 | q.coo.3 | q.cal.2 | q.cal.3,Làm chắc một kỹ năng lõi qua các biến thể liên tiếp của cùng một dạng. Tốc độ và độ chính xác của nhóm dẫn đầu phổ điểm.
PL-TOA-ALG-L6-009,"Tốc độ · Hàm số, phương trình & bất phương trình · Cấp 6",Toán,,"Hàm số, phương trình & bất phương trình",3,6,Tốc độ,15,11,70%,85%,242,PL-TOA-ALG-L6-008,4,7,4,q.com.2 | q.com.4 | q.sta.2 | q.sta.4 | q.alg.4 | q.cal.4 | q.alg.2 | q.alg.3 | q.ari.2 | q.ari.3 | q.seq.2 | q.ari.1 | q.seq.1 | q.geo.1 | q.coo.1,Rút ngắn thời gian trên mỗi câu mà vẫn giữ được độ chính xác. Tốc độ và độ chính xác của nhóm dẫn đầu phổ điểm.
PL-TOA-ALG-L6-010,"Chính xác · Hàm số, phương trình & bất phương trình · Cấp 6",Toán,,"Hàm số, phương trình & bất phương trình",3,6,Chính xác,15,17,70%,85%,242,PL-TOA-ALG-L6-009,4,7,4,q.sta.2 | q.exp.1 | q.sta.1 | q.alg.4 | q.alg.2 | q.alg.3 | q.ari.2 | q.ari.3 | q.seq.2 | q.geo.2 | q.geo.3 | q.geo.1 | q.coo.1 | q.coo.2 | q.cal.1,Loại bỏ lỗi ẩu và các bẫy quen thuộc trong chuyên đề. Tốc độ và độ chính xác của nhóm dẫn đầu phổ điểm.
PL-TOA-ALG-L6-011,"Tổng hợp · Hàm số, phương trình & bất phương trình · Cấp 6",Toán,,"Hàm số, phương trình & bất phương trình",3,6,Tổng hợp,15,15,70%,85%,253,PL-TOA-ALG-L6-010,4,7,4,q.alg.4 | q.cal.4 | q.com.4 | q.sta.4 | q.geo.3 | q.coo.3 | q.cal.2 | q.cal.3 | q.exp.3 | q.com.3 | q.sta.3 | q.com.2 | q.sta.2 | q.exp.1 | q.sta.1,Trộn nhiều dạng trong cùng chuyên đề để rèn phản xạ nhận diện. Tốc độ và độ chính xác của nhóm dẫn đầu phổ điểm.
PL-TOA-ALG-L6-012,"Thử thách · Hàm số, phương trình & bất phương trình · Cấp 6",Toán,,"Hàm số, phương trình & bất phương trình",3,6,Thử thách,15,15,70%,85%,308,PL-TOA-ALG-L6-011,4,7,4,q.sta.4 | q.alg.2 | q.alg.3 | q.ari.2 | q.cal.3 | q.exp.3 | q.com.3 | q.sta.3 | q.alg.1 | q.ari.1 | q.seq.1 | q.sta.1 | q.alg.4 | q.cal.4 | q.com.4,Đẩy lên mức khó hơn cấp hiện tại để chuẩn bị lên cấp. Tốc độ và độ chính xác của nhóm dẫn đầu phổ điểm.
PL-TOA-ALG-L6-013,"Vượt ải · Hàm số, phương trình & bất phương trình · Cấp 6",Toán,,"Hàm số, phương trình & bất phương trình",3,6,Vượt ải,15,14,70%,90%,396,PL-TOA-ALG-L6-012,4,7,4,q.ari.2 | q.ari.3 | q.seq.2 | q.geo.2 | q.sta.3 | q.alg.1 | q.ari.1 | q.seq.1 | q.geo.1 | q.coo.1 | q.coo.2 | q.com.4 | q.sta.4 | q.alg.2 | q.alg.3,Bài kiểm tra chốt cấp độ của tuyến chuyên đề. Tốc độ và độ chính xác của nhóm dẫn đầu phổ điểm.
PL-TOA-SEQ-L1-001,"Khởi động · Dãy số, cấp số cộng & cấp số nhân · Cấp 1",Toán,,"Dãy số, cấp số cộng & cấp số nhân",1,1,Khởi động,8,10,70%,85%,28,,2,4,2,q.exp.1 | q.sta.1 | q.alg.1 | q.geo.1 | q.coo.1 | q.coo.2 | q.com.1 | q.com.2,Nhắc lại công thức và nhận diện dạng bài trước khi vào phần nặng. Nhận diện dạng bài và nhớ lại công thức nền.
PL-TOA-SEQ-L1-002,"Rèn kỹ năng · Dãy số, cấp số cộng & cấp số nhân · Cấp 1",Toán,,"Dãy số, cấp số cộng & cấp số nhân",1,1,Rèn kỹ năng,8,8,70%,85%,40,PL-TOA-SEQ-L1-001,2,4,2,q.ari.1 | q.alg.1 | q.exp.2 | q.com.1 | q.com.2 | q.sta.2 | q.coo.3 | q.cal.2,Làm chắc một kỹ năng lõi qua các biến thể liên tiếp của cùng một dạng. Nhận diện dạng bài và nhớ lại công thức nền.
PL-TOA-SEQ-L1-003,"Tốc độ · Dãy số, cấp số cộng & cấp số nhân · Cấp 1",Toán,,"Dãy số, cấp số cộng & cấp số nhân",1,1,Tốc độ,8,6,70%,85%,44,PL-TOA-SEQ-L1-002,2,4,2,q.coo.1 | q.coo.2 | q.com.1 | q.com.2 | q.sta.2 | q.seq.2 | q.geo.2 | q.geo.3,Rút ngắn thời gian trên mỗi câu mà vẫn giữ được độ chính xác. Nhận diện dạng bài và nhớ lại công thức nền.
PL-TOA-SEQ-L1-004,"Chính xác · Dãy số, cấp số cộng & cấp số nhân · Cấp 1",Toán,,"Dãy số, cấp số cộng & cấp số nhân",1,1,Chính xác,8,9,70%,85%,44,PL-TOA-SEQ-L1-003,2,4,2,q.exp.2 | q.com.1 | q.ari.3 | q.alg.2 | q.alg.3 | q.geo.2 | q.geo.1 | q.coo.1,Loại bỏ lỗi ẩu và các bẫy quen thuộc trong chuyên đề. Nhận diện dạng bài và nhớ lại công thức nền.
PL-TOA-SEQ-L1-005,"Thử thách · Dãy số, cấp số cộng & cấp số nhân · Cấp 1",Toán,,"Dãy số, cấp số cộng & cấp số nhân",1,1,Thử thách,8,8,70%,85%,56,PL-TOA-SEQ-L1-004,2,4,2,q.ari.2 | q.ari.3 | q.alg.4 | q.geo.1 | q.coo.1 | q.coo.2 | q.alg.1 | q.cal.1,Đẩy lên mức khó hơn cấp hiện tại để chuẩn bị lên cấp. Nhận diện dạng bài và nhớ lại công thức nền.
PL-TOA-SEQ-L1-006,"Vượt ải · Dãy số, cấp số cộng & cấp số nhân · Cấp 1",Toán,,"Dãy số, cấp số cộng & cấp số nhân",1,1,Vượt ải,8,8,70%,90%,72,PL-TOA-SEQ-L1-005,2,4,2,q.alg.3 | q.geo.2 | q.coo.2 | q.cal.1 | q.cal.4 | q.exp.2 | q.com.1 | q.com.2,Bài kiểm tra chốt cấp độ của tuyến chuyên đề. Nhận diện dạng bài và nhớ lại công thức nền.
PL-TOA-SEQ-L2-001,"Khởi động · Dãy số, cấp số cộng & cấp số nhân · Cấp 2",Toán,,"Dãy số, cấp số cộng & cấp số nhân",1,2,Khởi động,10,15,70%,85%,42,PL-TOA-SEQ-L1-006,3,5,2,q.exp.1 | q.sta.1 | q.seq.1 | q.geo.1 | q.coo.1 | q.coo.2 | q.cal.1 | q.exp.2 | q.sta.2 | q.seq.2,Nhắc lại công thức và nhận diện dạng bài trước khi vào phần nặng. Làm đúng dạng chuẩn mà không cần nhìn gợi ý.
PL-TOA-SEQ-L2-002,"Rèn kỹ năng · Dãy số, cấp số cộng & cấp số nhân · Cấp 2",Toán,,"Dãy số, cấp số cộng & cấp số nhân",1,2,Rèn kỹ năng,10,12,70%,85%,60,PL-TOA-SEQ-L2-001,3,5,2,q.ari.1 | q.alg.1 | q.geo.1 | q.com.1 | q.com.2 | q.sta.2 | q.seq.2 | q.ari.2 | q.cal.3 | q.exp.3,Làm chắc một kỹ năng lõi qua các biến thể liên tiếp của cùng một dạng. Làm đúng dạng chuẩn mà không cần nhìn gợi ý.
PL-TOA-SEQ-L2-003,"Tốc độ · Dãy số, cấp số cộng & cấp số nhân · Cấp 2",Toán,,"Dãy số, cấp số cộng & cấp số nhân",1,2,Tốc độ,10,9,70%,85%,66,PL-TOA-SEQ-L2-002,3,5,2,q.coo.1 | q.coo.2 | q.cal.1 | q.com.2 | q.sta.2 | q.seq.2 | q.ari.2 | q.ari.3 | q.coo.3 | q.cal.2,Rút ngắn thời gian trên mỗi câu mà vẫn giữ được độ chính xác. Làm đúng dạng chuẩn mà không cần nhìn gợi ý.
PL-TOA-SEQ-L2-004,"Chính xác · Dãy số, cấp số cộng & cấp số nhân · Cấp 2",Toán,,"Dãy số, cấp số cộng & cấp số nhân",1,2,Chính xác,10,13,70%,85%,66,PL-TOA-SEQ-L2-003,3,5,2,q.exp.2 | q.com.1 | q.com.2 | q.alg.2 | q.alg.3 | q.geo.2 | q.geo.3 | q.coo.3 | q.coo.1 | q.coo.2,Loại bỏ lỗi ẩu và các bẫy quen thuộc trong chuyên đề. Làm đúng dạng chuẩn mà không cần nhìn gợi ý.
PL-TOA-SEQ-L2-005,"Tổng hợp · Dãy số, cấp số cộng & cấp số nhân · Cấp 2",Toán,,"Dãy số, cấp số cộng & cấp số nhân",1,2,Tổng hợp,10,12,70%,85%,69,PL-TOA-SEQ-L2-004,3,5,2,q.sta.2 | q.seq.2 | q.ari.2 | q.geo.3 | q.coo.3 | q.cal.2 | q.cal.3 | q.exp.1 | q.exp.2 | q.com.1,Trộn nhiều dạng trong cùng chuyên đề để rèn phản xạ nhận diện. Làm đúng dạng chuẩn mà không cần nhìn gợi ý.
PL-TOA-SEQ-L2-006,"Thử thách · Dãy số, cấp số cộng & cấp số nhân · Cấp 2",Toán,,"Dãy số, cấp số cộng & cấp số nhân",1,2,Thử thách,10,12,70%,85%,84,PL-TOA-SEQ-L2-005,3,5,2,q.alg.3 | q.geo.2 | q.geo.3 | q.cal.1 | q.cal.4 | q.exp.2 | q.com.1 | q.com.2 | q.sta.2 | q.exp.1,Đẩy lên mức khó hơn cấp hiện tại để chuẩn bị lên cấp. Làm đúng dạng chuẩn mà không cần nhìn gợi ý.
PL-TOA-SEQ-L2-007,"Vượt ải · Dãy số, cấp số cộng & cấp số nhân · Cấp 2",Toán,,"Dãy số, cấp số cộng & cấp số nhân",1,2,Vượt ải,10,11,70%,90%,108,PL-TOA-SEQ-L2-006,3,5,2,q.coo.3 | q.cal.2 | q.cal.3 | q.com.1 | q.com.2 | q.com.4 | q.sta.2 | q.sta.4 | q.alg.4 | q.cal.4,Bài kiểm tra chốt cấp độ của tuyến chuyên đề. Làm đúng dạng chuẩn mà không cần nhìn gợi ý.
PL-TOA-SEQ-L3-001,"Khởi động · Dãy số, cấp số cộng & cấp số nhân · Cấp 3",Toán,,"Dãy số, cấp số cộng & cấp số nhân",2,3,Khởi động,12,19,70%,85%,63,PL-TOA-SEQ-L2-007,3,6,3,q.exp.1 | q.sta.1 | q.seq.1 | q.geo.1 | q.coo.1 | q.coo.2 | q.cal.1 | q.exp.2 | q.com.1 | q.alg.3 | q.geo.2 | q.geo.3,Nhắc lại công thức và nhận diện dạng bài trước khi vào phần nặng. Ghép nhiều bước và tránh các bẫy quen thuộc.
PL-TOA-SEQ-L3-002,"Rèn kỹ năng · Dãy số, cấp số cộng & cấp số nhân · Cấp 3",Toán,,"Dãy số, cấp số cộng & cấp số nhân",2,3,Rèn kỹ năng,12,15,70%,85%,90,PL-TOA-SEQ-L3-001,3,6,3,q.geo.1 | q.coo.1 | q.coo.2 | q.geo.2 | q.geo.3 | q.coo.3 | q.cal.2 | q.cal.3 | q.exp.3 | q.alg.2 | q.alg.3 | q.com.3,Làm chắc một kỹ năng lõi qua các biến thể liên tiếp của cùng một dạng. Ghép nhiều bước và tránh các bẫy quen thuộc.
PL-TOA-SEQ-L3-003,"Tốc độ · Dãy số, cấp số cộng & cấp số nhân · Cấp 3",Toán,,"Dãy số, cấp số cộng & cấp số nhân",2,3,Tốc độ,12,11,70%,85%,99,PL-TOA-SEQ-L3-002,3,6,3,q.coo.1 | q.coo.2 | q.cal.1 | q.seq.2 | q.ari.2 | q.ari.3 | q.alg.2 | q.alg.3 | q.geo.2 | q.alg.4 | q.geo.1 | q.cal.4,Rút ngắn thời gian trên mỗi câu mà vẫn giữ được độ chính xác. Ghép nhiều bước và tránh các bẫy quen thuộc.
PL-TOA-SEQ-L3-004,"Chính xác · Dãy số, cấp số cộng & cấp số nhân · Cấp 3",Toán,,"Dãy số, cấp số cộng & cấp số nhân",2,3,Chính xác,12,17,70%,85%,99,PL-TOA-SEQ-L3-003,3,6,3,q.com.2 | q.sta.2 | q.seq.2 | q.sta.3 | q.seq.1 | q.ari.1 | q.alg.1 | q.alg.4 | q.geo.1 | q.com.3 | q.coo.1 | q.coo.2,Loại bỏ lỗi ẩu và các bẫy quen thuộc trong chuyên đề. Ghép nhiều bước và tránh các bẫy quen thuộc.
PL-TOA-SEQ-L3-005,"Tổng hợp · Dãy số, cấp số cộng & cấp số nhân · Cấp 3",Toán,,"Dãy số, cấp số cộng & cấp số nhân",2,3,Tổng hợp,12,15,70%,85%,103,PL-TOA-SEQ-L3-004,3,6,3,q.ari.2 | q.ari.3 | q.alg.2 | q.geo.1 | q.coo.1 | q.coo.2 | q.cal.1 | q.cal.4 | q.exp.2 | q.com.1 | q.com.2 | q.sta.2,Trộn nhiều dạng trong cùng chuyên đề để rèn phản xạ nhận diện. Ghép nhiều bước và tránh các bẫy quen thuộc.
PL-TOA-SEQ-L3-006,"Ôn lại · Dãy số, cấp số cộng & cấp số nhân · Cấp 3",Toán,,"Dãy số, cấp số cộng & cấp số nhân",2,3,Ôn lại,12,17,70%,85%,81,PL-TOA-SEQ-L3-005,3,6,3,q.alg.3 | q.geo.2 | q.geo.3 | q.cal.1 | q.cal.4 | q.exp.2 | q.com.1 | q.com.2 | q.com.4 | q.exp.1 | q.sta.1 | q.alg.4,Quay lại các câu từng sai để kiến thức không phai theo thời gian. Ghép nhiều bước và tránh các bẫy quen thuộc.
PL-TOA-SEQ-L3-007,"Thử thách · Dãy số, cấp số cộng & cấp số nhân · Cấp 3",Toán,,"Dãy số, cấp số cộng & cấp số nhân",2,3,Thử thách,12,15,70%,85%,126,PL-TOA-SEQ-L3-006,3,6,3,q.coo.1 | q.coo.2 | q.cal.1 | q.geo.1 | q.exp.2 | q.com.1 | q.com.2 | q.sta.2 | q.exp.1 | q.cal.4 | q.com.4 | q.sta.4,Đẩy lên mức khó hơn cấp hiện tại để chuẩn bị lên cấp. Ghép nhiều bước và tránh các bẫy quen thuộc.
PL-TOA-SEQ-L3-008,"Vượt ải · Dãy số, cấp số cộng & cấp số nhân · Cấp 3",Toán,,"Dãy số, cấp số cộng & cấp số nhân",2,3,Vượt ải,12,14,70%,90%,162,PL-TOA-SEQ-L3-007,3,6,3,q.cal.4 | q.exp.2 | q.com.1 | q.com.2 | q.sta.2 | q.exp.1 | q.sta.1 | q.alg.4 | q.com.4 | q.alg.2 | q.alg.3 | q.geo.2,Bài kiểm tra chốt cấp độ của tuyến chuyên đề. Ghép nhiều bước và tránh các bẫy quen thuộc.
PL-TOA-SEQ-L4-001,"Khởi động · Dãy số, cấp số cộng & cấp số nhân · Cấp 4",Toán,,"Dãy số, cấp số cộng & cấp số nhân",2,4,Khởi động,12,16,70%,85%,84,PL-TOA-SEQ-L3-008,3,6,3,q.exp.1 | q.sta.1 | q.seq.1 | q.geo.1 | q.coo.1 | q.coo.2 | q.cal.1 | q.exp.2 | q.com.1 | q.alg.3 | q.geo.2 | q.geo.3,Nhắc lại công thức và nhận diện dạng bài trước khi vào phần nặng. Giữ độ chính xác khi thời gian bắt đầu siết lại.
PL-TOA-SEQ-L4-002,"Rèn kỹ năng · Dãy số, cấp số cộng & cấp số nhân · Cấp 4",Toán,,"Dãy số, cấp số cộng & cấp số nhân",2,4,Rèn kỹ năng,12,13,70%,85%,120,PL-TOA-SEQ-L4-001,3,6,3,q.geo.1 | q.coo.1 | q.coo.2 | q.geo.2 | q.geo.3 | q.coo.3 | q.cal.2 | q.cal.3 | q.exp.3 | q.alg.2 | q.alg.3 | q.com.3,Làm chắc một kỹ năng lõi qua các biến thể liên tiếp của cùng một dạng. Giữ độ chính xác khi thời gian bắt đầu siết lại.
PL-TOA-SEQ-L4-003,"Tốc độ · Dãy số, cấp số cộng & cấp số nhân · Cấp 4",Toán,,"Dãy số, cấp số cộng & cấp số nhân",2,4,Tốc độ,12,10,70%,85%,132,PL-TOA-SEQ-L4-002,3,6,3,q.coo.1 | q.coo.2 | q.cal.1 | q.seq.2 | q.ari.2 | q.ari.3 | q.alg.2 | q.alg.3 | q.geo.2 | q.alg.4 | q.geo.1 | q.cal.4,Rút ngắn thời gian trên mỗi câu mà vẫn giữ được độ chính xác. Giữ độ chính xác khi thời gian bắt đầu siết lại.
PL-TOA-SEQ-L4-004,"Chính xác · Dãy số, cấp số cộng & cấp số nhân · Cấp 4",Toán,,"Dãy số, cấp số cộng & cấp số nhân",2,4,Chính xác,12,15,70%,85%,132,PL-TOA-SEQ-L4-003,3,6,3,q.com.2 | q.sta.2 | q.seq.2 | q.sta.3 | q.seq.1 | q.ari.1 | q.alg.1 | q.alg.4 | q.geo.1 | q.com.3 | q.coo.1 | q.coo.2,Loại bỏ lỗi ẩu và các bẫy quen thuộc trong chuyên đề. Giữ độ chính xác khi thời gian bắt đầu siết lại.
PL-TOA-SEQ-L4-005,"Tổng hợp · Dãy số, cấp số cộng & cấp số nhân · Cấp 4",Toán,,"Dãy số, cấp số cộng & cấp số nhân",2,4,Tổng hợp,12,13,70%,85%,138,PL-TOA-SEQ-L4-004,3,6,3,q.ari.2 | q.ari.3 | q.alg.2 | q.geo.1 | q.coo.1 | q.coo.2 | q.cal.1 | q.cal.4 | q.exp.2 | q.com.1 | q.com.2 | q.sta.2,Trộn nhiều dạng trong cùng chuyên đề để rèn phản xạ nhận diện. Giữ độ chính xác khi thời gian bắt đầu siết lại.
PL-TOA-SEQ-L4-006,"Ôn lại · Dãy số, cấp số cộng & cấp số nhân · Cấp 4",Toán,,"Dãy số, cấp số cộng & cấp số nhân",2,4,Ôn lại,12,14,70%,85%,108,PL-TOA-SEQ-L4-005,3,6,3,q.alg.3 | q.geo.2 | q.geo.3 | q.cal.1 | q.cal.4 | q.exp.2 | q.com.1 | q.com.2 | q.com.4 | q.exp.1 | q.sta.1 | q.alg.4,Quay lại các câu từng sai để kiến thức không phai theo thời gian. Giữ độ chính xác khi thời gian bắt đầu siết lại.
PL-TOA-SEQ-L4-007,"Thử thách · Dãy số, cấp số cộng & cấp số nhân · Cấp 4",Toán,,"Dãy số, cấp số cộng & cấp số nhân",2,4,Thử thách,12,13,70%,85%,168,PL-TOA-SEQ-L4-006,3,6,3,q.coo.1 | q.coo.2 | q.cal.1 | q.geo.1 | q.exp.2 | q.com.1 | q.com.2 | q.sta.2 | q.exp.1 | q.cal.4 | q.com.4 | q.sta.4,Đẩy lên mức khó hơn cấp hiện tại để chuẩn bị lên cấp. Giữ độ chính xác khi thời gian bắt đầu siết lại.
PL-TOA-SEQ-L4-008,"Vượt ải · Dãy số, cấp số cộng & cấp số nhân · Cấp 4",Toán,,"Dãy số, cấp số cộng & cấp số nhân",2,4,Vượt ải,12,12,70%,90%,216,PL-TOA-SEQ-L4-007,3,6,3,q.cal.4 | q.exp.2 | q.com.1 | q.com.2 | q.sta.2 | q.exp.1 | q.sta.1 | q.alg.4 | q.com.4 | q.alg.2 | q.alg.3 | q.geo.2,Bài kiểm tra chốt cấp độ của tuyến chuyên đề. Giữ độ chính xác khi thời gian bắt đầu siết lại.
PL-TOA-SEQ-L5-001,"Khởi động · Dãy số, cấp số cộng & cấp số nhân · Cấp 5",Toán,,"Dãy số, cấp số cộng & cấp số nhân",3,5,Khởi động,14,20,70%,85%,112,PL-TOA-SEQ-L4-008,4,7,3,q.seq.1 | q.ari.1 | q.alg.1 | q.geo.1 | q.ari.3 | q.alg.2 | q.alg.3 | q.geo.2 | q.geo.3 | q.coo.3 | q.cal.2 | q.seq.2 | q.ari.2 | q.cal.3,Nhắc lại công thức và nhận diện dạng bài trước khi vào phần nặng. Xử lý câu phân loại mà không mất nhịp.
PL-TOA-SEQ-L5-002,"Rèn kỹ năng · Dãy số, cấp số cộng & cấp số nhân · Cấp 5",Toán,,"Dãy số, cấp số cộng & cấp số nhân",3,5,Rèn kỹ năng,14,16,70%,85%,160,PL-TOA-SEQ-L5-001,4,7,3,q.alg.2 | q.alg.3 | q.geo.2 | q.geo.3 | q.ari.2 | q.ari.3 | q.coo.3 | q.cal.2 | q.cal.3 | q.exp.3 | q.com.3 | q.ari.1 | q.alg.1 | q.geo.1,Làm chắc một kỹ năng lõi qua các biến thể liên tiếp của cùng một dạng. Xử lý câu phân loại mà không mất nhịp.
PL-TOA-SEQ-L5-003,"Tốc độ · Dãy số, cấp số cộng & cấp số nhân · Cấp 5",Toán,,"Dãy số, cấp số cộng & cấp số nhân",3,5,Tốc độ,14,12,70%,85%,176,PL-TOA-SEQ-L5-002,4,7,3,q.cal.1 | q.exp.2 | q.com.1 | q.com.2 | q.cal.2 | q.cal.3 | q.exp.3 | q.com.3 | q.sta.3 | q.seq.1 | q.ari.1 | q.geo.3 | q.coo.3 | q.alg.1,Rút ngắn thời gian trên mỗi câu mà vẫn giữ được độ chính xác. Xử lý câu phân loại mà không mất nhịp.
PL-TOA-SEQ-L5-004,"Chính xác · Dãy số, cấp số cộng & cấp số nhân · Cấp 5",Toán,,"Dãy số, cấp số cộng & cấp số nhân",3,5,Chính xác,14,19,70%,85%,176,PL-TOA-SEQ-L5-003,4,7,3,q.cal.3 | q.exp.3 | q.com.3 | q.sta.3 | q.coo.3 | q.cal.2 | q.seq.1 | q.ari.1 | q.alg.1 | q.geo.1 | q.coo.1 | q.exp.2 | q.com.1 | q.com.2,Loại bỏ lỗi ẩu và các bẫy quen thuộc trong chuyên đề. Xử lý câu phân loại mà không mất nhịp.
PL-TOA-SEQ-L5-005,"Thử thách · Dãy số, cấp số cộng & cấp số nhân · Cấp 5",Toán,,"Dãy số, cấp số cộng & cấp số nhân",3,5,Thử thách,14,16,70%,85%,224,PL-TOA-SEQ-L5-004,4,7,3,q.cal.2 | q.cal.3 | q.exp.3 | q.com.3 | q.ari.1 | q.alg.1 | q.geo.1 | q.coo.1 | q.coo.2 | q.cal.1 | q.exp.2 | q.sta.2 | q.exp.1 | q.sta.1,Đẩy lên mức khó hơn cấp hiện tại để chuẩn bị lên cấp. Xử lý câu phân loại mà không mất nhịp.
PL-TOA-SEQ-L5-006,"Vượt ải · Dãy số, cấp số cộng & cấp số nhân · Cấp 5",Toán,,"Dãy số, cấp số cộng & cấp số nhân",3,5,Vượt ải,14,16,70%,90%,288,PL-TOA-SEQ-L5-005,4,7,3,q.com.3 | q.sta.3 | q.seq.1 | q.ari.1 | q.coo.1 | q.coo.2 | q.cal.1 | q.exp.2 | q.com.1 | q.com.2 | q.sta.2 | q.alg.4 | q.cal.4 | q.com.4,Bài kiểm tra chốt cấp độ của tuyến chuyên đề. Xử lý câu phân loại mà không mất nhịp.
PL-TOA-SEQ-L6-001,"Khởi động · Dãy số, cấp số cộng & cấp số nhân · Cấp 6",Toán,,"Dãy số, cấp số cộng & cấp số nhân",3,6,Khởi động,15,19,70%,85%,154,PL-TOA-SEQ-L5-006,4,7,4,q.seq.2 | q.ari.2 | q.ari.3 | q.alg.2 | q.com.4 | q.sta.4 | q.alg.3 | q.geo.2 | q.geo.3 | q.coo.3 | q.cal.2 | q.com.3 | q.sta.3 | q.seq.1 | q.ari.1,Nhắc lại công thức và nhận diện dạng bài trước khi vào phần nặng. Tốc độ và độ chính xác của nhóm dẫn đầu phổ điểm.
PL-TOA-SEQ-L6-002,"Rèn kỹ năng · Dãy số, cấp số cộng & cấp số nhân · Cấp 6",Toán,,"Dãy số, cấp số cộng & cấp số nhân",3,6,Rèn kỹ năng,15,15,70%,85%,220,PL-TOA-SEQ-L6-001,4,7,4,q.sta.4 | q.seq.2 | q.ari.2 | q.ari.3 | q.geo.2 | q.geo.3 | q.coo.3 | q.cal.2 | q.cal.3 | q.exp.3 | q.com.3 | q.ari.1 | q.alg.1 | q.geo.1 | q.coo.1,Làm chắc một kỹ năng lõi qua các biến thể liên tiếp của cùng một dạng. Tốc độ và độ chính xác của nhóm dẫn đầu phổ điểm.
PL-TOA-SEQ-L6-003,"Tốc độ · Dãy số, cấp số cộng & cấp số nhân · Cấp 6",Toán,,"Dãy số, cấp số cộng & cấp số nhân",3,6,Tốc độ,15,11,70%,85%,242,PL-TOA-SEQ-L6-002,4,7,4,q.geo.3 | q.coo.3 | q.cal.2 | q.cal.3 | q.alg.3 | q.geo.2 | q.exp.3 | q.com.3 | q.sta.3 | q.seq.1 | q.ari.1 | q.coo.1 | q.coo.2 | q.cal.1 | q.exp.2,Rút ngắn thời gian trên mỗi câu mà vẫn giữ được độ chính xác. Tốc độ và độ chính xác của nhóm dẫn đầu phổ điểm.
PL-TOA-SEQ-L6-004,"Thử thách · Dãy số, cấp số cộng & cấp số nhân · Cấp 6",Toán,,"Dãy số, cấp số cộng & cấp số nhân",3,6,Thử thách,15,15,70%,85%,308,PL-TOA-SEQ-L6-003,4,7,4,q.geo.2 | q.geo.3 | q.coo.3 | q.cal.2 | q.com.3 | q.sta.3 | q.seq.1 | q.ari.1 | q.alg.1 | q.geo.1 | q.coo.1 | q.exp.2 | q.com.1 | q.com.2 | q.sta.2,Đẩy lên mức khó hơn cấp hiện tại để chuẩn bị lên cấp. Tốc độ và độ chính xác của nhóm dẫn đầu phổ điểm.
PL-TOA-SEQ-L6-005,"Vượt ải · Dãy số, cấp số cộng & cấp số nhân · Cấp 6",Toán,,"Dãy số, cấp số cộng & cấp số nhân",3,6,Vượt ải,15,14,70%,90%,396,PL-TOA-SEQ-L6-004,4,7,4,q.cal.2 | q.cal.3 | q.exp.3 | q.com.3 | q.ari.1 | q.alg.1 | q.geo.1 | q.coo.1 | q.coo.2 | q.cal.1 | q.exp.2 | q.sta.2 | q.exp.1 | q.sta.1 | q.alg.4,Bài kiểm tra chốt cấp độ của tuyến chuyên đề. Tốc độ và độ chính xác của nhóm dẫn đầu phổ điểm.
PL-TOA-GEO-L1-001,Khởi động · Hình học phẳng & không gian · Cấp 1,Toán,,Hình học phẳng & không gian,1,1,Khởi động,8,10,70%,85%,28,,2,4,2,q.exp.1 | q.sta.1 | q.alg.1 | q.seq.1 | q.coo.1 | q.coo.2 | q.com.1 | q.com.2,Nhắc lại công thức và nhận diện dạng bài trước khi vào phần nặng. Nhận diện dạng bài và nhớ lại công thức nền.
PL-TOA-GEO-L1-002,Rèn kỹ năng · Hình học phẳng & không gian · Cấp 1,Toán,,Hình học phẳng & không gian,1,1,Rèn kỹ năng,8,8,70%,85%,40,PL-TOA-GEO-L1-001,2,4,2,q.ari.1 | q.alg.1 | q.exp.2 | q.com.1 | q.com.2 | q.sta.2 | q.coo.3 | q.cal.2,Làm chắc một kỹ năng lõi qua các biến thể liên tiếp của cùng một dạng. Nhận diện dạng bài và nhớ lại công thức nền.
PL-TOA-GEO-L1-003,Tốc độ · Hình học phẳng & không gian · Cấp 1,Toán,,Hình học phẳng & không gian,1,1,Tốc độ,8,6,70%,85%,44,PL-TOA-GEO-L1-002,2,4,2,q.coo.1 | q.coo.2 | q.com.1 | q.com.2 | q.sta.2 | q.geo.2 | q.alg.3 | q.seq.2,Rút ngắn thời gian trên mỗi câu mà vẫn giữ được độ chính xác. Nhận diện dạng bài và nhớ lại công thức nền.
PL-TOA-GEO-L1-004,Chính xác · Hình học phẳng & không gian · Cấp 1,Toán,,Hình học phẳng & không gian,1,1,Chính xác,8,9,70%,85%,44,PL-TOA-GEO-L1-003,2,4,2,q.exp.2 | q.com.1 | q.ari.2 | q.ari.3 | q.alg.2 | q.alg.3 | q.seq.1 | q.coo.1,Loại bỏ lỗi ẩu và các bẫy quen thuộc trong chuyên đề. Nhận diện dạng bài và nhớ lại công thức nền.
PL-TOA-GEO-L1-005,Tổng hợp · Hình học phẳng & không gian · Cấp 1,Toán,,Hình học phẳng & không gian,1,1,Tổng hợp,8,8,70%,85%,46,PL-TOA-GEO-L1-004,2,4,2,q.sta.2 | q.geo.2 | q.alg.3 | q.seq.2 | q.coo.3 | q.cal.2 | q.cal.4 | q.exp.2,Trộn nhiều dạng trong cùng chuyên đề để rèn phản xạ nhận diện. Nhận diện dạng bài và nhớ lại công thức nền.
PL-TOA-GEO-L1-006,Ôn lại · Hình học phẳng & không gian · Cấp 1,Toán,,Hình học phẳng & không gian,1,1,Ôn lại,8,9,70%,85%,36,PL-TOA-GEO-L1-005,2,4,2,q.ari.2 | q.ari.3 | q.cal.2 | q.cal.3 | q.exp.1 | q.exp.3 | q.com.2 | q.com.4,Quay lại các câu từng sai để kiến thức không phai theo thời gian. Nhận diện dạng bài và nhớ lại công thức nền.
PL-TOA-GEO-L1-007,Khởi động · Hình học phẳng & không gian · Cấp 1,Toán,,Hình học phẳng & không gian,1,1,Khởi động,8,10,70%,85%,28,PL-TOA-GEO-L1-006,2,4,2,q.alg.3 | q.seq.2 | q.cal.3 | q.exp.3 | q.com.3 | q.sta.3 | q.com.4 | q.sta.4,Nhắc lại công thức và nhận diện dạng bài trước khi vào phần nặng. Nhận diện dạng bài và nhớ lại công thức nền.
PL-TOA-GEO-L1-008,Rèn kỹ năng · Hình học phẳng & không gian · Cấp 1,Toán,,Hình học phẳng & không gian,1,1,Rèn kỹ năng,8,8,70%,85%,40,PL-TOA-GEO-L1-007,2,4,2,q.cal.2 | q.cal.3 | q.sta.3 | q.alg.4 | q.cal.4 | q.com.4 | q.geo.3 | q.ari.2,Làm chắc một kỹ năng lõi qua các biến thể liên tiếp của cùng một dạng. Nhận diện dạng bài và nhớ lại công thức nền.
PL-TOA-GEO-L1-009,Tốc độ · Hình học phẳng & không gian · Cấp 1,Toán,,Hình học phẳng & không gian,1,1,Tốc độ,8,6,70%,85%,44,PL-TOA-GEO-L1-008,2,4,2,q.com.3 | q.sta.3 | q.com.4 | q.sta.4 | q.exp.1 | q.sta.1 | q.coo.1 | q.coo.2,Rút ngắn thời gian trên mỗi câu mà vẫn giữ được độ chính xác. Nhận diện dạng bài và nhớ lại công thức nền.
PL-TOA-GEO-L1-010,Chính xác · Hình học phẳng & không gian · Cấp 1,Toán,,Hình học phẳng & không gian,1,1,Chính xác,8,9,70%,85%,44,PL-TOA-GEO-L1-009,2,4,2,q.cal.4 | q.com.4 | q.ari.1 | q.alg.1 | q.seq.1 | q.coo.1 | q.coo.3 | q.cal.2,Loại bỏ lỗi ẩu và các bẫy quen thuộc trong chuyên đề. Nhận diện dạng bài và nhớ lại công thức nền.
PL-TOA-GEO-L1-011,Tổng hợp · Hình học phẳng & không gian · Cấp 1,Toán,,Hình học phẳng & không gian,1,1,Tổng hợp,8,8,70%,85%,46,PL-TOA-GEO-L1-010,2,4,2,q.exp.1 | q.sta.1 | q.coo.1 | q.coo.2 | q.cal.1 | q.exp.2 | q.exp.3 | q.com.3,Trộn nhiều dạng trong cùng chuyên đề để rèn phản xạ nhận diện. Nhận diện dạng bài và nhớ lại công thức nền.
PL-TOA-GEO-L1-012,Thử thách · Hình học phẳng & không gian · Cấp 1,Toán,,Hình học phẳng & không gian,1,1,Thử thách,8,8,70%,85%,56,PL-TOA-GEO-L1-011,2,4,2,q.seq.1 | q.coo.1 | q.coo.3 | q.cal.2 | q.cal.3 | q.exp.3 | q.geo.1 | q.ari.1,Đẩy lên mức khó hơn cấp hiện tại để chuẩn bị lên cấp. Nhận diện dạng bài và nhớ lại công thức nền.
PL-TOA-GEO-L1-013,Vượt ải · Hình học phẳng & không gian · Cấp 1,Toán,,Hình học phẳng & không gian,1,1,Vượt ải,8,8,70%,90%,72,PL-TOA-GEO-L1-012,2,4,2,q.cal.1 | q.exp.2 | q.exp.3 | q.com.3 | q.sta.3 | q.geo.1 | q.seq.1 | q.coo.1,Bài kiểm tra chốt cấp độ của tuyến chuyên đề. Nhận diện dạng bài và nhớ lại công thức nền.
PL-TOA-GEO-L2-001,Khởi động · Hình học phẳng & không gian · Cấp 2,Toán,,Hình học phẳng & không gian,1,2,Khởi động,10,15,70%,85%,42,PL-TOA-GEO-L1-013,3,5,2,q.exp.1 | q.sta.1 | q.geo.1 | q.seq.1 | q.coo.1 | q.coo.2 | q.cal.1 | q.exp.2 | q.sta.2 | q.geo.2,Nhắc lại công thức và nhận diện dạng bài trước khi vào phần nặng. Làm đúng dạng chuẩn mà không cần nhìn gợi ý.
PL-TOA-GEO-L2-002,Rèn kỹ năng · Hình học phẳng & không gian · Cấp 2,Toán,,Hình học phẳng & không gian,1,2,Rèn kỹ năng,10,12,70%,85%,60,PL-TOA-GEO-L2-001,3,5,2,q.ari.1 | q.alg.1 | q.seq.1 | q.com.1 | q.com.2 | q.sta.2 | q.geo.2 | q.geo.3 | q.cal.3 | q.exp.3,Làm chắc một kỹ năng lõi qua các biến thể liên tiếp của cùng một dạng. Làm đúng dạng chuẩn mà không cần nhìn gợi ý.
PL-TOA-GEO-L2-003,Tốc độ · Hình học phẳng & không gian · Cấp 2,Toán,,Hình học phẳng & không gian,1,2,Tốc độ,10,9,70%,85%,66,PL-TOA-GEO-L2-002,3,5,2,q.coo.1 | q.coo.2 | q.cal.1 | q.com.2 | q.sta.2 | q.geo.2 | q.geo.3 | q.ari.2 | q.coo.3 | q.cal.2,Rút ngắn thời gian trên mỗi câu mà vẫn giữ được độ chính xác. Làm đúng dạng chuẩn mà không cần nhìn gợi ý.
PL-TOA-GEO-L2-004,Chính xác · Hình học phẳng & không gian · Cấp 2,Toán,,Hình học phẳng & không gian,1,2,Chính xác,10,13,70%,85%,66,PL-TOA-GEO-L2-003,3,5,2,q.exp.2 | q.com.1 | q.com.2 | q.ari.3 | q.alg.2 | q.alg.3 | q.seq.2 | q.coo.3 | q.coo.1 | q.coo.2,Loại bỏ lỗi ẩu và các bẫy quen thuộc trong chuyên đề. Làm đúng dạng chuẩn mà không cần nhìn gợi ý.
PL-TOA-GEO-L2-005,Tổng hợp · Hình học phẳng & không gian · Cấp 2,Toán,,Hình học phẳng & không gian,1,2,Tổng hợp,10,12,70%,85%,69,PL-TOA-GEO-L2-004,3,5,2,q.sta.2 | q.geo.2 | q.geo.3 | q.seq.2 | q.coo.3 | q.cal.2 | q.cal.3 | q.exp.1 | q.exp.2 | q.com.1,Trộn nhiều dạng trong cùng chuyên đề để rèn phản xạ nhận diện. Làm đúng dạng chuẩn mà không cần nhìn gợi ý.
PL-TOA-GEO-L2-006,Ôn lại · Hình học phẳng & không gian · Cấp 2,Toán,,Hình học phẳng & không gian,1,2,Ôn lại,10,13,70%,85%,54,PL-TOA-GEO-L2-005,3,5,2,q.ari.2 | q.ari.3 | q.alg.2 | q.cal.3 | q.exp.1 | q.exp.3 | q.com.3 | q.sta.1 | q.com.4 | q.sta.2,Quay lại các câu từng sai để kiến thức không phai theo thời gian. Làm đúng dạng chuẩn mà không cần nhìn gợi ý.
PL-TOA-GEO-L2-007,Khởi động · Hình học phẳng & không gian · Cấp 2,Toán,,Hình học phẳng & không gian,1,2,Khởi động,10,15,70%,85%,42,PL-TOA-GEO-L2-006,3,5,2,q.alg.3 | q.seq.2 | q.coo.3 | q.exp.3 | q.com.3 | q.sta.3 | q.alg.4 | q.cal.4 | q.geo.1 | q.ari.1,Nhắc lại công thức và nhận diện dạng bài trước khi vào phần nặng. Làm đúng dạng chuẩn mà không cần nhìn gợi ý.
PL-TOA-GEO-L2-008,Rèn kỹ năng · Hình học phẳng & không gian · Cấp 2,Toán,,Hình học phẳng & không gian,1,2,Rèn kỹ năng,10,12,70%,85%,60,PL-TOA-GEO-L2-007,3,5,2,q.cal.2 | q.cal.3 | q.exp.3 | q.alg.4 | q.cal.4 | q.com.4 | q.sta.4 | q.geo.1 | q.ari.3 | q.alg.2,Làm chắc một kỹ năng lõi qua các biến thể liên tiếp của cùng một dạng. Làm đúng dạng chuẩn mà không cần nhìn gợi ý.
PL-TOA-GEO-L2-009,Tốc độ · Hình học phẳng & không gian · Cấp 2,Toán,,Hình học phẳng & không gian,1,2,Tốc độ,10,9,70%,85%,66,PL-TOA-GEO-L2-008,3,5,2,q.com.3 | q.sta.3 | q.alg.4 | q.sta.4 | q.exp.1 | q.sta.1 | q.geo.1 | q.ari.1 | q.com.1 | q.com.2,Rút ngắn thời gian trên mỗi câu mà vẫn giữ được độ chính xác. Làm đúng dạng chuẩn mà không cần nhìn gợi ý.
PL-TOA-GEO-L2-010,Chính xác · Hình học phẳng & không gian · Cấp 2,Toán,,Hình học phẳng & không gian,1,2,Chính xác,10,13,70%,85%,66,PL-TOA-GEO-L2-009,3,5,2,q.cal.4 | q.com.4 | q.sta.4 | q.alg.1 | q.seq.1 | q.coo.1 | q.coo.2 | q.cal.1 | q.cal.3 | q.exp.3,Loại bỏ lỗi ẩu và các bẫy quen thuộc trong chuyên đề. Làm đúng dạng chuẩn mà không cần nhìn gợi ý.
PL-TOA-GEO-L2-011,Tổng hợp · Hình học phẳng & không gian · Cấp 2,Toán,,Hình học phẳng & không gian,1,2,Tổng hợp,10,12,70%,85%,69,PL-TOA-GEO-L2-010,3,5,2,q.exp.1 | q.sta.1 | q.geo.1 | q.cal.1 | q.exp.2 | q.com.1 | q.com.2 | q.sta.2 | q.sta.3 | q.ari.1,Trộn nhiều dạng trong cùng chuyên đề để rèn phản xạ nhận diện. Làm đúng dạng chuẩn mà không cần nhìn gợi ý.
PL-TOA-GEO-L2-012,Ôn lại · Hình học phẳng & không gian · Cấp 2,Toán,,Hình học phẳng & không gian,1,2,Ôn lại,10,13,70%,85%,54,PL-TOA-GEO-L2-011,3,5,2,q.ari.1 | q.alg.1 | q.seq.1 | q.geo.2 | q.geo.3 | q.ari.2 | q.ari.3 | q.alg.2 | q.com.1 | q.com.2,Quay lại các câu từng sai để kiến thức không phai theo thời gian. Làm đúng dạng chuẩn mà không cần nhìn gợi ý.
PL-TOA-GEO-L2-013,Khởi động · Hình học phẳng & không gian · Cấp 2,Toán,,Hình học phẳng & không gian,1,2,Khởi động,10,15,70%,85%,42,PL-TOA-GEO-L2-012,3,5,2,q.coo.1 | q.coo.2 | q.cal.1 | q.geo.3 | q.ari.2 | q.ari.3 | q.alg.2 | q.alg.3 | q.alg.4 | q.cal.4,Nhắc lại công thức và nhận diện dạng bài trước khi vào phần nặng. Làm đúng dạng chuẩn mà không cần nhìn gợi ý.
PL-TOA-GEO-L2-014,Rèn kỹ năng · Hình học phẳng & không gian · Cấp 2,Toán,,Hình học phẳng & không gian,1,2,Rèn kỹ năng,10,12,70%,85%,60,PL-TOA-GEO-L2-013,3,5,2,q.exp.2 | q.com.1 | q.com.2 | q.seq.2 | q.coo.3 | q.cal.2 | q.cal.3 | q.exp.1 | q.sta.1 | q.geo.2,Làm chắc một kỹ năng lõi qua các biến thể liên tiếp của cùng một dạng. Làm đúng dạng chuẩn mà không cần nhìn gợi ý.
PL-TOA-GEO-L2-015,Tốc độ · Hình học phẳng & không gian · Cấp 2,Toán,,Hình học phẳng & không gian,1,2,Tốc độ,10,9,70%,85%,66,PL-TOA-GEO-L2-014,3,5,2,q.sta.2 | q.geo.2 | q.geo.3 | q.coo.3 | q.cal.2 | q.cal.3 | q.exp.3 | q.com.3 | q.alg.1 | q.seq.1,Rút ngắn thời gian trên mỗi câu mà vẫn giữ được độ chính xác. Làm đúng dạng chuẩn mà không cần nhìn gợi ý.
PL-TOA-GEO-L2-016,Thử thách · Hình học phẳng & không gian · Cấp 2,Toán,,Hình học phẳng & không gian,1,2,Thử thách,10,12,70%,85%,84,PL-TOA-GEO-L2-015,3,5,2,q.alg.2 | q.alg.3 | q.seq.2 | q.com.1 | q.com.2 | q.com.4 | q.sta.2 | q.sta.4 | q.ari.3 | q.coo.3,Đẩy lên mức khó hơn cấp hiện tại để chuẩn bị lên cấp. Làm đúng dạng chuẩn mà không cần nhìn gợi ý.
PL-TOA-GEO-L2-017,Vượt ải · Hình học phẳng & không gian · Cấp 2,Toán,,Hình học phẳng & không gian,1,2,Vượt ải,10,11,70%,90%,108,PL-TOA-GEO-L2-016,3,5,2,q.coo.3 | q.cal.2 | q.cal.3 | q.sta.2 | q.sta.4 | q.exp.1 | q.sta.1 | q.geo.2 | q.seq.2 | q.exp.3,Bài kiểm tra chốt cấp độ của tuyến chuyên đề. Làm đúng dạng chuẩn mà không cần nhìn gợi ý.
PL-TOA-GEO-L3-001,Khởi động · Hình học phẳng & không gian · Cấp 3,Toán,,Hình học phẳng & không gian,2,3,Khởi động,12,19,70%,85%,63,PL-TOA-GEO-L2-017,3,6,3,q.exp.1 | q.sta.1 | q.geo.1 | q.seq.1 | q.coo.1 | q.coo.2 | q.cal.1 | q.exp.2 | q.com.1 | q.alg.2 | q.alg.3 | q.seq.2,Nhắc lại công thức và nhận diện dạng bài trước khi vào phần nặng. Ghép nhiều bước và tránh các bẫy quen thuộc.
PL-TOA-GEO-L3-002,Rèn kỹ năng · Hình học phẳng & không gian · Cấp 3,Toán,,Hình học phẳng & không gian,2,3,Rèn kỹ năng,12,15,70%,85%,90,PL-TOA-GEO-L3-001,3,6,3,q.seq.1 | q.coo.1 | q.coo.2 | q.alg.3 | q.seq.2 | q.coo.3 | q.cal.2 | q.cal.3 | q.exp.3 | q.ari.3 | q.alg.2 | q.com.3,Làm chắc một kỹ năng lõi qua các biến thể liên tiếp của cùng một dạng. Ghép nhiều bước và tránh các bẫy quen thuộc.
PL-TOA-GEO-L3-003,Tốc độ · Hình học phẳng & không gian · Cấp 3,Toán,,Hình học phẳng & không gian,2,3,Tốc độ,12,11,70%,85%,99,PL-TOA-GEO-L3-002,3,6,3,q.coo.1 | q.coo.2 | q.cal.1 | q.geo.2 | q.geo.3 | q.ari.2 | q.ari.3 | q.alg.2 | q.alg.3 | q.alg.4 | q.seq.1 | q.cal.4,Rút ngắn thời gian trên mỗi câu mà vẫn giữ được độ chính xác. Ghép nhiều bước và tránh các bẫy quen thuộc.
PL-TOA-GEO-L3-004,Chính xác · Hình học phẳng & không gian · Cấp 3,Toán,,Hình học phẳng & không gian,2,3,Chính xác,12,17,70%,85%,99,PL-TOA-GEO-L3-003,3,6,3,q.com.2 | q.sta.2 | q.geo.2 | q.sta.3 | q.geo.1 | q.ari.1 | q.alg.1 | q.alg.4 | q.seq.1 | q.com.3 | q.coo.1 | q.coo.2,Loại bỏ lỗi ẩu và các bẫy quen thuộc trong chuyên đề. Ghép nhiều bước và tránh các bẫy quen thuộc.
PL-TOA-GEO-L3-005,Tổng hợp · Hình học phẳng & không gian · Cấp 3,Toán,,Hình học phẳng & không gian,2,3,Tổng hợp,12,15,70%,85%,103,PL-TOA-GEO-L3-004,3,6,3,q.geo.3 | q.ari.2 | q.ari.3 | q.seq.1 | q.coo.1 | q.coo.2 | q.cal.1 | q.cal.4 | q.exp.2 | q.com.1 | q.com.2 | q.sta.2,Trộn nhiều dạng trong cùng chuyên đề để rèn phản xạ nhận diện. Ghép nhiều bước và tránh các bẫy quen thuộc.
PL-TOA-GEO-L3-006,Ôn lại · Hình học phẳng & không gian · Cấp 3,Toán,,Hình học phẳng & không gian,2,3,Ôn lại,12,17,70%,85%,81,PL-TOA-GEO-L3-005,3,6,3,q.alg.2 | q.alg.3 | q.seq.2 | q.cal.1 | q.cal.4 | q.exp.2 | q.com.1 | q.com.2 | q.com.4 | q.exp.1 | q.sta.1 | q.alg.4,Quay lại các câu từng sai để kiến thức không phai theo thời gian. Ghép nhiều bước và tránh các bẫy quen thuộc.
PL-TOA-GEO-L3-007,Khởi động · Hình học phẳng & không gian · Cấp 3,Toán,,Hình học phẳng & không gian,2,3,Khởi động,12,19,70%,85%,63,PL-TOA-GEO-L3-006,3,6,3,q.alg.3 | q.seq.2 | q.coo.3 | q.com.3 | q.sta.1 | q.sta.3 | q.alg.4 | q.cal.4 | q.com.4 | q.geo.3 | q.ari.2 | q.ari.3,Nhắc lại công thức và nhận diện dạng bài trước khi vào phần nặng. Ghép nhiều bước và tránh các bẫy quen thuộc.
PL-TOA-GEO-L3-008,Rèn kỹ năng · Hình học phẳng & không gian · Cấp 3,Toán,,Hình học phẳng & không gian,2,3,Rèn kỹ năng,12,15,70%,85%,90,PL-TOA-GEO-L3-007,3,6,3,q.exp.1 | q.exp.3 | q.com.3 | q.com.4 | q.sta.2 | q.sta.4 | q.sta.1 | q.geo.2 | q.geo.3 | q.alg.2 | q.alg.3 | q.seq.2,Làm chắc một kỹ năng lõi qua các biến thể liên tiếp của cùng một dạng. Ghép nhiều bước và tránh các bẫy quen thuộc.
PL-TOA-GEO-L3-009,Tốc độ · Hình học phẳng & không gian · Cấp 3,Toán,,Hình học phẳng & không gian,2,3,Tốc độ,12,11,70%,85%,99,PL-TOA-GEO-L3-008,3,6,3,q.com.3 | q.sta.3 | q.alg.4 | q.sta.4 | q.geo.1 | q.ari.1 | q.alg.1 | q.seq.1 | q.coo.1 | q.coo.3 | q.cal.2 | q.cal.3,Rút ngắn thời gian trên mỗi câu mà vẫn giữ được độ chính xác. Ghép nhiều bước và tránh các bẫy quen thuộc.
PL-TOA-GEO-L3-010,Chính xác · Hình học phẳng & không gian · Cấp 3,Toán,,Hình học phẳng & không gian,2,3,Chính xác,12,17,70%,85%,99,PL-TOA-GEO-L3-009,3,6,3,q.cal.4 | q.com.4 | q.sta.4 | q.ari.2 | q.ari.3 | q.alg.2 | q.alg.3 | q.seq.2 | q.coo.3 | q.alg.1 | q.seq.1 | q.coo.1,Loại bỏ lỗi ẩu và các bẫy quen thuộc trong chuyên đề. Ghép nhiều bước và tránh các bẫy quen thuộc.
PL-TOA-GEO-L3-011,Tổng hợp · Hình học phẳng & không gian · Cấp 3,Toán,,Hình học phẳng & không gian,2,3,Tổng hợp,12,15,70%,85%,103,PL-TOA-GEO-L3-010,3,6,3,q.geo.1 | q.ari.1 | q.alg.1 | q.alg.3 | q.seq.2 | q.coo.3 | q.cal.2 | q.cal.3 | q.exp.3 | q.coo.2 | q.cal.1 | q.exp.2,Trộn nhiều dạng trong cùng chuyên đề để rèn phản xạ nhận diện. Ghép nhiều bước và tránh các bẫy quen thuộc.
PL-TOA-GEO-L3-012,Ôn lại · Hình học phẳng & không gian · Cấp 3,Toán,,Hình học phẳng & không gian,2,3,Ôn lại,12,17,70%,85%,81,PL-TOA-GEO-L3-011,3,6,3,q.seq.1 | q.coo.1 | q.coo.2 | q.cal.2 | q.cal.3 | q.exp.3 | q.com.3 | q.sta.3 | q.geo.1 | q.com.1 | q.com.2 | q.sta.2,Quay lại các câu từng sai để kiến thức không phai theo thời gian. Ghép nhiều bước và tránh các bẫy quen thuộc.
PL-TOA-GEO-L3-013,Khởi động · Hình học phẳng & không gian · Cấp 3,Toán,,Hình học phẳng & không gian,2,3,Khởi động,12,19,70%,85%,63,PL-TOA-GEO-L3-012,3,6,3,q.coo.1 | q.coo.2 | q.cal.1 | q.ari.3 | q.alg.2 | q.alg.3 | q.seq.2 | q.coo.3 | q.cal.2 | q.exp.1 | q.sta.1 | q.geo.2,Nhắc lại công thức và nhận diện dạng bài trước khi vào phần nặng. Ghép nhiều bước và tránh các bẫy quen thuộc.
PL-TOA-GEO-L3-014,Rèn kỹ năng · Hình học phẳng & không gian · Cấp 3,Toán,,Hình học phẳng & không gian,2,3,Rèn kỹ năng,12,15,70%,85%,90,PL-TOA-GEO-L3-013,3,6,3,q.com.2 | q.sta.2 | q.geo.2 | q.alg.1 | q.alg.4 | q.seq.1 | q.coo.1 | q.coo.2 | q.cal.1 | q.com.4 | q.sta.4 | q.geo.3,Làm chắc một kỹ năng lõi qua các biến thể liên tiếp của cùng một dạng. Ghép nhiều bước và tránh các bẫy quen thuộc.
PL-TOA-GEO-L3-015,Tốc độ · Hình học phẳng & không gian · Cấp 3,Toán,,Hình học phẳng & không gian,2,3,Tốc độ,12,11,70%,85%,99,PL-TOA-GEO-L3-014,3,6,3,q.sta.2 | q.geo.2 | q.geo.3 | q.cal.3 | q.exp.1 | q.exp.3 | q.com.3 | q.sta.1 | q.sta.3 | q.seq.2 | q.coo.3 | q.cal.2,Rút ngắn thời gian trên mỗi câu mà vẫn giữ được độ chính xác. Ghép nhiều bước và tránh các bẫy quen thuộc.
PL-TOA-GEO-L3-016,Chính xác · Hình học phẳng & không gian · Cấp 3,Toán,,Hình học phẳng & không gian,2,3,Chính xác,12,17,70%,85%,99,PL-TOA-GEO-L3-015,3,6,3,q.alg.2 | q.alg.3 | q.seq.2 | q.com.1 | q.com.2 | q.com.4 | q.sta.2 | q.sta.4 | q.exp.1 | q.cal.2 | q.cal.3 | q.exp.3,Loại bỏ lỗi ẩu và các bẫy quen thuộc trong chuyên đề. Ghép nhiều bước và tránh các bẫy quen thuộc.
PL-TOA-GEO-L3-017,Tổng hợp · Hình học phẳng & không gian · Cấp 3,Toán,,Hình học phẳng & không gian,2,3,Tổng hợp,12,15,70%,85%,103,PL-TOA-GEO-L3-016,3,6,3,q.coo.3 | q.cal.2 | q.cal.3 | q.sta.2 | q.sta.4 | q.exp.1 | q.sta.1 | q.geo.2 | q.geo.3 | q.sta.3 | q.geo.1 | q.ari.1,Trộn nhiều dạng trong cùng chuyên đề để rèn phản xạ nhận diện. Ghép nhiều bước và tránh các bẫy quen thuộc.
PL-TOA-GEO-L3-018,Thử thách · Hình học phẳng & không gian · Cấp 3,Toán,,Hình học phẳng & không gian,2,3,Thử thách,12,15,70%,85%,126,PL-TOA-GEO-L3-017,3,6,3,q.cal.4 | q.exp.2 | q.com.1 | q.sta.1 | q.alg.4 | q.com.4 | q.sta.4 | q.geo.2 | q.geo.3 | q.alg.1 | q.seq.1 | q.coo.1,Đẩy lên mức khó hơn cấp hiện tại để chuẩn bị lên cấp. Ghép nhiều bước và tránh các bẫy quen thuộc.
PL-TOA-GEO-L3-019,Vượt ải · Hình học phẳng & không gian · Cấp 3,Toán,,Hình học phẳng & không gian,2,3,Vượt ải,12,14,70%,90%,162,PL-TOA-GEO-L3-018,3,6,3,q.com.2 | q.com.4 | q.sta.2 | q.sta.4 | q.geo.2 | q.geo.3 | q.ari.2 | q.ari.3 | q.alg.2 | q.cal.1 | q.exp.2 | q.com.1,Bài kiểm tra chốt cấp độ của tuyến chuyên đề. Ghép nhiều bước và tránh các bẫy quen thuộc.
PL-TOA-GEO-L4-001,Khởi động · Hình học phẳng & không gian · Cấp 4,Toán,,Hình học phẳng & không gian,2,4,Khởi động,12,16,70%,85%,84,PL-TOA-GEO-L3-019,3,6,3,q.exp.1 | q.sta.1 | q.geo.1 | q.seq.1 | q.coo.1 | q.coo.2 | q.cal.1 | q.exp.2 | q.com.1 | q.alg.2 | q.alg.3 | q.seq.2,Nhắc lại công thức và nhận diện dạng bài trước khi vào phần nặng. Giữ độ chính xác khi thời gian bắt đầu siết lại.
PL-TOA-GEO-L4-002,Rèn kỹ năng · Hình học phẳng & không gian · Cấp 4,Toán,,Hình học phẳng & không gian,2,4,Rèn kỹ năng,12,13,70%,85%,120,PL-TOA-GEO-L4-001,3,6,3,q.seq.1 | q.coo.1 | q.coo.2 | q.alg.3 | q.seq.2 | q.coo.3 | q.cal.2 | q.cal.3 | q.exp.3 | q.ari.3 | q.alg.2 | q.com.3,Làm chắc một kỹ năng lõi qua các biến thể liên tiếp của cùng một dạng. Giữ độ chính xác khi thời gian bắt đầu siết lại.
PL-TOA-GEO-L4-003,Tốc độ · Hình học phẳng & không gian · Cấp 4,Toán,,Hình học phẳng & không gian,2,4,Tốc độ,12,10,70%,85%,132,PL-TOA-GEO-L4-002,3,6,3,q.coo.1 | q.coo.2 | q.cal.1 | q.geo.2 | q.geo.3 | q.ari.2 | q.ari.3 | q.alg.2 | q.alg.3 | q.alg.4 | q.seq.1 | q.cal.4,Rút ngắn thời gian trên mỗi câu mà vẫn giữ được độ chính xác. Giữ độ chính xác khi thời gian bắt đầu siết lại.
PL-TOA-GEO-L4-004,Chính xác · Hình học phẳng & không gian · Cấp 4,Toán,,Hình học phẳng & không gian,2,4,Chính xác,12,15,70%,85%,132,PL-TOA-GEO-L4-003,3,6,3,q.com.2 | q.sta.2 | q.geo.2 | q.sta.3 | q.geo.1 | q.ari.1 | q.alg.1 | q.alg.4 | q.seq.1 | q.com.3 | q.coo.1 | q.coo.2,Loại bỏ lỗi ẩu và các bẫy quen thuộc trong chuyên đề. Giữ độ chính xác khi thời gian bắt đầu siết lại.
PL-TOA-GEO-L4-005,Tổng hợp · Hình học phẳng & không gian · Cấp 4,Toán,,Hình học phẳng & không gian,2,4,Tổng hợp,12,13,70%,85%,138,PL-TOA-GEO-L4-004,3,6,3,q.geo.3 | q.ari.2 | q.ari.3 | q.seq.1 | q.coo.1 | q.coo.2 | q.cal.1 | q.cal.4 | q.exp.2 | q.com.1 | q.com.2 | q.sta.2,Trộn nhiều dạng trong cùng chuyên đề để rèn phản xạ nhận diện. Giữ độ chính xác khi thời gian bắt đầu siết lại.
PL-TOA-GEO-L4-006,Ôn lại · Hình học phẳng & không gian · Cấp 4,Toán,,Hình học phẳng & không gian,2,4,Ôn lại,12,14,70%,85%,108,PL-TOA-GEO-L4-005,3,6,3,q.alg.2 | q.alg.3 | q.seq.2 | q.cal.1 | q.cal.4 | q.exp.2 | q.com.1 | q.com.2 | q.com.4 | q.exp.1 | q.sta.1 | q.alg.4,Quay lại các câu từng sai để kiến thức không phai theo thời gian. Giữ độ chính xác khi thời gian bắt đầu siết lại.
PL-TOA-GEO-L4-007,Khởi động · Hình học phẳng & không gian · Cấp 4,Toán,,Hình học phẳng & không gian,2,4,Khởi động,12,16,70%,85%,84,PL-TOA-GEO-L4-006,3,6,3,q.alg.3 | q.seq.2 | q.coo.3 | q.com.3 | q.sta.1 | q.sta.3 | q.alg.4 | q.cal.4 | q.com.4 | q.geo.3 | q.ari.2 | q.ari.3,Nhắc lại công thức và nhận diện dạng bài trước khi vào phần nặng. Giữ độ chính xác khi thời gian bắt đầu siết lại.
PL-TOA-GEO-L4-008,Rèn kỹ năng · Hình học phẳng & không gian · Cấp 4,Toán,,Hình học phẳng & không gian,2,4,Rèn kỹ năng,12,13,70%,85%,120,PL-TOA-GEO-L4-007,3,6,3,q.exp.1 | q.exp.3 | q.com.3 | q.com.4 | q.sta.2 | q.sta.4 | q.sta.1 | q.geo.2 | q.geo.3 | q.alg.2 | q.alg.3 | q.seq.2,Làm chắc một kỹ năng lõi qua các biến thể liên tiếp của cùng một dạng. Giữ độ chính xác khi thời gian bắt đầu siết lại.
PL-TOA-GEO-L4-009,Tốc độ · Hình học phẳng & không gian · Cấp 4,Toán,,Hình học phẳng & không gian,2,4,Tốc độ,12,10,70%,85%,132,PL-TOA-GEO-L4-008,3,6,3,q.com.3 | q.sta.3 | q.alg.4 | q.sta.4 | q.geo.1 | q.ari.1 | q.alg.1 | q.seq.1 | q.coo.1 | q.coo.3 | q.cal.2 | q.cal.3,Rút ngắn thời gian trên mỗi câu mà vẫn giữ được độ chính xác. Giữ độ chính xác khi thời gian bắt đầu siết lại.
PL-TOA-GEO-L4-010,Chính xác · Hình học phẳng & không gian · Cấp 4,Toán,,Hình học phẳng & không gian,2,4,Chính xác,12,15,70%,85%,132,PL-TOA-GEO-L4-009,3,6,3,q.cal.4 | q.com.4 | q.sta.4 | q.ari.2 | q.ari.3 | q.alg.2 | q.alg.3 | q.seq.2 | q.coo.3 | q.alg.1 | q.seq.1 | q.coo.1,Loại bỏ lỗi ẩu và các bẫy quen thuộc trong chuyên đề. Giữ độ chính xác khi thời gian bắt đầu siết lại.
PL-TOA-GEO-L4-011,Tổng hợp · Hình học phẳng & không gian · Cấp 4,Toán,,Hình học phẳng & không gian,2,4,Tổng hợp,12,13,70%,85%,138,PL-TOA-GEO-L4-010,3,6,3,q.geo.1 | q.ari.1 | q.alg.1 | q.alg.3 | q.seq.2 | q.coo.3 | q.cal.2 | q.cal.3 | q.exp.3 | q.coo.2 | q.cal.1 | q.exp.2,Trộn nhiều dạng trong cùng chuyên đề để rèn phản xạ nhận diện. Giữ độ chính xác khi thời gian bắt đầu siết lại.
PL-TOA-GEO-L4-012,Ôn lại · Hình học phẳng & không gian · Cấp 4,Toán,,Hình học phẳng & không gian,2,4,Ôn lại,12,14,70%,85%,108,PL-TOA-GEO-L4-011,3,6,3,q.seq.1 | q.coo.1 | q.coo.2 | q.cal.2 | q.cal.3 | q.exp.3 | q.com.3 | q.sta.3 | q.geo.1 | q.com.1 | q.com.2 | q.sta.2,Quay lại các câu từng sai để kiến thức không phai theo thời gian. Giữ độ chính xác khi thời gian bắt đầu siết lại.
PL-TOA-GEO-L4-013,Khởi động · Hình học phẳng & không gian · Cấp 4,Toán,,Hình học phẳng & không gian,2,4,Khởi động,12,16,70%,85%,84,PL-TOA-GEO-L4-012,3,6,3,q.coo.1 | q.coo.2 | q.cal.1 | q.ari.3 | q.alg.2 | q.alg.3 | q.seq.2 | q.coo.3 | q.cal.2 | q.exp.1 | q.sta.1 | q.geo.2,Nhắc lại công thức và nhận diện dạng bài trước khi vào phần nặng. Giữ độ chính xác khi thời gian bắt đầu siết lại.
PL-TOA-GEO-L4-014,Rèn kỹ năng · Hình học phẳng & không gian · Cấp 4,Toán,,Hình học phẳng & không gian,2,4,Rèn kỹ năng,12,13,70%,85%,120,PL-TOA-GEO-L4-013,3,6,3,q.com.2 | q.sta.2 | q.geo.2 | q.alg.1 | q.alg.4 | q.seq.1 | q.coo.1 | q.coo.2 | q.cal.1 | q.com.4 | q.sta.4 | q.geo.3,Làm chắc một kỹ năng lõi qua các biến thể liên tiếp của cùng một dạng. Giữ độ chính xác khi thời gian bắt đầu siết lại.
PL-TOA-GEO-L4-015,Tốc độ · Hình học phẳng & không gian · Cấp 4,Toán,,Hình học phẳng & không gian,2,4,Tốc độ,12,10,70%,85%,132,PL-TOA-GEO-L4-014,3,6,3,q.sta.2 | q.geo.2 | q.geo.3 | q.cal.3 | q.exp.1 | q.exp.3 | q.com.3 | q.sta.1 | q.sta.3 | q.seq.2 | q.coo.3 | q.cal.2,Rút ngắn thời gian trên mỗi câu mà vẫn giữ được độ chính xác. Giữ độ chính xác khi thời gian bắt đầu siết lại.
PL-TOA-GEO-L4-016,Chính xác · Hình học phẳng & không gian · Cấp 4,Toán,,Hình học phẳng & không gian,2,4,Chính xác,12,15,70%,85%,132,PL-TOA-GEO-L4-015,3,6,3,q.alg.2 | q.alg.3 | q.seq.2 | q.com.1 | q.com.2 | q.com.4 | q.sta.2 | q.sta.4 | q.exp.1 | q.cal.2 | q.cal.3 | q.exp.3,Loại bỏ lỗi ẩu và các bẫy quen thuộc trong chuyên đề. Giữ độ chính xác khi thời gian bắt đầu siết lại.
PL-TOA-GEO-L4-017,Tổng hợp · Hình học phẳng & không gian · Cấp 4,Toán,,Hình học phẳng & không gian,2,4,Tổng hợp,12,13,70%,85%,138,PL-TOA-GEO-L4-016,3,6,3,q.coo.3 | q.cal.2 | q.cal.3 | q.sta.2 | q.sta.4 | q.exp.1 | q.sta.1 | q.geo.2 | q.geo.3 | q.sta.3 | q.geo.1 | q.ari.1,Trộn nhiều dạng trong cùng chuyên đề để rèn phản xạ nhận diện. Giữ độ chính xác khi thời gian bắt đầu siết lại.
PL-TOA-GEO-L4-018,Thử thách · Hình học phẳng & không gian · Cấp 4,Toán,,Hình học phẳng & không gian,2,4,Thử thách,12,13,70%,85%,168,PL-TOA-GEO-L4-017,3,6,3,q.cal.4 | q.exp.2 | q.com.1 | q.sta.1 | q.alg.4 | q.com.4 | q.sta.4 | q.geo.2 | q.geo.3 | q.alg.1 | q.seq.1 | q.coo.1,Đẩy lên mức khó hơn cấp hiện tại để chuẩn bị lên cấp. Giữ độ chính xác khi thời gian bắt đầu siết lại.
PL-TOA-GEO-L4-019,Vượt ải · Hình học phẳng & không gian · Cấp 4,Toán,,Hình học phẳng & không gian,2,4,Vượt ải,12,12,70%,90%,216,PL-TOA-GEO-L4-018,3,6,3,q.com.2 | q.com.4 | q.sta.2 | q.sta.4 | q.geo.2 | q.geo.3 | q.ari.2 | q.ari.3 | q.alg.2 | q.cal.1 | q.exp.2 | q.com.1,Bài kiểm tra chốt cấp độ của tuyến chuyên đề. Giữ độ chính xác khi thời gian bắt đầu siết lại.
PL-TOA-GEO-L5-001,Khởi động · Hình học phẳng & không gian · Cấp 5,Toán,,Hình học phẳng & không gian,3,5,Khởi động,14,20,70%,85%,112,PL-TOA-GEO-L4-019,4,7,3,q.geo.1 | q.ari.1 | q.alg.1 | q.seq.1 | q.ari.2 | q.ari.3 | q.alg.2 | q.alg.3 | q.seq.2 | q.coo.3 | q.cal.2 | q.geo.2 | q.geo.3 | q.cal.3,Nhắc lại công thức và nhận diện dạng bài trước khi vào phần nặng. Xử lý câu phân loại mà không mất nhịp.
PL-TOA-GEO-L5-002,Rèn kỹ năng · Hình học phẳng & không gian · Cấp 5,Toán,,Hình học phẳng & không gian,3,5,Rèn kỹ năng,14,16,70%,85%,160,PL-TOA-GEO-L5-001,4,7,3,q.ari.3 | q.alg.2 | q.alg.3 | q.seq.2 | q.geo.3 | q.ari.2 | q.coo.3 | q.cal.2 | q.cal.3 | q.exp.3 | q.com.3 | q.ari.1 | q.alg.1 | q.seq.1,Làm chắc một kỹ năng lõi qua các biến thể liên tiếp của cùng một dạng. Xử lý câu phân loại mà không mất nhịp.
PL-TOA-GEO-L5-003,Tốc độ · Hình học phẳng & không gian · Cấp 5,Toán,,Hình học phẳng & không gian,3,5,Tốc độ,14,12,70%,85%,176,PL-TOA-GEO-L5-002,4,7,3,q.cal.1 | q.exp.2 | q.com.1 | q.com.2 | q.cal.2 | q.cal.3 | q.exp.3 | q.com.3 | q.sta.3 | q.geo.1 | q.ari.1 | q.seq.2 | q.coo.3 | q.alg.1,Rút ngắn thời gian trên mỗi câu mà vẫn giữ được độ chính xác. Xử lý câu phân loại mà không mất nhịp.
PL-TOA-GEO-L5-004,Chính xác · Hình học phẳng & không gian · Cấp 5,Toán,,Hình học phẳng & không gian,3,5,Chính xác,14,19,70%,85%,176,PL-TOA-GEO-L5-003,4,7,3,q.cal.3 | q.exp.3 | q.com.3 | q.sta.3 | q.coo.3 | q.cal.2 | q.geo.1 | q.ari.1 | q.alg.1 | q.seq.1 | q.coo.1 | q.exp.2 | q.com.1 | q.com.2,Loại bỏ lỗi ẩu và các bẫy quen thuộc trong chuyên đề. Xử lý câu phân loại mà không mất nhịp.
PL-TOA-GEO-L5-005,Tổng hợp · Hình học phẳng & không gian · Cấp 5,Toán,,Hình học phẳng & không gian,3,5,Tổng hợp,14,16,70%,85%,184,PL-TOA-GEO-L5-004,4,7,3,q.sta.3 | q.geo.1 | q.ari.1 | q.alg.1 | q.exp.3 | q.com.3 | q.seq.1 | q.coo.1 | q.coo.2 | q.cal.1 | q.exp.2 | q.sta.2 | q.exp.1 | q.sta.1,Trộn nhiều dạng trong cùng chuyên đề để rèn phản xạ nhận diện. Xử lý câu phân loại mà không mất nhịp.
PL-TOA-GEO-L5-006,Ôn lại · Hình học phẳng & không gian · Cấp 5,Toán,,Hình học phẳng & không gian,3,5,Ôn lại,14,18,70%,85%,144,PL-TOA-GEO-L5-005,4,7,3,q.alg.1 | q.alg.4 | q.seq.1 | q.coo.1 | q.ari.1 | q.coo.2 | q.cal.1 | q.exp.2 | q.com.1 | q.com.2 | q.sta.2 | q.cal.4 | q.com.4 | q.sta.4,Quay lại các câu từng sai để kiến thức không phai theo thời gian. Xử lý câu phân loại mà không mất nhịp.
PL-TOA-GEO-L5-007,Khởi động · Hình học phẳng & không gian · Cấp 5,Toán,,Hình học phẳng & không gian,3,5,Khởi động,14,20,70%,85%,112,PL-TOA-GEO-L5-006,4,7,3,q.coo.3 | q.cal.2 | q.cal.3 | q.exp.1 | q.com.1 | q.com.2 | q.com.4 | q.sta.2 | q.sta.4 | q.sta.1 | q.geo.2 | q.ari.2 | q.ari.3 | q.alg.2,Nhắc lại công thức và nhận diện dạng bài trước khi vào phần nặng. Xử lý câu phân loại mà không mất nhịp.
PL-TOA-GEO-L5-008,Rèn kỹ năng · Hình học phẳng & không gian · Cấp 5,Toán,,Hình học phẳng & không gian,3,5,Rèn kỹ năng,14,16,70%,85%,160,PL-TOA-GEO-L5-007,4,7,3,q.cal.4 | q.exp.2 | q.com.1 | q.com.2 | q.sta.2 | q.exp.1 | q.sta.1 | q.alg.4 | q.com.4 | q.sta.4 | q.geo.2 | q.coo.3 | q.cal.2 | q.cal.3,Làm chắc một kỹ năng lõi qua các biến thể liên tiếp của cùng một dạng. Xử lý câu phân loại mà không mất nhịp.
PL-TOA-GEO-L5-009,Tốc độ · Hình học phẳng & không gian · Cấp 5,Toán,,Hình học phẳng & không gian,3,5,Tốc độ,14,12,70%,85%,176,PL-TOA-GEO-L5-008,4,7,3,q.sta.1 | q.sta.3 | q.alg.4 | q.cal.4 | q.geo.2 | q.geo.3 | q.ari.2 | q.ari.3 | q.alg.2 | q.alg.3 | q.seq.2 | q.alg.1 | q.seq.1 | q.coo.1,Rút ngắn thời gian trên mỗi câu mà vẫn giữ được độ chính xác. Xử lý câu phân loại mà không mất nhịp.
PL-TOA-GEO-L5-010,Chính xác · Hình học phẳng & không gian · Cấp 5,Toán,,Hình học phẳng & không gian,3,5,Chính xác,14,19,70%,85%,176,PL-TOA-GEO-L5-009,4,7,3,q.sta.4 | q.exp.1 | q.sta.1 | q.geo.2 | q.geo.3 | q.ari.2 | q.ari.3 | q.alg.2 | q.alg.3 | q.seq.2 | q.coo.3 | q.coo.1 | q.coo.2 | q.cal.1,Loại bỏ lỗi ẩu và các bẫy quen thuộc trong chuyên đề. Xử lý câu phân loại mà không mất nhịp.
PL-TOA-GEO-L5-011,Tổng hợp · Hình học phẳng & không gian · Cấp 5,Toán,,Hình học phẳng & không gian,3,5,Tổng hợp,14,16,70%,85%,184,PL-TOA-GEO-L5-010,4,7,3,q.geo.2 | q.geo.3 | q.ari.2 | q.ari.3 | q.seq.2 | q.coo.3 | q.cal.2 | q.cal.3 | q.exp.3 | q.com.3 | q.sta.3 | q.com.2 | q.sta.2 | q.exp.1,Trộn nhiều dạng trong cùng chuyên đề để rèn phản xạ nhận diện. Xử lý câu phân loại mà không mất nhịp.
PL-TOA-GEO-L5-012,Ôn lại · Hình học phẳng & không gian · Cấp 5,Toán,,Hình học phẳng & không gian,3,5,Ôn lại,14,18,70%,85%,144,PL-TOA-GEO-L5-011,4,7,3,q.ari.3 | q.alg.2 | q.alg.3 | q.seq.2 | q.cal.3 | q.exp.3 | q.com.3 | q.sta.3 | q.geo.1 | q.ari.1 | q.alg.1 | q.sta.1 | q.alg.4 | q.cal.4,Quay lại các câu từng sai để kiến thức không phai theo thời gian. Xử lý câu phân loại mà không mất nhịp.
PL-TOA-GEO-L5-013,Khởi động · Hình học phẳng & không gian · Cấp 5,Toán,,Hình học phẳng & không gian,3,5,Khởi động,14,20,70%,85%,112,PL-TOA-GEO-L5-012,4,7,3,q.cal.1 | q.exp.2 | q.com.1 | q.com.2 | q.sta.3 | q.geo.1 | q.ari.1 | q.alg.1 | q.alg.4 | q.seq.1 | q.coo.1 | q.sta.4 | q.geo.2 | q.geo.3,Nhắc lại công thức và nhận diện dạng bài trước khi vào phần nặng. Xử lý câu phân loại mà không mất nhịp.
PL-TOA-GEO-L5-014,Thử thách · Hình học phẳng & không gian · Cấp 5,Toán,,Hình học phẳng & không gian,3,5,Thử thách,14,16,70%,85%,224,PL-TOA-GEO-L5-013,4,7,3,q.alg.3 | q.seq.2 | q.coo.3 | q.cal.2 | q.alg.1 | q.seq.1 | q.coo.1 | q.coo.2 | q.cal.1 | q.exp.2 | q.com.1 | q.geo.3 | q.ari.2 | q.ari.3,Đẩy lên mức khó hơn cấp hiện tại để chuẩn bị lên cấp. Xử lý câu phân loại mà không mất nhịp.
PL-TOA-GEO-L5-015,Vượt ải · Hình học phẳng & không gian · Cấp 5,Toán,,Hình học phẳng & không gian,3,5,Vượt ải,14,16,70%,90%,288,PL-TOA-GEO-L5-014,4,7,3,q.cal.2 | q.cal.3 | q.exp.3 | q.com.3 | q.coo.2 | q.cal.1 | q.exp.2 | q.com.1 | q.com.2 | q.sta.2 | q.exp.1 | q.alg.2 | q.alg.3 | q.seq.2,Bài kiểm tra chốt cấp độ của tuyến chuyên đề. Xử lý câu phân loại mà không mất nhịp.
PL-TOA-GEO-L6-001,Khởi động · Hình học phẳng & không gian · Cấp 6,Toán,,Hình học phẳng & không gian,3,6,Khởi động,15,19,70%,85%,154,PL-TOA-GEO-L5-015,4,7,4,q.geo.2 | q.geo.3 | q.ari.2 | q.ari.3 | q.com.4 | q.sta.4 | q.alg.2 | q.alg.3 | q.seq.2 | q.coo.3 | q.cal.2 | q.com.3 | q.sta.3 | q.geo.1 | q.ari.1,Nhắc lại công thức và nhận diện dạng bài trước khi vào phần nặng. Tốc độ và độ chính xác của nhóm dẫn đầu phổ điểm.
PL-TOA-GEO-L6-002,Rèn kỹ năng · Hình học phẳng & không gian · Cấp 6,Toán,,Hình học phẳng & không gian,3,6,Rèn kỹ năng,15,15,70%,85%,220,PL-TOA-GEO-L6-001,4,7,4,q.sta.4 | q.geo.2 | q.geo.3 | q.ari.2 | q.alg.3 | q.seq.2 | q.coo.3 | q.cal.2 | q.cal.3 | q.exp.3 | q.com.3 | q.ari.1 | q.alg.1 | q.seq.1 | q.coo.1,Làm chắc một kỹ năng lõi qua các biến thể liên tiếp của cùng một dạng. Tốc độ và độ chính xác của nhóm dẫn đầu phổ điểm.
PL-TOA-GEO-L6-003,Tốc độ · Hình học phẳng & không gian · Cấp 6,Toán,,Hình học phẳng & không gian,3,6,Tốc độ,15,11,70%,85%,242,PL-TOA-GEO-L6-002,4,7,4,q.seq.2 | q.coo.3 | q.cal.2 | q.cal.3 | q.alg.2 | q.alg.3 | q.exp.3 | q.com.3 | q.sta.3 | q.geo.1 | q.ari.1 | q.coo.1 | q.coo.2 | q.cal.1 | q.exp.2,Rút ngắn thời gian trên mỗi câu mà vẫn giữ được độ chính xác. Tốc độ và độ chính xác của nhóm dẫn đầu phổ điểm.
PL-TOA-GEO-L6-004,Chính xác · Hình học phẳng & không gian · Cấp 6,Toán,,Hình học phẳng & không gian,3,6,Chính xác,15,17,70%,85%,242,PL-TOA-GEO-L6-003,4,7,4,q.alg.3 | q.seq.2 | q.coo.3 | q.cal.2 | q.com.3 | q.sta.3 | q.geo.1 | q.ari.1 | q.alg.1 | q.seq.1 | q.coo.1 | q.exp.2 | q.com.1 | q.com.2 | q.sta.2,Loại bỏ lỗi ẩu và các bẫy quen thuộc trong chuyên đề. Tốc độ và độ chính xác của nhóm dẫn đầu phổ điểm.
PL-TOA-GEO-L6-005,Tổng hợp · Hình học phẳng & không gian · Cấp 6,Toán,,Hình học phẳng & không gian,3,6,Tổng hợp,15,15,70%,85%,253,PL-TOA-GEO-L6-004,4,7,4,q.cal.2 | q.cal.3 | q.exp.3 | q.com.3 | q.ari.1 | q.alg.1 | q.seq.1 | q.coo.1 | q.coo.2 | q.cal.1 | q.exp.2 | q.sta.2 | q.exp.1 | q.sta.1 | q.alg.4,Trộn nhiều dạng trong cùng chuyên đề để rèn phản xạ nhận diện. Tốc độ và độ chính xác của nhóm dẫn đầu phổ điểm.
PL-TOA-GEO-L6-006,Ôn lại · Hình học phẳng & không gian · Cấp 6,Toán,,Hình học phẳng & không gian,3,6,Ôn lại,15,17,70%,85%,198,PL-TOA-GEO-L6-005,4,7,4,q.com.3 | q.sta.3 | q.geo.1 | q.ari.1 | q.coo.1 | q.coo.2 | q.cal.1 | q.exp.2 | q.com.1 | q.com.2 | q.sta.2 | q.alg.4 | q.cal.4 | q.com.4 | q.sta.4,Quay lại các câu từng sai để kiến thức không phai theo thời gian. Tốc độ và độ chính xác của nhóm dẫn đầu phổ điểm.
PL-TOA-GEO-L6-007,Khởi động · Hình học phẳng & không gian · Cấp 6,Toán,,Hình học phẳng & không gian,3,6,Khởi động,15,19,70%,85%,154,PL-TOA-GEO-L6-006,4,7,4,q.coo.1 | q.coo.2 | q.cal.1 | q.cal.4 | q.exp.2 | q.com.1 | q.com.2 | q.sta.2 | q.exp.1 | q.sta.1 | q.alg.4 | q.geo.3 | q.ari.2 | q.ari.3 | q.alg.2,Nhắc lại công thức và nhận diện dạng bài trước khi vào phần nặng. Tốc độ và độ chính xác của nhóm dẫn đầu phổ điểm.
PL-TOA-GEO-L6-008,Rèn kỹ năng · Hình học phẳng & không gian · Cấp 6,Toán,,Hình học phẳng & không gian,3,6,Rèn kỹ năng,15,15,70%,85%,220,PL-TOA-GEO-L6-007,4,7,4,q.coo.1 | q.coo.2 | q.cal.1 | q.exp.2 | q.sta.2 | q.exp.1 | q.sta.1 | q.alg.4 | q.cal.4 | q.com.4 | q.sta.4 | q.seq.2 | q.coo.3 | q.cal.2 | q.cal.3,Làm chắc một kỹ năng lõi qua các biến thể liên tiếp của cùng một dạng. Tốc độ và độ chính xác của nhóm dẫn đầu phổ điểm.
PL-TOA-GEO-L6-009,Tốc độ · Hình học phẳng & không gian · Cấp 6,Toán,,Hình học phẳng & không gian,3,6,Tốc độ,15,11,70%,85%,242,PL-TOA-GEO-L6-008,4,7,4,q.com.2 | q.com.4 | q.sta.2 | q.sta.4 | q.alg.4 | q.cal.4 | q.geo.2 | q.geo.3 | q.ari.2 | q.ari.3 | q.alg.2 | q.ari.1 | q.alg.1 | q.seq.1 | q.coo.1,Rút ngắn thời gian trên mỗi câu mà vẫn giữ được độ chính xác. Tốc độ và độ chính xác của nhóm dẫn đầu phổ điểm.
PL-TOA-GEO-L6-010,Thử thách · Hình học phẳng & không gian · Cấp 6,Toán,,Hình học phẳng & không gian,3,6,Thử thách,15,15,70%,85%,308,PL-TOA-GEO-L6-009,4,7,4,q.sta.2 | q.exp.1 | q.sta.1 | q.alg.4 | q.geo.2 | q.geo.3 | q.ari.2 | q.ari.3 | q.alg.2 | q.alg.3 | q.seq.2 | q.seq.1 | q.coo.1 | q.coo.2 | q.cal.1,Đẩy lên mức khó hơn cấp hiện tại để chuẩn bị lên cấp. Tốc độ và độ chính xác của nhóm dẫn đầu phổ điểm.
PL-TOA-GEO-L6-011,Vượt ải · Hình học phẳng & không gian · Cấp 6,Toán,,Hình học phẳng & không gian,3,6,Vượt ải,15,14,70%,90%,396,PL-TOA-GEO-L6-010,4,7,4,q.alg.4 | q.cal.4 | q.com.4 | q.sta.4 | q.seq.2 | q.coo.3 | q.cal.2 | q.cal.3 | q.exp.3 | q.com.3 | q.sta.3 | q.com.2 | q.sta.2 | q.exp.1 | q.sta.1,Bài kiểm tra chốt cấp độ của tuyến chuyên đề. Tốc độ và độ chính xác của nhóm dẫn đầu phổ điểm.
PL-TOA-COO-L1-001,Khởi động · Hình học tọa độ · Cấp 1,Toán,,Hình học tọa độ,1,1,Khởi động,8,10,70%,85%,28,,2,4,2,q.exp.1 | q.sta.1 | q.ari.1 | q.alg.1 | q.seq.1 | q.geo.1 | q.com.1 | q.com.2,Nhắc lại công thức và nhận diện dạng bài trước khi vào phần nặng. Nhận diện dạng bài và nhớ lại công thức nền.
PL-TOA-COO-L1-002,Rèn kỹ năng · Hình học tọa độ · Cấp 1,Toán,,Hình học tọa độ,1,1,Rèn kỹ năng,8,8,70%,85%,40,PL-TOA-COO-L1-001,2,4,2,q.coo.2 | q.ari.1 | q.exp.2 | q.com.1 | q.com.2 | q.sta.2 | q.geo.3 | q.cal.2,Làm chắc một kỹ năng lõi qua các biến thể liên tiếp của cùng một dạng. Nhận diện dạng bài và nhớ lại công thức nền.
PL-TOA-COO-L1-003,Tốc độ · Hình học tọa độ · Cấp 1,Toán,,Hình học tọa độ,1,1,Tốc độ,8,6,70%,85%,44,PL-TOA-COO-L1-002,2,4,2,q.seq.1 | q.geo.1 | q.com.1 | q.com.2 | q.sta.2 | q.coo.3 | q.seq.2 | q.geo.2,Rút ngắn thời gian trên mỗi câu mà vẫn giữ được độ chính xác. Nhận diện dạng bài và nhớ lại công thức nền.
PL-TOA-COO-L1-004,Chính xác · Hình học tọa độ · Cấp 1,Toán,,Hình học tọa độ,1,1,Chính xác,8,9,70%,85%,44,PL-TOA-COO-L1-003,2,4,2,q.exp.2 | q.com.1 | q.ari.3 | q.alg.2 | q.alg.3 | q.seq.2 | q.alg.4 | q.seq.1,Loại bỏ lỗi ẩu và các bẫy quen thuộc trong chuyên đề. Nhận diện dạng bài và nhớ lại công thức nền.
PL-TOA-COO-L1-005,Tổng hợp · Hình học tọa độ · Cấp 1,Toán,,Hình học tọa độ,1,1,Tổng hợp,8,8,70%,85%,46,PL-TOA-COO-L1-004,2,4,2,q.sta.2 | q.coo.3 | q.seq.2 | q.geo.2 | q.geo.3 | q.cal.2 | q.cal.4 | q.exp.2,Trộn nhiều dạng trong cùng chuyên đề để rèn phản xạ nhận diện. Nhận diện dạng bài và nhớ lại công thức nền.
PL-TOA-COO-L1-006,Thử thách · Hình học tọa độ · Cấp 1,Toán,,Hình học tọa độ,1,1,Thử thách,8,8,70%,85%,56,PL-TOA-COO-L1-005,2,4,2,q.alg.3 | q.seq.2 | q.geo.1 | q.cal.1 | q.cal.4 | q.exp.2 | q.com.1 | q.com.2,Đẩy lên mức khó hơn cấp hiện tại để chuẩn bị lên cấp. Nhận diện dạng bài và nhớ lại công thức nền.
PL-TOA-COO-L1-007,Vượt ải · Hình học tọa độ · Cấp 1,Toán,,Hình học tọa độ,1,1,Vượt ải,8,8,70%,90%,72,PL-TOA-COO-L1-006,2,4,2,q.geo.3 | q.cal.2 | q.exp.2 | q.com.1 | q.com.2 | q.com.4 | q.exp.1 | q.sta.1,Bài kiểm tra chốt cấp độ của tuyến chuyên đề. Nhận diện dạng bài và nhớ lại công thức nền.
PL-TOA-COO-L2-001,Khởi động · Hình học tọa độ · Cấp 2,Toán,,Hình học tọa độ,1,2,Khởi động,10,15,70%,85%,42,PL-TOA-COO-L1-007,3,5,2,q.exp.1 | q.sta.1 | q.coo.1 | q.alg.1 | q.seq.1 | q.geo.1 | q.cal.1 | q.exp.2 | q.sta.2 | q.coo.3,Nhắc lại công thức và nhận diện dạng bài trước khi vào phần nặng. Làm đúng dạng chuẩn mà không cần nhìn gợi ý.
PL-TOA-COO-L2-002,Rèn kỹ năng · Hình học tọa độ · Cấp 2,Toán,,Hình học tọa độ,1,2,Rèn kỹ năng,10,12,70%,85%,60,PL-TOA-COO-L2-001,3,5,2,q.coo.2 | q.ari.1 | q.alg.1 | q.com.1 | q.com.2 | q.sta.2 | q.coo.3 | q.ari.2 | q.cal.3 | q.exp.3,Làm chắc một kỹ năng lõi qua các biến thể liên tiếp của cùng một dạng. Làm đúng dạng chuẩn mà không cần nhìn gợi ý.
PL-TOA-COO-L2-003,Tốc độ · Hình học tọa độ · Cấp 2,Toán,,Hình học tọa độ,1,2,Tốc độ,10,9,70%,85%,66,PL-TOA-COO-L2-002,3,5,2,q.seq.1 | q.geo.1 | q.cal.1 | q.com.2 | q.sta.2 | q.coo.3 | q.ari.2 | q.ari.3 | q.geo.3 | q.cal.2,Rút ngắn thời gian trên mỗi câu mà vẫn giữ được độ chính xác. Làm đúng dạng chuẩn mà không cần nhìn gợi ý.
PL-TOA-COO-L2-004,Chính xác · Hình học tọa độ · Cấp 2,Toán,,Hình học tọa độ,1,2,Chính xác,10,13,70%,85%,66,PL-TOA-COO-L2-003,3,5,2,q.exp.2 | q.com.1 | q.com.2 | q.alg.2 | q.alg.3 | q.seq.2 | q.geo.2 | q.geo.3 | q.seq.1 | q.geo.1,Loại bỏ lỗi ẩu và các bẫy quen thuộc trong chuyên đề. Làm đúng dạng chuẩn mà không cần nhìn gợi ý.
PL-TOA-COO-L2-005,Tổng hợp · Hình học tọa độ · Cấp 2,Toán,,Hình học tọa độ,1,2,Tổng hợp,10,12,70%,85%,69,PL-TOA-COO-L2-004,3,5,2,q.sta.2 | q.coo.3 | q.ari.2 | q.geo.2 | q.geo.3 | q.cal.2 | q.cal.3 | q.exp.1 | q.exp.2 | q.com.1,Trộn nhiều dạng trong cùng chuyên đề để rèn phản xạ nhận diện. Làm đúng dạng chuẩn mà không cần nhìn gợi ý.
PL-TOA-COO-L2-006,Ôn lại · Hình học tọa độ · Cấp 2,Toán,,Hình học tọa độ,1,2,Ôn lại,10,13,70%,85%,54,PL-TOA-COO-L2-005,3,5,2,q.ari.3 | q.alg.2 | q.alg.3 | q.cal.3 | q.exp.1 | q.exp.3 | q.com.3 | q.sta.1 | q.com.4 | q.sta.2,Quay lại các câu từng sai để kiến thức không phai theo thời gian. Làm đúng dạng chuẩn mà không cần nhìn gợi ý.
PL-TOA-COO-L2-007,Khởi động · Hình học tọa độ · Cấp 2,Toán,,Hình học tọa độ,1,2,Khởi động,10,15,70%,85%,42,PL-TOA-COO-L2-006,3,5,2,q.seq.2 | q.geo.2 | q.geo.3 | q.exp.3 | q.com.3 | q.sta.3 | q.alg.4 | q.cal.4 | q.coo.1 | q.coo.2,Nhắc lại công thức và nhận diện dạng bài trước khi vào phần nặng. Làm đúng dạng chuẩn mà không cần nhìn gợi ý.
PL-TOA-COO-L2-008,Rèn kỹ năng · Hình học tọa độ · Cấp 2,Toán,,Hình học tọa độ,1,2,Rèn kỹ năng,10,12,70%,85%,60,PL-TOA-COO-L2-007,3,5,2,q.cal.2 | q.cal.3 | q.exp.3 | q.alg.4 | q.cal.4 | q.com.4 | q.sta.4 | q.coo.1 | q.alg.2 | q.alg.3,Làm chắc một kỹ năng lõi qua các biến thể liên tiếp của cùng một dạng. Làm đúng dạng chuẩn mà không cần nhìn gợi ý.
PL-TOA-COO-L2-009,Thử thách · Hình học tọa độ · Cấp 2,Toán,,Hình học tọa độ,1,2,Thử thách,10,12,70%,85%,84,PL-TOA-COO-L2-008,3,5,2,q.sta.1 | q.sta.3 | q.alg.4 | q.exp.1 | q.coo.3 | q.ari.2 | q.ari.3 | q.alg.2 | q.geo.3 | q.cal.2,Đẩy lên mức khó hơn cấp hiện tại để chuẩn bị lên cấp. Làm đúng dạng chuẩn mà không cần nhìn gợi ý.
PL-TOA-COO-L2-010,Vượt ải · Hình học tọa độ · Cấp 2,Toán,,Hình học tọa độ,1,2,Vượt ải,10,11,70%,90%,108,PL-TOA-COO-L2-009,3,5,2,q.cal.4 | q.com.4 | q.sta.4 | q.ari.3 | q.alg.2 | q.alg.3 | q.seq.2 | q.geo.2 | q.coo.1 | q.coo.2,Bài kiểm tra chốt cấp độ của tuyến chuyên đề. Làm đúng dạng chuẩn mà không cần nhìn gợi ý.
PL-TOA-COO-L3-001,Khởi động · Hình học tọa độ · Cấp 3,Toán,,Hình học tọa độ,2,3,Khởi động,12,19,70%,85%,63,PL-TOA-COO-L2-010,3,6,3,q.exp.1 | q.sta.1 | q.coo.1 | q.alg.1 | q.seq.1 | q.geo.1 | q.cal.1 | q.exp.2 | q.com.1 | q.alg.3 | q.seq.2 | q.geo.2,Nhắc lại công thức và nhận diện dạng bài trước khi vào phần nặng. Ghép nhiều bước và tránh các bẫy quen thuộc.
PL-TOA-COO-L3-002,Rèn kỹ năng · Hình học tọa độ · Cấp 3,Toán,,Hình học tọa độ,2,3,Rèn kỹ năng,12,15,70%,85%,90,PL-TOA-COO-L3-001,3,6,3,q.alg.1 | q.seq.1 | q.geo.1 | q.seq.2 | q.geo.2 | q.geo.3 | q.cal.2 | q.cal.3 | q.exp.3 | q.alg.2 | q.alg.3 | q.com.3,Làm chắc một kỹ năng lõi qua các biến thể liên tiếp của cùng một dạng. Ghép nhiều bước và tránh các bẫy quen thuộc.
PL-TOA-COO-L3-003,Tốc độ · Hình học tọa độ · Cấp 3,Toán,,Hình học tọa độ,2,3,Tốc độ,12,11,70%,85%,99,PL-TOA-COO-L3-002,3,6,3,q.seq.1 | q.geo.1 | q.cal.1 | q.coo.3 | q.ari.2 | q.ari.3 | q.alg.2 | q.alg.3 | q.seq.2 | q.alg.1 | q.alg.4 | q.cal.4,Rút ngắn thời gian trên mỗi câu mà vẫn giữ được độ chính xác. Ghép nhiều bước và tránh các bẫy quen thuộc.
PL-TOA-COO-L3-004,Chính xác · Hình học tọa độ · Cấp 3,Toán,,Hình học tọa độ,2,3,Chính xác,12,17,70%,85%,99,PL-TOA-COO-L3-003,3,6,3,q.com.2 | q.sta.2 | q.coo.3 | q.sta.3 | q.coo.1 | q.coo.2 | q.ari.1 | q.alg.1 | q.alg.4 | q.com.3 | q.seq.1 | q.geo.1,Loại bỏ lỗi ẩu và các bẫy quen thuộc trong chuyên đề. Ghép nhiều bước và tránh các bẫy quen thuộc.
PL-TOA-COO-L3-005,Tổng hợp · Hình học tọa độ · Cấp 3,Toán,,Hình học tọa độ,2,3,Tổng hợp,12,15,70%,85%,103,PL-TOA-COO-L3-004,3,6,3,q.ari.2 | q.ari.3 | q.alg.2 | q.alg.4 | q.seq.1 | q.geo.1 | q.cal.1 | q.cal.4 | q.exp.2 | q.com.1 | q.com.2 | q.sta.2,Trộn nhiều dạng trong cùng chuyên đề để rèn phản xạ nhận diện. Ghép nhiều bước và tránh các bẫy quen thuộc.
PL-TOA-COO-L3-006,Ôn lại · Hình học tọa độ · Cấp 3,Toán,,Hình học tọa độ,2,3,Ôn lại,12,17,70%,85%,81,PL-TOA-COO-L3-005,3,6,3,q.alg.3 | q.seq.2 | q.geo.2 | q.cal.1 | q.cal.4 | q.exp.2 | q.com.1 | q.com.2 | q.com.4 | q.exp.1 | q.sta.1 | q.alg.4,Quay lại các câu từng sai để kiến thức không phai theo thời gian. Ghép nhiều bước và tránh các bẫy quen thuộc.
PL-TOA-COO-L3-007,Khởi động · Hình học tọa độ · Cấp 3,Toán,,Hình học tọa độ,2,3,Khởi động,12,19,70%,85%,63,PL-TOA-COO-L3-006,3,6,3,q.seq.2 | q.geo.2 | q.geo.3 | q.com.3 | q.sta.1 | q.sta.3 | q.alg.4 | q.cal.4 | q.com.4 | q.ari.2 | q.ari.3 | q.alg.2,Nhắc lại công thức và nhận diện dạng bài trước khi vào phần nặng. Ghép nhiều bước và tránh các bẫy quen thuộc.
PL-TOA-COO-L3-008,Rèn kỹ năng · Hình học tọa độ · Cấp 3,Toán,,Hình học tọa độ,2,3,Rèn kỹ năng,12,15,70%,85%,90,PL-TOA-COO-L3-007,3,6,3,q.exp.1 | q.exp.3 | q.com.3 | q.com.4 | q.sta.2 | q.sta.4 | q.sta.1 | q.coo.3 | q.ari.2 | q.alg.3 | q.seq.2 | q.geo.2,Làm chắc một kỹ năng lõi qua các biến thể liên tiếp của cùng một dạng. Ghép nhiều bước và tránh các bẫy quen thuộc.
PL-TOA-COO-L3-009,Tốc độ · Hình học tọa độ · Cấp 3,Toán,,Hình học tọa độ,2,3,Tốc độ,12,11,70%,85%,99,PL-TOA-COO-L3-008,3,6,3,q.com.3 | q.sta.3 | q.alg.4 | q.sta.4 | q.coo.1 | q.coo.2 | q.ari.1 | q.alg.1 | q.seq.1 | q.geo.3 | q.cal.2 | q.cal.3,Rút ngắn thời gian trên mỗi câu mà vẫn giữ được độ chính xác. Ghép nhiều bước và tránh các bẫy quen thuộc.
PL-TOA-COO-L3-010,Thử thách · Hình học tọa độ · Cấp 3,Toán,,Hình học tọa độ,2,3,Thử thách,12,15,70%,85%,126,PL-TOA-COO-L3-009,3,6,3,q.sta.4 | q.exp.1 | q.sta.1 | q.com.4 | q.coo.3 | q.ari.2 | q.ari.3 | q.alg.2 | q.alg.3 | q.coo.1 | q.coo.2 | q.ari.1,Đẩy lên mức khó hơn cấp hiện tại để chuẩn bị lên cấp. Ghép nhiều bước và tránh các bẫy quen thuộc.
PL-TOA-COO-L3-011,Vượt ải · Hình học tọa độ · Cấp 3,Toán,,Hình học tọa độ,2,3,Vượt ải,12,14,70%,90%,162,PL-TOA-COO-L3-010,3,6,3,q.coo.3 | q.ari.2 | q.ari.3 | q.alg.3 | q.seq.2 | q.geo.2 | q.geo.3 | q.cal.2 | q.cal.3 | q.geo.1 | q.cal.1 | q.exp.2,Bài kiểm tra chốt cấp độ của tuyến chuyên đề. Ghép nhiều bước và tránh các bẫy quen thuộc.
PL-TOA-COO-L4-001,Khởi động · Hình học tọa độ · Cấp 4,Toán,,Hình học tọa độ,2,4,Khởi động,12,16,70%,85%,84,PL-TOA-COO-L3-011,3,6,3,q.exp.1 | q.sta.1 | q.coo.1 | q.alg.1 | q.seq.1 | q.geo.1 | q.cal.1 | q.exp.2 | q.com.1 | q.alg.3 | q.seq.2 | q.geo.2,Nhắc lại công thức và nhận diện dạng bài trước khi vào phần nặng. Giữ độ chính xác khi thời gian bắt đầu siết lại.
PL-TOA-COO-L4-002,Rèn kỹ năng · Hình học tọa độ · Cấp 4,Toán,,Hình học tọa độ,2,4,Rèn kỹ năng,12,13,70%,85%,120,PL-TOA-COO-L4-001,3,6,3,q.alg.1 | q.seq.1 | q.geo.1 | q.seq.2 | q.geo.2 | q.geo.3 | q.cal.2 | q.cal.3 | q.exp.3 | q.alg.2 | q.alg.3 | q.com.3,Làm chắc một kỹ năng lõi qua các biến thể liên tiếp của cùng một dạng. Giữ độ chính xác khi thời gian bắt đầu siết lại.
PL-TOA-COO-L4-003,Tốc độ · Hình học tọa độ · Cấp 4,Toán,,Hình học tọa độ,2,4,Tốc độ,12,10,70%,85%,132,PL-TOA-COO-L4-002,3,6,3,q.seq.1 | q.geo.1 | q.cal.1 | q.coo.3 | q.ari.2 | q.ari.3 | q.alg.2 | q.alg.3 | q.seq.2 | q.alg.1 | q.alg.4 | q.cal.4,Rút ngắn thời gian trên mỗi câu mà vẫn giữ được độ chính xác. Giữ độ chính xác khi thời gian bắt đầu siết lại.
PL-TOA-COO-L4-004,Chính xác · Hình học tọa độ · Cấp 4,Toán,,Hình học tọa độ,2,4,Chính xác,12,15,70%,85%,132,PL-TOA-COO-L4-003,3,6,3,q.com.2 | q.sta.2 | q.coo.3 | q.sta.3 | q.coo.1 | q.coo.2 | q.ari.1 | q.alg.1 | q.alg.4 | q.com.3 | q.seq.1 | q.geo.1,Loại bỏ lỗi ẩu và các bẫy quen thuộc trong chuyên đề. Giữ độ chính xác khi thời gian bắt đầu siết lại.
PL-TOA-COO-L4-005,Tổng hợp · Hình học tọa độ · Cấp 4,Toán,,Hình học tọa độ,2,4,Tổng hợp,12,13,70%,85%,138,PL-TOA-COO-L4-004,3,6,3,q.ari.2 | q.ari.3 | q.alg.2 | q.alg.4 | q.seq.1 | q.geo.1 | q.cal.1 | q.cal.4 | q.exp.2 | q.com.1 | q.com.2 | q.sta.2,Trộn nhiều dạng trong cùng chuyên đề để rèn phản xạ nhận diện. Giữ độ chính xác khi thời gian bắt đầu siết lại.
PL-TOA-COO-L4-006,Ôn lại · Hình học tọa độ · Cấp 4,Toán,,Hình học tọa độ,2,4,Ôn lại,12,14,70%,85%,108,PL-TOA-COO-L4-005,3,6,3,q.alg.3 | q.seq.2 | q.geo.2 | q.cal.1 | q.cal.4 | q.exp.2 | q.com.1 | q.com.2 | q.com.4 | q.exp.1 | q.sta.1 | q.alg.4,Quay lại các câu từng sai để kiến thức không phai theo thời gian. Giữ độ chính xác khi thời gian bắt đầu siết lại.
PL-TOA-COO-L4-007,Khởi động · Hình học tọa độ · Cấp 4,Toán,,Hình học tọa độ,2,4,Khởi động,12,16,70%,85%,84,PL-TOA-COO-L4-006,3,6,3,q.seq.2 | q.geo.2 | q.geo.3 | q.com.3 | q.sta.1 | q.sta.3 | q.alg.4 | q.cal.4 | q.com.4 | q.ari.2 | q.ari.3 | q.alg.2,Nhắc lại công thức và nhận diện dạng bài trước khi vào phần nặng. Giữ độ chính xác khi thời gian bắt đầu siết lại.
PL-TOA-COO-L4-008,Rèn kỹ năng · Hình học tọa độ · Cấp 4,Toán,,Hình học tọa độ,2,4,Rèn kỹ năng,12,13,70%,85%,120,PL-TOA-COO-L4-007,3,6,3,q.exp.1 | q.exp.3 | q.com.3 | q.com.4 | q.sta.2 | q.sta.4 | q.sta.1 | q.coo.3 | q.ari.2 | q.alg.3 | q.seq.2 | q.geo.2,Làm chắc một kỹ năng lõi qua các biến thể liên tiếp của cùng một dạng. Giữ độ chính xác khi thời gian bắt đầu siết lại.
PL-TOA-COO-L4-009,Tốc độ · Hình học tọa độ · Cấp 4,Toán,,Hình học tọa độ,2,4,Tốc độ,12,10,70%,85%,132,PL-TOA-COO-L4-008,3,6,3,q.com.3 | q.sta.3 | q.alg.4 | q.sta.4 | q.coo.1 | q.coo.2 | q.ari.1 | q.alg.1 | q.seq.1 | q.geo.3 | q.cal.2 | q.cal.3,Rút ngắn thời gian trên mỗi câu mà vẫn giữ được độ chính xác. Giữ độ chính xác khi thời gian bắt đầu siết lại.
PL-TOA-COO-L4-010,Thử thách · Hình học tọa độ · Cấp 4,Toán,,Hình học tọa độ,2,4,Thử thách,12,13,70%,85%,168,PL-TOA-COO-L4-009,3,6,3,q.sta.4 | q.exp.1 | q.sta.1 | q.com.4 | q.coo.3 | q.ari.2 | q.ari.3 | q.alg.2 | q.alg.3 | q.coo.1 | q.coo.2 | q.ari.1,Đẩy lên mức khó hơn cấp hiện tại để chuẩn bị lên cấp. Giữ độ chính xác khi thời gian bắt đầu siết lại.
PL-TOA-COO-L4-011,Vượt ải · Hình học tọa độ · Cấp 4,Toán,,Hình học tọa độ,2,4,Vượt ải,12,12,70%,90%,216,PL-TOA-COO-L4-010,3,6,3,q.coo.3 | q.ari.2 | q.ari.3 | q.alg.3 | q.seq.2 | q.geo.2 | q.geo.3 | q.cal.2 | q.cal.3 | q.geo.1 | q.cal.1 | q.exp.2,Bài kiểm tra chốt cấp độ của tuyến chuyên đề. Giữ độ chính xác khi thời gian bắt đầu siết lại.
PL-TOA-COO-L5-001,Khởi động · Hình học tọa độ · Cấp 5,Toán,,Hình học tọa độ,3,5,Khởi động,14,20,70%,85%,112,PL-TOA-COO-L4-011,4,7,3,q.coo.1 | q.coo.2 | q.ari.1 | q.alg.1 | q.ari.3 | q.alg.2 | q.alg.3 | q.seq.2 | q.geo.2 | q.geo.3 | q.cal.2 | q.coo.3 | q.ari.2 | q.cal.3,Nhắc lại công thức và nhận diện dạng bài trước khi vào phần nặng. Xử lý câu phân loại mà không mất nhịp.
PL-TOA-COO-L5-002,Rèn kỹ năng · Hình học tọa độ · Cấp 5,Toán,,Hình học tọa độ,3,5,Rèn kỹ năng,14,16,70%,85%,160,PL-TOA-COO-L5-001,4,7,3,q.alg.2 | q.alg.3 | q.seq.2 | q.geo.2 | q.ari.2 | q.ari.3 | q.geo.3 | q.cal.2 | q.cal.3 | q.exp.3 | q.com.3 | q.coo.2 | q.ari.1 | q.alg.1,Làm chắc một kỹ năng lõi qua các biến thể liên tiếp của cùng một dạng. Xử lý câu phân loại mà không mất nhịp.
PL-TOA-COO-L5-003,Tốc độ · Hình học tọa độ · Cấp 5,Toán,,Hình học tọa độ,3,5,Tốc độ,14,12,70%,85%,176,PL-TOA-COO-L5-002,4,7,3,q.cal.1 | q.exp.2 | q.com.1 | q.com.2 | q.cal.2 | q.cal.3 | q.exp.3 | q.com.3 | q.sta.3 | q.coo.1 | q.coo.2 | q.geo.2 | q.geo.3 | q.ari.1,Rút ngắn thời gian trên mỗi câu mà vẫn giữ được độ chính xác. Xử lý câu phân loại mà không mất nhịp.
PL-TOA-COO-L5-004,Chính xác · Hình học tọa độ · Cấp 5,Toán,,Hình học tọa độ,3,5,Chính xác,14,19,70%,85%,176,PL-TOA-COO-L5-003,4,7,3,q.cal.3 | q.exp.3 | q.com.3 | q.sta.3 | q.geo.3 | q.cal.2 | q.coo.1 | q.coo.2 | q.ari.1 | q.alg.1 | q.seq.1 | q.exp.2 | q.com.1 | q.com.2,Loại bỏ lỗi ẩu và các bẫy quen thuộc trong chuyên đề. Xử lý câu phân loại mà không mất nhịp.
PL-TOA-COO-L5-005,Tổng hợp · Hình học tọa độ · Cấp 5,Toán,,Hình học tọa độ,3,5,Tổng hợp,14,16,70%,85%,184,PL-TOA-COO-L5-004,4,7,3,q.sta.3 | q.coo.1 | q.coo.2 | q.ari.1 | q.exp.3 | q.com.3 | q.alg.1 | q.seq.1 | q.geo.1 | q.cal.1 | q.exp.2 | q.sta.2 | q.exp.1 | q.sta.1,Trộn nhiều dạng trong cùng chuyên đề để rèn phản xạ nhận diện. Xử lý câu phân loại mà không mất nhịp.
PL-TOA-COO-L5-006,Ôn lại · Hình học tọa độ · Cấp 5,Toán,,Hình học tọa độ,3,5,Ôn lại,14,18,70%,85%,144,PL-TOA-COO-L5-005,4,7,3,q.ari.1 | q.alg.1 | q.alg.4 | q.seq.1 | q.coo.2 | q.geo.1 | q.cal.1 | q.exp.2 | q.com.1 | q.com.2 | q.sta.2 | q.cal.4 | q.com.4 | q.sta.4,Quay lại các câu từng sai để kiến thức không phai theo thời gian. Xử lý câu phân loại mà không mất nhịp.
PL-TOA-COO-L5-007,Khởi động · Hình học tọa độ · Cấp 5,Toán,,Hình học tọa độ,3,5,Khởi động,14,20,70%,85%,112,PL-TOA-COO-L5-006,4,7,3,q.geo.3 | q.cal.2 | q.cal.3 | q.exp.1 | q.com.1 | q.com.2 | q.com.4 | q.sta.2 | q.sta.4 | q.sta.1 | q.coo.3 | q.ari.3 | q.alg.2 | q.alg.3,Nhắc lại công thức và nhận diện dạng bài trước khi vào phần nặng. Xử lý câu phân loại mà không mất nhịp.
PL-TOA-COO-L5-008,Thử thách · Hình học tọa độ · Cấp 5,Toán,,Hình học tọa độ,3,5,Thử thách,14,16,70%,85%,224,PL-TOA-COO-L5-007,4,7,3,q.seq.1 | q.geo.1 | q.cal.1 | q.exp.2 | q.sta.2 | q.exp.1 | q.sta.1 | q.alg.4 | q.cal.4 | q.com.4 | q.sta.4 | q.geo.2 | q.geo.3 | q.cal.2,Đẩy lên mức khó hơn cấp hiện tại để chuẩn bị lên cấp. Xử lý câu phân loại mà không mất nhịp.
PL-TOA-COO-L5-009,Vượt ải · Hình học tọa độ · Cấp 5,Toán,,Hình học tọa độ,3,5,Vượt ải,14,16,70%,90%,288,PL-TOA-COO-L5-008,4,7,3,q.exp.2 | q.com.1 | q.com.2 | q.sta.2 | q.alg.4 | q.cal.4 | q.com.4 | q.sta.4 | q.coo.3 | q.ari.2 | q.ari.3 | q.sta.3 | q.coo.1 | q.coo.2,Bài kiểm tra chốt cấp độ của tuyến chuyên đề. Xử lý câu phân loại mà không mất nhịp.
PL-TOA-COO-L6-001,Khởi động · Hình học tọa độ · Cấp 6,Toán,,Hình học tọa độ,3,6,Khởi động,15,19,70%,85%,154,PL-TOA-COO-L5-009,4,7,4,q.coo.3 | q.ari.2 | q.ari.3 | q.alg.2 | q.com.4 | q.sta.4 | q.alg.3 | q.seq.2 | q.geo.2 | q.geo.3 | q.cal.2 | q.com.3 | q.sta.3 | q.coo.1 | q.coo.2,Nhắc lại công thức và nhận diện dạng bài trước khi vào phần nặng. Tốc độ và độ chính xác của nhóm dẫn đầu phổ điểm.
PL-TOA-COO-L6-002,Rèn kỹ năng · Hình học tọa độ · Cấp 6,Toán,,Hình học tọa độ,3,6,Rèn kỹ năng,15,15,70%,85%,220,PL-TOA-COO-L6-001,4,7,4,q.sta.4 | q.coo.3 | q.ari.2 | q.ari.3 | q.seq.2 | q.geo.2 | q.geo.3 | q.cal.2 | q.cal.3 | q.exp.3 | q.com.3 | q.coo.2 | q.ari.1 | q.alg.1 | q.seq.1,Làm chắc một kỹ năng lõi qua các biến thể liên tiếp của cùng một dạng. Tốc độ và độ chính xác của nhóm dẫn đầu phổ điểm.
PL-TOA-COO-L6-003,Tốc độ · Hình học tọa độ · Cấp 6,Toán,,Hình học tọa độ,3,6,Tốc độ,15,11,70%,85%,242,PL-TOA-COO-L6-002,4,7,4,q.geo.2 | q.geo.3 | q.cal.2 | q.cal.3 | q.alg.3 | q.seq.2 | q.exp.3 | q.com.3 | q.sta.3 | q.coo.1 | q.coo.2 | q.seq.1 | q.geo.1 | q.cal.1 | q.exp.2,Rút ngắn thời gian trên mỗi câu mà vẫn giữ được độ chính xác. Tốc độ và độ chính xác của nhóm dẫn đầu phổ điểm.
PL-TOA-COO-L6-004,Chính xác · Hình học tọa độ · Cấp 6,Toán,,Hình học tọa độ,3,6,Chính xác,15,17,70%,85%,242,PL-TOA-COO-L6-003,4,7,4,q.seq.2 | q.geo.2 | q.geo.3 | q.cal.2 | q.com.3 | q.sta.3 | q.coo.1 | q.coo.2 | q.ari.1 | q.alg.1 | q.seq.1 | q.exp.2 | q.com.1 | q.com.2 | q.sta.2,Loại bỏ lỗi ẩu và các bẫy quen thuộc trong chuyên đề. Tốc độ và độ chính xác của nhóm dẫn đầu phổ điểm.
PL-TOA-COO-L6-005,Thử thách · Hình học tọa độ · Cấp 6,Toán,,Hình học tọa độ,3,6,Thử thách,15,15,70%,85%,308,PL-TOA-COO-L6-004,4,7,4,q.cal.2 | q.cal.3 | q.exp.3 | q.com.3 | q.coo.2 | q.ari.1 | q.alg.1 | q.seq.1 | q.geo.1 | q.cal.1 | q.exp.2 | q.sta.2 | q.exp.1 | q.sta.1 | q.alg.4,Đẩy lên mức khó hơn cấp hiện tại để chuẩn bị lên cấp. Tốc độ và độ chính xác của nhóm dẫn đầu phổ điểm.
PL-TOA-COO-L6-006,Vượt ải · Hình học tọa độ · Cấp 6,Toán,,Hình học tọa độ,3,6,Vượt ải,15,14,70%,90%,396,PL-TOA-COO-L6-005,4,7,4,q.com.3 | q.sta.3 | q.coo.1 | q.coo.2 | q.seq.1 | q.geo.1 | q.cal.1 | q.exp.2 | q.com.1 | q.com.2 | q.sta.2 | q.alg.4 | q.cal.4 | q.com.4 | q.sta.4,Bài kiểm tra chốt cấp độ của tuyến chuyên đề. Tốc độ và độ chính xác của nhóm dẫn đầu phổ điểm.
PL-TOA-CAL-L1-001,"Khởi động · Đạo hàm, tích phân & khảo sát hàm số · Cấp 1",Toán,,"Đạo hàm, tích phân & khảo sát hàm số",1,1,Khởi động,8,10,70%,85%,28,,2,4,2,q.exp.1 | q.sta.1 | q.alg.1 | q.seq.1 | q.geo.1 | q.coo.1 | q.com.1 | q.com.2,Nhắc lại công thức và nhận diện dạng bài trước khi vào phần nặng. Nhận diện dạng bài và nhớ lại công thức nền.
PL-TOA-CAL-L1-002,"Rèn kỹ năng · Đạo hàm, tích phân & khảo sát hàm số · Cấp 1",Toán,,"Đạo hàm, tích phân & khảo sát hàm số",1,1,Rèn kỹ năng,8,8,70%,85%,40,PL-TOA-CAL-L1-001,2,4,2,q.ari.1 | q.alg.1 | q.exp.2 | q.com.1 | q.com.2 | q.sta.2 | q.geo.2 | q.geo.3,Làm chắc một kỹ năng lõi qua các biến thể liên tiếp của cùng một dạng. Nhận diện dạng bài và nhớ lại công thức nền.
PL-TOA-CAL-L1-003,"Tốc độ · Đạo hàm, tích phân & khảo sát hàm số · Cấp 1",Toán,,"Đạo hàm, tích phân & khảo sát hàm số",1,1,Tốc độ,8,6,70%,85%,44,PL-TOA-CAL-L1-002,2,4,2,q.geo.1 | q.coo.1 | q.com.1 | q.com.2 | q.sta.2 | q.cal.2 | q.alg.3 | q.seq.2,Rút ngắn thời gian trên mỗi câu mà vẫn giữ được độ chính xác. Nhận diện dạng bài và nhớ lại công thức nền.
PL-TOA-CAL-L1-004,"Chính xác · Đạo hàm, tích phân & khảo sát hàm số · Cấp 1",Toán,,"Đạo hàm, tích phân & khảo sát hàm số",1,1,Chính xác,8,9,70%,85%,44,PL-TOA-CAL-L1-003,2,4,2,q.exp.2 | q.com.1 | q.ari.2 | q.ari.3 | q.alg.2 | q.alg.3 | q.alg.4 | q.seq.1,Loại bỏ lỗi ẩu và các bẫy quen thuộc trong chuyên đề. Nhận diện dạng bài và nhớ lại công thức nền.
PL-TOA-CAL-L1-005,"Tổng hợp · Đạo hàm, tích phân & khảo sát hàm số · Cấp 1",Toán,,"Đạo hàm, tích phân & khảo sát hàm số",1,1,Tổng hợp,8,8,70%,85%,46,PL-TOA-CAL-L1-004,2,4,2,q.sta.2 | q.cal.2 | q.alg.3 | q.seq.2 | q.geo.2 | q.geo.3 | q.coo.2 | q.exp.2,Trộn nhiều dạng trong cùng chuyên đề để rèn phản xạ nhận diện. Nhận diện dạng bài và nhớ lại công thức nền.
PL-TOA-CAL-L1-006,"Ôn lại · Đạo hàm, tích phân & khảo sát hàm số · Cấp 1",Toán,,"Đạo hàm, tích phân & khảo sát hàm số",1,1,Ôn lại,8,9,70%,85%,36,PL-TOA-CAL-L1-005,2,4,2,q.ari.2 | q.ari.3 | q.geo.3 | q.coo.3 | q.exp.1 | q.exp.3 | q.com.2 | q.com.4,Quay lại các câu từng sai để kiến thức không phai theo thời gian. Nhận diện dạng bài và nhớ lại công thức nền.
PL-TOA-CAL-L1-007,"Khởi động · Đạo hàm, tích phân & khảo sát hàm số · Cấp 1",Toán,,"Đạo hàm, tích phân & khảo sát hàm số",1,1,Khởi động,8,10,70%,85%,28,PL-TOA-CAL-L1-006,2,4,2,q.alg.3 | q.seq.2 | q.coo.3 | q.exp.3 | q.com.3 | q.sta.3 | q.com.4 | q.sta.4,Nhắc lại công thức và nhận diện dạng bài trước khi vào phần nặng. Nhận diện dạng bài và nhớ lại công thức nền.
PL-TOA-CAL-L1-008,"Rèn kỹ năng · Đạo hàm, tích phân & khảo sát hàm số · Cấp 1",Toán,,"Đạo hàm, tích phân & khảo sát hàm số",1,1,Rèn kỹ năng,8,8,70%,85%,40,PL-TOA-CAL-L1-007,2,4,2,q.geo.3 | q.coo.3 | q.sta.3 | q.cal.4 | q.alg.4 | q.com.4 | q.cal.3 | q.ari.2,Làm chắc một kỹ năng lõi qua các biến thể liên tiếp của cùng một dạng. Nhận diện dạng bài và nhớ lại công thức nền.
PL-TOA-CAL-L1-009,"Tốc độ · Đạo hàm, tích phân & khảo sát hàm số · Cấp 1",Toán,,"Đạo hàm, tích phân & khảo sát hàm số",1,1,Tốc độ,8,6,70%,85%,44,PL-TOA-CAL-L1-008,2,4,2,q.com.3 | q.sta.3 | q.com.4 | q.sta.4 | q.exp.1 | q.sta.1 | q.geo.1 | q.coo.1,Rút ngắn thời gian trên mỗi câu mà vẫn giữ được độ chính xác. Nhận diện dạng bài và nhớ lại công thức nền.
PL-TOA-CAL-L1-010,"Chính xác · Đạo hàm, tích phân & khảo sát hàm số · Cấp 1",Toán,,"Đạo hàm, tích phân & khảo sát hàm số",1,1,Chính xác,8,9,70%,85%,44,PL-TOA-CAL-L1-009,2,4,2,q.alg.4 | q.com.4 | q.ari.1 | q.alg.1 | q.seq.1 | q.geo.1 | q.geo.2 | q.geo.3,Loại bỏ lỗi ẩu và các bẫy quen thuộc trong chuyên đề. Nhận diện dạng bài và nhớ lại công thức nền.
PL-TOA-CAL-L1-011,"Tổng hợp · Đạo hàm, tích phân & khảo sát hàm số · Cấp 1",Toán,,"Đạo hàm, tích phân & khảo sát hàm số",1,1,Tổng hợp,8,8,70%,85%,46,PL-TOA-CAL-L1-010,2,4,2,q.exp.1 | q.sta.1 | q.geo.1 | q.coo.1 | q.coo.2 | q.exp.2 | q.exp.3 | q.com.3,Trộn nhiều dạng trong cùng chuyên đề để rèn phản xạ nhận diện. Nhận diện dạng bài và nhớ lại công thức nền.
PL-TOA-CAL-L1-012,"Thử thách · Đạo hàm, tích phân & khảo sát hàm số · Cấp 1",Toán,,"Đạo hàm, tích phân & khảo sát hàm số",1,1,Thử thách,8,8,70%,85%,56,PL-TOA-CAL-L1-011,2,4,2,q.seq.1 | q.geo.1 | q.geo.2 | q.geo.3 | q.coo.3 | q.exp.3 | q.cal.1 | q.ari.1,Đẩy lên mức khó hơn cấp hiện tại để chuẩn bị lên cấp. Nhận diện dạng bài và nhớ lại công thức nền.
PL-TOA-CAL-L1-013,"Vượt ải · Đạo hàm, tích phân & khảo sát hàm số · Cấp 1",Toán,,"Đạo hàm, tích phân & khảo sát hàm số",1,1,Vượt ải,8,8,70%,90%,72,PL-TOA-CAL-L1-012,2,4,2,q.coo.2 | q.exp.2 | q.exp.3 | q.com.3 | q.sta.3 | q.cal.1 | q.seq.1 | q.geo.1,Bài kiểm tra chốt cấp độ của tuyến chuyên đề. Nhận diện dạng bài và nhớ lại công thức nền.
PL-TOA-CAL-L2-001,"Khởi động · Đạo hàm, tích phân & khảo sát hàm số · Cấp 2",Toán,,"Đạo hàm, tích phân & khảo sát hàm số",1,2,Khởi động,10,15,70%,85%,42,PL-TOA-CAL-L1-013,3,5,2,q.exp.1 | q.sta.1 | q.cal.1 | q.seq.1 | q.geo.1 | q.coo.1 | q.coo.2 | q.exp.2 | q.sta.2 | q.cal.2,Nhắc lại công thức và nhận diện dạng bài trước khi vào phần nặng. Làm đúng dạng chuẩn mà không cần nhìn gợi ý.
PL-TOA-CAL-L2-002,"Rèn kỹ năng · Đạo hàm, tích phân & khảo sát hàm số · Cấp 2",Toán,,"Đạo hàm, tích phân & khảo sát hàm số",1,2,Rèn kỹ năng,10,12,70%,85%,60,PL-TOA-CAL-L2-001,3,5,2,q.ari.1 | q.alg.1 | q.seq.1 | q.com.1 | q.com.2 | q.sta.2 | q.cal.2 | q.cal.3 | q.coo.3 | q.exp.3,Làm chắc một kỹ năng lõi qua các biến thể liên tiếp của cùng một dạng. Làm đúng dạng chuẩn mà không cần nhìn gợi ý.
PL-TOA-CAL-L2-003,"Tốc độ · Đạo hàm, tích phân & khảo sát hàm số · Cấp 2",Toán,,"Đạo hàm, tích phân & khảo sát hàm số",1,2,Tốc độ,10,9,70%,85%,66,PL-TOA-CAL-L2-002,3,5,2,q.geo.1 | q.coo.1 | q.coo.2 | q.com.2 | q.sta.2 | q.cal.2 | q.cal.3 | q.ari.2 | q.geo.2 | q.geo.3,Rút ngắn thời gian trên mỗi câu mà vẫn giữ được độ chính xác. Làm đúng dạng chuẩn mà không cần nhìn gợi ý.
PL-TOA-CAL-L2-004,"Chính xác · Đạo hàm, tích phân & khảo sát hàm số · Cấp 2",Toán,,"Đạo hàm, tích phân & khảo sát hàm số",1,2,Chính xác,10,13,70%,85%,66,PL-TOA-CAL-L2-003,3,5,2,q.exp.2 | q.com.1 | q.com.2 | q.ari.3 | q.alg.2 | q.alg.3 | q.seq.2 | q.geo.2 | q.seq.1 | q.geo.1,Loại bỏ lỗi ẩu và các bẫy quen thuộc trong chuyên đề. Làm đúng dạng chuẩn mà không cần nhìn gợi ý.
PL-TOA-CAL-L2-005,"Tổng hợp · Đạo hàm, tích phân & khảo sát hàm số · Cấp 2",Toán,,"Đạo hàm, tích phân & khảo sát hàm số",1,2,Tổng hợp,10,12,70%,85%,69,PL-TOA-CAL-L2-004,3,5,2,q.sta.2 | q.cal.2 | q.cal.3 | q.seq.2 | q.geo.2 | q.geo.3 | q.coo.3 | q.exp.1 | q.exp.2 | q.com.1,Trộn nhiều dạng trong cùng chuyên đề để rèn phản xạ nhận diện. Làm đúng dạng chuẩn mà không cần nhìn gợi ý.
PL-TOA-CAL-L2-006,"Ôn lại · Đạo hàm, tích phân & khảo sát hàm số · Cấp 2",Toán,,"Đạo hàm, tích phân & khảo sát hàm số",1,2,Ôn lại,10,13,70%,85%,54,PL-TOA-CAL-L2-005,3,5,2,q.ari.2 | q.ari.3 | q.alg.2 | q.coo.3 | q.exp.1 | q.exp.3 | q.com.3 | q.sta.1 | q.com.4 | q.sta.2,Quay lại các câu từng sai để kiến thức không phai theo thời gian. Làm đúng dạng chuẩn mà không cần nhìn gợi ý.
PL-TOA-CAL-L2-007,"Khởi động · Đạo hàm, tích phân & khảo sát hàm số · Cấp 2",Toán,,"Đạo hàm, tích phân & khảo sát hàm số",1,2,Khởi động,10,15,70%,85%,42,PL-TOA-CAL-L2-006,3,5,2,q.alg.3 | q.seq.2 | q.geo.2 | q.exp.3 | q.com.3 | q.sta.3 | q.cal.4 | q.alg.4 | q.cal.1 | q.ari.1,Nhắc lại công thức và nhận diện dạng bài trước khi vào phần nặng. Làm đúng dạng chuẩn mà không cần nhìn gợi ý.
PL-TOA-CAL-L2-008,"Rèn kỹ năng · Đạo hàm, tích phân & khảo sát hàm số · Cấp 2",Toán,,"Đạo hàm, tích phân & khảo sát hàm số",1,2,Rèn kỹ năng,10,12,70%,85%,60,PL-TOA-CAL-L2-007,3,5,2,q.geo.3 | q.coo.3 | q.exp.3 | q.cal.4 | q.alg.4 | q.com.4 | q.sta.4 | q.cal.1 | q.ari.3 | q.alg.2,Làm chắc một kỹ năng lõi qua các biến thể liên tiếp của cùng một dạng. Làm đúng dạng chuẩn mà không cần nhìn gợi ý.
PL-TOA-CAL-L2-009,"Tốc độ · Đạo hàm, tích phân & khảo sát hàm số · Cấp 2",Toán,,"Đạo hàm, tích phân & khảo sát hàm số",1,2,Tốc độ,10,9,70%,85%,66,PL-TOA-CAL-L2-008,3,5,2,q.com.3 | q.sta.3 | q.cal.4 | q.sta.4 | q.exp.1 | q.sta.1 | q.cal.1 | q.ari.1 | q.com.1 | q.com.2,Rút ngắn thời gian trên mỗi câu mà vẫn giữ được độ chính xác. Làm đúng dạng chuẩn mà không cần nhìn gợi ý.
PL-TOA-CAL-L2-010,"Chính xác · Đạo hàm, tích phân & khảo sát hàm số · Cấp 2",Toán,,"Đạo hàm, tích phân & khảo sát hàm số",1,2,Chính xác,10,13,70%,85%,66,PL-TOA-CAL-L2-009,3,5,2,q.alg.4 | q.com.4 | q.sta.4 | q.alg.1 | q.seq.1 | q.geo.1 | q.coo.1 | q.coo.2 | q.coo.3 | q.exp.3,Loại bỏ lỗi ẩu và các bẫy quen thuộc trong chuyên đề. Làm đúng dạng chuẩn mà không cần nhìn gợi ý.
PL-TOA-CAL-L2-011,"Tổng hợp · Đạo hàm, tích phân & khảo sát hàm số · Cấp 2",Toán,,"Đạo hàm, tích phân & khảo sát hàm số",1,2,Tổng hợp,10,12,70%,85%,69,PL-TOA-CAL-L2-010,3,5,2,q.exp.1 | q.sta.1 | q.cal.1 | q.coo.2 | q.exp.2 | q.com.1 | q.com.2 | q.sta.2 | q.sta.3 | q.cal.4,Trộn nhiều dạng trong cùng chuyên đề để rèn phản xạ nhận diện. Làm đúng dạng chuẩn mà không cần nhìn gợi ý.
PL-TOA-CAL-L2-012,"Ôn lại · Đạo hàm, tích phân & khảo sát hàm số · Cấp 2",Toán,,"Đạo hàm, tích phân & khảo sát hàm số",1,2,Ôn lại,10,13,70%,85%,54,PL-TOA-CAL-L2-011,3,5,2,q.ari.1 | q.alg.1 | q.seq.1 | q.cal.2 | q.cal.3 | q.ari.2 | q.ari.3 | q.alg.2 | q.com.1 | q.com.2,Quay lại các câu từng sai để kiến thức không phai theo thời gian. Làm đúng dạng chuẩn mà không cần nhìn gợi ý.
PL-TOA-CAL-L2-013,"Khởi động · Đạo hàm, tích phân & khảo sát hàm số · Cấp 2",Toán,,"Đạo hàm, tích phân & khảo sát hàm số",1,2,Khởi động,10,15,70%,85%,42,PL-TOA-CAL-L2-012,3,5,2,q.geo.1 | q.coo.1 | q.coo.2 | q.cal.3 | q.ari.2 | q.ari.3 | q.alg.2 | q.alg.3 | q.cal.4 | q.alg.4,Nhắc lại công thức và nhận diện dạng bài trước khi vào phần nặng. Làm đúng dạng chuẩn mà không cần nhìn gợi ý.
PL-TOA-CAL-L2-014,"Rèn kỹ năng · Đạo hàm, tích phân & khảo sát hàm số · Cấp 2",Toán,,"Đạo hàm, tích phân & khảo sát hàm số",1,2,Rèn kỹ năng,10,12,70%,85%,60,PL-TOA-CAL-L2-013,3,5,2,q.exp.2 | q.com.1 | q.com.2 | q.seq.2 | q.geo.2 | q.geo.3 | q.coo.3 | q.exp.1 | q.sta.1 | q.cal.2,Làm chắc một kỹ năng lõi qua các biến thể liên tiếp của cùng một dạng. Làm đúng dạng chuẩn mà không cần nhìn gợi ý.
PL-TOA-CAL-L2-015,"Tốc độ · Đạo hàm, tích phân & khảo sát hàm số · Cấp 2",Toán,,"Đạo hàm, tích phân & khảo sát hàm số",1,2,Tốc độ,10,9,70%,85%,66,PL-TOA-CAL-L2-014,3,5,2,q.sta.2 | q.cal.2 | q.cal.3 | q.geo.2 | q.geo.3 | q.coo.3 | q.exp.3 | q.com.3 | q.alg.1 | q.seq.1,Rút ngắn thời gian trên mỗi câu mà vẫn giữ được độ chính xác. Làm đúng dạng chuẩn mà không cần nhìn gợi ý.
PL-TOA-CAL-L2-016,"Thử thách · Đạo hàm, tích phân & khảo sát hàm số · Cấp 2",Toán,,"Đạo hàm, tích phân & khảo sát hàm số",1,2,Thử thách,10,12,70%,85%,84,PL-TOA-CAL-L2-015,3,5,2,q.alg.2 | q.alg.3 | q.seq.2 | q.com.1 | q.com.2 | q.com.4 | q.sta.2 | q.sta.4 | q.ari.3 | q.geo.2,Đẩy lên mức khó hơn cấp hiện tại để chuẩn bị lên cấp. Làm đúng dạng chuẩn mà không cần nhìn gợi ý.
PL-TOA-CAL-L2-017,"Vượt ải · Đạo hàm, tích phân & khảo sát hàm số · Cấp 2",Toán,,"Đạo hàm, tích phân & khảo sát hàm số",1,2,Vượt ải,10,11,70%,90%,108,PL-TOA-CAL-L2-016,3,5,2,q.geo.2 | q.geo.3 | q.coo.3 | q.sta.2 | q.sta.4 | q.exp.1 | q.sta.1 | q.cal.2 | q.seq.2 | q.exp.3,Bài kiểm tra chốt cấp độ của tuyến chuyên đề. Làm đúng dạng chuẩn mà không cần nhìn gợi ý.
PL-TOA-CAL-L3-001,"Khởi động · Đạo hàm, tích phân & khảo sát hàm số · Cấp 3",Toán,,"Đạo hàm, tích phân & khảo sát hàm số",2,3,Khởi động,12,19,70%,85%,63,PL-TOA-CAL-L2-017,3,6,3,q.exp.1 | q.sta.1 | q.cal.1 | q.seq.1 | q.geo.1 | q.coo.1 | q.coo.2 | q.exp.2 | q.com.1 | q.alg.2 | q.alg.3 | q.seq.2,Nhắc lại công thức và nhận diện dạng bài trước khi vào phần nặng. Ghép nhiều bước và tránh các bẫy quen thuộc.
PL-TOA-CAL-L3-002,"Rèn kỹ năng · Đạo hàm, tích phân & khảo sát hàm số · Cấp 3",Toán,,"Đạo hàm, tích phân & khảo sát hàm số",2,3,Rèn kỹ năng,12,15,70%,85%,90,PL-TOA-CAL-L3-001,3,6,3,q.seq.1 | q.geo.1 | q.coo.1 | q.alg.3 | q.seq.2 | q.geo.2 | q.geo.3 | q.coo.3 | q.exp.3 | q.ari.3 | q.alg.2 | q.com.3,Làm chắc một kỹ năng lõi qua các biến thể liên tiếp của cùng một dạng. Ghép nhiều bước và tránh các bẫy quen thuộc.
PL-TOA-CAL-L3-003,"Tốc độ · Đạo hàm, tích phân & khảo sát hàm số · Cấp 3",Toán,,"Đạo hàm, tích phân & khảo sát hàm số",2,3,Tốc độ,12,11,70%,85%,99,PL-TOA-CAL-L3-002,3,6,3,q.geo.1 | q.coo.1 | q.coo.2 | q.cal.2 | q.cal.3 | q.ari.2 | q.ari.3 | q.alg.2 | q.alg.3 | q.alg.1 | q.alg.4 | q.seq.1,Rút ngắn thời gian trên mỗi câu mà vẫn giữ được độ chính xác. Ghép nhiều bước và tránh các bẫy quen thuộc.
PL-TOA-CAL-L3-004,"Chính xác · Đạo hàm, tích phân & khảo sát hàm số · Cấp 3",Toán,,"Đạo hàm, tích phân & khảo sát hàm số",2,3,Chính xác,12,17,70%,85%,99,PL-TOA-CAL-L3-003,3,6,3,q.com.2 | q.sta.2 | q.cal.2 | q.sta.3 | q.cal.1 | q.cal.4 | q.ari.1 | q.alg.1 | q.alg.4 | q.seq.1 | q.geo.1 | q.coo.1,Loại bỏ lỗi ẩu và các bẫy quen thuộc trong chuyên đề. Ghép nhiều bước và tránh các bẫy quen thuộc.
PL-TOA-CAL-L3-005,"Tổng hợp · Đạo hàm, tích phân & khảo sát hàm số · Cấp 3",Toán,,"Đạo hàm, tích phân & khảo sát hàm số",2,3,Tổng hợp,12,15,70%,85%,103,PL-TOA-CAL-L3-004,3,6,3,q.cal.3 | q.ari.2 | q.ari.3 | q.alg.4 | q.seq.1 | q.geo.1 | q.coo.1 | q.coo.2 | q.exp.2 | q.com.1 | q.com.2 | q.sta.2,Trộn nhiều dạng trong cùng chuyên đề để rèn phản xạ nhận diện. Ghép nhiều bước và tránh các bẫy quen thuộc.
PL-TOA-CAL-L3-006,"Ôn lại · Đạo hàm, tích phân & khảo sát hàm số · Cấp 3",Toán,,"Đạo hàm, tích phân & khảo sát hàm số",2,3,Ôn lại,12,17,70%,85%,81,PL-TOA-CAL-L3-005,3,6,3,q.alg.2 | q.alg.3 | q.seq.2 | q.coo.1 | q.coo.2 | q.exp.2 | q.com.1 | q.com.2 | q.com.4 | q.exp.1 | q.sta.1 | q.cal.4,Quay lại các câu từng sai để kiến thức không phai theo thời gian. Ghép nhiều bước và tránh các bẫy quen thuộc.
PL-TOA-CAL-L3-007,"Khởi động · Đạo hàm, tích phân & khảo sát hàm số · Cấp 3",Toán,,"Đạo hàm, tích phân & khảo sát hàm số",2,3,Khởi động,12,19,70%,85%,63,PL-TOA-CAL-L3-006,3,6,3,q.alg.3 | q.seq.2 | q.geo.2 | q.com.3 | q.sta.1 | q.sta.3 | q.cal.4 | q.alg.4 | q.com.4 | q.cal.3 | q.ari.2 | q.ari.3,Nhắc lại công thức và nhận diện dạng bài trước khi vào phần nặng. Ghép nhiều bước và tránh các bẫy quen thuộc.
PL-TOA-CAL-L3-008,"Rèn kỹ năng · Đạo hàm, tích phân & khảo sát hàm số · Cấp 3",Toán,,"Đạo hàm, tích phân & khảo sát hàm số",2,3,Rèn kỹ năng,12,15,70%,85%,90,PL-TOA-CAL-L3-007,3,6,3,q.exp.1 | q.exp.3 | q.com.3 | q.com.4 | q.sta.2 | q.sta.4 | q.sta.1 | q.cal.2 | q.cal.3 | q.alg.2 | q.alg.3 | q.seq.2,Làm chắc một kỹ năng lõi qua các biến thể liên tiếp của cùng một dạng. Ghép nhiều bước và tránh các bẫy quen thuộc.
PL-TOA-CAL-L3-009,"Tốc độ · Đạo hàm, tích phân & khảo sát hàm số · Cấp 3",Toán,,"Đạo hàm, tích phân & khảo sát hàm số",2,3,Tốc độ,12,11,70%,85%,99,PL-TOA-CAL-L3-008,3,6,3,q.com.3 | q.sta.3 | q.cal.4 | q.sta.4 | q.cal.1 | q.ari.1 | q.alg.1 | q.seq.1 | q.geo.1 | q.geo.2 | q.geo.3 | q.coo.3,Rút ngắn thời gian trên mỗi câu mà vẫn giữ được độ chính xác. Ghép nhiều bước và tránh các bẫy quen thuộc.
PL-TOA-CAL-L3-010,"Chính xác · Đạo hàm, tích phân & khảo sát hàm số · Cấp 3",Toán,,"Đạo hàm, tích phân & khảo sát hàm số",2,3,Chính xác,12,17,70%,85%,99,PL-TOA-CAL-L3-009,3,6,3,q.alg.4 | q.com.4 | q.sta.4 | q.ari.2 | q.ari.3 | q.alg.2 | q.alg.3 | q.seq.2 | q.geo.2 | q.alg.1 | q.seq.1 | q.geo.1,Loại bỏ lỗi ẩu và các bẫy quen thuộc trong chuyên đề. Ghép nhiều bước và tránh các bẫy quen thuộc.
PL-TOA-CAL-L3-011,"Tổng hợp · Đạo hàm, tích phân & khảo sát hàm số · Cấp 3",Toán,,"Đạo hàm, tích phân & khảo sát hàm số",2,3,Tổng hợp,12,15,70%,85%,103,PL-TOA-CAL-L3-010,3,6,3,q.cal.1 | q.ari.1 | q.alg.1 | q.alg.3 | q.seq.2 | q.geo.2 | q.geo.3 | q.coo.3 | q.exp.3 | q.coo.1 | q.coo.2 | q.exp.2,Trộn nhiều dạng trong cùng chuyên đề để rèn phản xạ nhận diện. Ghép nhiều bước và tránh các bẫy quen thuộc.
PL-TOA-CAL-L3-012,"Ôn lại · Đạo hàm, tích phân & khảo sát hàm số · Cấp 3",Toán,,"Đạo hàm, tích phân & khảo sát hàm số",2,3,Ôn lại,12,17,70%,85%,81,PL-TOA-CAL-L3-011,3,6,3,q.seq.1 | q.geo.1 | q.coo.1 | q.geo.3 | q.coo.3 | q.exp.3 | q.com.3 | q.sta.3 | q.cal.1 | q.com.1 | q.com.2 | q.sta.2,Quay lại các câu từng sai để kiến thức không phai theo thời gian. Ghép nhiều bước và tránh các bẫy quen thuộc.
PL-TOA-CAL-L3-013,"Khởi động · Đạo hàm, tích phân & khảo sát hàm số · Cấp 3",Toán,,"Đạo hàm, tích phân & khảo sát hàm số",2,3,Khởi động,12,19,70%,85%,63,PL-TOA-CAL-L3-012,3,6,3,q.geo.1 | q.coo.1 | q.coo.2 | q.ari.3 | q.alg.2 | q.alg.3 | q.seq.2 | q.geo.2 | q.geo.3 | q.exp.1 | q.sta.1 | q.cal.2,Nhắc lại công thức và nhận diện dạng bài trước khi vào phần nặng. Ghép nhiều bước và tránh các bẫy quen thuộc.
PL-TOA-CAL-L3-014,"Rèn kỹ năng · Đạo hàm, tích phân & khảo sát hàm số · Cấp 3",Toán,,"Đạo hàm, tích phân & khảo sát hàm số",2,3,Rèn kỹ năng,12,15,70%,85%,90,PL-TOA-CAL-L3-013,3,6,3,q.com.2 | q.sta.2 | q.cal.2 | q.ari.1 | q.alg.1 | q.alg.4 | q.seq.1 | q.geo.1 | q.coo.1 | q.com.4 | q.sta.4 | q.cal.3,Làm chắc một kỹ năng lõi qua các biến thể liên tiếp của cùng một dạng. Ghép nhiều bước và tránh các bẫy quen thuộc.
PL-TOA-CAL-L3-015,"Tốc độ · Đạo hàm, tích phân & khảo sát hàm số · Cấp 3",Toán,,"Đạo hàm, tích phân & khảo sát hàm số",2,3,Tốc độ,12,11,70%,85%,99,PL-TOA-CAL-L3-014,3,6,3,q.sta.2 | q.cal.2 | q.cal.3 | q.coo.3 | q.exp.1 | q.exp.3 | q.com.3 | q.sta.1 | q.sta.3 | q.seq.2 | q.geo.2 | q.geo.3,Rút ngắn thời gian trên mỗi câu mà vẫn giữ được độ chính xác. Ghép nhiều bước và tránh các bẫy quen thuộc.
PL-TOA-CAL-L3-016,"Chính xác · Đạo hàm, tích phân & khảo sát hàm số · Cấp 3",Toán,,"Đạo hàm, tích phân & khảo sát hàm số",2,3,Chính xác,12,17,70%,85%,99,PL-TOA-CAL-L3-015,3,6,3,q.alg.2 | q.alg.3 | q.seq.2 | q.com.1 | q.com.2 | q.com.4 | q.sta.2 | q.sta.4 | q.exp.1 | q.geo.3 | q.coo.3 | q.exp.3,Loại bỏ lỗi ẩu và các bẫy quen thuộc trong chuyên đề. Ghép nhiều bước và tránh các bẫy quen thuộc.
PL-TOA-CAL-L3-017,"Tổng hợp · Đạo hàm, tích phân & khảo sát hàm số · Cấp 3",Toán,,"Đạo hàm, tích phân & khảo sát hàm số",2,3,Tổng hợp,12,15,70%,85%,103,PL-TOA-CAL-L3-016,3,6,3,q.geo.2 | q.geo.3 | q.coo.3 | q.sta.2 | q.sta.4 | q.exp.1 | q.sta.1 | q.cal.2 | q.cal.3 | q.sta.3 | q.cal.1 | q.ari.1,Trộn nhiều dạng trong cùng chuyên đề để rèn phản xạ nhận diện. Ghép nhiều bước và tránh các bẫy quen thuộc.
PL-TOA-CAL-L3-018,"Thử thách · Đạo hàm, tích phân & khảo sát hàm số · Cấp 3",Toán,,"Đạo hàm, tích phân & khảo sát hàm số",2,3,Thử thách,12,15,70%,85%,126,PL-TOA-CAL-L3-017,3,6,3,q.coo.2 | q.exp.2 | q.com.1 | q.sta.1 | q.cal.4 | q.alg.4 | q.com.4 | q.sta.4 | q.cal.2 | q.ari.1 | q.alg.1 | q.seq.1,Đẩy lên mức khó hơn cấp hiện tại để chuẩn bị lên cấp. Ghép nhiều bước và tránh các bẫy quen thuộc.
PL-TOA-CAL-L3-019,"Vượt ải · Đạo hàm, tích phân & khảo sát hàm số · Cấp 3",Toán,,"Đạo hàm, tích phân & khảo sát hàm số",2,3,Vượt ải,12,14,70%,90%,162,PL-TOA-CAL-L3-018,3,6,3,q.com.2 | q.com.4 | q.sta.2 | q.sta.4 | q.cal.2 | q.cal.3 | q.ari.2 | q.ari.3 | q.alg.2 | q.coo.2 | q.exp.2 | q.com.1,Bài kiểm tra chốt cấp độ của tuyến chuyên đề. Ghép nhiều bước và tránh các bẫy quen thuộc.
PL-TOA-CAL-L4-001,"Khởi động · Đạo hàm, tích phân & khảo sát hàm số · Cấp 4",Toán,,"Đạo hàm, tích phân & khảo sát hàm số",2,4,Khởi động,12,16,70%,85%,84,PL-TOA-CAL-L3-019,3,6,3,q.exp.1 | q.sta.1 | q.cal.1 | q.seq.1 | q.geo.1 | q.coo.1 | q.coo.2 | q.exp.2 | q.com.1 | q.alg.2 | q.alg.3 | q.seq.2,Nhắc lại công thức và nhận diện dạng bài trước khi vào phần nặng. Giữ độ chính xác khi thời gian bắt đầu siết lại.
PL-TOA-CAL-L4-002,"Rèn kỹ năng · Đạo hàm, tích phân & khảo sát hàm số · Cấp 4",Toán,,"Đạo hàm, tích phân & khảo sát hàm số",2,4,Rèn kỹ năng,12,13,70%,85%,120,PL-TOA-CAL-L4-001,3,6,3,q.seq.1 | q.geo.1 | q.coo.1 | q.alg.3 | q.seq.2 | q.geo.2 | q.geo.3 | q.coo.3 | q.exp.3 | q.ari.3 | q.alg.2 | q.com.3,Làm chắc một kỹ năng lõi qua các biến thể liên tiếp của cùng một dạng. Giữ độ chính xác khi thời gian bắt đầu siết lại.
PL-TOA-CAL-L4-003,"Tốc độ · Đạo hàm, tích phân & khảo sát hàm số · Cấp 4",Toán,,"Đạo hàm, tích phân & khảo sát hàm số",2,4,Tốc độ,12,10,70%,85%,132,PL-TOA-CAL-L4-002,3,6,3,q.geo.1 | q.coo.1 | q.coo.2 | q.cal.2 | q.cal.3 | q.ari.2 | q.ari.3 | q.alg.2 | q.alg.3 | q.alg.1 | q.alg.4 | q.seq.1,Rút ngắn thời gian trên mỗi câu mà vẫn giữ được độ chính xác. Giữ độ chính xác khi thời gian bắt đầu siết lại.
PL-TOA-CAL-L4-004,"Chính xác · Đạo hàm, tích phân & khảo sát hàm số · Cấp 4",Toán,,"Đạo hàm, tích phân & khảo sát hàm số",2,4,Chính xác,12,15,70%,85%,132,PL-TOA-CAL-L4-003,3,6,3,q.com.2 | q.sta.2 | q.cal.2 | q.sta.3 | q.cal.1 | q.cal.4 | q.ari.1 | q.alg.1 | q.alg.4 | q.seq.1 | q.geo.1 | q.coo.1,Loại bỏ lỗi ẩu và các bẫy quen thuộc trong chuyên đề. Giữ độ chính xác khi thời gian bắt đầu siết lại.
PL-TOA-CAL-L4-005,"Tổng hợp · Đạo hàm, tích phân & khảo sát hàm số · Cấp 4",Toán,,"Đạo hàm, tích phân & khảo sát hàm số",2,4,Tổng hợp,12,13,70%,85%,138,PL-TOA-CAL-L4-004,3,6,3,q.cal.3 | q.ari.2 | q.ari.3 | q.alg.4 | q.seq.1 | q.geo.1 | q.coo.1 | q.coo.2 | q.exp.2 | q.com.1 | q.com.2 | q.sta.2,Trộn nhiều dạng trong cùng chuyên đề để rèn phản xạ nhận diện. Giữ độ chính xác khi thời gian bắt đầu siết lại.
PL-TOA-CAL-L4-006,"Ôn lại · Đạo hàm, tích phân & khảo sát hàm số · Cấp 4",Toán,,"Đạo hàm, tích phân & khảo sát hàm số",2,4,Ôn lại,12,14,70%,85%,108,PL-TOA-CAL-L4-005,3,6,3,q.alg.2 | q.alg.3 | q.seq.2 | q.coo.1 | q.coo.2 | q.exp.2 | q.com.1 | q.com.2 | q.com.4 | q.exp.1 | q.sta.1 | q.cal.4,Quay lại các câu từng sai để kiến thức không phai theo thời gian. Giữ độ chính xác khi thời gian bắt đầu siết lại.
PL-TOA-CAL-L4-007,"Khởi động · Đạo hàm, tích phân & khảo sát hàm số · Cấp 4",Toán,,"Đạo hàm, tích phân & khảo sát hàm số",2,4,Khởi động,12,16,70%,85%,84,PL-TOA-CAL-L4-006,3,6,3,q.alg.3 | q.seq.2 | q.geo.2 | q.com.3 | q.sta.1 | q.sta.3 | q.cal.4 | q.alg.4 | q.com.4 | q.cal.3 | q.ari.2 | q.ari.3,Nhắc lại công thức và nhận diện dạng bài trước khi vào phần nặng. Giữ độ chính xác khi thời gian bắt đầu siết lại.
PL-TOA-CAL-L4-008,"Rèn kỹ năng · Đạo hàm, tích phân & khảo sát hàm số · Cấp 4",Toán,,"Đạo hàm, tích phân & khảo sát hàm số",2,4,Rèn kỹ năng,12,13,70%,85%,120,PL-TOA-CAL-L4-007,3,6,3,q.exp.1 | q.exp.3 | q.com.3 | q.com.4 | q.sta.2 | q.sta.4 | q.sta.1 | q.cal.2 | q.cal.3 | q.alg.2 | q.alg.3 | q.seq.2,Làm chắc một kỹ năng lõi qua các biến thể liên tiếp của cùng một dạng. Giữ độ chính xác khi thời gian bắt đầu siết lại.
PL-TOA-CAL-L4-009,"Tốc độ · Đạo hàm, tích phân & khảo sát hàm số · Cấp 4",Toán,,"Đạo hàm, tích phân & khảo sát hàm số",2,4,Tốc độ,12,10,70%,85%,132,PL-TOA-CAL-L4-008,3,6,3,q.com.3 | q.sta.3 | q.cal.4 | q.sta.4 | q.cal.1 | q.ari.1 | q.alg.1 | q.seq.1 | q.geo.1 | q.geo.2 | q.geo.3 | q.coo.3,Rút ngắn thời gian trên mỗi câu mà vẫn giữ được độ chính xác. Giữ độ chính xác khi thời gian bắt đầu siết lại.
PL-TOA-CAL-L4-010,"Chính xác · Đạo hàm, tích phân & khảo sát hàm số · Cấp 4",Toán,,"Đạo hàm, tích phân & khảo sát hàm số",2,4,Chính xác,12,15,70%,85%,132,PL-TOA-CAL-L4-009,3,6,3,q.alg.4 | q.com.4 | q.sta.4 | q.ari.2 | q.ari.3 | q.alg.2 | q.alg.3 | q.seq.2 | q.geo.2 | q.alg.1 | q.seq.1 | q.geo.1,Loại bỏ lỗi ẩu và các bẫy quen thuộc trong chuyên đề. Giữ độ chính xác khi thời gian bắt đầu siết lại.
PL-TOA-CAL-L4-011,"Tổng hợp · Đạo hàm, tích phân & khảo sát hàm số · Cấp 4",Toán,,"Đạo hàm, tích phân & khảo sát hàm số",2,4,Tổng hợp,12,13,70%,85%,138,PL-TOA-CAL-L4-010,3,6,3,q.cal.1 | q.ari.1 | q.alg.1 | q.alg.3 | q.seq.2 | q.geo.2 | q.geo.3 | q.coo.3 | q.exp.3 | q.coo.1 | q.coo.2 | q.exp.2,Trộn nhiều dạng trong cùng chuyên đề để rèn phản xạ nhận diện. Giữ độ chính xác khi thời gian bắt đầu siết lại.
PL-TOA-CAL-L4-012,"Ôn lại · Đạo hàm, tích phân & khảo sát hàm số · Cấp 4",Toán,,"Đạo hàm, tích phân & khảo sát hàm số",2,4,Ôn lại,12,14,70%,85%,108,PL-TOA-CAL-L4-011,3,6,3,q.seq.1 | q.geo.1 | q.coo.1 | q.geo.3 | q.coo.3 | q.exp.3 | q.com.3 | q.sta.3 | q.cal.1 | q.com.1 | q.com.2 | q.sta.2,Quay lại các câu từng sai để kiến thức không phai theo thời gian. Giữ độ chính xác khi thời gian bắt đầu siết lại.
PL-TOA-CAL-L4-013,"Khởi động · Đạo hàm, tích phân & khảo sát hàm số · Cấp 4",Toán,,"Đạo hàm, tích phân & khảo sát hàm số",2,4,Khởi động,12,16,70%,85%,84,PL-TOA-CAL-L4-012,3,6,3,q.geo.1 | q.coo.1 | q.coo.2 | q.ari.3 | q.alg.2 | q.alg.3 | q.seq.2 | q.geo.2 | q.geo.3 | q.exp.1 | q.sta.1 | q.cal.2,Nhắc lại công thức và nhận diện dạng bài trước khi vào phần nặng. Giữ độ chính xác khi thời gian bắt đầu siết lại.
PL-TOA-CAL-L4-014,"Rèn kỹ năng · Đạo hàm, tích phân & khảo sát hàm số · Cấp 4",Toán,,"Đạo hàm, tích phân & khảo sát hàm số",2,4,Rèn kỹ năng,12,13,70%,85%,120,PL-TOA-CAL-L4-013,3,6,3,q.com.2 | q.sta.2 | q.cal.2 | q.ari.1 | q.alg.1 | q.alg.4 | q.seq.1 | q.geo.1 | q.coo.1 | q.com.4 | q.sta.4 | q.cal.3,Làm chắc một kỹ năng lõi qua các biến thể liên tiếp của cùng một dạng. Giữ độ chính xác khi thời gian bắt đầu siết lại.
PL-TOA-CAL-L4-015,"Tốc độ · Đạo hàm, tích phân & khảo sát hàm số · Cấp 4",Toán,,"Đạo hàm, tích phân & khảo sát hàm số",2,4,Tốc độ,12,10,70%,85%,132,PL-TOA-CAL-L4-014,3,6,3,q.sta.2 | q.cal.2 | q.cal.3 | q.coo.3 | q.exp.1 | q.exp.3 | q.com.3 | q.sta.1 | q.sta.3 | q.seq.2 | q.geo.2 | q.geo.3,Rút ngắn thời gian trên mỗi câu mà vẫn giữ được độ chính xác. Giữ độ chính xác khi thời gian bắt đầu siết lại.
PL-TOA-CAL-L4-016,"Chính xác · Đạo hàm, tích phân & khảo sát hàm số · Cấp 4",Toán,,"Đạo hàm, tích phân & khảo sát hàm số",2,4,Chính xác,12,15,70%,85%,132,PL-TOA-CAL-L4-015,3,6,3,q.alg.2 | q.alg.3 | q.seq.2 | q.com.1 | q.com.2 | q.com.4 | q.sta.2 | q.sta.4 | q.exp.1 | q.geo.3 | q.coo.3 | q.exp.3,Loại bỏ lỗi ẩu và các bẫy quen thuộc trong chuyên đề. Giữ độ chính xác khi thời gian bắt đầu siết lại.
PL-TOA-CAL-L4-017,"Tổng hợp · Đạo hàm, tích phân & khảo sát hàm số · Cấp 4",Toán,,"Đạo hàm, tích phân & khảo sát hàm số",2,4,Tổng hợp,12,13,70%,85%,138,PL-TOA-CAL-L4-016,3,6,3,q.geo.2 | q.geo.3 | q.coo.3 | q.sta.2 | q.sta.4 | q.exp.1 | q.sta.1 | q.cal.2 | q.cal.3 | q.sta.3 | q.cal.1 | q.ari.1,Trộn nhiều dạng trong cùng chuyên đề để rèn phản xạ nhận diện. Giữ độ chính xác khi thời gian bắt đầu siết lại.
PL-TOA-CAL-L4-018,"Thử thách · Đạo hàm, tích phân & khảo sát hàm số · Cấp 4",Toán,,"Đạo hàm, tích phân & khảo sát hàm số",2,4,Thử thách,12,13,70%,85%,168,PL-TOA-CAL-L4-017,3,6,3,q.coo.2 | q.exp.2 | q.com.1 | q.sta.1 | q.cal.4 | q.alg.4 | q.com.4 | q.sta.4 | q.cal.2 | q.ari.1 | q.alg.1 | q.seq.1,Đẩy lên mức khó hơn cấp hiện tại để chuẩn bị lên cấp. Giữ độ chính xác khi thời gian bắt đầu siết lại.
PL-TOA-CAL-L4-019,"Vượt ải · Đạo hàm, tích phân & khảo sát hàm số · Cấp 4",Toán,,"Đạo hàm, tích phân & khảo sát hàm số",2,4,Vượt ải,12,12,70%,90%,216,PL-TOA-CAL-L4-018,3,6,3,q.com.2 | q.com.4 | q.sta.2 | q.sta.4 | q.cal.2 | q.cal.3 | q.ari.2 | q.ari.3 | q.alg.2 | q.coo.2 | q.exp.2 | q.com.1,Bài kiểm tra chốt cấp độ của tuyến chuyên đề. Giữ độ chính xác khi thời gian bắt đầu siết lại.
PL-TOA-CAL-L5-001,"Khởi động · Đạo hàm, tích phân & khảo sát hàm số · Cấp 5",Toán,,"Đạo hàm, tích phân & khảo sát hàm số",3,5,Khởi động,14,20,70%,85%,112,PL-TOA-CAL-L4-019,4,7,3,q.cal.1 | q.ari.1 | q.alg.1 | q.seq.1 | q.ari.2 | q.ari.3 | q.alg.2 | q.alg.3 | q.seq.2 | q.geo.2 | q.geo.3 | q.cal.2 | q.cal.3 | q.coo.3,Nhắc lại công thức và nhận diện dạng bài trước khi vào phần nặng. Xử lý câu phân loại mà không mất nhịp.
PL-TOA-CAL-L5-002,"Rèn kỹ năng · Đạo hàm, tích phân & khảo sát hàm số · Cấp 5",Toán,,"Đạo hàm, tích phân & khảo sát hàm số",3,5,Rèn kỹ năng,14,16,70%,85%,160,PL-TOA-CAL-L5-001,4,7,3,q.ari.3 | q.alg.2 | q.alg.3 | q.seq.2 | q.cal.3 | q.ari.2 | q.geo.2 | q.geo.3 | q.coo.3 | q.exp.3 | q.com.3 | q.ari.1 | q.alg.1 | q.seq.1,Làm chắc một kỹ năng lõi qua các biến thể liên tiếp của cùng một dạng. Xử lý câu phân loại mà không mất nhịp.
PL-TOA-CAL-L5-003,"Tốc độ · Đạo hàm, tích phân & khảo sát hàm số · Cấp 5",Toán,,"Đạo hàm, tích phân & khảo sát hàm số",3,5,Tốc độ,14,12,70%,85%,176,PL-TOA-CAL-L5-002,4,7,3,q.coo.2 | q.exp.2 | q.com.1 | q.com.2 | q.geo.3 | q.coo.3 | q.exp.3 | q.com.3 | q.sta.3 | q.cal.1 | q.cal.4 | q.geo.2 | q.ari.1 | q.alg.1,Rút ngắn thời gian trên mỗi câu mà vẫn giữ được độ chính xác. Xử lý câu phân loại mà không mất nhịp.
PL-TOA-CAL-L5-004,"Chính xác · Đạo hàm, tích phân & khảo sát hàm số · Cấp 5",Toán,,"Đạo hàm, tích phân & khảo sát hàm số",3,5,Chính xác,14,19,70%,85%,176,PL-TOA-CAL-L5-003,4,7,3,q.coo.3 | q.exp.3 | q.com.3 | q.sta.3 | q.geo.2 | q.geo.3 | q.cal.1 | q.ari.1 | q.alg.1 | q.seq.1 | q.geo.1 | q.exp.2 | q.com.1 | q.com.2,Loại bỏ lỗi ẩu và các bẫy quen thuộc trong chuyên đề. Xử lý câu phân loại mà không mất nhịp.
PL-TOA-CAL-L5-005,"Tổng hợp · Đạo hàm, tích phân & khảo sát hàm số · Cấp 5",Toán,,"Đạo hàm, tích phân & khảo sát hàm số",3,5,Tổng hợp,14,16,70%,85%,184,PL-TOA-CAL-L5-004,4,7,3,q.sta.3 | q.cal.1 | q.cal.4 | q.ari.1 | q.com.3 | q.alg.1 | q.seq.1 | q.geo.1 | q.coo.1 | q.coo.2 | q.exp.2 | q.sta.2 | q.exp.1 | q.sta.1,Trộn nhiều dạng trong cùng chuyên đề để rèn phản xạ nhận diện. Xử lý câu phân loại mà không mất nhịp.
PL-TOA-CAL-L5-006,"Ôn lại · Đạo hàm, tích phân & khảo sát hàm số · Cấp 5",Toán,,"Đạo hàm, tích phân & khảo sát hàm số",3,5,Ôn lại,14,18,70%,85%,144,PL-TOA-CAL-L5-005,4,7,3,q.ari.1 | q.alg.1 | q.alg.4 | q.seq.1 | q.geo.1 | q.coo.1 | q.coo.2 | q.exp.2 | q.com.1 | q.com.2 | q.sta.2 | q.cal.4 | q.com.4 | q.sta.4,Quay lại các câu từng sai để kiến thức không phai theo thời gian. Xử lý câu phân loại mà không mất nhịp.
PL-TOA-CAL-L5-007,"Khởi động · Đạo hàm, tích phân & khảo sát hàm số · Cấp 5",Toán,,"Đạo hàm, tích phân & khảo sát hàm số",3,5,Khởi động,14,20,70%,85%,112,PL-TOA-CAL-L5-006,4,7,3,q.geo.2 | q.geo.3 | q.coo.3 | q.exp.1 | q.com.1 | q.com.2 | q.com.4 | q.sta.2 | q.sta.4 | q.sta.1 | q.cal.2 | q.ari.2 | q.ari.3 | q.alg.2,Nhắc lại công thức và nhận diện dạng bài trước khi vào phần nặng. Xử lý câu phân loại mà không mất nhịp.
PL-TOA-CAL-L5-008,"Rèn kỹ năng · Đạo hàm, tích phân & khảo sát hàm số · Cấp 5",Toán,,"Đạo hàm, tích phân & khảo sát hàm số",3,5,Rèn kỹ năng,14,16,70%,85%,160,PL-TOA-CAL-L5-007,4,7,3,q.coo.2 | q.exp.2 | q.com.1 | q.com.2 | q.sta.2 | q.exp.1 | q.sta.1 | q.cal.4 | q.alg.4 | q.com.4 | q.sta.4 | q.seq.2 | q.geo.2 | q.geo.3,Làm chắc một kỹ năng lõi qua các biến thể liên tiếp của cùng một dạng. Xử lý câu phân loại mà không mất nhịp.
PL-TOA-CAL-L5-009,"Tốc độ · Đạo hàm, tích phân & khảo sát hàm số · Cấp 5",Toán,,"Đạo hàm, tích phân & khảo sát hàm số",3,5,Tốc độ,14,12,70%,85%,176,PL-TOA-CAL-L5-008,4,7,3,q.sta.1 | q.sta.3 | q.cal.4 | q.alg.4 | q.cal.2 | q.cal.3 | q.ari.2 | q.ari.3 | q.alg.2 | q.alg.3 | q.seq.2 | q.alg.1 | q.seq.1 | q.geo.1,Rút ngắn thời gian trên mỗi câu mà vẫn giữ được độ chính xác. Xử lý câu phân loại mà không mất nhịp.
PL-TOA-CAL-L5-010,"Chính xác · Đạo hàm, tích phân & khảo sát hàm số · Cấp 5",Toán,,"Đạo hàm, tích phân & khảo sát hàm số",3,5,Chính xác,14,19,70%,85%,176,PL-TOA-CAL-L5-009,4,7,3,q.sta.4 | q.exp.1 | q.sta.1 | q.cal.2 | q.cal.3 | q.ari.2 | q.ari.3 | q.alg.2 | q.alg.3 | q.seq.2 | q.geo.2 | q.geo.1 | q.coo.1 | q.coo.2,Loại bỏ lỗi ẩu và các bẫy quen thuộc trong chuyên đề. Xử lý câu phân loại mà không mất nhịp.
PL-TOA-CAL-L5-011,"Tổng hợp · Đạo hàm, tích phân & khảo sát hàm số · Cấp 5",Toán,,"Đạo hàm, tích phân & khảo sát hàm số",3,5,Tổng hợp,14,16,70%,85%,184,PL-TOA-CAL-L5-010,4,7,3,q.cal.2 | q.cal.3 | q.ari.2 | q.ari.3 | q.seq.2 | q.geo.2 | q.geo.3 | q.coo.3 | q.exp.3 | q.com.3 | q.sta.3 | q.com.2 | q.sta.2 | q.exp.1,Trộn nhiều dạng trong cùng chuyên đề để rèn phản xạ nhận diện. Xử lý câu phân loại mà không mất nhịp.
PL-TOA-CAL-L5-012,"Ôn lại · Đạo hàm, tích phân & khảo sát hàm số · Cấp 5",Toán,,"Đạo hàm, tích phân & khảo sát hàm số",3,5,Ôn lại,14,18,70%,85%,144,PL-TOA-CAL-L5-011,4,7,3,q.ari.3 | q.alg.2 | q.alg.3 | q.seq.2 | q.coo.3 | q.exp.3 | q.com.3 | q.sta.3 | q.cal.1 | q.ari.1 | q.alg.1 | q.sta.1 | q.cal.4 | q.alg.4,Quay lại các câu từng sai để kiến thức không phai theo thời gian. Xử lý câu phân loại mà không mất nhịp.
PL-TOA-CAL-L5-013,"Khởi động · Đạo hàm, tích phân & khảo sát hàm số · Cấp 5",Toán,,"Đạo hàm, tích phân & khảo sát hàm số",3,5,Khởi động,14,20,70%,85%,112,PL-TOA-CAL-L5-012,4,7,3,q.coo.2 | q.exp.2 | q.com.1 | q.com.2 | q.sta.3 | q.cal.1 | q.cal.4 | q.ari.1 | q.alg.1 | q.alg.4 | q.seq.1 | q.cal.2 | q.cal.3 | q.ari.2,Nhắc lại công thức và nhận diện dạng bài trước khi vào phần nặng. Xử lý câu phân loại mà không mất nhịp.
PL-TOA-CAL-L5-014,"Thử thách · Đạo hàm, tích phân & khảo sát hàm số · Cấp 5",Toán,,"Đạo hàm, tích phân & khảo sát hàm số",3,5,Thử thách,14,16,70%,85%,224,PL-TOA-CAL-L5-013,4,7,3,q.alg.3 | q.seq.2 | q.geo.2 | q.geo.3 | q.alg.1 | q.seq.1 | q.geo.1 | q.coo.1 | q.coo.2 | q.exp.2 | q.com.1 | q.cal.3 | q.ari.2 | q.ari.3,Đẩy lên mức khó hơn cấp hiện tại để chuẩn bị lên cấp. Xử lý câu phân loại mà không mất nhịp.
PL-TOA-CAL-L5-015,"Vượt ải · Đạo hàm, tích phân & khảo sát hàm số · Cấp 5",Toán,,"Đạo hàm, tích phân & khảo sát hàm số",3,5,Vượt ải,14,16,70%,90%,288,PL-TOA-CAL-L5-014,4,7,3,q.geo.3 | q.coo.3 | q.exp.3 | q.com.3 | q.coo.1 | q.coo.2 | q.exp.2 | q.com.1 | q.com.2 | q.sta.2 | q.exp.1 | q.alg.2 | q.alg.3 | q.seq.2,Bài kiểm tra chốt cấp độ của tuyến chuyên đề. Xử lý câu phân loại mà không mất nhịp.
PL-TOA-CAL-L6-001,"Khởi động · Đạo hàm, tích phân & khảo sát hàm số · Cấp 6",Toán,,"Đạo hàm, tích phân & khảo sát hàm số",3,6,Khởi động,15,19,70%,85%,154,PL-TOA-CAL-L5-015,4,7,4,q.cal.2 | q.cal.3 | q.ari.2 | q.ari.3 | q.com.4 | q.sta.4 | q.alg.2 | q.alg.3 | q.seq.2 | q.geo.2 | q.geo.3 | q.com.3 | q.sta.3 | q.cal.1 | q.ari.1,Nhắc lại công thức và nhận diện dạng bài trước khi vào phần nặng. Tốc độ và độ chính xác của nhóm dẫn đầu phổ điểm.
PL-TOA-CAL-L6-002,"Rèn kỹ năng · Đạo hàm, tích phân & khảo sát hàm số · Cấp 6",Toán,,"Đạo hàm, tích phân & khảo sát hàm số",3,6,Rèn kỹ năng,15,15,70%,85%,220,PL-TOA-CAL-L6-001,4,7,4,q.sta.4 | q.cal.2 | q.cal.3 | q.ari.2 | q.alg.3 | q.seq.2 | q.geo.2 | q.geo.3 | q.coo.3 | q.exp.3 | q.com.3 | q.ari.1 | q.alg.1 | q.seq.1 | q.geo.1,Làm chắc một kỹ năng lõi qua các biến thể liên tiếp của cùng một dạng. Tốc độ và độ chính xác của nhóm dẫn đầu phổ điểm.
PL-TOA-CAL-L6-003,"Tốc độ · Đạo hàm, tích phân & khảo sát hàm số · Cấp 6",Toán,,"Đạo hàm, tích phân & khảo sát hàm số",3,6,Tốc độ,15,11,70%,85%,242,PL-TOA-CAL-L6-002,4,7,4,q.seq.2 | q.geo.2 | q.geo.3 | q.coo.3 | q.alg.2 | q.alg.3 | q.exp.3 | q.com.3 | q.sta.3 | q.cal.1 | q.ari.1 | q.geo.1 | q.coo.1 | q.coo.2 | q.exp.2,Rút ngắn thời gian trên mỗi câu mà vẫn giữ được độ chính xác. Tốc độ và độ chính xác của nhóm dẫn đầu phổ điểm.
PL-TOA-CAL-L6-004,"Chính xác · Đạo hàm, tích phân & khảo sát hàm số · Cấp 6",Toán,,"Đạo hàm, tích phân & khảo sát hàm số",3,6,Chính xác,15,17,70%,85%,242,PL-TOA-CAL-L6-003,4,7,4,q.alg.3 | q.seq.2 | q.geo.2 | q.geo.3 | q.com.3 | q.sta.3 | q.cal.1 | q.ari.1 | q.alg.1 | q.seq.1 | q.geo.1 | q.exp.2 | q.com.1 | q.com.2 | q.sta.2,Loại bỏ lỗi ẩu và các bẫy quen thuộc trong chuyên đề. Tốc độ và độ chính xác của nhóm dẫn đầu phổ điểm.
PL-TOA-CAL-L6-005,"Tổng hợp · Đạo hàm, tích phân & khảo sát hàm số · Cấp 6",Toán,,"Đạo hàm, tích phân & khảo sát hàm số",3,6,Tổng hợp,15,15,70%,85%,253,PL-TOA-CAL-L6-004,4,7,4,q.geo.3 | q.coo.3 | q.exp.3 | q.com.3 | q.ari.1 | q.alg.1 | q.seq.1 | q.geo.1 | q.coo.1 | q.coo.2 | q.exp.2 | q.sta.2 | q.exp.1 | q.sta.1 | q.cal.4,Trộn nhiều dạng trong cùng chuyên đề để rèn phản xạ nhận diện. Tốc độ và độ chính xác của nhóm dẫn đầu phổ điểm.
PL-TOA-CAL-L6-006,"Ôn lại · Đạo hàm, tích phân & khảo sát hàm số · Cấp 6",Toán,,"Đạo hàm, tích phân & khảo sát hàm số",3,6,Ôn lại,15,17,70%,85%,198,PL-TOA-CAL-L6-005,4,7,4,q.com.3 | q.sta.3 | q.cal.1 | q.ari.1 | q.geo.1 | q.coo.1 | q.coo.2 | q.exp.2 | q.com.1 | q.com.2 | q.sta.2 | q.cal.4 | q.alg.4 | q.com.4 | q.sta.4,Quay lại các câu từng sai để kiến thức không phai theo thời gian. Tốc độ và độ chính xác của nhóm dẫn đầu phổ điểm.
PL-TOA-CAL-L6-007,"Khởi động · Đạo hàm, tích phân & khảo sát hàm số · Cấp 6",Toán,,"Đạo hàm, tích phân & khảo sát hàm số",3,6,Khởi động,15,19,70%,85%,154,PL-TOA-CAL-L6-006,4,7,4,q.seq.1 | q.geo.1 | q.coo.1 | q.coo.2 | q.exp.2 | q.com.1 | q.com.2 | q.sta.2 | q.exp.1 | q.sta.1 | q.cal.4 | q.cal.2 | q.cal.3 | q.ari.2 | q.ari.3,Nhắc lại công thức và nhận diện dạng bài trước khi vào phần nặng. Tốc độ và độ chính xác của nhóm dẫn đầu phổ điểm.
PL-TOA-CAL-L6-008,"Rèn kỹ năng · Đạo hàm, tích phân & khảo sát hàm số · Cấp 6",Toán,,"Đạo hàm, tích phân & khảo sát hàm số",3,6,Rèn kỹ năng,15,15,70%,85%,220,PL-TOA-CAL-L6-007,4,7,4,q.geo.1 | q.coo.1 | q.coo.2 | q.exp.2 | q.sta.2 | q.exp.1 | q.sta.1 | q.cal.4 | q.alg.4 | q.com.4 | q.sta.4 | q.seq.2 | q.geo.2 | q.geo.3 | q.coo.3,Làm chắc một kỹ năng lõi qua các biến thể liên tiếp của cùng một dạng. Tốc độ và độ chính xác của nhóm dẫn đầu phổ điểm.
PL-TOA-CAL-L6-009,"Tốc độ · Đạo hàm, tích phân & khảo sát hàm số · Cấp 6",Toán,,"Đạo hàm, tích phân & khảo sát hàm số",3,6,Tốc độ,15,11,70%,85%,242,PL-TOA-CAL-L6-008,4,7,4,q.com.2 | q.com.4 | q.sta.2 | q.sta.4 | q.cal.4 | q.alg.4 | q.cal.2 | q.cal.3 | q.ari.2 | q.ari.3 | q.alg.2 | q.ari.1 | q.alg.1 | q.seq.1 | q.geo.1,Rút ngắn thời gian trên mỗi câu mà vẫn giữ được độ chính xác. Tốc độ và độ chính xác của nhóm dẫn đầu phổ điểm.
PL-TOA-CAL-L6-010,"Thử thách · Đạo hàm, tích phân & khảo sát hàm số · Cấp 6",Toán,,"Đạo hàm, tích phân & khảo sát hàm số",3,6,Thử thách,15,15,70%,85%,308,PL-TOA-CAL-L6-009,4,7,4,q.sta.2 | q.exp.1 | q.sta.1 | q.cal.4 | q.cal.2 | q.cal.3 | q.ari.2 | q.ari.3 | q.alg.2 | q.alg.3 | q.seq.2 | q.seq.1 | q.geo.1 | q.coo.1 | q.coo.2,Đẩy lên mức khó hơn cấp hiện tại để chuẩn bị lên cấp. Tốc độ và độ chính xác của nhóm dẫn đầu phổ điểm.
PL-TOA-CAL-L6-011,"Vượt ải · Đạo hàm, tích phân & khảo sát hàm số · Cấp 6",Toán,,"Đạo hàm, tích phân & khảo sát hàm số",3,6,Vượt ải,15,14,70%,90%,396,PL-TOA-CAL-L6-010,4,7,4,q.cal.4 | q.alg.4 | q.com.4 | q.sta.4 | q.seq.2 | q.geo.2 | q.geo.3 | q.coo.3 | q.exp.3 | q.com.3 | q.sta.3 | q.com.2 | q.sta.2 | q.exp.1 | q.sta.1,Bài kiểm tra chốt cấp độ của tuyến chuyên đề. Tốc độ và độ chính xác của nhóm dẫn đầu phổ điểm.
PL-TOA-EXP-L1-001,Khởi động · Mũ & logarit · Cấp 1,Toán,,Mũ & logarit,1,1,Khởi động,8,10,70%,85%,28,,2,4,2,q.exp.1 | q.sta.1 | q.alg.1 | q.seq.1 | q.geo.1 | q.coo.1 | q.com.1 | q.com.2,Nhắc lại công thức và nhận diện dạng bài trước khi vào phần nặng. Nhận diện dạng bài và nhớ lại công thức nền.
PL-TOA-EXP-L1-002,Rèn kỹ năng · Mũ & logarit · Cấp 1,Toán,,Mũ & logarit,1,1,Rèn kỹ năng,8,8,70%,85%,40,PL-TOA-EXP-L1-001,2,4,2,q.ari.1 | q.alg.1 | q.cal.1 | q.com.1 | q.com.2 | q.sta.2 | q.geo.3 | q.coo.3,Làm chắc một kỹ năng lõi qua các biến thể liên tiếp của cùng một dạng. Nhận diện dạng bài và nhớ lại công thức nền.
PL-TOA-EXP-L1-003,Tốc độ · Mũ & logarit · Cấp 1,Toán,,Mũ & logarit,1,1,Tốc độ,8,6,70%,85%,44,PL-TOA-EXP-L1-002,2,4,2,q.geo.1 | q.coo.1 | q.com.1 | q.com.2 | q.sta.2 | q.exp.3 | q.alg.3 | q.seq.2,Rút ngắn thời gian trên mỗi câu mà vẫn giữ được độ chính xác. Nhận diện dạng bài và nhớ lại công thức nền.
PL-TOA-EXP-L1-004,Chính xác · Mũ & logarit · Cấp 1,Toán,,Mũ & logarit,1,1,Chính xác,8,9,70%,85%,44,PL-TOA-EXP-L1-003,2,4,2,q.cal.1 | q.com.1 | q.ari.2 | q.ari.3 | q.alg.2 | q.alg.3 | q.seq.1 | q.geo.1,Loại bỏ lỗi ẩu và các bẫy quen thuộc trong chuyên đề. Nhận diện dạng bài và nhớ lại công thức nền.
PL-TOA-EXP-L1-005,Tổng hợp · Mũ & logarit · Cấp 1,Toán,,Mũ & logarit,1,1,Tổng hợp,8,8,70%,85%,46,PL-TOA-EXP-L1-004,2,4,2,q.sta.2 | q.exp.3 | q.alg.3 | q.seq.2 | q.geo.2 | q.geo.3 | q.cal.1 | q.cal.4,Trộn nhiều dạng trong cùng chuyên đề để rèn phản xạ nhận diện. Nhận diện dạng bài và nhớ lại công thức nền.
PL-TOA-EXP-L1-006,Thử thách · Mũ & logarit · Cấp 1,Toán,,Mũ & logarit,1,1,Thử thách,8,8,70%,85%,56,PL-TOA-EXP-L1-005,2,4,2,q.alg.2 | q.alg.3 | q.coo.1 | q.coo.2 | q.cal.1 | q.cal.4 | q.com.1 | q.com.2,Đẩy lên mức khó hơn cấp hiện tại để chuẩn bị lên cấp. Nhận diện dạng bài và nhớ lại công thức nền.
PL-TOA-EXP-L1-007,Vượt ải · Mũ & logarit · Cấp 1,Toán,,Mũ & logarit,1,1,Vượt ải,8,8,70%,90%,72,PL-TOA-EXP-L1-006,2,4,2,q.geo.2 | q.geo.3 | q.cal.4 | q.com.1 | q.com.2 | q.com.4 | q.exp.1 | q.sta.1,Bài kiểm tra chốt cấp độ của tuyến chuyên đề. Nhận diện dạng bài và nhớ lại công thức nền.
PL-TOA-EXP-L2-001,Khởi động · Mũ & logarit · Cấp 2,Toán,,Mũ & logarit,1,2,Khởi động,10,15,70%,85%,42,PL-TOA-EXP-L1-007,3,5,2,q.exp.1 | q.sta.1 | q.exp.2 | q.seq.1 | q.geo.1 | q.coo.1 | q.coo.2 | q.cal.1 | q.sta.2 | q.exp.3,Nhắc lại công thức và nhận diện dạng bài trước khi vào phần nặng. Làm đúng dạng chuẩn mà không cần nhìn gợi ý.
PL-TOA-EXP-L2-002,Rèn kỹ năng · Mũ & logarit · Cấp 2,Toán,,Mũ & logarit,1,2,Rèn kỹ năng,10,12,70%,85%,60,PL-TOA-EXP-L2-001,3,5,2,q.ari.1 | q.alg.1 | q.seq.1 | q.com.1 | q.com.2 | q.sta.2 | q.exp.1 | q.exp.3 | q.coo.3 | q.cal.2,Làm chắc một kỹ năng lõi qua các biến thể liên tiếp của cùng một dạng. Làm đúng dạng chuẩn mà không cần nhìn gợi ý.
PL-TOA-EXP-L2-003,Tốc độ · Mũ & logarit · Cấp 2,Toán,,Mũ & logarit,1,2,Tốc độ,10,9,70%,85%,66,PL-TOA-EXP-L2-002,3,5,2,q.geo.1 | q.coo.1 | q.coo.2 | q.com.2 | q.sta.2 | q.exp.3 | q.ari.2 | q.ari.3 | q.geo.2 | q.geo.3,Rút ngắn thời gian trên mỗi câu mà vẫn giữ được độ chính xác. Làm đúng dạng chuẩn mà không cần nhìn gợi ý.
PL-TOA-EXP-L2-004,Chính xác · Mũ & logarit · Cấp 2,Toán,,Mũ & logarit,1,2,Chính xác,10,13,70%,85%,66,PL-TOA-EXP-L2-003,3,5,2,q.cal.1 | q.com.1 | q.com.2 | q.ari.3 | q.alg.2 | q.alg.3 | q.seq.2 | q.geo.2 | q.geo.1 | q.coo.1,Loại bỏ lỗi ẩu và các bẫy quen thuộc trong chuyên đề. Làm đúng dạng chuẩn mà không cần nhìn gợi ý.
PL-TOA-EXP-L2-005,Tổng hợp · Mũ & logarit · Cấp 2,Toán,,Mũ & logarit,1,2,Tổng hợp,10,12,70%,85%,69,PL-TOA-EXP-L2-004,3,5,2,q.sta.2 | q.exp.3 | q.ari.2 | q.seq.2 | q.geo.2 | q.geo.3 | q.coo.3 | q.cal.2 | q.com.1 | q.com.2,Trộn nhiều dạng trong cùng chuyên đề để rèn phản xạ nhận diện. Làm đúng dạng chuẩn mà không cần nhìn gợi ý.
PL-TOA-EXP-L2-006,Ôn lại · Mũ & logarit · Cấp 2,Toán,,Mũ & logarit,1,2,Ôn lại,10,13,70%,85%,54,PL-TOA-EXP-L2-005,3,5,2,q.ari.3 | q.alg.2 | q.alg.3 | q.coo.3 | q.cal.2 | q.cal.3 | q.com.3 | q.sta.1 | q.sta.2 | q.sta.4,Quay lại các câu từng sai để kiến thức không phai theo thời gian. Làm đúng dạng chuẩn mà không cần nhìn gợi ý.
PL-TOA-EXP-L2-007,Khởi động · Mũ & logarit · Cấp 2,Toán,,Mũ & logarit,1,2,Khởi động,10,15,70%,85%,42,PL-TOA-EXP-L2-006,3,5,2,q.seq.2 | q.geo.2 | q.geo.3 | q.cal.3 | q.com.3 | q.sta.3 | q.alg.4 | q.cal.4 | q.exp.2 | q.ari.1,Nhắc lại công thức và nhận diện dạng bài trước khi vào phần nặng. Làm đúng dạng chuẩn mà không cần nhìn gợi ý.
PL-TOA-EXP-L2-008,Rèn kỹ năng · Mũ & logarit · Cấp 2,Toán,,Mũ & logarit,1,2,Rèn kỹ năng,10,12,70%,85%,60,PL-TOA-EXP-L2-007,3,5,2,q.coo.3 | q.cal.2 | q.cal.3 | q.alg.4 | q.cal.4 | q.com.4 | q.sta.4 | q.exp.2 | q.alg.2 | q.alg.3,Làm chắc một kỹ năng lõi qua các biến thể liên tiếp của cùng một dạng. Làm đúng dạng chuẩn mà không cần nhìn gợi ý.
PL-TOA-EXP-L2-009,Thử thách · Mũ & logarit · Cấp 2,Toán,,Mũ & logarit,1,2,Thử thách,10,12,70%,85%,84,PL-TOA-EXP-L2-008,3,5,2,q.sta.1 | q.sta.3 | q.alg.4 | q.exp.1 | q.exp.3 | q.ari.2 | q.ari.3 | q.alg.2 | q.geo.3 | q.coo.3,Đẩy lên mức khó hơn cấp hiện tại để chuẩn bị lên cấp. Làm đúng dạng chuẩn mà không cần nhìn gợi ý.
PL-TOA-EXP-L2-010,Vượt ải · Mũ & logarit · Cấp 2,Toán,,Mũ & logarit,1,2,Vượt ải,10,11,70%,90%,108,PL-TOA-EXP-L2-009,3,5,2,q.cal.4 | q.com.4 | q.sta.4 | q.ari.3 | q.alg.2 | q.alg.3 | q.seq.2 | q.geo.2 | q.exp.2 | q.ari.1,Bài kiểm tra chốt cấp độ của tuyến chuyên đề. Làm đúng dạng chuẩn mà không cần nhìn gợi ý.
PL-TOA-EXP-L3-001,Khởi động · Mũ & logarit · Cấp 3,Toán,,Mũ & logarit,2,3,Khởi động,12,19,70%,85%,63,PL-TOA-EXP-L2-010,3,6,3,q.exp.1 | q.sta.1 | q.exp.2 | q.seq.1 | q.geo.1 | q.coo.1 | q.coo.2 | q.cal.1 | q.com.1 | q.alg.3 | q.seq.2 | q.geo.2,Nhắc lại công thức và nhận diện dạng bài trước khi vào phần nặng. Ghép nhiều bước và tránh các bẫy quen thuộc.
PL-TOA-EXP-L3-002,Rèn kỹ năng · Mũ & logarit · Cấp 3,Toán,,Mũ & logarit,2,3,Rèn kỹ năng,12,15,70%,85%,90,PL-TOA-EXP-L3-001,3,6,3,q.seq.1 | q.geo.1 | q.coo.1 | q.seq.2 | q.geo.2 | q.geo.3 | q.coo.3 | q.cal.2 | q.cal.3 | q.alg.2 | q.alg.3 | q.com.3,Làm chắc một kỹ năng lõi qua các biến thể liên tiếp của cùng một dạng. Ghép nhiều bước và tránh các bẫy quen thuộc.
PL-TOA-EXP-L3-003,Tốc độ · Mũ & logarit · Cấp 3,Toán,,Mũ & logarit,2,3,Tốc độ,12,11,70%,85%,99,PL-TOA-EXP-L3-002,3,6,3,q.geo.1 | q.coo.1 | q.coo.2 | q.exp.1 | q.exp.3 | q.ari.2 | q.ari.3 | q.alg.2 | q.alg.3 | q.alg.1 | q.alg.4 | q.seq.1,Rút ngắn thời gian trên mỗi câu mà vẫn giữ được độ chính xác. Ghép nhiều bước và tránh các bẫy quen thuộc.
PL-TOA-EXP-L3-004,Chính xác · Mũ & logarit · Cấp 3,Toán,,Mũ & logarit,2,3,Chính xác,12,17,70%,85%,99,PL-TOA-EXP-L3-003,3,6,3,q.com.2 | q.sta.2 | q.exp.1 | q.com.3 | q.sta.3 | q.exp.2 | q.ari.1 | q.alg.1 | q.alg.4 | q.cal.3 | q.seq.1 | q.geo.1,Loại bỏ lỗi ẩu và các bẫy quen thuộc trong chuyên đề. Ghép nhiều bước và tránh các bẫy quen thuộc.
PL-TOA-EXP-L3-005,Tổng hợp · Mũ & logarit · Cấp 3,Toán,,Mũ & logarit,2,3,Tổng hợp,12,15,70%,85%,103,PL-TOA-EXP-L3-004,3,6,3,q.exp.3 | q.ari.2 | q.ari.3 | q.seq.1 | q.geo.1 | q.coo.1 | q.coo.2 | q.cal.1 | q.cal.4 | q.com.1 | q.com.2 | q.sta.2,Trộn nhiều dạng trong cùng chuyên đề để rèn phản xạ nhận diện. Ghép nhiều bước và tránh các bẫy quen thuộc.
PL-TOA-EXP-L3-006,Ôn lại · Mũ & logarit · Cấp 3,Toán,,Mũ & logarit,2,3,Ôn lại,12,17,70%,85%,81,PL-TOA-EXP-L3-005,3,6,3,q.alg.2 | q.alg.3 | q.seq.2 | q.coo.2 | q.cal.1 | q.cal.4 | q.com.1 | q.com.2 | q.com.4 | q.exp.1 | q.sta.1 | q.alg.4,Quay lại các câu từng sai để kiến thức không phai theo thời gian. Ghép nhiều bước và tránh các bẫy quen thuộc.
PL-TOA-EXP-L3-007,Khởi động · Mũ & logarit · Cấp 3,Toán,,Mũ & logarit,2,3,Khởi động,12,19,70%,85%,63,PL-TOA-EXP-L3-006,3,6,3,q.seq.2 | q.geo.2 | q.geo.3 | q.com.3 | q.sta.1 | q.sta.3 | q.alg.4 | q.cal.4 | q.com.4 | q.ari.2 | q.ari.3 | q.alg.2,Nhắc lại công thức và nhận diện dạng bài trước khi vào phần nặng. Ghép nhiều bước và tránh các bẫy quen thuộc.
PL-TOA-EXP-L3-008,Rèn kỹ năng · Mũ & logarit · Cấp 3,Toán,,Mũ & logarit,2,3,Rèn kỹ năng,12,15,70%,85%,90,PL-TOA-EXP-L3-007,3,6,3,q.cal.2 | q.cal.3 | q.com.3 | q.sta.2 | q.sta.4 | q.exp.1 | q.sta.1 | q.exp.3 | q.ari.2 | q.alg.2 | q.alg.3 | q.seq.2,Làm chắc một kỹ năng lõi qua các biến thể liên tiếp của cùng một dạng. Ghép nhiều bước và tránh các bẫy quen thuộc.
PL-TOA-EXP-L3-009,Tốc độ · Mũ & logarit · Cấp 3,Toán,,Mũ & logarit,2,3,Tốc độ,12,11,70%,85%,99,PL-TOA-EXP-L3-008,3,6,3,q.com.3 | q.sta.3 | q.alg.4 | q.sta.4 | q.exp.2 | q.ari.1 | q.alg.1 | q.seq.1 | q.geo.1 | q.geo.3 | q.coo.3 | q.cal.2,Rút ngắn thời gian trên mỗi câu mà vẫn giữ được độ chính xác. Ghép nhiều bước và tránh các bẫy quen thuộc.
PL-TOA-EXP-L3-010,Thử thách · Mũ & logarit · Cấp 3,Toán,,Mũ & logarit,2,3,Thử thách,12,15,70%,85%,126,PL-TOA-EXP-L3-009,3,6,3,q.sta.4 | q.exp.1 | q.sta.1 | q.com.4 | q.exp.3 | q.ari.2 | q.ari.3 | q.alg.2 | q.alg.3 | q.exp.2 | q.ari.1 | q.alg.1,Đẩy lên mức khó hơn cấp hiện tại để chuẩn bị lên cấp. Ghép nhiều bước và tránh các bẫy quen thuộc.
PL-TOA-EXP-L3-011,Vượt ải · Mũ & logarit · Cấp 3,Toán,,Mũ & logarit,2,3,Vượt ải,12,14,70%,90%,162,PL-TOA-EXP-L3-010,3,6,3,q.exp.3 | q.ari.2 | q.ari.3 | q.alg.3 | q.seq.2 | q.geo.2 | q.geo.3 | q.coo.3 | q.cal.2 | q.coo.1 | q.coo.2 | q.cal.1,Bài kiểm tra chốt cấp độ của tuyến chuyên đề. Ghép nhiều bước và tránh các bẫy quen thuộc.
PL-TOA-EXP-L4-001,Khởi động · Mũ & logarit · Cấp 4,Toán,,Mũ & logarit,2,4,Khởi động,12,16,70%,85%,84,PL-TOA-EXP-L3-011,3,6,3,q.exp.1 | q.sta.1 | q.exp.2 | q.seq.1 | q.geo.1 | q.coo.1 | q.coo.2 | q.cal.1 | q.com.1 | q.alg.3 | q.seq.2 | q.geo.2,Nhắc lại công thức và nhận diện dạng bài trước khi vào phần nặng. Giữ độ chính xác khi thời gian bắt đầu siết lại.
PL-TOA-EXP-L4-002,Rèn kỹ năng · Mũ & logarit · Cấp 4,Toán,,Mũ & logarit,2,4,Rèn kỹ năng,12,13,70%,85%,120,PL-TOA-EXP-L4-001,3,6,3,q.seq.1 | q.geo.1 | q.coo.1 | q.seq.2 | q.geo.2 | q.geo.3 | q.coo.3 | q.cal.2 | q.cal.3 | q.alg.2 | q.alg.3 | q.com.3,Làm chắc một kỹ năng lõi qua các biến thể liên tiếp của cùng một dạng. Giữ độ chính xác khi thời gian bắt đầu siết lại.
PL-TOA-EXP-L4-003,Tốc độ · Mũ & logarit · Cấp 4,Toán,,Mũ & logarit,2,4,Tốc độ,12,10,70%,85%,132,PL-TOA-EXP-L4-002,3,6,3,q.geo.1 | q.coo.1 | q.coo.2 | q.exp.1 | q.exp.3 | q.ari.2 | q.ari.3 | q.alg.2 | q.alg.3 | q.alg.1 | q.alg.4 | q.seq.1,Rút ngắn thời gian trên mỗi câu mà vẫn giữ được độ chính xác. Giữ độ chính xác khi thời gian bắt đầu siết lại.
PL-TOA-EXP-L4-004,Chính xác · Mũ & logarit · Cấp 4,Toán,,Mũ & logarit,2,4,Chính xác,12,15,70%,85%,132,PL-TOA-EXP-L4-003,3,6,3,q.com.2 | q.sta.2 | q.exp.1 | q.com.3 | q.sta.3 | q.exp.2 | q.ari.1 | q.alg.1 | q.alg.4 | q.cal.3 | q.seq.1 | q.geo.1,Loại bỏ lỗi ẩu và các bẫy quen thuộc trong chuyên đề. Giữ độ chính xác khi thời gian bắt đầu siết lại.
PL-TOA-EXP-L4-005,Tổng hợp · Mũ & logarit · Cấp 4,Toán,,Mũ & logarit,2,4,Tổng hợp,12,13,70%,85%,138,PL-TOA-EXP-L4-004,3,6,3,q.exp.3 | q.ari.2 | q.ari.3 | q.seq.1 | q.geo.1 | q.coo.1 | q.coo.2 | q.cal.1 | q.cal.4 | q.com.1 | q.com.2 | q.sta.2,Trộn nhiều dạng trong cùng chuyên đề để rèn phản xạ nhận diện. Giữ độ chính xác khi thời gian bắt đầu siết lại.
PL-TOA-EXP-L4-006,Ôn lại · Mũ & logarit · Cấp 4,Toán,,Mũ & logarit,2,4,Ôn lại,12,14,70%,85%,108,PL-TOA-EXP-L4-005,3,6,3,q.alg.2 | q.alg.3 | q.seq.2 | q.coo.2 | q.cal.1 | q.cal.4 | q.com.1 | q.com.2 | q.com.4 | q.exp.1 | q.sta.1 | q.alg.4,Quay lại các câu từng sai để kiến thức không phai theo thời gian. Giữ độ chính xác khi thời gian bắt đầu siết lại.
PL-TOA-EXP-L4-007,Khởi động · Mũ & logarit · Cấp 4,Toán,,Mũ & logarit,2,4,Khởi động,12,16,70%,85%,84,PL-TOA-EXP-L4-006,3,6,3,q.seq.2 | q.geo.2 | q.geo.3 | q.com.3 | q.sta.1 | q.sta.3 | q.alg.4 | q.cal.4 | q.com.4 | q.ari.2 | q.ari.3 | q.alg.2,Nhắc lại công thức và nhận diện dạng bài trước khi vào phần nặng. Giữ độ chính xác khi thời gian bắt đầu siết lại.
PL-TOA-EXP-L4-008,Rèn kỹ năng · Mũ & logarit · Cấp 4,Toán,,Mũ & logarit,2,4,Rèn kỹ năng,12,13,70%,85%,120,PL-TOA-EXP-L4-007,3,6,3,q.cal.2 | q.cal.3 | q.com.3 | q.sta.2 | q.sta.4 | q.exp.1 | q.sta.1 | q.exp.3 | q.ari.2 | q.alg.2 | q.alg.3 | q.seq.2,Làm chắc một kỹ năng lõi qua các biến thể liên tiếp của cùng một dạng. Giữ độ chính xác khi thời gian bắt đầu siết lại.
PL-TOA-EXP-L4-009,Tốc độ · Mũ & logarit · Cấp 4,Toán,,Mũ & logarit,2,4,Tốc độ,12,10,70%,85%,132,PL-TOA-EXP-L4-008,3,6,3,q.com.3 | q.sta.3 | q.alg.4 | q.sta.4 | q.exp.2 | q.ari.1 | q.alg.1 | q.seq.1 | q.geo.1 | q.geo.3 | q.coo.3 | q.cal.2,Rút ngắn thời gian trên mỗi câu mà vẫn giữ được độ chính xác. Giữ độ chính xác khi thời gian bắt đầu siết lại.
PL-TOA-EXP-L4-010,Thử thách · Mũ & logarit · Cấp 4,Toán,,Mũ & logarit,2,4,Thử thách,12,13,70%,85%,168,PL-TOA-EXP-L4-009,3,6,3,q.sta.4 | q.exp.1 | q.sta.1 | q.com.4 | q.exp.3 | q.ari.2 | q.ari.3 | q.alg.2 | q.alg.3 | q.exp.2 | q.ari.1 | q.alg.1,Đẩy lên mức khó hơn cấp hiện tại để chuẩn bị lên cấp. Giữ độ chính xác khi thời gian bắt đầu siết lại.
PL-TOA-EXP-L4-011,Vượt ải · Mũ & logarit · Cấp 4,Toán,,Mũ & logarit,2,4,Vượt ải,12,12,70%,90%,216,PL-TOA-EXP-L4-010,3,6,3,q.exp.3 | q.ari.2 | q.ari.3 | q.alg.3 | q.seq.2 | q.geo.2 | q.geo.3 | q.coo.3 | q.cal.2 | q.coo.1 | q.coo.2 | q.cal.1,Bài kiểm tra chốt cấp độ của tuyến chuyên đề. Giữ độ chính xác khi thời gian bắt đầu siết lại.
PL-TOA-EXP-L5-001,Khởi động · Mũ & logarit · Cấp 5,Toán,,Mũ & logarit,3,5,Khởi động,14,20,70%,85%,112,PL-TOA-EXP-L4-011,4,7,3,q.exp.2 | q.ari.1 | q.alg.1 | q.seq.1 | q.ari.3 | q.alg.2 | q.alg.3 | q.seq.2 | q.geo.2 | q.geo.3 | q.coo.3 | q.exp.3 | q.ari.2 | q.cal.2,Nhắc lại công thức và nhận diện dạng bài trước khi vào phần nặng. Xử lý câu phân loại mà không mất nhịp.
PL-TOA-EXP-L5-002,Rèn kỹ năng · Mũ & logarit · Cấp 5,Toán,,Mũ & logarit,3,5,Rèn kỹ năng,14,16,70%,85%,160,PL-TOA-EXP-L5-001,4,7,3,q.alg.2 | q.alg.3 | q.seq.2 | q.geo.2 | q.ari.2 | q.ari.3 | q.geo.3 | q.coo.3 | q.cal.2 | q.cal.3 | q.com.3 | q.ari.1 | q.alg.1 | q.seq.1,Làm chắc một kỹ năng lõi qua các biến thể liên tiếp của cùng một dạng. Xử lý câu phân loại mà không mất nhịp.
PL-TOA-EXP-L5-003,Tốc độ · Mũ & logarit · Cấp 5,Toán,,Mũ & logarit,3,5,Tốc độ,14,12,70%,85%,176,PL-TOA-EXP-L5-002,4,7,3,q.coo.2 | q.cal.1 | q.com.1 | q.com.2 | q.coo.3 | q.cal.2 | q.cal.3 | q.com.3 | q.sta.3 | q.exp.2 | q.ari.1 | q.geo.2 | q.geo.3 | q.alg.1,Rút ngắn thời gian trên mỗi câu mà vẫn giữ được độ chính xác. Xử lý câu phân loại mà không mất nhịp.
PL-TOA-EXP-L5-004,Chính xác · Mũ & logarit · Cấp 5,Toán,,Mũ & logarit,3,5,Chính xác,14,19,70%,85%,176,PL-TOA-EXP-L5-003,4,7,3,q.cal.2 | q.cal.3 | q.com.3 | q.sta.3 | q.geo.3 | q.coo.3 | q.exp.2 | q.ari.1 | q.alg.1 | q.seq.1 | q.geo.1 | q.cal.1 | q.com.1 | q.com.2,Loại bỏ lỗi ẩu và các bẫy quen thuộc trong chuyên đề. Xử lý câu phân loại mà không mất nhịp.
PL-TOA-EXP-L5-005,Tổng hợp · Mũ & logarit · Cấp 5,Toán,,Mũ & logarit,3,5,Tổng hợp,14,16,70%,85%,184,PL-TOA-EXP-L5-004,4,7,3,q.sta.3 | q.exp.2 | q.ari.1 | q.alg.1 | q.cal.3 | q.com.3 | q.seq.1 | q.geo.1 | q.coo.1 | q.coo.2 | q.cal.1 | q.sta.2 | q.exp.1 | q.sta.1,Trộn nhiều dạng trong cùng chuyên đề để rèn phản xạ nhận diện. Xử lý câu phân loại mà không mất nhịp.
PL-TOA-EXP-L5-006,Ôn lại · Mũ & logarit · Cấp 5,Toán,,Mũ & logarit,3,5,Ôn lại,14,18,70%,85%,144,PL-TOA-EXP-L5-005,4,7,3,q.alg.1 | q.alg.4 | q.seq.1 | q.geo.1 | q.ari.1 | q.coo.1 | q.coo.2 | q.cal.1 | q.com.1 | q.com.2 | q.sta.2 | q.cal.4 | q.com.4 | q.sta.4,Quay lại các câu từng sai để kiến thức không phai theo thời gian. Xử lý câu phân loại mà không mất nhịp.
PL-TOA-EXP-L5-007,Khởi động · Mũ & logarit · Cấp 5,Toán,,Mũ & logarit,3,5,Khởi động,14,20,70%,85%,112,PL-TOA-EXP-L5-006,4,7,3,q.geo.2 | q.geo.3 | q.coo.3 | q.cal.2 | q.com.2 | q.com.4 | q.sta.2 | q.sta.4 | q.exp.1 | q.sta.1 | q.exp.3 | q.ari.3 | q.alg.2 | q.alg.3,Nhắc lại công thức và nhận diện dạng bài trước khi vào phần nặng. Xử lý câu phân loại mà không mất nhịp.
PL-TOA-EXP-L5-008,Thử thách · Mũ & logarit · Cấp 5,Toán,,Mũ & logarit,3,5,Thử thách,14,16,70%,85%,224,PL-TOA-EXP-L5-007,4,7,3,q.geo.1 | q.coo.1 | q.coo.2 | q.cal.1 | q.sta.2 | q.exp.1 | q.sta.1 | q.alg.4 | q.cal.4 | q.com.4 | q.sta.4 | q.geo.2 | q.geo.3 | q.coo.3,Đẩy lên mức khó hơn cấp hiện tại để chuẩn bị lên cấp. Xử lý câu phân loại mà không mất nhịp.
PL-TOA-EXP-L5-009,Vượt ải · Mũ & logarit · Cấp 5,Toán,,Mũ & logarit,3,5,Vượt ải,14,16,70%,90%,288,PL-TOA-EXP-L5-008,4,7,3,q.cal.1 | q.com.1 | q.com.2 | q.sta.2 | q.alg.4 | q.cal.4 | q.com.4 | q.sta.4 | q.exp.3 | q.ari.2 | q.ari.3 | q.sta.3 | q.exp.2 | q.ari.1,Bài kiểm tra chốt cấp độ của tuyến chuyên đề. Xử lý câu phân loại mà không mất nhịp.
PL-TOA-EXP-L6-001,Khởi động · Mũ & logarit · Cấp 6,Toán,,Mũ & logarit,3,6,Khởi động,15,19,70%,85%,154,PL-TOA-EXP-L5-009,4,7,4,q.exp.3 | q.ari.2 | q.ari.3 | q.alg.2 | q.com.4 | q.sta.4 | q.alg.3 | q.seq.2 | q.geo.2 | q.geo.3 | q.coo.3 | q.com.3 | q.sta.3 | q.exp.2 | q.ari.1,Nhắc lại công thức và nhận diện dạng bài trước khi vào phần nặng. Tốc độ và độ chính xác của nhóm dẫn đầu phổ điểm.
PL-TOA-EXP-L6-002,Rèn kỹ năng · Mũ & logarit · Cấp 6,Toán,,Mũ & logarit,3,6,Rèn kỹ năng,15,15,70%,85%,220,PL-TOA-EXP-L6-001,4,7,4,q.sta.4 | q.exp.3 | q.ari.2 | q.ari.3 | q.seq.2 | q.geo.2 | q.geo.3 | q.coo.3 | q.cal.2 | q.cal.3 | q.com.3 | q.ari.1 | q.alg.1 | q.seq.1 | q.geo.1,Làm chắc một kỹ năng lõi qua các biến thể liên tiếp của cùng một dạng. Tốc độ và độ chính xác của nhóm dẫn đầu phổ điểm.
PL-TOA-EXP-L6-003,Tốc độ · Mũ & logarit · Cấp 6,Toán,,Mũ & logarit,3,6,Tốc độ,15,11,70%,85%,242,PL-TOA-EXP-L6-002,4,7,4,q.geo.2 | q.geo.3 | q.coo.3 | q.cal.2 | q.alg.3 | q.seq.2 | q.cal.3 | q.com.3 | q.sta.3 | q.exp.2 | q.ari.1 | q.geo.1 | q.coo.1 | q.coo.2 | q.cal.1,Rút ngắn thời gian trên mỗi câu mà vẫn giữ được độ chính xác. Tốc độ và độ chính xác của nhóm dẫn đầu phổ điểm.
PL-TOA-EXP-L6-004,Chính xác · Mũ & logarit · Cấp 6,Toán,,Mũ & logarit,3,6,Chính xác,15,17,70%,85%,242,PL-TOA-EXP-L6-003,4,7,4,q.seq.2 | q.geo.2 | q.geo.3 | q.coo.3 | q.com.3 | q.sta.3 | q.exp.2 | q.ari.1 | q.alg.1 | q.seq.1 | q.geo.1 | q.cal.1 | q.com.1 | q.com.2 | q.sta.2,Loại bỏ lỗi ẩu và các bẫy quen thuộc trong chuyên đề. Tốc độ và độ chính xác của nhóm dẫn đầu phổ điểm.
PL-TOA-EXP-L6-005,Thử thách · Mũ & logarit · Cấp 6,Toán,,Mũ & logarit,3,6,Thử thách,15,15,70%,85%,308,PL-TOA-EXP-L6-004,4,7,4,q.coo.3 | q.cal.2 | q.cal.3 | q.com.3 | q.ari.1 | q.alg.1 | q.seq.1 | q.geo.1 | q.coo.1 | q.coo.2 | q.cal.1 | q.sta.2 | q.exp.1 | q.sta.1 | q.alg.4,Đẩy lên mức khó hơn cấp hiện tại để chuẩn bị lên cấp. Tốc độ và độ chính xác của nhóm dẫn đầu phổ điểm.
PL-TOA-EXP-L6-006,Vượt ải · Mũ & logarit · Cấp 6,Toán,,Mũ & logarit,3,6,Vượt ải,15,14,70%,90%,396,PL-TOA-EXP-L6-005,4,7,4,q.com.3 | q.sta.3 | q.exp.2 | q.ari.1 | q.geo.1 | q.coo.1 | q.coo.2 | q.cal.1 | q.com.1 | q.com.2 | q.sta.2 | q.alg.4 | q.cal.4 | q.com.4 | q.sta.4,Bài kiểm tra chốt cấp độ của tuyến chuyên đề. Tốc độ và độ chính xác của nhóm dẫn đầu phổ điểm.
PL-TOA-COM-L1-001,Khởi động · Tổ hợp & xác suất · Cấp 1,Toán,,Tổ hợp & xác suất,1,1,Khởi động,8,10,70%,85%,28,,2,4,2,q.exp.1 | q.sta.1 | q.ari.1 | q.alg.1 | q.seq.1 | q.geo.1 | q.cal.1 | q.exp.2,Nhắc lại công thức và nhận diện dạng bài trước khi vào phần nặng. Nhận diện dạng bài và nhớ lại công thức nền.
PL-TOA-COM-L1-002,Rèn kỹ năng · Tổ hợp & xác suất · Cấp 1,Toán,,Tổ hợp & xác suất,1,1,Rèn kỹ năng,8,8,70%,85%,40,PL-TOA-COM-L1-001,2,4,2,q.com.2 | q.ari.1 | q.coo.2 | q.cal.1 | q.exp.2 | q.sta.2 | q.geo.3 | q.coo.3,Làm chắc một kỹ năng lõi qua các biến thể liên tiếp của cùng một dạng. Nhận diện dạng bài và nhớ lại công thức nền.
PL-TOA-COM-L1-003,Tốc độ · Tổ hợp & xác suất · Cấp 1,Toán,,Tổ hợp & xác suất,1,1,Tốc độ,8,6,70%,85%,44,PL-TOA-COM-L1-002,2,4,2,q.seq.1 | q.geo.1 | q.cal.1 | q.exp.2 | q.sta.2 | q.com.3 | q.seq.2 | q.geo.2,Rút ngắn thời gian trên mỗi câu mà vẫn giữ được độ chính xác. Nhận diện dạng bài và nhớ lại công thức nền.
PL-TOA-COM-L1-004,Chính xác · Tổ hợp & xác suất · Cấp 1,Toán,,Tổ hợp & xác suất,1,1,Chính xác,8,9,70%,85%,44,PL-TOA-COM-L1-003,2,4,2,q.coo.2 | q.cal.1 | q.ari.3 | q.alg.2 | q.alg.3 | q.seq.2 | q.alg.1 | q.alg.4,Loại bỏ lỗi ẩu và các bẫy quen thuộc trong chuyên đề. Nhận diện dạng bài và nhớ lại công thức nền.
PL-TOA-COM-L1-005,Tổng hợp · Tổ hợp & xác suất · Cấp 1,Toán,,Tổ hợp & xác suất,1,1,Tổng hợp,8,8,70%,85%,46,PL-TOA-COM-L1-004,2,4,2,q.sta.2 | q.com.3 | q.seq.2 | q.geo.2 | q.geo.3 | q.coo.3 | q.coo.1 | q.coo.2,Trộn nhiều dạng trong cùng chuyên đề để rèn phản xạ nhận diện. Nhận diện dạng bài và nhớ lại công thức nền.
PL-TOA-COM-L1-006,Ôn lại · Tổ hợp & xác suất · Cấp 1,Toán,,Tổ hợp & xác suất,1,1,Ôn lại,8,9,70%,85%,36,PL-TOA-COM-L1-005,2,4,2,q.ari.3 | q.alg.2 | q.coo.3 | q.cal.2 | q.cal.3 | q.exp.1 | q.cal.4 | q.exp.2,Quay lại các câu từng sai để kiến thức không phai theo thời gian. Nhận diện dạng bài và nhớ lại công thức nền.
PL-TOA-COM-L1-007,Khởi động · Tổ hợp & xác suất · Cấp 1,Toán,,Tổ hợp & xác suất,1,1,Khởi động,8,10,70%,85%,28,PL-TOA-COM-L1-006,2,4,2,q.seq.2 | q.geo.2 | q.cal.2 | q.cal.3 | q.exp.3 | q.sta.3 | q.cal.4 | q.sta.4,Nhắc lại công thức và nhận diện dạng bài trước khi vào phần nặng. Nhận diện dạng bài và nhớ lại công thức nền.
PL-TOA-COM-L1-008,Thử thách · Tổ hợp & xác suất · Cấp 1,Toán,,Tổ hợp & xác suất,1,1,Thử thách,8,8,70%,85%,56,PL-TOA-COM-L1-007,2,4,2,q.cal.3 | q.exp.1 | q.cal.4 | q.exp.2 | q.sta.2 | q.sta.4 | q.alg.4 | q.com.3,Đẩy lên mức khó hơn cấp hiện tại để chuẩn bị lên cấp. Nhận diện dạng bài và nhớ lại công thức nền.
PL-TOA-COM-L1-009,Vượt ải · Tổ hợp & xác suất · Cấp 1,Toán,,Tổ hợp & xác suất,1,1,Vượt ải,8,8,70%,90%,72,PL-TOA-COM-L1-008,2,4,2,q.sta.1 | q.sta.3 | q.sta.4 | q.exp.1 | q.com.3 | q.ari.2 | q.alg.2 | q.alg.3,Bài kiểm tra chốt cấp độ của tuyến chuyên đề. Nhận diện dạng bài và nhớ lại công thức nền.
PL-TOA-COM-L2-001,Khởi động · Tổ hợp & xác suất · Cấp 2,Toán,,Tổ hợp & xác suất,1,2,Khởi động,10,15,70%,85%,42,PL-TOA-COM-L1-009,3,5,2,q.exp.1 | q.sta.1 | q.com.1 | q.alg.1 | q.seq.1 | q.geo.1 | q.coo.1 | q.coo.2 | q.sta.2 | q.com.3,Nhắc lại công thức và nhận diện dạng bài trước khi vào phần nặng. Làm đúng dạng chuẩn mà không cần nhìn gợi ý.
PL-TOA-COM-L2-002,Rèn kỹ năng · Tổ hợp & xác suất · Cấp 2,Toán,,Tổ hợp & xác suất,1,2,Rèn kỹ năng,10,12,70%,85%,60,PL-TOA-COM-L2-001,3,5,2,q.com.2 | q.ari.1 | q.alg.1 | q.cal.1 | q.exp.2 | q.sta.2 | q.com.3 | q.ari.2 | q.cal.2 | q.cal.3,Làm chắc một kỹ năng lõi qua các biến thể liên tiếp của cùng một dạng. Làm đúng dạng chuẩn mà không cần nhìn gợi ý.
PL-TOA-COM-L2-003,Tốc độ · Tổ hợp & xác suất · Cấp 2,Toán,,Tổ hợp & xác suất,1,2,Tốc độ,10,9,70%,85%,66,PL-TOA-COM-L2-002,3,5,2,q.seq.1 | q.geo.1 | q.coo.1 | q.exp.2 | q.sta.2 | q.com.3 | q.ari.2 | q.ari.3 | q.geo.3 | q.coo.3,Rút ngắn thời gian trên mỗi câu mà vẫn giữ được độ chính xác. Làm đúng dạng chuẩn mà không cần nhìn gợi ý.
PL-TOA-COM-L2-004,Chính xác · Tổ hợp & xác suất · Cấp 2,Toán,,Tổ hợp & xác suất,1,2,Chính xác,10,13,70%,85%,66,PL-TOA-COM-L2-003,3,5,2,q.coo.2 | q.cal.1 | q.exp.2 | q.alg.2 | q.alg.3 | q.seq.2 | q.geo.2 | q.geo.3 | q.alg.4 | q.seq.1,Loại bỏ lỗi ẩu và các bẫy quen thuộc trong chuyên đề. Làm đúng dạng chuẩn mà không cần nhìn gợi ý.
PL-TOA-COM-L2-005,Tổng hợp · Tổ hợp & xác suất · Cấp 2,Toán,,Tổ hợp & xác suất,1,2,Tổng hợp,10,12,70%,85%,69,PL-TOA-COM-L2-004,3,5,2,q.sta.2 | q.com.3 | q.ari.2 | q.geo.2 | q.geo.3 | q.coo.3 | q.cal.2 | q.cal.3 | q.cal.1 | q.cal.4,Trộn nhiều dạng trong cùng chuyên đề để rèn phản xạ nhận diện. Làm đúng dạng chuẩn mà không cần nhìn gợi ý.
PL-TOA-COM-L2-006,Ôn lại · Tổ hợp & xác suất · Cấp 2,Toán,,Tổ hợp & xác suất,1,2,Ôn lại,10,13,70%,85%,54,PL-TOA-COM-L2-005,3,5,2,q.ari.3 | q.alg.2 | q.alg.3 | q.cal.2 | q.cal.3 | q.exp.1 | q.exp.3 | q.sta.1 | q.exp.2 | q.sta.2,Quay lại các câu từng sai để kiến thức không phai theo thời gian. Làm đúng dạng chuẩn mà không cần nhìn gợi ý.
PL-TOA-COM-L2-007,Khởi động · Tổ hợp & xác suất · Cấp 2,Toán,,Tổ hợp & xác suất,1,2,Khởi động,10,15,70%,85%,42,PL-TOA-COM-L2-006,3,5,2,q.seq.2 | q.geo.2 | q.geo.3 | q.cal.3 | q.exp.3 | q.sta.3 | q.com.4 | q.alg.4 | q.com.1 | q.com.2,Nhắc lại công thức và nhận diện dạng bài trước khi vào phần nặng. Làm đúng dạng chuẩn mà không cần nhìn gợi ý.
PL-TOA-COM-L2-008,Rèn kỹ năng · Tổ hợp & xác suất · Cấp 2,Toán,,Tổ hợp & xác suất,1,2,Rèn kỹ năng,10,12,70%,85%,60,PL-TOA-COM-L2-007,3,5,2,q.coo.3 | q.cal.2 | q.cal.3 | q.com.4 | q.alg.4 | q.cal.4 | q.sta.4 | q.com.1 | q.alg.2 | q.alg.3,Làm chắc một kỹ năng lõi qua các biến thể liên tiếp của cùng một dạng. Làm đúng dạng chuẩn mà không cần nhìn gợi ý.
PL-TOA-COM-L2-009,Tốc độ · Tổ hợp & xác suất · Cấp 2,Toán,,Tổ hợp & xác suất,1,2,Tốc độ,10,9,70%,85%,66,PL-TOA-COM-L2-008,3,5,2,q.exp.3 | q.sta.3 | q.com.4 | q.sta.4 | q.exp.1 | q.sta.1 | q.com.1 | q.com.2 | q.cal.1 | q.exp.2,Rút ngắn thời gian trên mỗi câu mà vẫn giữ được độ chính xác. Làm đúng dạng chuẩn mà không cần nhìn gợi ý.
PL-TOA-COM-L2-010,Chính xác · Tổ hợp & xác suất · Cấp 2,Toán,,Tổ hợp & xác suất,1,2,Chính xác,10,13,70%,85%,66,PL-TOA-COM-L2-009,3,5,2,q.alg.4 | q.cal.4 | q.sta.4 | q.ari.1 | q.alg.1 | q.seq.1 | q.geo.1 | q.coo.1 | q.cal.2 | q.cal.3,Loại bỏ lỗi ẩu và các bẫy quen thuộc trong chuyên đề. Làm đúng dạng chuẩn mà không cần nhìn gợi ý.
PL-TOA-COM-L2-011,Thử thách · Tổ hợp & xác suất · Cấp 2,Toán,,Tổ hợp & xác suất,1,2,Thử thách,10,12,70%,85%,84,PL-TOA-COM-L2-010,3,5,2,q.com.1 | q.com.2 | q.ari.1 | q.seq.2 | q.geo.2 | q.geo.3 | q.coo.3 | q.cal.2 | q.alg.1 | q.seq.1,Đẩy lên mức khó hơn cấp hiện tại để chuẩn bị lên cấp. Làm đúng dạng chuẩn mà không cần nhìn gợi ý.
PL-TOA-COM-L2-012,Vượt ải · Tổ hợp & xác suất · Cấp 2,Toán,,Tổ hợp & xác suất,1,2,Vượt ải,10,11,70%,90%,108,PL-TOA-COM-L2-011,3,5,2,q.alg.1 | q.seq.1 | q.geo.1 | q.coo.3 | q.cal.2 | q.cal.3 | q.exp.3 | q.sta.3 | q.coo.1 | q.coo.2,Bài kiểm tra chốt cấp độ của tuyến chuyên đề. Làm đúng dạng chuẩn mà không cần nhìn gợi ý.
PL-TOA-COM-L3-001,Khởi động · Tổ hợp & xác suất · Cấp 3,Toán,,Tổ hợp & xác suất,2,3,Khởi động,12,19,70%,85%,63,PL-TOA-COM-L2-012,3,6,3,q.exp.1 | q.sta.1 | q.com.1 | q.alg.1 | q.seq.1 | q.geo.1 | q.coo.1 | q.coo.2 | q.cal.1 | q.alg.3 | q.seq.2 | q.geo.2,Nhắc lại công thức và nhận diện dạng bài trước khi vào phần nặng. Ghép nhiều bước và tránh các bẫy quen thuộc.
PL-TOA-COM-L3-002,Rèn kỹ năng · Tổ hợp & xác suất · Cấp 3,Toán,,Tổ hợp & xác suất,2,3,Rèn kỹ năng,12,15,70%,85%,90,PL-TOA-COM-L3-001,3,6,3,q.alg.1 | q.seq.1 | q.geo.1 | q.seq.2 | q.geo.2 | q.geo.3 | q.coo.3 | q.cal.2 | q.cal.3 | q.alg.2 | q.alg.3 | q.exp.3,Làm chắc một kỹ năng lõi qua các biến thể liên tiếp của cùng một dạng. Ghép nhiều bước và tránh các bẫy quen thuộc.
PL-TOA-COM-L3-003,Tốc độ · Tổ hợp & xác suất · Cấp 3,Toán,,Tổ hợp & xác suất,2,3,Tốc độ,12,11,70%,85%,99,PL-TOA-COM-L3-002,3,6,3,q.seq.1 | q.geo.1 | q.coo.1 | q.com.3 | q.ari.2 | q.ari.3 | q.alg.2 | q.alg.3 | q.seq.2 | q.ari.1 | q.alg.1 | q.alg.4,Rút ngắn thời gian trên mỗi câu mà vẫn giữ được độ chính xác. Ghép nhiều bước và tránh các bẫy quen thuộc.
PL-TOA-COM-L3-004,Chính xác · Tổ hợp & xác suất · Cấp 3,Toán,,Tổ hợp & xác suất,2,3,Chính xác,12,17,70%,85%,99,PL-TOA-COM-L3-003,3,6,3,q.exp.2 | q.sta.2 | q.com.3 | q.sta.3 | q.com.1 | q.com.2 | q.com.4 | q.ari.1 | q.alg.1 | q.exp.3 | q.seq.1 | q.geo.1,Loại bỏ lỗi ẩu và các bẫy quen thuộc trong chuyên đề. Ghép nhiều bước và tránh các bẫy quen thuộc.
PL-TOA-COM-L3-005,Tổng hợp · Tổ hợp & xác suất · Cấp 3,Toán,,Tổ hợp & xác suất,2,3,Tổng hợp,12,15,70%,85%,103,PL-TOA-COM-L3-004,3,6,3,q.ari.2 | q.ari.3 | q.alg.2 | q.alg.1 | q.alg.4 | q.seq.1 | q.geo.1 | q.coo.1 | q.coo.2 | q.cal.1 | q.exp.2 | q.sta.2,Trộn nhiều dạng trong cùng chuyên đề để rèn phản xạ nhận diện. Ghép nhiều bước và tránh các bẫy quen thuộc.
PL-TOA-COM-L3-006,Ôn lại · Tổ hợp & xác suất · Cấp 3,Toán,,Tổ hợp & xác suất,2,3,Ôn lại,12,17,70%,85%,81,PL-TOA-COM-L3-005,3,6,3,q.alg.3 | q.seq.2 | q.geo.2 | q.geo.1 | q.coo.1 | q.coo.2 | q.cal.1 | q.cal.4 | q.exp.2 | q.exp.1 | q.sta.1 | q.com.4,Quay lại các câu từng sai để kiến thức không phai theo thời gian. Ghép nhiều bước và tránh các bẫy quen thuộc.
PL-TOA-COM-L3-007,Khởi động · Tổ hợp & xác suất · Cấp 3,Toán,,Tổ hợp & xác suất,2,3,Khởi động,12,19,70%,85%,63,PL-TOA-COM-L3-006,3,6,3,q.seq.2 | q.geo.2 | q.geo.3 | q.exp.3 | q.sta.1 | q.sta.3 | q.com.4 | q.alg.4 | q.cal.4 | q.ari.2 | q.ari.3 | q.alg.2,Nhắc lại công thức và nhận diện dạng bài trước khi vào phần nặng. Ghép nhiều bước và tránh các bẫy quen thuộc.
PL-TOA-COM-L3-008,Rèn kỹ năng · Tổ hợp & xác suất · Cấp 3,Toán,,Tổ hợp & xác suất,2,3,Rèn kỹ năng,12,15,70%,85%,90,PL-TOA-COM-L3-007,3,6,3,q.cal.3 | q.exp.1 | q.exp.3 | q.exp.2 | q.sta.2 | q.sta.4 | q.sta.1 | q.com.3 | q.ari.2 | q.alg.2 | q.alg.3 | q.seq.2,Làm chắc một kỹ năng lõi qua các biến thể liên tiếp của cùng một dạng. Ghép nhiều bước và tránh các bẫy quen thuộc.
PL-TOA-COM-L3-009,Tốc độ · Tổ hợp & xác suất · Cấp 3,Toán,,Tổ hợp & xác suất,2,3,Tốc độ,12,11,70%,85%,99,PL-TOA-COM-L3-008,3,6,3,q.exp.3 | q.sta.3 | q.com.4 | q.sta.4 | q.com.1 | q.com.2 | q.ari.1 | q.alg.1 | q.seq.1 | q.geo.3 | q.coo.3 | q.cal.2,Rút ngắn thời gian trên mỗi câu mà vẫn giữ được độ chính xác. Ghép nhiều bước và tránh các bẫy quen thuộc.
PL-TOA-COM-L3-010,Chính xác · Tổ hợp & xác suất · Cấp 3,Toán,,Tổ hợp & xác suất,2,3,Chính xác,12,17,70%,85%,99,PL-TOA-COM-L3-009,3,6,3,q.alg.4 | q.cal.4 | q.sta.4 | q.ari.3 | q.alg.2 | q.alg.3 | q.seq.2 | q.geo.2 | q.geo.3 | q.ari.1 | q.alg.1 | q.seq.1,Loại bỏ lỗi ẩu và các bẫy quen thuộc trong chuyên đề. Ghép nhiều bước và tránh các bẫy quen thuộc.
PL-TOA-COM-L3-011,Tổng hợp · Tổ hợp & xác suất · Cấp 3,Toán,,Tổ hợp & xác suất,2,3,Tổng hợp,12,15,70%,85%,103,PL-TOA-COM-L3-010,3,6,3,q.com.1 | q.com.2 | q.ari.1 | q.seq.2 | q.geo.2 | q.geo.3 | q.coo.3 | q.cal.2 | q.cal.3 | q.geo.1 | q.coo.1 | q.coo.2,Trộn nhiều dạng trong cùng chuyên đề để rèn phản xạ nhận diện. Ghép nhiều bước và tránh các bẫy quen thuộc.
PL-TOA-COM-L3-012,Thử thách · Tổ hợp & xác suất · Cấp 3,Toán,,Tổ hợp & xác suất,2,3,Thử thách,12,15,70%,85%,126,PL-TOA-COM-L3-011,3,6,3,q.alg.2 | q.alg.3 | q.seq.2 | q.geo.3 | q.coo.3 | q.cal.2 | q.cal.3 | q.exp.3 | q.sta.3 | q.cal.1 | q.exp.2 | q.sta.2,Đẩy lên mức khó hơn cấp hiện tại để chuẩn bị lên cấp. Ghép nhiều bước và tránh các bẫy quen thuộc.
PL-TOA-COM-L3-013,Vượt ải · Tổ hợp & xác suất · Cấp 3,Toán,,Tổ hợp & xác suất,2,3,Vượt ải,12,14,70%,90%,162,PL-TOA-COM-L3-012,3,6,3,q.geo.2 | q.geo.3 | q.coo.3 | q.cal.3 | q.exp.3 | q.sta.3 | q.com.1 | q.com.2 | q.ari.1 | q.exp.1 | q.sta.1 | q.com.4,Bài kiểm tra chốt cấp độ của tuyến chuyên đề. Ghép nhiều bước và tránh các bẫy quen thuộc.
PL-TOA-COM-L4-001,Khởi động · Tổ hợp & xác suất · Cấp 4,Toán,,Tổ hợp & xác suất,2,4,Khởi động,12,16,70%,85%,84,PL-TOA-COM-L3-013,3,6,3,q.exp.1 | q.sta.1 | q.com.1 | q.alg.1 | q.seq.1 | q.geo.1 | q.coo.1 | q.coo.2 | q.cal.1 | q.alg.3 | q.seq.2 | q.geo.2,Nhắc lại công thức và nhận diện dạng bài trước khi vào phần nặng. Giữ độ chính xác khi thời gian bắt đầu siết lại.
PL-TOA-COM-L4-002,Rèn kỹ năng · Tổ hợp & xác suất · Cấp 4,Toán,,Tổ hợp & xác suất,2,4,Rèn kỹ năng,12,13,70%,85%,120,PL-TOA-COM-L4-001,3,6,3,q.alg.1 | q.seq.1 | q.geo.1 | q.seq.2 | q.geo.2 | q.geo.3 | q.coo.3 | q.cal.2 | q.cal.3 | q.alg.2 | q.alg.3 | q.exp.3,Làm chắc một kỹ năng lõi qua các biến thể liên tiếp của cùng một dạng. Giữ độ chính xác khi thời gian bắt đầu siết lại.
PL-TOA-COM-L4-003,Tốc độ · Tổ hợp & xác suất · Cấp 4,Toán,,Tổ hợp & xác suất,2,4,Tốc độ,12,10,70%,85%,132,PL-TOA-COM-L4-002,3,6,3,q.seq.1 | q.geo.1 | q.coo.1 | q.com.3 | q.ari.2 | q.ari.3 | q.alg.2 | q.alg.3 | q.seq.2 | q.ari.1 | q.alg.1 | q.alg.4,Rút ngắn thời gian trên mỗi câu mà vẫn giữ được độ chính xác. Giữ độ chính xác khi thời gian bắt đầu siết lại.
PL-TOA-COM-L4-004,Chính xác · Tổ hợp & xác suất · Cấp 4,Toán,,Tổ hợp & xác suất,2,4,Chính xác,12,15,70%,85%,132,PL-TOA-COM-L4-003,3,6,3,q.exp.2 | q.sta.2 | q.com.3 | q.sta.3 | q.com.1 | q.com.2 | q.com.4 | q.ari.1 | q.alg.1 | q.exp.3 | q.seq.1 | q.geo.1,Loại bỏ lỗi ẩu và các bẫy quen thuộc trong chuyên đề. Giữ độ chính xác khi thời gian bắt đầu siết lại.
PL-TOA-COM-L4-005,Tổng hợp · Tổ hợp & xác suất · Cấp 4,Toán,,Tổ hợp & xác suất,2,4,Tổng hợp,12,13,70%,85%,138,PL-TOA-COM-L4-004,3,6,3,q.ari.2 | q.ari.3 | q.alg.2 | q.alg.1 | q.alg.4 | q.seq.1 | q.geo.1 | q.coo.1 | q.coo.2 | q.cal.1 | q.exp.2 | q.sta.2,Trộn nhiều dạng trong cùng chuyên đề để rèn phản xạ nhận diện. Giữ độ chính xác khi thời gian bắt đầu siết lại.
PL-TOA-COM-L4-006,Ôn lại · Tổ hợp & xác suất · Cấp 4,Toán,,Tổ hợp & xác suất,2,4,Ôn lại,12,14,70%,85%,108,PL-TOA-COM-L4-005,3,6,3,q.alg.3 | q.seq.2 | q.geo.2 | q.geo.1 | q.coo.1 | q.coo.2 | q.cal.1 | q.cal.4 | q.exp.2 | q.exp.1 | q.sta.1 | q.com.4,Quay lại các câu từng sai để kiến thức không phai theo thời gian. Giữ độ chính xác khi thời gian bắt đầu siết lại.
PL-TOA-COM-L4-007,Khởi động · Tổ hợp & xác suất · Cấp 4,Toán,,Tổ hợp & xác suất,2,4,Khởi động,12,16,70%,85%,84,PL-TOA-COM-L4-006,3,6,3,q.seq.2 | q.geo.2 | q.geo.3 | q.exp.3 | q.sta.1 | q.sta.3 | q.com.4 | q.alg.4 | q.cal.4 | q.ari.2 | q.ari.3 | q.alg.2,Nhắc lại công thức và nhận diện dạng bài trước khi vào phần nặng. Giữ độ chính xác khi thời gian bắt đầu siết lại.
PL-TOA-COM-L4-008,Rèn kỹ năng · Tổ hợp & xác suất · Cấp 4,Toán,,Tổ hợp & xác suất,2,4,Rèn kỹ năng,12,13,70%,85%,120,PL-TOA-COM-L4-007,3,6,3,q.cal.3 | q.exp.1 | q.exp.3 | q.exp.2 | q.sta.2 | q.sta.4 | q.sta.1 | q.com.3 | q.ari.2 | q.alg.2 | q.alg.3 | q.seq.2,Làm chắc một kỹ năng lõi qua các biến thể liên tiếp của cùng một dạng. Giữ độ chính xác khi thời gian bắt đầu siết lại.
PL-TOA-COM-L4-009,Tốc độ · Tổ hợp & xác suất · Cấp 4,Toán,,Tổ hợp & xác suất,2,4,Tốc độ,12,10,70%,85%,132,PL-TOA-COM-L4-008,3,6,3,q.exp.3 | q.sta.3 | q.com.4 | q.sta.4 | q.com.1 | q.com.2 | q.ari.1 | q.alg.1 | q.seq.1 | q.geo.3 | q.coo.3 | q.cal.2,Rút ngắn thời gian trên mỗi câu mà vẫn giữ được độ chính xác. Giữ độ chính xác khi thời gian bắt đầu siết lại.
PL-TOA-COM-L4-010,Chính xác · Tổ hợp & xác suất · Cấp 4,Toán,,Tổ hợp & xác suất,2,4,Chính xác,12,15,70%,85%,132,PL-TOA-COM-L4-009,3,6,3,q.alg.4 | q.cal.4 | q.sta.4 | q.ari.3 | q.alg.2 | q.alg.3 | q.seq.2 | q.geo.2 | q.geo.3 | q.ari.1 | q.alg.1 | q.seq.1,Loại bỏ lỗi ẩu và các bẫy quen thuộc trong chuyên đề. Giữ độ chính xác khi thời gian bắt đầu siết lại.
PL-TOA-COM-L4-011,Tổng hợp · Tổ hợp & xác suất · Cấp 4,Toán,,Tổ hợp & xác suất,2,4,Tổng hợp,12,13,70%,85%,138,PL-TOA-COM-L4-010,3,6,3,q.com.1 | q.com.2 | q.ari.1 | q.seq.2 | q.geo.2 | q.geo.3 | q.coo.3 | q.cal.2 | q.cal.3 | q.geo.1 | q.coo.1 | q.coo.2,Trộn nhiều dạng trong cùng chuyên đề để rèn phản xạ nhận diện. Giữ độ chính xác khi thời gian bắt đầu siết lại.
PL-TOA-COM-L4-012,Thử thách · Tổ hợp & xác suất · Cấp 4,Toán,,Tổ hợp & xác suất,2,4,Thử thách,12,13,70%,85%,168,PL-TOA-COM-L4-011,3,6,3,q.alg.2 | q.alg.3 | q.seq.2 | q.geo.3 | q.coo.3 | q.cal.2 | q.cal.3 | q.exp.3 | q.sta.3 | q.cal.1 | q.exp.2 | q.sta.2,Đẩy lên mức khó hơn cấp hiện tại để chuẩn bị lên cấp. Giữ độ chính xác khi thời gian bắt đầu siết lại.
PL-TOA-COM-L4-013,Vượt ải · Tổ hợp & xác suất · Cấp 4,Toán,,Tổ hợp & xác suất,2,4,Vượt ải,12,12,70%,90%,216,PL-TOA-COM-L4-012,3,6,3,q.geo.2 | q.geo.3 | q.coo.3 | q.cal.3 | q.exp.3 | q.sta.3 | q.com.1 | q.com.2 | q.ari.1 | q.exp.1 | q.sta.1 | q.com.4,Bài kiểm tra chốt cấp độ của tuyến chuyên đề. Giữ độ chính xác khi thời gian bắt đầu siết lại.
PL-TOA-COM-L5-001,Khởi động · Tổ hợp & xác suất · Cấp 5,Toán,,Tổ hợp & xác suất,3,5,Khởi động,14,20,70%,85%,112,PL-TOA-COM-L4-013,4,7,3,q.com.1 | q.com.2 | q.ari.1 | q.alg.1 | q.ari.3 | q.alg.2 | q.alg.3 | q.seq.2 | q.geo.2 | q.geo.3 | q.coo.3 | q.com.3 | q.ari.2 | q.cal.2,Nhắc lại công thức và nhận diện dạng bài trước khi vào phần nặng. Xử lý câu phân loại mà không mất nhịp.
PL-TOA-COM-L5-002,Rèn kỹ năng · Tổ hợp & xác suất · Cấp 5,Toán,,Tổ hợp & xác suất,3,5,Rèn kỹ năng,14,16,70%,85%,160,PL-TOA-COM-L5-001,4,7,3,q.alg.2 | q.alg.3 | q.seq.2 | q.geo.2 | q.ari.2 | q.ari.3 | q.geo.3 | q.coo.3 | q.cal.2 | q.cal.3 | q.exp.3 | q.com.2 | q.ari.1 | q.alg.1,Làm chắc một kỹ năng lõi qua các biến thể liên tiếp của cùng một dạng. Xử lý câu phân loại mà không mất nhịp.
PL-TOA-COM-L5-003,Tốc độ · Tổ hợp & xác suất · Cấp 5,Toán,,Tổ hợp & xác suất,3,5,Tốc độ,14,12,70%,85%,176,PL-TOA-COM-L5-002,4,7,3,q.coo.1 | q.coo.2 | q.cal.1 | q.exp.2 | q.coo.3 | q.cal.2 | q.cal.3 | q.exp.3 | q.sta.3 | q.com.1 | q.com.2 | q.geo.2 | q.geo.3 | q.ari.1,Rút ngắn thời gian trên mỗi câu mà vẫn giữ được độ chính xác. Xử lý câu phân loại mà không mất nhịp.
PL-TOA-COM-L5-004,Chính xác · Tổ hợp & xác suất · Cấp 5,Toán,,Tổ hợp & xác suất,3,5,Chính xác,14,19,70%,85%,176,PL-TOA-COM-L5-003,4,7,3,q.cal.2 | q.cal.3 | q.exp.3 | q.sta.3 | q.geo.3 | q.coo.3 | q.com.1 | q.com.2 | q.ari.1 | q.alg.1 | q.seq.1 | q.coo.2 | q.cal.1 | q.exp.2,Loại bỏ lỗi ẩu và các bẫy quen thuộc trong chuyên đề. Xử lý câu phân loại mà không mất nhịp.
PL-TOA-COM-L5-005,Tổng hợp · Tổ hợp & xác suất · Cấp 5,Toán,,Tổ hợp & xác suất,3,5,Tổng hợp,14,16,70%,85%,184,PL-TOA-COM-L5-004,4,7,3,q.sta.3 | q.com.1 | q.com.2 | q.com.4 | q.exp.3 | q.ari.1 | q.alg.1 | q.seq.1 | q.geo.1 | q.coo.1 | q.coo.2 | q.sta.2 | q.exp.1 | q.sta.1,Trộn nhiều dạng trong cùng chuyên đề để rèn phản xạ nhận diện. Xử lý câu phân loại mà không mất nhịp.
PL-TOA-COM-L5-006,Ôn lại · Tổ hợp & xác suất · Cấp 5,Toán,,Tổ hợp & xác suất,3,5,Ôn lại,14,18,70%,85%,144,PL-TOA-COM-L5-005,4,7,3,q.com.4 | q.ari.1 | q.alg.1 | q.alg.4 | q.seq.1 | q.geo.1 | q.coo.1 | q.coo.2 | q.cal.1 | q.exp.2 | q.sta.2 | q.cal.4 | q.sta.4 | q.com.3,Quay lại các câu từng sai để kiến thức không phai theo thời gian. Xử lý câu phân loại mà không mất nhịp.
PL-TOA-COM-L5-007,Khởi động · Tổ hợp & xác suất · Cấp 5,Toán,,Tổ hợp & xác suất,3,5,Khởi động,14,20,70%,85%,112,PL-TOA-COM-L5-006,4,7,3,q.geo.3 | q.coo.3 | q.cal.2 | q.cal.3 | q.cal.4 | q.exp.2 | q.sta.2 | q.sta.4 | q.exp.1 | q.sta.1 | q.com.3 | q.ari.3 | q.alg.2 | q.alg.3,Nhắc lại công thức và nhận diện dạng bài trước khi vào phần nặng. Xử lý câu phân loại mà không mất nhịp.
PL-TOA-COM-L5-008,Rèn kỹ năng · Tổ hợp & xác suất · Cấp 5,Toán,,Tổ hợp & xác suất,3,5,Rèn kỹ năng,14,16,70%,85%,160,PL-TOA-COM-L5-007,4,7,3,q.coo.1 | q.coo.2 | q.cal.1 | q.cal.4 | q.sta.2 | q.exp.1 | q.sta.1 | q.com.4 | q.alg.4 | q.sta.4 | q.com.3 | q.geo.3 | q.coo.3 | q.cal.2,Làm chắc một kỹ năng lõi qua các biến thể liên tiếp của cùng một dạng. Xử lý câu phân loại mà không mất nhịp.
PL-TOA-COM-L5-009,Tốc độ · Tổ hợp & xác suất · Cấp 5,Toán,,Tổ hợp & xác suất,3,5,Tốc độ,14,12,70%,85%,176,PL-TOA-COM-L5-008,4,7,3,q.sta.1 | q.sta.3 | q.com.4 | q.alg.4 | q.com.3 | q.ari.2 | q.ari.3 | q.alg.2 | q.alg.3 | q.seq.2 | q.geo.2 | q.ari.1 | q.alg.1 | q.seq.1,Rút ngắn thời gian trên mỗi câu mà vẫn giữ được độ chính xác. Xử lý câu phân loại mà không mất nhịp.
PL-TOA-COM-L5-010,Thử thách · Tổ hợp & xác suất · Cấp 5,Toán,,Tổ hợp & xác suất,3,5,Thử thách,14,16,70%,85%,224,PL-TOA-COM-L5-009,4,7,3,q.sta.2 | q.exp.1 | q.sta.1 | q.com.4 | q.com.3 | q.ari.2 | q.ari.3 | q.alg.2 | q.alg.3 | q.seq.2 | q.geo.2 | q.alg.1 | q.seq.1 | q.geo.1,Đẩy lên mức khó hơn cấp hiện tại để chuẩn bị lên cấp. Xử lý câu phân loại mà không mất nhịp.
PL-TOA-COM-L5-011,Vượt ải · Tổ hợp & xác suất · Cấp 5,Toán,,Tổ hợp & xác suất,3,5,Vượt ải,14,16,70%,90%,288,PL-TOA-COM-L5-010,4,7,3,q.com.4 | q.alg.4 | q.cal.4 | q.sta.4 | q.geo.2 | q.geo.3 | q.coo.3 | q.cal.2 | q.cal.3 | q.exp.3 | q.sta.3 | q.exp.2 | q.sta.2 | q.exp.1,Bài kiểm tra chốt cấp độ của tuyến chuyên đề. Xử lý câu phân loại mà không mất nhịp.
PL-TOA-COM-L6-001,Khởi động · Tổ hợp & xác suất · Cấp 6,Toán,,Tổ hợp & xác suất,3,6,Khởi động,15,19,70%,85%,154,PL-TOA-COM-L5-011,4,7,4,q.com.3 | q.ari.2 | q.ari.3 | q.alg.2 | q.cal.4 | q.sta.4 | q.alg.3 | q.seq.2 | q.geo.2 | q.geo.3 | q.coo.3 | q.exp.3 | q.sta.3 | q.com.1 | q.com.2,Nhắc lại công thức và nhận diện dạng bài trước khi vào phần nặng. Tốc độ và độ chính xác của nhóm dẫn đầu phổ điểm.
PL-TOA-COM-L6-002,Rèn kỹ năng · Tổ hợp & xác suất · Cấp 6,Toán,,Tổ hợp & xác suất,3,6,Rèn kỹ năng,15,15,70%,85%,220,PL-TOA-COM-L6-001,4,7,4,q.sta.4 | q.com.3 | q.ari.2 | q.ari.3 | q.seq.2 | q.geo.2 | q.geo.3 | q.coo.3 | q.cal.2 | q.cal.3 | q.exp.3 | q.com.2 | q.ari.1 | q.alg.1 | q.seq.1,Làm chắc một kỹ năng lõi qua các biến thể liên tiếp của cùng một dạng. Tốc độ và độ chính xác của nhóm dẫn đầu phổ điểm.
PL-TOA-COM-L6-003,Tốc độ · Tổ hợp & xác suất · Cấp 6,Toán,,Tổ hợp & xác suất,3,6,Tốc độ,15,11,70%,85%,242,PL-TOA-COM-L6-002,4,7,4,q.geo.2 | q.geo.3 | q.coo.3 | q.cal.2 | q.alg.3 | q.seq.2 | q.cal.3 | q.exp.3 | q.sta.3 | q.com.1 | q.com.2 | q.seq.1 | q.geo.1 | q.coo.1 | q.coo.2,Rút ngắn thời gian trên mỗi câu mà vẫn giữ được độ chính xác. Tốc độ và độ chính xác của nhóm dẫn đầu phổ điểm.
PL-TOA-COM-L6-004,Chính xác · Tổ hợp & xác suất · Cấp 6,Toán,,Tổ hợp & xác suất,3,6,Chính xác,15,17,70%,85%,242,PL-TOA-COM-L6-003,4,7,4,q.seq.2 | q.geo.2 | q.geo.3 | q.coo.3 | q.exp.3 | q.sta.3 | q.com.1 | q.com.2 | q.ari.1 | q.alg.1 | q.seq.1 | q.coo.2 | q.cal.1 | q.exp.2 | q.sta.2,Loại bỏ lỗi ẩu và các bẫy quen thuộc trong chuyên đề. Tốc độ và độ chính xác của nhóm dẫn đầu phổ điểm.
PL-TOA-COM-L6-005,Tổng hợp · Tổ hợp & xác suất · Cấp 6,Toán,,Tổ hợp & xác suất,3,6,Tổng hợp,15,15,70%,85%,253,PL-TOA-COM-L6-004,4,7,4,q.coo.3 | q.cal.2 | q.cal.3 | q.exp.3 | q.com.2 | q.ari.1 | q.alg.1 | q.seq.1 | q.geo.1 | q.coo.1 | q.coo.2 | q.sta.2 | q.exp.1 | q.sta.1 | q.com.4,Trộn nhiều dạng trong cùng chuyên đề để rèn phản xạ nhận diện. Tốc độ và độ chính xác của nhóm dẫn đầu phổ điểm.
PL-TOA-COM-L6-006,Ôn lại · Tổ hợp & xác suất · Cấp 6,Toán,,Tổ hợp & xác suất,3,6,Ôn lại,15,17,70%,85%,198,PL-TOA-COM-L6-005,4,7,4,q.exp.3 | q.sta.3 | q.com.1 | q.com.2 | q.seq.1 | q.geo.1 | q.coo.1 | q.coo.2 | q.cal.1 | q.exp.2 | q.sta.2 | q.com.4 | q.alg.4 | q.cal.4 | q.sta.4,Quay lại các câu từng sai để kiến thức không phai theo thời gian. Tốc độ và độ chính xác của nhóm dẫn đầu phổ điểm.
PL-TOA-COM-L6-007,Thử thách · Tổ hợp & xác suất · Cấp 6,Toán,,Tổ hợp & xác suất,3,6,Thử thách,15,15,70%,85%,308,PL-TOA-COM-L6-006,4,7,4,q.com.2 | q.ari.1 | q.alg.1 | q.seq.1 | q.coo.2 | q.cal.1 | q.exp.2 | q.sta.2 | q.exp.1 | q.sta.1 | q.com.4 | q.com.3 | q.ari.2 | q.ari.3 | q.alg.2,Đẩy lên mức khó hơn cấp hiện tại để chuẩn bị lên cấp. Tốc độ và độ chính xác của nhóm dẫn đầu phổ điểm.
PL-TOA-COM-L6-008,Vượt ải · Tổ hợp & xác suất · Cấp 6,Toán,,Tổ hợp & xác suất,3,6,Vượt ải,15,14,70%,90%,396,PL-TOA-COM-L6-007,4,7,4,q.seq.1 | q.geo.1 | q.coo.1 | q.coo.2 | q.sta.2 | q.exp.1 | q.sta.1 | q.com.4 | q.alg.4 | q.cal.4 | q.sta.4 | q.geo.2 | q.geo.3 | q.coo.3 | q.cal.2,Bài kiểm tra chốt cấp độ của tuyến chuyên đề. Tốc độ và độ chính xác của nhóm dẫn đầu phổ điểm.
PL-TOA-STA-L1-001,Khởi động · Thống kê & xử lý số liệu · Cấp 1,Toán,,Thống kê & xử lý số liệu,1,1,Khởi động,8,10,70%,85%,28,,2,4,2,q.sta.1 | q.exp.1 | q.alg.1 | q.seq.1 | q.geo.1 | q.coo.1 | q.exp.2 | q.com.1,Nhắc lại công thức và nhận diện dạng bài trước khi vào phần nặng. Nhận diện dạng bài và nhớ lại công thức nền.
PL-TOA-STA-L1-002,Rèn kỹ năng · Thống kê & xử lý số liệu · Cấp 1,Toán,,Thống kê & xử lý số liệu,1,1,Rèn kỹ năng,8,8,70%,85%,40,PL-TOA-STA-L1-001,2,4,2,q.ari.1 | q.alg.1 | q.cal.1 | q.exp.2 | q.com.1 | q.com.2 | q.geo.3 | q.coo.3,Làm chắc một kỹ năng lõi qua các biến thể liên tiếp của cùng một dạng. Nhận diện dạng bài và nhớ lại công thức nền.
PL-TOA-STA-L1-003,Tốc độ · Thống kê & xử lý số liệu · Cấp 1,Toán,,Thống kê & xử lý số liệu,1,1,Tốc độ,8,6,70%,85%,44,PL-TOA-STA-L1-002,2,4,2,q.geo.1 | q.coo.1 | q.exp.2 | q.com.1 | q.com.2 | q.sta.3 | q.alg.3 | q.seq.2,Rút ngắn thời gian trên mỗi câu mà vẫn giữ được độ chính xác. Nhận diện dạng bài và nhớ lại công thức nền.
PL-TOA-STA-L1-004,Chính xác · Thống kê & xử lý số liệu · Cấp 1,Toán,,Thống kê & xử lý số liệu,1,1,Chính xác,8,9,70%,85%,44,PL-TOA-STA-L1-003,2,4,2,q.cal.1 | q.exp.2 | q.ari.2 | q.ari.3 | q.alg.2 | q.alg.3 | q.alg.4 | q.seq.1,Loại bỏ lỗi ẩu và các bẫy quen thuộc trong chuyên đề. Nhận diện dạng bài và nhớ lại công thức nền.
PL-TOA-STA-L1-005,Tổng hợp · Thống kê & xử lý số liệu · Cấp 1,Toán,,Thống kê & xử lý số liệu,1,1,Tổng hợp,8,8,70%,85%,46,PL-TOA-STA-L1-004,2,4,2,q.com.2 | q.sta.3 | q.alg.3 | q.seq.2 | q.geo.2 | q.geo.3 | q.coo.2 | q.cal.1,Trộn nhiều dạng trong cùng chuyên đề để rèn phản xạ nhận diện. Nhận diện dạng bài và nhớ lại công thức nền.
PL-TOA-STA-L1-006,Ôn lại · Thống kê & xử lý số liệu · Cấp 1,Toán,,Thống kê & xử lý số liệu,1,1,Ôn lại,8,9,70%,85%,36,PL-TOA-STA-L1-005,2,4,2,q.ari.3 | q.alg.2 | q.geo.3 | q.coo.3 | q.cal.2 | q.cal.3 | q.com.1 | q.com.2,Quay lại các câu từng sai để kiến thức không phai theo thời gian. Nhận diện dạng bài và nhớ lại công thức nền.
PL-TOA-STA-L1-007,Khởi động · Thống kê & xử lý số liệu · Cấp 1,Toán,,Thống kê & xử lý số liệu,1,1,Khởi động,8,10,70%,85%,28,PL-TOA-STA-L1-006,2,4,2,q.seq.2 | q.geo.2 | q.cal.2 | q.cal.3 | q.exp.3 | q.com.3 | q.cal.4 | q.com.4,Nhắc lại công thức và nhận diện dạng bài trước khi vào phần nặng. Nhận diện dạng bài và nhớ lại công thức nền.
PL-TOA-STA-L1-008,Rèn kỹ năng · Thống kê & xử lý số liệu · Cấp 1,Toán,,Thống kê & xử lý số liệu,1,1,Rèn kỹ năng,8,8,70%,85%,40,PL-TOA-STA-L1-007,2,4,2,q.coo.3 | q.cal.2 | q.com.3 | q.sta.4 | q.alg.4 | q.cal.4 | q.ari.2 | q.ari.3,Làm chắc một kỹ năng lõi qua các biến thể liên tiếp của cùng một dạng. Nhận diện dạng bài và nhớ lại công thức nền.
PL-TOA-STA-L1-009,Tốc độ · Thống kê & xử lý số liệu · Cấp 1,Toán,,Thống kê & xử lý số liệu,1,1,Tốc độ,8,6,70%,85%,44,PL-TOA-STA-L1-008,2,4,2,q.exp.3 | q.com.3 | q.cal.4 | q.com.4 | q.sta.1 | q.exp.1 | q.geo.1 | q.coo.1,Rút ngắn thời gian trên mỗi câu mà vẫn giữ được độ chính xác. Nhận diện dạng bài và nhớ lại công thức nền.
PL-TOA-STA-L1-010,Chính xác · Thống kê & xử lý số liệu · Cấp 1,Toán,,Thống kê & xử lý số liệu,1,1,Chính xác,8,9,70%,85%,44,PL-TOA-STA-L1-009,2,4,2,q.alg.4 | q.cal.4 | q.ari.1 | q.alg.1 | q.seq.1 | q.geo.1 | q.geo.3 | q.coo.3,Loại bỏ lỗi ẩu và các bẫy quen thuộc trong chuyên đề. Nhận diện dạng bài và nhớ lại công thức nền.
PL-TOA-STA-L1-011,Tổng hợp · Thống kê & xử lý số liệu · Cấp 1,Toán,,Thống kê & xử lý số liệu,1,1,Tổng hợp,8,8,70%,85%,46,PL-TOA-STA-L1-010,2,4,2,q.sta.1 | q.exp.1 | q.geo.1 | q.coo.1 | q.coo.2 | q.cal.1 | q.cal.3 | q.exp.3,Trộn nhiều dạng trong cùng chuyên đề để rèn phản xạ nhận diện. Nhận diện dạng bài và nhớ lại công thức nền.
PL-TOA-STA-L1-012,Thử thách · Thống kê & xử lý số liệu · Cấp 1,Toán,,Thống kê & xử lý số liệu,1,1,Thử thách,8,8,70%,85%,56,PL-TOA-STA-L1-011,2,4,2,q.seq.1 | q.geo.1 | q.geo.3 | q.coo.3 | q.cal.2 | q.cal.3 | q.sta.2 | q.ari.1,Đẩy lên mức khó hơn cấp hiện tại để chuẩn bị lên cấp. Nhận diện dạng bài và nhớ lại công thức nền.
PL-TOA-STA-L1-013,Vượt ải · Thống kê & xử lý số liệu · Cấp 1,Toán,,Thống kê & xử lý số liệu,1,1,Vượt ải,8,8,70%,90%,72,PL-TOA-STA-L1-012,2,4,2,q.coo.2 | q.cal.1 | q.cal.3 | q.exp.3 | q.com.3 | q.sta.2 | q.seq.1 | q.geo.1,Bài kiểm tra chốt cấp độ của tuyến chuyên đề. Nhận diện dạng bài và nhớ lại công thức nền.
PL-TOA-STA-L2-001,Khởi động · Thống kê & xử lý số liệu · Cấp 2,Toán,,Thống kê & xử lý số liệu,1,2,Khởi động,10,15,70%,85%,42,PL-TOA-STA-L1-013,3,5,2,q.sta.1 | q.exp.1 | q.sta.2 | q.seq.1 | q.geo.1 | q.coo.1 | q.coo.2 | q.cal.1 | q.com.2 | q.sta.3,Nhắc lại công thức và nhận diện dạng bài trước khi vào phần nặng. Làm đúng dạng chuẩn mà không cần nhìn gợi ý.
PL-TOA-STA-L2-002,Rèn kỹ năng · Thống kê & xử lý số liệu · Cấp 2,Toán,,Thống kê & xử lý số liệu,1,2,Rèn kỹ năng,10,12,70%,85%,60,PL-TOA-STA-L2-001,3,5,2,q.ari.1 | q.alg.1 | q.seq.1 | q.exp.2 | q.com.1 | q.com.2 | q.sta.1 | q.sta.3 | q.coo.3 | q.cal.2,Làm chắc một kỹ năng lõi qua các biến thể liên tiếp của cùng một dạng. Làm đúng dạng chuẩn mà không cần nhìn gợi ý.
PL-TOA-STA-L2-003,Tốc độ · Thống kê & xử lý số liệu · Cấp 2,Toán,,Thống kê & xử lý số liệu,1,2,Tốc độ,10,9,70%,85%,66,PL-TOA-STA-L2-002,3,5,2,q.geo.1 | q.coo.1 | q.coo.2 | q.com.1 | q.com.2 | q.sta.3 | q.ari.2 | q.ari.3 | q.geo.2 | q.geo.3,Rút ngắn thời gian trên mỗi câu mà vẫn giữ được độ chính xác. Làm đúng dạng chuẩn mà không cần nhìn gợi ý.
PL-TOA-STA-L2-004,Chính xác · Thống kê & xử lý số liệu · Cấp 2,Toán,,Thống kê & xử lý số liệu,1,2,Chính xác,10,13,70%,85%,66,PL-TOA-STA-L2-003,3,5,2,q.cal.1 | q.exp.2 | q.com.1 | q.ari.3 | q.alg.2 | q.alg.3 | q.seq.2 | q.geo.2 | q.seq.1 | q.geo.1,Loại bỏ lỗi ẩu và các bẫy quen thuộc trong chuyên đề. Làm đúng dạng chuẩn mà không cần nhìn gợi ý.
PL-TOA-STA-L2-005,Tổng hợp · Thống kê & xử lý số liệu · Cấp 2,Toán,,Thống kê & xử lý số liệu,1,2,Tổng hợp,10,12,70%,85%,69,PL-TOA-STA-L2-004,3,5,2,q.com.2 | q.sta.3 | q.ari.2 | q.seq.2 | q.geo.2 | q.geo.3 | q.coo.3 | q.cal.2 | q.cal.4 | q.exp.2,Trộn nhiều dạng trong cùng chuyên đề để rèn phản xạ nhận diện. Làm đúng dạng chuẩn mà không cần nhìn gợi ý.
PL-TOA-STA-L2-006,Ôn lại · Thống kê & xử lý số liệu · Cấp 2,Toán,,Thống kê & xử lý số liệu,1,2,Ôn lại,10,13,70%,85%,54,PL-TOA-STA-L2-005,3,5,2,q.ari.3 | q.alg.2 | q.alg.3 | q.coo.3 | q.cal.2 | q.cal.3 | q.exp.1 | q.exp.3 | q.com.2 | q.com.4,Quay lại các câu từng sai để kiến thức không phai theo thời gian. Làm đúng dạng chuẩn mà không cần nhìn gợi ý.
PL-TOA-STA-L2-007,Khởi động · Thống kê & xử lý số liệu · Cấp 2,Toán,,Thống kê & xử lý số liệu,1,2,Khởi động,10,15,70%,85%,42,PL-TOA-STA-L2-006,3,5,2,q.seq.2 | q.geo.2 | q.geo.3 | q.cal.3 | q.exp.3 | q.com.3 | q.sta.4 | q.alg.4 | q.sta.2 | q.ari.1,Nhắc lại công thức và nhận diện dạng bài trước khi vào phần nặng. Làm đúng dạng chuẩn mà không cần nhìn gợi ý.
PL-TOA-STA-L2-008,Rèn kỹ năng · Thống kê & xử lý số liệu · Cấp 2,Toán,,Thống kê & xử lý số liệu,1,2,Rèn kỹ năng,10,12,70%,85%,60,PL-TOA-STA-L2-007,3,5,2,q.coo.3 | q.cal.2 | q.cal.3 | q.sta.4 | q.alg.4 | q.cal.4 | q.com.4 | q.sta.2 | q.alg.2 | q.alg.3,Làm chắc một kỹ năng lõi qua các biến thể liên tiếp của cùng một dạng. Làm đúng dạng chuẩn mà không cần nhìn gợi ý.
PL-TOA-STA-L2-009,Tốc độ · Thống kê & xử lý số liệu · Cấp 2,Toán,,Thống kê & xử lý số liệu,1,2,Tốc độ,10,9,70%,85%,66,PL-TOA-STA-L2-008,3,5,2,q.exp.3 | q.com.3 | q.sta.4 | q.com.4 | q.sta.1 | q.exp.1 | q.sta.2 | q.ari.1 | q.exp.2 | q.com.1,Rút ngắn thời gian trên mỗi câu mà vẫn giữ được độ chính xác. Làm đúng dạng chuẩn mà không cần nhìn gợi ý.
PL-TOA-STA-L2-010,Chính xác · Thống kê & xử lý số liệu · Cấp 2,Toán,,Thống kê & xử lý số liệu,1,2,Chính xác,10,13,70%,85%,66,PL-TOA-STA-L2-009,3,5,2,q.alg.4 | q.cal.4 | q.com.4 | q.alg.1 | q.seq.1 | q.geo.1 | q.coo.1 | q.coo.2 | q.cal.2 | q.cal.3,Loại bỏ lỗi ẩu và các bẫy quen thuộc trong chuyên đề. Làm đúng dạng chuẩn mà không cần nhìn gợi ý.
PL-TOA-STA-L2-011,Tổng hợp · Thống kê & xử lý số liệu · Cấp 2,Toán,,Thống kê & xử lý số liệu,1,2,Tổng hợp,10,12,70%,85%,69,PL-TOA-STA-L2-010,3,5,2,q.sta.1 | q.exp.1 | q.sta.2 | q.coo.2 | q.cal.1 | q.exp.2 | q.com.1 | q.com.2 | q.com.3 | q.sta.4,Trộn nhiều dạng trong cùng chuyên đề để rèn phản xạ nhận diện. Làm đúng dạng chuẩn mà không cần nhìn gợi ý.
PL-TOA-STA-L2-012,Ôn lại · Thống kê & xử lý số liệu · Cấp 2,Toán,,Thống kê & xử lý số liệu,1,2,Ôn lại,10,13,70%,85%,54,PL-TOA-STA-L2-011,3,5,2,q.ari.1 | q.alg.1 | q.seq.1 | q.sta.1 | q.sta.3 | q.ari.2 | q.ari.3 | q.alg.2 | q.cal.1 | q.cal.4,Quay lại các câu từng sai để kiến thức không phai theo thời gian. Làm đúng dạng chuẩn mà không cần nhìn gợi ý.
PL-TOA-STA-L2-013,Khởi động · Thống kê & xử lý số liệu · Cấp 2,Toán,,Thống kê & xử lý số liệu,1,2,Khởi động,10,15,70%,85%,42,PL-TOA-STA-L2-012,3,5,2,q.geo.1 | q.coo.1 | q.coo.2 | q.ari.2 | q.ari.3 | q.alg.2 | q.alg.3 | q.seq.2 | q.sta.4 | q.alg.4,Nhắc lại công thức và nhận diện dạng bài trước khi vào phần nặng. Làm đúng dạng chuẩn mà không cần nhìn gợi ý.
PL-TOA-STA-L2-014,Rèn kỹ năng · Thống kê & xử lý số liệu · Cấp 2,Toán,,Thống kê & xử lý số liệu,1,2,Rèn kỹ năng,10,12,70%,85%,60,PL-TOA-STA-L2-013,3,5,2,q.cal.1 | q.exp.2 | q.com.1 | q.seq.2 | q.geo.2 | q.geo.3 | q.coo.3 | q.cal.2 | q.exp.1 | q.sta.3,Làm chắc một kỹ năng lõi qua các biến thể liên tiếp của cùng một dạng. Làm đúng dạng chuẩn mà không cần nhìn gợi ý.
PL-TOA-STA-L2-015,Tốc độ · Thống kê & xử lý số liệu · Cấp 2,Toán,,Thống kê & xử lý số liệu,1,2,Tốc độ,10,9,70%,85%,66,PL-TOA-STA-L2-014,3,5,2,q.com.2 | q.sta.3 | q.ari.2 | q.geo.3 | q.coo.3 | q.cal.2 | q.cal.3 | q.exp.3 | q.alg.1 | q.seq.1,Rút ngắn thời gian trên mỗi câu mà vẫn giữ được độ chính xác. Làm đúng dạng chuẩn mà không cần nhìn gợi ý.
PL-TOA-STA-L2-016,Thử thách · Thống kê & xử lý số liệu · Cấp 2,Toán,,Thống kê & xử lý số liệu,1,2,Thử thách,10,12,70%,85%,84,PL-TOA-STA-L2-015,3,5,2,q.alg.2 | q.alg.3 | q.seq.2 | q.cal.4 | q.exp.2 | q.com.1 | q.com.2 | q.com.4 | q.geo.2 | q.geo.3,Đẩy lên mức khó hơn cấp hiện tại để chuẩn bị lên cấp. Làm đúng dạng chuẩn mà không cần nhìn gợi ý.
PL-TOA-STA-L2-017,Vượt ải · Thống kê & xử lý số liệu · Cấp 2,Toán,,Thống kê & xử lý số liệu,1,2,Vượt ải,10,11,70%,90%,108,PL-TOA-STA-L2-016,3,5,2,q.geo.2 | q.geo.3 | q.coo.3 | q.com.2 | q.com.4 | q.sta.1 | q.exp.1 | q.sta.3 | q.cal.2 | q.cal.3,Bài kiểm tra chốt cấp độ của tuyến chuyên đề. Làm đúng dạng chuẩn mà không cần nhìn gợi ý.
PL-TOA-STA-L3-001,Khởi động · Thống kê & xử lý số liệu · Cấp 3,Toán,,Thống kê & xử lý số liệu,2,3,Khởi động,12,19,70%,85%,63,PL-TOA-STA-L2-017,3,6,3,q.sta.1 | q.exp.1 | q.sta.2 | q.seq.1 | q.geo.1 | q.coo.1 | q.coo.2 | q.cal.1 | q.exp.2 | q.alg.3 | q.seq.2 | q.geo.2,Nhắc lại công thức và nhận diện dạng bài trước khi vào phần nặng. Ghép nhiều bước và tránh các bẫy quen thuộc.
PL-TOA-STA-L3-002,Rèn kỹ năng · Thống kê & xử lý số liệu · Cấp 3,Toán,,Thống kê & xử lý số liệu,2,3,Rèn kỹ năng,12,15,70%,85%,90,PL-TOA-STA-L3-001,3,6,3,q.seq.1 | q.geo.1 | q.coo.1 | q.seq.2 | q.geo.2 | q.geo.3 | q.coo.3 | q.cal.2 | q.cal.3 | q.alg.2 | q.alg.3 | q.exp.3,Làm chắc một kỹ năng lõi qua các biến thể liên tiếp của cùng một dạng. Ghép nhiều bước và tránh các bẫy quen thuộc.
PL-TOA-STA-L3-003,Tốc độ · Thống kê & xử lý số liệu · Cấp 3,Toán,,Thống kê & xử lý số liệu,2,3,Tốc độ,12,11,70%,85%,99,PL-TOA-STA-L3-002,3,6,3,q.geo.1 | q.coo.1 | q.coo.2 | q.sta.1 | q.sta.3 | q.ari.2 | q.ari.3 | q.alg.2 | q.alg.3 | q.ari.1 | q.alg.1 | q.alg.4,Rút ngắn thời gian trên mỗi câu mà vẫn giữ được độ chính xác. Ghép nhiều bước và tránh các bẫy quen thuộc.
PL-TOA-STA-L3-004,Chính xác · Thống kê & xử lý số liệu · Cấp 3,Toán,,Thống kê & xử lý số liệu,2,3,Chính xác,12,17,70%,85%,99,PL-TOA-STA-L3-003,3,6,3,q.com.1 | q.com.2 | q.sta.1 | q.exp.3 | q.com.3 | q.sta.2 | q.sta.4 | q.ari.1 | q.alg.1 | q.cal.3 | q.seq.1 | q.geo.1,Loại bỏ lỗi ẩu và các bẫy quen thuộc trong chuyên đề. Ghép nhiều bước và tránh các bẫy quen thuộc.
PL-TOA-STA-L3-005,Tổng hợp · Thống kê & xử lý số liệu · Cấp 3,Toán,,Thống kê & xử lý số liệu,2,3,Tổng hợp,12,15,70%,85%,103,PL-TOA-STA-L3-004,3,6,3,q.sta.3 | q.ari.2 | q.ari.3 | q.alg.4 | q.seq.1 | q.geo.1 | q.coo.1 | q.coo.2 | q.cal.1 | q.exp.2 | q.com.1 | q.com.2,Trộn nhiều dạng trong cùng chuyên đề để rèn phản xạ nhận diện. Ghép nhiều bước và tránh các bẫy quen thuộc.
PL-TOA-STA-L3-006,Ôn lại · Thống kê & xử lý số liệu · Cấp 3,Toán,,Thống kê & xử lý số liệu,2,3,Ôn lại,12,17,70%,85%,81,PL-TOA-STA-L3-005,3,6,3,q.alg.2 | q.alg.3 | q.seq.2 | q.coo.1 | q.coo.2 | q.cal.1 | q.cal.4 | q.exp.2 | q.com.1 | q.sta.1 | q.exp.1 | q.sta.4,Quay lại các câu từng sai để kiến thức không phai theo thời gian. Ghép nhiều bước và tránh các bẫy quen thuộc.
PL-TOA-STA-L3-007,Khởi động · Thống kê & xử lý số liệu · Cấp 3,Toán,,Thống kê & xử lý số liệu,2,3,Khởi động,12,19,70%,85%,63,PL-TOA-STA-L3-006,3,6,3,q.seq.2 | q.geo.2 | q.geo.3 | q.exp.1 | q.exp.3 | q.com.3 | q.sta.4 | q.alg.4 | q.cal.4 | q.ari.2 | q.ari.3 | q.alg.2,Nhắc lại công thức và nhận diện dạng bài trước khi vào phần nặng. Ghép nhiều bước và tránh các bẫy quen thuộc.
PL-TOA-STA-L3-008,Rèn kỹ năng · Thống kê & xử lý số liệu · Cấp 3,Toán,,Thống kê & xử lý số liệu,2,3,Rèn kỹ năng,12,15,70%,85%,90,PL-TOA-STA-L3-007,3,6,3,q.cal.2 | q.cal.3 | q.exp.1 | q.com.1 | q.com.2 | q.com.4 | q.sta.1 | q.sta.3 | q.ari.2 | q.alg.2 | q.alg.3 | q.seq.2,Làm chắc một kỹ năng lõi qua các biến thể liên tiếp của cùng một dạng. Ghép nhiều bước và tránh các bẫy quen thuộc.
PL-TOA-STA-L3-009,Tốc độ · Thống kê & xử lý số liệu · Cấp 3,Toán,,Thống kê & xử lý số liệu,2,3,Tốc độ,12,11,70%,85%,99,PL-TOA-STA-L3-008,3,6,3,q.exp.3 | q.com.3 | q.sta.4 | q.com.4 | q.sta.2 | q.ari.1 | q.alg.1 | q.seq.1 | q.geo.1 | q.geo.3 | q.coo.3 | q.cal.2,Rút ngắn thời gian trên mỗi câu mà vẫn giữ được độ chính xác. Ghép nhiều bước và tránh các bẫy quen thuộc.
PL-TOA-STA-L3-010,Chính xác · Thống kê & xử lý số liệu · Cấp 3,Toán,,Thống kê & xử lý số liệu,2,3,Chính xác,12,17,70%,85%,99,PL-TOA-STA-L3-009,3,6,3,q.alg.4 | q.cal.4 | q.com.4 | q.ari.3 | q.alg.2 | q.alg.3 | q.seq.2 | q.geo.2 | q.geo.3 | q.alg.1 | q.seq.1 | q.geo.1,Loại bỏ lỗi ẩu và các bẫy quen thuộc trong chuyên đề. Ghép nhiều bước và tránh các bẫy quen thuộc.
PL-TOA-STA-L3-011,Tổng hợp · Thống kê & xử lý số liệu · Cấp 3,Toán,,Thống kê & xử lý số liệu,2,3,Tổng hợp,12,15,70%,85%,103,PL-TOA-STA-L3-010,3,6,3,q.sta.2 | q.ari.1 | q.alg.1 | q.seq.2 | q.geo.2 | q.geo.3 | q.coo.3 | q.cal.2 | q.cal.3 | q.coo.1 | q.coo.2 | q.cal.1,Trộn nhiều dạng trong cùng chuyên đề để rèn phản xạ nhận diện. Ghép nhiều bước và tránh các bẫy quen thuộc.
PL-TOA-STA-L3-012,Ôn lại · Thống kê & xử lý số liệu · Cấp 3,Toán,,Thống kê & xử lý số liệu,2,3,Ôn lại,12,17,70%,85%,81,PL-TOA-STA-L3-011,3,6,3,q.seq.1 | q.geo.1 | q.coo.1 | q.coo.3 | q.cal.2 | q.cal.3 | q.exp.3 | q.com.3 | q.sta.2 | q.exp.2 | q.com.1 | q.com.2,Quay lại các câu từng sai để kiến thức không phai theo thời gian. Ghép nhiều bước và tránh các bẫy quen thuộc.
PL-TOA-STA-L3-013,Khởi động · Thống kê & xử lý số liệu · Cấp 3,Toán,,Thống kê & xử lý số liệu,2,3,Khởi động,12,19,70%,85%,63,PL-TOA-STA-L3-012,3,6,3,q.geo.1 | q.coo.1 | q.coo.2 | q.ari.3 | q.alg.2 | q.alg.3 | q.seq.2 | q.geo.2 | q.geo.3 | q.sta.1 | q.exp.1 | q.sta.3,Nhắc lại công thức và nhận diện dạng bài trước khi vào phần nặng. Ghép nhiều bước và tránh các bẫy quen thuộc.
PL-TOA-STA-L3-014,Rèn kỹ năng · Thống kê & xử lý số liệu · Cấp 3,Toán,,Thống kê & xử lý số liệu,2,3,Rèn kỹ năng,12,15,70%,85%,90,PL-TOA-STA-L3-013,3,6,3,q.com.1 | q.com.2 | q.sta.1 | q.sta.4 | q.ari.1 | q.alg.1 | q.alg.4 | q.seq.1 | q.geo.1 | q.com.4 | q.sta.3 | q.ari.2,Làm chắc một kỹ năng lõi qua các biến thể liên tiếp của cùng một dạng. Ghép nhiều bước và tránh các bẫy quen thuộc.
PL-TOA-STA-L3-015,Tốc độ · Thống kê & xử lý số liệu · Cấp 3,Toán,,Thống kê & xử lý số liệu,2,3,Tốc độ,12,11,70%,85%,99,PL-TOA-STA-L3-014,3,6,3,q.com.2 | q.sta.3 | q.ari.2 | q.coo.3 | q.cal.2 | q.cal.3 | q.exp.1 | q.exp.3 | q.com.3 | q.geo.2 | q.geo.3 | q.sta.2,Rút ngắn thời gian trên mỗi câu mà vẫn giữ được độ chính xác. Ghép nhiều bước và tránh các bẫy quen thuộc.
PL-TOA-STA-L3-016,Chính xác · Thống kê & xử lý số liệu · Cấp 3,Toán,,Thống kê & xử lý số liệu,2,3,Chính xác,12,17,70%,85%,99,PL-TOA-STA-L3-015,3,6,3,q.alg.2 | q.alg.3 | q.seq.2 | q.cal.4 | q.exp.2 | q.com.1 | q.com.2 | q.com.4 | q.sta.1 | q.coo.3 | q.cal.2 | q.cal.3,Loại bỏ lỗi ẩu và các bẫy quen thuộc trong chuyên đề. Ghép nhiều bước và tránh các bẫy quen thuộc.
PL-TOA-STA-L3-017,Tổng hợp · Thống kê & xử lý số liệu · Cấp 3,Toán,,Thống kê & xử lý số liệu,2,3,Tổng hợp,12,15,70%,85%,103,PL-TOA-STA-L3-016,3,6,3,q.geo.2 | q.geo.3 | q.coo.3 | q.com.2 | q.com.4 | q.sta.1 | q.exp.1 | q.sta.3 | q.ari.2 | q.com.3 | q.sta.2 | q.ari.1,Trộn nhiều dạng trong cùng chuyên đề để rèn phản xạ nhận diện. Ghép nhiều bước và tránh các bẫy quen thuộc.
PL-TOA-STA-L3-018,Thử thách · Thống kê & xử lý số liệu · Cấp 3,Toán,,Thống kê & xử lý số liệu,2,3,Thử thách,12,15,70%,85%,126,PL-TOA-STA-L3-017,3,6,3,q.coo.2 | q.cal.1 | q.cal.4 | q.exp.1 | q.sta.4 | q.alg.4 | q.com.4 | q.sta.3 | q.ari.2 | q.alg.1 | q.seq.1 | q.geo.1,Đẩy lên mức khó hơn cấp hiện tại để chuẩn bị lên cấp. Ghép nhiều bước và tránh các bẫy quen thuộc.
PL-TOA-STA-L3-019,Vượt ải · Thống kê & xử lý số liệu · Cấp 3,Toán,,Thống kê & xử lý số liệu,2,3,Vượt ải,12,14,70%,90%,162,PL-TOA-STA-L3-018,3,6,3,q.exp.2 | q.com.1 | q.com.2 | q.cal.4 | q.com.4 | q.sta.3 | q.ari.2 | q.ari.3 | q.alg.2 | q.coo.1 | q.coo.2 | q.cal.1,Bài kiểm tra chốt cấp độ của tuyến chuyên đề. Ghép nhiều bước và tránh các bẫy quen thuộc.
PL-TOA-STA-L4-001,Khởi động · Thống kê & xử lý số liệu · Cấp 4,Toán,,Thống kê & xử lý số liệu,2,4,Khởi động,12,16,70%,85%,84,PL-TOA-STA-L3-019,3,6,3,q.sta.1 | q.exp.1 | q.sta.2 | q.seq.1 | q.geo.1 | q.coo.1 | q.coo.2 | q.cal.1 | q.exp.2 | q.alg.3 | q.seq.2 | q.geo.2,Nhắc lại công thức và nhận diện dạng bài trước khi vào phần nặng. Giữ độ chính xác khi thời gian bắt đầu siết lại.
PL-TOA-STA-L4-002,Rèn kỹ năng · Thống kê & xử lý số liệu · Cấp 4,Toán,,Thống kê & xử lý số liệu,2,4,Rèn kỹ năng,12,13,70%,85%,120,PL-TOA-STA-L4-001,3,6,3,q.seq.1 | q.geo.1 | q.coo.1 | q.seq.2 | q.geo.2 | q.geo.3 | q.coo.3 | q.cal.2 | q.cal.3 | q.alg.2 | q.alg.3 | q.exp.3,Làm chắc một kỹ năng lõi qua các biến thể liên tiếp của cùng một dạng. Giữ độ chính xác khi thời gian bắt đầu siết lại.
PL-TOA-STA-L4-003,Tốc độ · Thống kê & xử lý số liệu · Cấp 4,Toán,,Thống kê & xử lý số liệu,2,4,Tốc độ,12,10,70%,85%,132,PL-TOA-STA-L4-002,3,6,3,q.geo.1 | q.coo.1 | q.coo.2 | q.sta.1 | q.sta.3 | q.ari.2 | q.ari.3 | q.alg.2 | q.alg.3 | q.ari.1 | q.alg.1 | q.alg.4,Rút ngắn thời gian trên mỗi câu mà vẫn giữ được độ chính xác. Giữ độ chính xác khi thời gian bắt đầu siết lại.
PL-TOA-STA-L4-004,Chính xác · Thống kê & xử lý số liệu · Cấp 4,Toán,,Thống kê & xử lý số liệu,2,4,Chính xác,12,15,70%,85%,132,PL-TOA-STA-L4-003,3,6,3,q.com.1 | q.com.2 | q.sta.1 | q.exp.3 | q.com.3 | q.sta.2 | q.sta.4 | q.ari.1 | q.alg.1 | q.cal.3 | q.seq.1 | q.geo.1,Loại bỏ lỗi ẩu và các bẫy quen thuộc trong chuyên đề. Giữ độ chính xác khi thời gian bắt đầu siết lại.
PL-TOA-STA-L4-005,Tổng hợp · Thống kê & xử lý số liệu · Cấp 4,Toán,,Thống kê & xử lý số liệu,2,4,Tổng hợp,12,13,70%,85%,138,PL-TOA-STA-L4-004,3,6,3,q.sta.3 | q.ari.2 | q.ari.3 | q.alg.4 | q.seq.1 | q.geo.1 | q.coo.1 | q.coo.2 | q.cal.1 | q.exp.2 | q.com.1 | q.com.2,Trộn nhiều dạng trong cùng chuyên đề để rèn phản xạ nhận diện. Giữ độ chính xác khi thời gian bắt đầu siết lại.
PL-TOA-STA-L4-006,Ôn lại · Thống kê & xử lý số liệu · Cấp 4,Toán,,Thống kê & xử lý số liệu,2,4,Ôn lại,12,14,70%,85%,108,PL-TOA-STA-L4-005,3,6,3,q.alg.2 | q.alg.3 | q.seq.2 | q.coo.1 | q.coo.2 | q.cal.1 | q.cal.4 | q.exp.2 | q.com.1 | q.sta.1 | q.exp.1 | q.sta.4,Quay lại các câu từng sai để kiến thức không phai theo thời gian. Giữ độ chính xác khi thời gian bắt đầu siết lại.
PL-TOA-STA-L4-007,Khởi động · Thống kê & xử lý số liệu · Cấp 4,Toán,,Thống kê & xử lý số liệu,2,4,Khởi động,12,16,70%,85%,84,PL-TOA-STA-L4-006,3,6,3,q.seq.2 | q.geo.2 | q.geo.3 | q.exp.1 | q.exp.3 | q.com.3 | q.sta.4 | q.alg.4 | q.cal.4 | q.ari.2 | q.ari.3 | q.alg.2,Nhắc lại công thức và nhận diện dạng bài trước khi vào phần nặng. Giữ độ chính xác khi thời gian bắt đầu siết lại.
PL-TOA-STA-L4-008,Rèn kỹ năng · Thống kê & xử lý số liệu · Cấp 4,Toán,,Thống kê & xử lý số liệu,2,4,Rèn kỹ năng,12,13,70%,85%,120,PL-TOA-STA-L4-007,3,6,3,q.cal.2 | q.cal.3 | q.exp.1 | q.com.1 | q.com.2 | q.com.4 | q.sta.1 | q.sta.3 | q.ari.2 | q.alg.2 | q.alg.3 | q.seq.2,Làm chắc một kỹ năng lõi qua các biến thể liên tiếp của cùng một dạng. Giữ độ chính xác khi thời gian bắt đầu siết lại.
PL-TOA-STA-L4-009,Tốc độ · Thống kê & xử lý số liệu · Cấp 4,Toán,,Thống kê & xử lý số liệu,2,4,Tốc độ,12,10,70%,85%,132,PL-TOA-STA-L4-008,3,6,3,q.exp.3 | q.com.3 | q.sta.4 | q.com.4 | q.sta.2 | q.ari.1 | q.alg.1 | q.seq.1 | q.geo.1 | q.geo.3 | q.coo.3 | q.cal.2,Rút ngắn thời gian trên mỗi câu mà vẫn giữ được độ chính xác. Giữ độ chính xác khi thời gian bắt đầu siết lại.
PL-TOA-STA-L4-010,Chính xác · Thống kê & xử lý số liệu · Cấp 4,Toán,,Thống kê & xử lý số liệu,2,4,Chính xác,12,15,70%,85%,132,PL-TOA-STA-L4-009,3,6,3,q.alg.4 | q.cal.4 | q.com.4 | q.ari.3 | q.alg.2 | q.alg.3 | q.seq.2 | q.geo.2 | q.geo.3 | q.alg.1 | q.seq.1 | q.geo.1,Loại bỏ lỗi ẩu và các bẫy quen thuộc trong chuyên đề. Giữ độ chính xác khi thời gian bắt đầu siết lại.
PL-TOA-STA-L4-011,Tổng hợp · Thống kê & xử lý số liệu · Cấp 4,Toán,,Thống kê & xử lý số liệu,2,4,Tổng hợp,12,13,70%,85%,138,PL-TOA-STA-L4-010,3,6,3,q.sta.2 | q.ari.1 | q.alg.1 | q.seq.2 | q.geo.2 | q.geo.3 | q.coo.3 | q.cal.2 | q.cal.3 | q.coo.1 | q.coo.2 | q.cal.1,Trộn nhiều dạng trong cùng chuyên đề để rèn phản xạ nhận diện. Giữ độ chính xác khi thời gian bắt đầu siết lại.
PL-TOA-STA-L4-012,Ôn lại · Thống kê & xử lý số liệu · Cấp 4,Toán,,Thống kê & xử lý số liệu,2,4,Ôn lại,12,14,70%,85%,108,PL-TOA-STA-L4-011,3,6,3,q.seq.1 | q.geo.1 | q.coo.1 | q.coo.3 | q.cal.2 | q.cal.3 | q.exp.3 | q.com.3 | q.sta.2 | q.exp.2 | q.com.1 | q.com.2,Quay lại các câu từng sai để kiến thức không phai theo thời gian. Giữ độ chính xác khi thời gian bắt đầu siết lại.
PL-TOA-STA-L4-013,Khởi động · Thống kê & xử lý số liệu · Cấp 4,Toán,,Thống kê & xử lý số liệu,2,4,Khởi động,12,16,70%,85%,84,PL-TOA-STA-L4-012,3,6,3,q.geo.1 | q.coo.1 | q.coo.2 | q.ari.3 | q.alg.2 | q.alg.3 | q.seq.2 | q.geo.2 | q.geo.3 | q.sta.1 | q.exp.1 | q.sta.3,Nhắc lại công thức và nhận diện dạng bài trước khi vào phần nặng. Giữ độ chính xác khi thời gian bắt đầu siết lại.
PL-TOA-STA-L4-014,Rèn kỹ năng · Thống kê & xử lý số liệu · Cấp 4,Toán,,Thống kê & xử lý số liệu,2,4,Rèn kỹ năng,12,13,70%,85%,120,PL-TOA-STA-L4-013,3,6,3,q.com.1 | q.com.2 | q.sta.1 | q.sta.4 | q.ari.1 | q.alg.1 | q.alg.4 | q.seq.1 | q.geo.1 | q.com.4 | q.sta.3 | q.ari.2,Làm chắc một kỹ năng lõi qua các biến thể liên tiếp của cùng một dạng. Giữ độ chính xác khi thời gian bắt đầu siết lại.
PL-TOA-STA-L4-015,Tốc độ · Thống kê & xử lý số liệu · Cấp 4,Toán,,Thống kê & xử lý số liệu,2,4,Tốc độ,12,10,70%,85%,132,PL-TOA-STA-L4-014,3,6,3,q.com.2 | q.sta.3 | q.ari.2 | q.coo.3 | q.cal.2 | q.cal.3 | q.exp.1 | q.exp.3 | q.com.3 | q.geo.2 | q.geo.3 | q.sta.2,Rút ngắn thời gian trên mỗi câu mà vẫn giữ được độ chính xác. Giữ độ chính xác khi thời gian bắt đầu siết lại.
PL-TOA-STA-L4-016,Chính xác · Thống kê & xử lý số liệu · Cấp 4,Toán,,Thống kê & xử lý số liệu,2,4,Chính xác,12,15,70%,85%,132,PL-TOA-STA-L4-015,3,6,3,q.alg.2 | q.alg.3 | q.seq.2 | q.cal.4 | q.exp.2 | q.com.1 | q.com.2 | q.com.4 | q.sta.1 | q.coo.3 | q.cal.2 | q.cal.3,Loại bỏ lỗi ẩu và các bẫy quen thuộc trong chuyên đề. Giữ độ chính xác khi thời gian bắt đầu siết lại.
PL-TOA-STA-L4-017,Tổng hợp · Thống kê & xử lý số liệu · Cấp 4,Toán,,Thống kê & xử lý số liệu,2,4,Tổng hợp,12,13,70%,85%,138,PL-TOA-STA-L4-016,3,6,3,q.geo.2 | q.geo.3 | q.coo.3 | q.com.2 | q.com.4 | q.sta.1 | q.exp.1 | q.sta.3 | q.ari.2 | q.com.3 | q.sta.2 | q.ari.1,Trộn nhiều dạng trong cùng chuyên đề để rèn phản xạ nhận diện. Giữ độ chính xác khi thời gian bắt đầu siết lại.
PL-TOA-STA-L4-018,Thử thách · Thống kê & xử lý số liệu · Cấp 4,Toán,,Thống kê & xử lý số liệu,2,4,Thử thách,12,13,70%,85%,168,PL-TOA-STA-L4-017,3,6,3,q.coo.2 | q.cal.1 | q.cal.4 | q.exp.1 | q.sta.4 | q.alg.4 | q.com.4 | q.sta.3 | q.ari.2 | q.alg.1 | q.seq.1 | q.geo.1,Đẩy lên mức khó hơn cấp hiện tại để chuẩn bị lên cấp. Giữ độ chính xác khi thời gian bắt đầu siết lại.
PL-TOA-STA-L4-019,Vượt ải · Thống kê & xử lý số liệu · Cấp 4,Toán,,Thống kê & xử lý số liệu,2,4,Vượt ải,12,12,70%,90%,216,PL-TOA-STA-L4-018,3,6,3,q.exp.2 | q.com.1 | q.com.2 | q.cal.4 | q.com.4 | q.sta.3 | q.ari.2 | q.ari.3 | q.alg.2 | q.coo.1 | q.coo.2 | q.cal.1,Bài kiểm tra chốt cấp độ của tuyến chuyên đề. Giữ độ chính xác khi thời gian bắt đầu siết lại.
PL-TOA-STA-L5-001,Khởi động · Thống kê & xử lý số liệu · Cấp 5,Toán,,Thống kê & xử lý số liệu,3,5,Khởi động,14,20,70%,85%,112,PL-TOA-STA-L4-019,4,7,3,q.sta.2 | q.ari.1 | q.alg.1 | q.seq.1 | q.ari.3 | q.alg.2 | q.alg.3 | q.seq.2 | q.geo.2 | q.geo.3 | q.coo.3 | q.sta.3 | q.ari.2 | q.cal.2,Nhắc lại công thức và nhận diện dạng bài trước khi vào phần nặng. Xử lý câu phân loại mà không mất nhịp.
PL-TOA-STA-L5-002,Rèn kỹ năng · Thống kê & xử lý số liệu · Cấp 5,Toán,,Thống kê & xử lý số liệu,3,5,Rèn kỹ năng,14,16,70%,85%,160,PL-TOA-STA-L5-001,4,7,3,q.alg.2 | q.alg.3 | q.seq.2 | q.geo.2 | q.ari.2 | q.ari.3 | q.geo.3 | q.coo.3 | q.cal.2 | q.cal.3 | q.exp.3 | q.ari.1 | q.alg.1 | q.seq.1,Làm chắc một kỹ năng lõi qua các biến thể liên tiếp của cùng một dạng. Xử lý câu phân loại mà không mất nhịp.
PL-TOA-STA-L5-003,Tốc độ · Thống kê & xử lý số liệu · Cấp 5,Toán,,Thống kê & xử lý số liệu,3,5,Tốc độ,14,12,70%,85%,176,PL-TOA-STA-L5-002,4,7,3,q.coo.2 | q.cal.1 | q.exp.2 | q.com.1 | q.coo.3 | q.cal.2 | q.cal.3 | q.exp.3 | q.com.3 | q.sta.2 | q.sta.4 | q.geo.3 | q.ari.1 | q.alg.1,Rút ngắn thời gian trên mỗi câu mà vẫn giữ được độ chính xác. Xử lý câu phân loại mà không mất nhịp.
PL-TOA-STA-L5-004,Chính xác · Thống kê & xử lý số liệu · Cấp 5,Toán,,Thống kê & xử lý số liệu,3,5,Chính xác,14,19,70%,85%,176,PL-TOA-STA-L5-003,4,7,3,q.cal.2 | q.cal.3 | q.exp.3 | q.com.3 | q.geo.3 | q.coo.3 | q.sta.2 | q.ari.1 | q.alg.1 | q.seq.1 | q.geo.1 | q.cal.1 | q.exp.2 | q.com.1,Loại bỏ lỗi ẩu và các bẫy quen thuộc trong chuyên đề. Xử lý câu phân loại mà không mất nhịp.
PL-TOA-STA-L5-005,Tổng hợp · Thống kê & xử lý số liệu · Cấp 5,Toán,,Thống kê & xử lý số liệu,3,5,Tổng hợp,14,16,70%,85%,184,PL-TOA-STA-L5-004,4,7,3,q.com.3 | q.sta.2 | q.sta.4 | q.ari.1 | q.exp.3 | q.alg.1 | q.seq.1 | q.geo.1 | q.coo.1 | q.coo.2 | q.cal.1 | q.com.2 | q.sta.1 | q.exp.1,Trộn nhiều dạng trong cùng chuyên đề để rèn phản xạ nhận diện. Xử lý câu phân loại mà không mất nhịp.
PL-TOA-STA-L5-006,Ôn lại · Thống kê & xử lý số liệu · Cấp 5,Toán,,Thống kê & xử lý số liệu,3,5,Ôn lại,14,18,70%,85%,144,PL-TOA-STA-L5-005,4,7,3,q.ari.1 | q.alg.1 | q.alg.4 | q.seq.1 | q.geo.1 | q.coo.1 | q.coo.2 | q.cal.1 | q.exp.2 | q.com.1 | q.com.2 | q.sta.4 | q.cal.4 | q.com.4,Quay lại các câu từng sai để kiến thức không phai theo thời gian. Xử lý câu phân loại mà không mất nhịp.
PL-TOA-STA-L5-007,Khởi động · Thống kê & xử lý số liệu · Cấp 5,Toán,,Thống kê & xử lý số liệu,3,5,Khởi động,14,20,70%,85%,112,PL-TOA-STA-L5-006,4,7,3,q.geo.2 | q.geo.3 | q.coo.3 | q.cal.2 | q.exp.2 | q.com.1 | q.com.2 | q.com.4 | q.sta.1 | q.exp.1 | q.sta.3 | q.ari.2 | q.ari.3 | q.alg.2,Nhắc lại công thức và nhận diện dạng bài trước khi vào phần nặng. Xử lý câu phân loại mà không mất nhịp.
PL-TOA-STA-L5-008,Rèn kỹ năng · Thống kê & xử lý số liệu · Cấp 5,Toán,,Thống kê & xử lý số liệu,3,5,Rèn kỹ năng,14,16,70%,85%,160,PL-TOA-STA-L5-007,4,7,3,q.coo.2 | q.cal.1 | q.cal.4 | q.exp.2 | q.com.2 | q.sta.1 | q.exp.1 | q.sta.4 | q.alg.4 | q.com.4 | q.sta.3 | q.geo.3 | q.coo.3 | q.cal.2,Làm chắc một kỹ năng lõi qua các biến thể liên tiếp của cùng một dạng. Xử lý câu phân loại mà không mất nhịp.
PL-TOA-STA-L5-009,Tốc độ · Thống kê & xử lý số liệu · Cấp 5,Toán,,Thống kê & xử lý số liệu,3,5,Tốc độ,14,12,70%,85%,176,PL-TOA-STA-L5-008,4,7,3,q.exp.3 | q.com.3 | q.sta.4 | q.alg.4 | q.sta.3 | q.ari.2 | q.ari.3 | q.alg.2 | q.alg.3 | q.seq.2 | q.geo.2 | q.seq.1 | q.geo.1 | q.coo.1,Rút ngắn thời gian trên mỗi câu mà vẫn giữ được độ chính xác. Xử lý câu phân loại mà không mất nhịp.
PL-TOA-STA-L5-010,Chính xác · Thống kê & xử lý số liệu · Cấp 5,Toán,,Thống kê & xử lý số liệu,3,5,Chính xác,14,19,70%,85%,176,PL-TOA-STA-L5-009,4,7,3,q.com.4 | q.sta.1 | q.exp.1 | q.sta.3 | q.ari.2 | q.ari.3 | q.alg.2 | q.alg.3 | q.seq.2 | q.geo.2 | q.geo.3 | q.geo.1 | q.coo.1 | q.coo.2,Loại bỏ lỗi ẩu và các bẫy quen thuộc trong chuyên đề. Xử lý câu phân loại mà không mất nhịp.
PL-TOA-STA-L5-011,Tổng hợp · Thống kê & xử lý số liệu · Cấp 5,Toán,,Thống kê & xử lý số liệu,3,5,Tổng hợp,14,16,70%,85%,184,PL-TOA-STA-L5-010,4,7,3,q.sta.3 | q.ari.2 | q.ari.3 | q.alg.2 | q.geo.2 | q.geo.3 | q.coo.3 | q.cal.2 | q.cal.3 | q.exp.3 | q.com.3 | q.com.1 | q.com.2 | q.sta.1,Trộn nhiều dạng trong cùng chuyên đề để rèn phản xạ nhận diện. Xử lý câu phân loại mà không mất nhịp.
PL-TOA-STA-L5-012,Ôn lại · Thống kê & xử lý số liệu · Cấp 5,Toán,,Thống kê & xử lý số liệu,3,5,Ôn lại,14,18,70%,85%,144,PL-TOA-STA-L5-011,4,7,3,q.alg.2 | q.alg.3 | q.seq.2 | q.geo.2 | q.cal.2 | q.cal.3 | q.exp.3 | q.com.3 | q.sta.2 | q.ari.1 | q.alg.1 | q.exp.1 | q.sta.4 | q.alg.4,Quay lại các câu từng sai để kiến thức không phai theo thời gian. Xử lý câu phân loại mà không mất nhịp.
PL-TOA-STA-L5-013,Khởi động · Thống kê & xử lý số liệu · Cấp 5,Toán,,Thống kê & xử lý số liệu,3,5,Khởi động,14,20,70%,85%,112,PL-TOA-STA-L5-012,4,7,3,q.coo.2 | q.cal.1 | q.exp.2 | q.com.1 | q.com.3 | q.sta.2 | q.sta.4 | q.ari.1 | q.alg.1 | q.alg.4 | q.seq.1 | q.sta.3 | q.ari.2 | q.ari.3,Nhắc lại công thức và nhận diện dạng bài trước khi vào phần nặng. Xử lý câu phân loại mà không mất nhịp.
PL-TOA-STA-L5-014,Thử thách · Thống kê & xử lý số liệu · Cấp 5,Toán,,Thống kê & xử lý số liệu,3,5,Thử thách,14,16,70%,85%,224,PL-TOA-STA-L5-013,4,7,3,q.seq.2 | q.geo.2 | q.geo.3 | q.coo.3 | q.alg.1 | q.seq.1 | q.geo.1 | q.coo.1 | q.coo.2 | q.cal.1 | q.exp.2 | q.ari.2 | q.ari.3 | q.alg.2,Đẩy lên mức khó hơn cấp hiện tại để chuẩn bị lên cấp. Xử lý câu phân loại mà không mất nhịp.
PL-TOA-STA-L5-015,Vượt ải · Thống kê & xử lý số liệu · Cấp 5,Toán,,Thống kê & xử lý số liệu,3,5,Vượt ải,14,16,70%,90%,288,PL-TOA-STA-L5-014,4,7,3,q.coo.3 | q.cal.2 | q.cal.3 | q.exp.3 | q.coo.1 | q.coo.2 | q.cal.1 | q.exp.2 | q.com.1 | q.com.2 | q.sta.1 | q.alg.3 | q.seq.2 | q.geo.2,Bài kiểm tra chốt cấp độ của tuyến chuyên đề. Xử lý câu phân loại mà không mất nhịp.
PL-TOA-STA-L6-001,Khởi động · Thống kê & xử lý số liệu · Cấp 6,Toán,,Thống kê & xử lý số liệu,3,6,Khởi động,15,19,70%,85%,154,PL-TOA-STA-L5-015,4,7,4,q.sta.3 | q.ari.2 | q.ari.3 | q.alg.2 | q.cal.4 | q.com.4 | q.alg.3 | q.seq.2 | q.geo.2 | q.geo.3 | q.coo.3 | q.exp.3 | q.com.3 | q.sta.2 | q.ari.1,Nhắc lại công thức và nhận diện dạng bài trước khi vào phần nặng. Tốc độ và độ chính xác của nhóm dẫn đầu phổ điểm.
PL-TOA-STA-L6-002,Rèn kỹ năng · Thống kê & xử lý số liệu · Cấp 6,Toán,,Thống kê & xử lý số liệu,3,6,Rèn kỹ năng,15,15,70%,85%,220,PL-TOA-STA-L6-001,4,7,4,q.com.4 | q.sta.3 | q.ari.2 | q.ari.3 | q.seq.2 | q.geo.2 | q.geo.3 | q.coo.3 | q.cal.2 | q.cal.3 | q.exp.3 | q.ari.1 | q.alg.1 | q.seq.1 | q.geo.1,Làm chắc một kỹ năng lõi qua các biến thể liên tiếp của cùng một dạng. Tốc độ và độ chính xác của nhóm dẫn đầu phổ điểm.
PL-TOA-STA-L6-003,Tốc độ · Thống kê & xử lý số liệu · Cấp 6,Toán,,Thống kê & xử lý số liệu,3,6,Tốc độ,15,11,70%,85%,242,PL-TOA-STA-L6-002,4,7,4,q.geo.2 | q.geo.3 | q.coo.3 | q.cal.2 | q.alg.3 | q.seq.2 | q.cal.3 | q.exp.3 | q.com.3 | q.sta.2 | q.ari.1 | q.geo.1 | q.coo.1 | q.coo.2 | q.cal.1,Rút ngắn thời gian trên mỗi câu mà vẫn giữ được độ chính xác. Tốc độ và độ chính xác của nhóm dẫn đầu phổ điểm.
PL-TOA-STA-L6-004,Chính xác · Thống kê & xử lý số liệu · Cấp 6,Toán,,Thống kê & xử lý số liệu,3,6,Chính xác,15,17,70%,85%,242,PL-TOA-STA-L6-003,4,7,4,q.seq.2 | q.geo.2 | q.geo.3 | q.coo.3 | q.exp.3 | q.com.3 | q.sta.2 | q.ari.1 | q.alg.1 | q.seq.1 | q.geo.1 | q.cal.1 | q.exp.2 | q.com.1 | q.com.2,Loại bỏ lỗi ẩu và các bẫy quen thuộc trong chuyên đề. Tốc độ và độ chính xác của nhóm dẫn đầu phổ điểm.
PL-TOA-STA-L6-005,Tổng hợp · Thống kê & xử lý số liệu · Cấp 6,Toán,,Thống kê & xử lý số liệu,3,6,Tổng hợp,15,15,70%,85%,253,PL-TOA-STA-L6-004,4,7,4,q.coo.3 | q.cal.2 | q.cal.3 | q.exp.3 | q.ari.1 | q.alg.1 | q.seq.1 | q.geo.1 | q.coo.1 | q.coo.2 | q.cal.1 | q.com.2 | q.sta.1 | q.exp.1 | q.sta.4,Trộn nhiều dạng trong cùng chuyên đề để rèn phản xạ nhận diện. Tốc độ và độ chính xác của nhóm dẫn đầu phổ điểm.
PL-TOA-STA-L6-006,Ôn lại · Thống kê & xử lý số liệu · Cấp 6,Toán,,Thống kê & xử lý số liệu,3,6,Ôn lại,15,17,70%,85%,198,PL-TOA-STA-L6-005,4,7,4,q.exp.3 | q.com.3 | q.sta.2 | q.ari.1 | q.geo.1 | q.coo.1 | q.coo.2 | q.cal.1 | q.exp.2 | q.com.1 | q.com.2 | q.sta.4 | q.alg.4 | q.cal.4 | q.com.4,Quay lại các câu từng sai để kiến thức không phai theo thời gian. Tốc độ và độ chính xác của nhóm dẫn đầu phổ điểm.
PL-TOA-STA-L6-007,Khởi động · Thống kê & xử lý số liệu · Cấp 6,Toán,,Thống kê & xử lý số liệu,3,6,Khởi động,15,19,70%,85%,154,PL-TOA-STA-L6-006,4,7,4,q.seq.1 | q.geo.1 | q.coo.1 | q.coo.2 | q.cal.1 | q.exp.2 | q.com.1 | q.com.2 | q.sta.1 | q.exp.1 | q.sta.4 | q.sta.3 | q.ari.2 | q.ari.3 | q.alg.2,Nhắc lại công thức và nhận diện dạng bài trước khi vào phần nặng. Tốc độ và độ chính xác của nhóm dẫn đầu phổ điểm.
PL-TOA-STA-L6-008,Rèn kỹ năng · Thống kê & xử lý số liệu · Cấp 6,Toán,,Thống kê & xử lý số liệu,3,6,Rèn kỹ năng,15,15,70%,85%,220,PL-TOA-STA-L6-007,4,7,4,q.geo.1 | q.coo.1 | q.coo.2 | q.cal.1 | q.com.2 | q.sta.1 | q.exp.1 | q.sta.4 | q.alg.4 | q.cal.4 | q.com.4 | q.geo.2 | q.geo.3 | q.coo.3 | q.cal.2,Làm chắc một kỹ năng lõi qua các biến thể liên tiếp của cùng một dạng. Tốc độ và độ chính xác của nhóm dẫn đầu phổ điểm.
PL-TOA-STA-L6-009,Tốc độ · Thống kê & xử lý số liệu · Cấp 6,Toán,,Thống kê & xử lý số liệu,3,6,Tốc độ,15,11,70%,85%,242,PL-TOA-STA-L6-008,4,7,4,q.exp.2 | q.com.1 | q.com.2 | q.com.4 | q.sta.4 | q.alg.4 | q.cal.4 | q.sta.3 | q.ari.2 | q.ari.3 | q.alg.2 | q.sta.2 | q.ari.1 | q.alg.1 | q.seq.1,Rút ngắn thời gian trên mỗi câu mà vẫn giữ được độ chính xác. Tốc độ và độ chính xác của nhóm dẫn đầu phổ điểm.
PL-TOA-STA-L6-010,Thử thách · Thống kê & xử lý số liệu · Cấp 6,Toán,,Thống kê & xử lý số liệu,3,6,Thử thách,15,15,70%,85%,308,PL-TOA-STA-L6-009,4,7,4,q.com.2 | q.sta.1 | q.exp.1 | q.sta.4 | q.sta.3 | q.ari.2 | q.ari.3 | q.alg.2 | q.alg.3 | q.seq.2 | q.geo.2 | q.seq.1 | q.geo.1 | q.coo.1 | q.coo.2,Đẩy lên mức khó hơn cấp hiện tại để chuẩn bị lên cấp. Tốc độ và độ chính xác của nhóm dẫn đầu phổ điểm.
PL-TOA-STA-L6-011,Vượt ải · Thống kê & xử lý số liệu · Cấp 6,Toán,,Thống kê & xử lý số liệu,3,6,Vượt ải,15,14,70%,90%,396,PL-TOA-STA-L6-010,4,7,4,q.sta.4 | q.alg.4 | q.cal.4 | q.com.4 | q.geo.2 | q.geo.3 | q.coo.3 | q.cal.2 | q.cal.3 | q.exp.3 | q.com.3 | q.com.1 | q.com.2 | q.sta.1 | q.exp.1,Bài kiểm tra chốt cấp độ của tuyến chuyên đề. Tốc độ và độ chính xác của nhóm dẫn đầu phổ điểm.
PL-VAN-REA-L1-001,Khởi động · Đọc hiểu văn bản · Cấp 1,Văn,,Đọc hiểu văn bản,1,1,Khởi động,8,10,70%,85%,28,,2,4,2,v.lit.1 | v.p1.1 | v.gra.1 | v.rhe.1 | v.lit.2 | v.p1.2 | v.p2.2 | v.p2.4,Nhắc lại công thức và nhận diện dạng bài trước khi vào phần nặng. Nhận diện dạng bài và nhớ lại công thức nền.
PL-VAN-REA-L1-002,Rèn kỹ năng · Đọc hiểu văn bản · Cấp 1,Văn,,Đọc hiểu văn bản,1,1,Rèn kỹ năng,8,8,70%,85%,40,PL-VAN-REA-L1-001,2,4,2,v.voc.1 | v.gra.1 | v.p1.3 | v.p1.5 | v.p2.2 | v.p2.4 | v.lit.4 | v.log.1,Làm chắc một kỹ năng lõi qua các biến thể liên tiếp của cùng một dạng. Nhận diện dạng bài và nhớ lại công thức nền.
PL-VAN-REA-L1-003,Tốc độ · Đọc hiểu văn bản · Cấp 1,Văn,,Đọc hiểu văn bản,1,1,Tốc độ,8,6,70%,85%,44,PL-VAN-REA-L1-002,2,4,2,v.lit.2 | v.p1.2 | v.p2.2 | v.p2.4 | v.voc.2 | v.voc.3 | v.lit.1 | v.lit.3,Rút ngắn thời gian trên mỗi câu mà vẫn giữ được độ chính xác. Nhận diện dạng bài và nhớ lại công thức nền.
PL-VAN-REA-L1-004,Chính xác · Đọc hiểu văn bản · Cấp 1,Văn,,Đọc hiểu văn bản,1,1,Chính xác,8,9,70%,85%,44,PL-VAN-REA-L1-003,2,4,2,v.p1.5 | v.p2.2 | v.gra.2 | v.gra.3 | v.rhe.2 | v.lit.1 | v.voc.1 | v.gra.1,Loại bỏ lỗi ẩu và các bẫy quen thuộc trong chuyên đề. Nhận diện dạng bài và nhớ lại công thức nền.
PL-VAN-REA-L1-005,Tổng hợp · Đọc hiểu văn bản · Cấp 1,Văn,,Đọc hiểu văn bản,1,1,Tổng hợp,8,8,70%,85%,46,PL-VAN-REA-L1-004,2,4,2,v.voc.2 | v.voc.3 | v.lit.1 | v.lit.3 | v.lit.4 | v.log.1 | v.lit.2 | v.log.2,Trộn nhiều dạng trong cùng chuyên đề để rèn phản xạ nhận diện. Nhận diện dạng bài và nhớ lại công thức nền.
PL-VAN-REA-L1-006,Ôn lại · Đọc hiểu văn bản · Cấp 1,Văn,,Đọc hiểu văn bản,1,1,Ôn lại,8,9,70%,85%,36,PL-VAN-REA-L1-005,2,4,2,v.gra.3 | v.rhe.2 | v.log.1 | v.p1.4 | v.p2.3 | v.p2.5 | v.p1.3 | v.p1.5,Quay lại các câu từng sai để kiến thức không phai theo thời gian. Nhận diện dạng bài và nhớ lại công thức nền.
PL-VAN-REA-L1-007,Khởi động · Đọc hiểu văn bản · Cấp 1,Văn,,Đọc hiểu văn bản,1,1,Khởi động,8,10,70%,85%,28,PL-VAN-REA-L1-006,2,4,2,v.lit.4 | v.log.1 | v.p2.5 | v.log.2 | v.lit.1 | v.p1.1 | v.lit.2 | v.p1.2,Nhắc lại công thức và nhận diện dạng bài trước khi vào phần nặng. Nhận diện dạng bài và nhớ lại công thức nền.
PL-VAN-REA-L1-008,Rèn kỹ năng · Đọc hiểu văn bản · Cấp 1,Văn,,Đọc hiểu văn bản,1,1,Rèn kỹ năng,8,8,70%,85%,40,PL-VAN-REA-L1-007,2,4,2,v.p2.3 | v.p2.5 | v.p2.1 | v.voc.1 | v.gra.1 | v.rhe.1 | v.gra.2 | v.gra.3,Làm chắc một kỹ năng lõi qua các biến thể liên tiếp của cùng một dạng. Nhận diện dạng bài và nhớ lại công thức nền.
PL-VAN-REA-L1-009,Tốc độ · Đọc hiểu văn bản · Cấp 1,Văn,,Đọc hiểu văn bản,1,1,Tốc độ,8,6,70%,85%,44,PL-VAN-REA-L1-008,2,4,2,v.lit.1 | v.p1.1 | v.lit.2 | v.p1.2 | v.p1.3 | v.p1.5 | v.rhe.2 | v.lit.3,Rút ngắn thời gian trên mỗi câu mà vẫn giữ được độ chính xác. Nhận diện dạng bài và nhớ lại công thức nền.
PL-VAN-REA-L1-010,Chính xác · Đọc hiểu văn bản · Cấp 1,Văn,,Đọc hiểu văn bản,1,1,Chính xác,8,9,70%,85%,44,PL-VAN-REA-L1-009,2,4,2,v.voc.1 | v.gra.1 | v.p2.2 | v.p2.4 | v.voc.2 | v.voc.3 | v.p2.5 | v.rhe.1,Loại bỏ lỗi ẩu và các bẫy quen thuộc trong chuyên đề. Nhận diện dạng bài và nhớ lại công thức nền.
PL-VAN-REA-L1-011,Tổng hợp · Đọc hiểu văn bản · Cấp 1,Văn,,Đọc hiểu văn bản,1,1,Tổng hợp,8,8,70%,85%,46,PL-VAN-REA-L1-010,2,4,2,v.lit.2 | v.p1.2 | v.voc.3 | v.gra.2 | v.gra.3 | v.rhe.2 | v.log.2 | v.lit.1,Trộn nhiều dạng trong cùng chuyên đề để rèn phản xạ nhận diện. Nhận diện dạng bài và nhớ lại công thức nền.
PL-VAN-REA-L1-012,Ôn lại · Đọc hiểu văn bản · Cấp 1,Văn,,Đọc hiểu văn bản,1,1,Ôn lại,8,9,70%,85%,36,PL-VAN-REA-L1-011,2,4,2,v.p1.5 | v.p2.2 | v.rhe.2 | v.lit.1 | v.lit.3 | v.lit.4 | v.p1.3 | v.p2.4,Quay lại các câu từng sai để kiến thức không phai theo thời gian. Nhận diện dạng bài và nhớ lại công thức nền.
PL-VAN-REA-L1-013,Khởi động · Đọc hiểu văn bản · Cấp 1,Văn,,Đọc hiểu văn bản,1,1,Khởi động,8,10,70%,85%,28,PL-VAN-REA-L1-012,2,4,2,v.voc.2 | v.voc.3 | v.lit.4 | v.log.1 | v.p1.4 | v.p2.3 | v.rhe.1 | v.lit.2,Nhắc lại công thức và nhận diện dạng bài trước khi vào phần nặng. Nhận diện dạng bài và nhớ lại công thức nền.
PL-VAN-REA-L1-014,Rèn kỹ năng · Đọc hiểu văn bản · Cấp 1,Văn,,Đọc hiểu văn bản,1,1,Rèn kỹ năng,8,8,70%,85%,40,PL-VAN-REA-L1-013,2,4,2,v.gra.3 | v.rhe.2 | v.p2.3 | v.p2.5 | v.log.2 | v.p1.1 | v.gra.2 | v.lit.3,Làm chắc một kỹ năng lõi qua các biến thể liên tiếp của cùng một dạng. Nhận diện dạng bài và nhớ lại công thức nền.
PL-VAN-REA-L1-015,Tốc độ · Đọc hiểu văn bản · Cấp 1,Văn,,Đọc hiểu văn bản,1,1,Tốc độ,8,6,70%,85%,44,PL-VAN-REA-L1-014,2,4,2,v.lit.4 | v.log.1 | v.lit.1 | v.p1.1 | v.p2.1 | v.voc.1 | v.gra.2 | v.gra.3,Rút ngắn thời gian trên mỗi câu mà vẫn giữ được độ chính xác. Nhận diện dạng bài và nhớ lại công thức nền.
PL-VAN-REA-L1-016,Chính xác · Đọc hiểu văn bản · Cấp 1,Văn,,Đọc hiểu văn bản,1,1,Chính xác,8,9,70%,85%,44,PL-VAN-REA-L1-015,2,4,2,v.p2.3 | v.p2.5 | v.gra.1 | v.rhe.1 | v.lit.2 | v.p1.2 | v.p1.4 | v.p2.1,Loại bỏ lỗi ẩu và các bẫy quen thuộc trong chuyên đề. Nhận diện dạng bài và nhớ lại công thức nền.
PL-VAN-REA-L1-017,Tổng hợp · Đọc hiểu văn bản · Cấp 1,Văn,,Đọc hiểu văn bản,1,1,Tổng hợp,8,8,70%,85%,46,PL-VAN-REA-L1-016,2,4,2,v.lit.1 | v.p1.1 | v.p1.3 | v.p1.5 | v.p2.2 | v.p2.4 | v.lit.2 | v.log.2,Trộn nhiều dạng trong cùng chuyên đề để rèn phản xạ nhận diện. Nhận diện dạng bài và nhớ lại công thức nền.
PL-VAN-REA-L1-018,Ôn lại · Đọc hiểu văn bản · Cấp 1,Văn,,Đọc hiểu văn bản,1,1,Ôn lại,8,9,70%,85%,36,PL-VAN-REA-L1-017,2,4,2,v.voc.1 | v.gra.1 | v.voc.2 | v.voc.3 | v.gra.2 | v.gra.3 | v.p1.3 | v.p1.5,Quay lại các câu từng sai để kiến thức không phai theo thời gian. Nhận diện dạng bài và nhớ lại công thức nền.
PL-VAN-REA-L1-019,Khởi động · Đọc hiểu văn bản · Cấp 1,Văn,,Đọc hiểu văn bản,1,1,Khởi động,8,10,70%,85%,28,PL-VAN-REA-L1-018,2,4,2,v.lit.2 | v.p1.2 | v.gra.2 | v.gra.3 | v.rhe.2 | v.lit.3 | v.rhe.1 | v.p1.3,Nhắc lại công thức và nhận diện dạng bài trước khi vào phần nặng. Nhận diện dạng bài và nhớ lại công thức nền.
PL-VAN-REA-L1-020,Rèn kỹ năng · Đọc hiểu văn bản · Cấp 1,Văn,,Đọc hiểu văn bản,1,1,Rèn kỹ năng,8,8,70%,85%,40,PL-VAN-REA-L1-019,2,4,2,v.p1.5 | v.p2.2 | v.lit.3 | v.lit.4 | v.log.1 | v.p1.4 | v.rhe.2 | v.p1.1,Làm chắc một kỹ năng lõi qua các biến thể liên tiếp của cùng một dạng. Nhận diện dạng bài và nhớ lại công thức nền.
PL-VAN-REA-L1-021,Tốc độ · Đọc hiểu văn bản · Cấp 1,Văn,,Đọc hiểu văn bản,1,1,Tốc độ,8,6,70%,85%,44,PL-VAN-REA-L1-020,2,4,2,v.voc.2 | v.voc.3 | v.p1.4 | v.p2.3 | v.p2.5 | v.log.2 | v.p2.4 | v.gra.2,Rút ngắn thời gian trên mỗi câu mà vẫn giữ được độ chính xác. Nhận diện dạng bài và nhớ lại công thức nền.
PL-VAN-REA-L1-022,Chính xác · Đọc hiểu văn bản · Cấp 1,Văn,,Đọc hiểu văn bản,1,1,Chính xác,8,9,70%,85%,44,PL-VAN-REA-L1-021,2,4,2,v.gra.3 | v.rhe.2 | v.log.2 | v.p1.1 | v.p2.1 | v.voc.1 | v.p2.5 | v.gra.1,Loại bỏ lỗi ẩu và các bẫy quen thuộc trong chuyên đề. Nhận diện dạng bài và nhớ lại công thức nền.
PL-VAN-REA-L1-023,Tổng hợp · Đọc hiểu văn bản · Cấp 1,Văn,,Đọc hiểu văn bản,1,1,Tổng hợp,8,8,70%,85%,46,PL-VAN-REA-L1-022,2,4,2,v.lit.4 | v.log.1 | v.voc.1 | v.gra.1 | v.rhe.1 | v.lit.2 | v.log.2 | v.lit.1,Trộn nhiều dạng trong cùng chuyên đề để rèn phản xạ nhận diện. Nhận diện dạng bài và nhớ lại công thức nền.
PL-VAN-REA-L1-024,Ôn lại · Đọc hiểu văn bản · Cấp 1,Văn,,Đọc hiểu văn bản,1,1,Ôn lại,8,9,70%,85%,36,PL-VAN-REA-L1-023,2,4,2,v.p2.3 | v.p2.5 | v.lit.2 | v.p1.2 | v.p1.3 | v.p1.5 | v.p2.4 | v.voc.2,Quay lại các câu từng sai để kiến thức không phai theo thời gian. Nhận diện dạng bài và nhớ lại công thức nền.
PL-VAN-REA-L1-025,Thử thách · Đọc hiểu văn bản · Cấp 1,Văn,,Đọc hiểu văn bản,1,1,Thử thách,8,8,70%,85%,56,PL-VAN-REA-L1-024,2,4,2,v.p1.1 | v.p2.1 | v.gra.3 | v.rhe.2 | v.lit.3 | v.lit.4 | v.p1.2 | v.p1.3,Đẩy lên mức khó hơn cấp hiện tại để chuẩn bị lên cấp. Nhận diện dạng bài và nhớ lại công thức nền.
PL-VAN-REA-L1-026,Vượt ải · Đọc hiểu văn bản · Cấp 1,Văn,,Đọc hiểu văn bản,1,1,Vượt ải,8,8,70%,90%,72,PL-VAN-REA-L1-025,2,4,2,v.gra.1 | v.rhe.1 | v.lit.4 | v.log.1 | v.p1.1 | v.p1.4 | v.p2.4 | v.voc.2,Bài kiểm tra chốt cấp độ của tuyến chuyên đề. Nhận diện dạng bài và nhớ lại công thức nền.
PL-VAN-REA-L2-001,Khởi động · Đọc hiểu văn bản · Cấp 2,Văn,,Đọc hiểu văn bản,1,2,Khởi động,10,15,70%,85%,42,PL-VAN-REA-L1-026,3,5,2,v.lit.1 | v.p1.1 | v.p2.1 | v.rhe.1 | v.lit.2 | v.p1.2 | v.p1.3 | v.p1.5 | v.voc.2 | v.voc.3,Nhắc lại công thức và nhận diện dạng bài trước khi vào phần nặng. Làm đúng dạng chuẩn mà không cần nhìn gợi ý.
PL-VAN-REA-L2-002,Rèn kỹ năng · Đọc hiểu văn bản · Cấp 2,Văn,,Đọc hiểu văn bản,1,2,Rèn kỹ năng,10,12,70%,85%,60,PL-VAN-REA-L2-001,3,5,2,v.voc.1 | v.gra.1 | v.rhe.1 | v.p1.5 | v.p2.2 | v.p2.4 | v.voc.2 | v.voc.3 | v.log.1 | v.p1.1,Làm chắc một kỹ năng lõi qua các biến thể liên tiếp của cùng một dạng. Làm đúng dạng chuẩn mà không cần nhìn gợi ý.
PL-VAN-REA-L2-003,Tốc độ · Đọc hiểu văn bản · Cấp 2,Văn,,Đọc hiểu văn bản,1,2,Tốc độ,10,9,70%,85%,66,PL-VAN-REA-L2-002,3,5,2,v.lit.2 | v.p1.2 | v.p1.3 | v.p2.4 | v.voc.2 | v.voc.3 | v.gra.2 | v.gra.3 | v.lit.4 | v.log.1,Rút ngắn thời gian trên mỗi câu mà vẫn giữ được độ chính xác. Làm đúng dạng chuẩn mà không cần nhìn gợi ý.
PL-VAN-REA-L2-004,Chính xác · Đọc hiểu văn bản · Cấp 2,Văn,,Đọc hiểu văn bản,1,2,Chính xác,10,13,70%,85%,66,PL-VAN-REA-L2-003,3,5,2,v.p1.5 | v.p2.2 | v.p2.4 | v.gra.3 | v.rhe.2 | v.lit.1 | v.lit.3 | v.lit.4 | v.rhe.1 | v.lit.2,Loại bỏ lỗi ẩu và các bẫy quen thuộc trong chuyên đề. Làm đúng dạng chuẩn mà không cần nhìn gợi ý.
PL-VAN-REA-L2-005,Tổng hợp · Đọc hiểu văn bản · Cấp 2,Văn,,Đọc hiểu văn bản,1,2,Tổng hợp,10,12,70%,85%,69,PL-VAN-REA-L2-004,3,5,2,v.voc.2 | v.voc.3 | v.gra.2 | v.lit.3 | v.lit.4 | v.log.1 | v.p1.4 | v.p2.3 | v.p1.2 | v.p1.3,Trộn nhiều dạng trong cùng chuyên đề để rèn phản xạ nhận diện. Làm đúng dạng chuẩn mà không cần nhìn gợi ý.
PL-VAN-REA-L2-006,Ôn lại · Đọc hiểu văn bản · Cấp 2,Văn,,Đọc hiểu văn bản,1,2,Ôn lại,10,13,70%,85%,54,PL-VAN-REA-L2-005,3,5,2,v.gra.3 | v.rhe.2 | v.lit.3 | v.p1.4 | v.p2.3 | v.p2.5 | v.log.2 | v.p1.1 | v.p2.2 | v.p2.4,Quay lại các câu từng sai để kiến thức không phai theo thời gian. Làm đúng dạng chuẩn mà không cần nhìn gợi ý.
PL-VAN-REA-L2-007,Khởi động · Đọc hiểu văn bản · Cấp 2,Văn,,Đọc hiểu văn bản,1,2,Khởi động,10,15,70%,85%,42,PL-VAN-REA-L2-006,3,5,2,v.lit.4 | v.log.1 | v.p1.4 | v.log.2 | v.lit.1 | v.p1.1 | v.p2.1 | v.voc.1 | v.p2.2 | v.p2.4,Nhắc lại công thức và nhận diện dạng bài trước khi vào phần nặng. Làm đúng dạng chuẩn mà không cần nhìn gợi ý.
PL-VAN-REA-L2-008,Rèn kỹ năng · Đọc hiểu văn bản · Cấp 2,Văn,,Đọc hiểu văn bản,1,2,Rèn kỹ năng,10,12,70%,85%,60,PL-VAN-REA-L2-007,3,5,2,v.p2.3 | v.p2.5 | v.log.2 | v.voc.1 | v.gra.1 | v.rhe.1 | v.lit.2 | v.p1.2 | v.lit.3 | v.lit.4,Làm chắc một kỹ năng lõi qua các biến thể liên tiếp của cùng một dạng. Làm đúng dạng chuẩn mà không cần nhìn gợi ý.
PL-VAN-REA-L2-009,Tốc độ · Đọc hiểu văn bản · Cấp 2,Văn,,Đọc hiểu văn bản,1,2,Tốc độ,10,9,70%,85%,66,PL-VAN-REA-L2-008,3,5,2,v.lit.1 | v.p1.1 | v.p2.1 | v.p1.3 | v.p1.5 | v.p2.2 | v.p2.4 | v.voc.2 | v.p1.4 | v.p2.3,Rút ngắn thời gian trên mỗi câu mà vẫn giữ được độ chính xác. Làm đúng dạng chuẩn mà không cần nhìn gợi ý.
PL-VAN-REA-L2-010,Chính xác · Đọc hiểu văn bản · Cấp 2,Văn,,Đọc hiểu văn bản,1,2,Chính xác,10,13,70%,85%,66,PL-VAN-REA-L2-009,3,5,2,v.voc.1 | v.gra.1 | v.rhe.1 | v.voc.2 | v.voc.3 | v.gra.2 | v.gra.3 | v.rhe.2 | v.lit.1 | v.p1.2,Loại bỏ lỗi ẩu và các bẫy quen thuộc trong chuyên đề. Làm đúng dạng chuẩn mà không cần nhìn gợi ý.
PL-VAN-REA-L2-011,Tổng hợp · Đọc hiểu văn bản · Cấp 2,Văn,,Đọc hiểu văn bản,1,2,Tổng hợp,10,12,70%,85%,69,PL-VAN-REA-L2-010,3,5,2,v.lit.2 | v.p1.2 | v.p1.3 | v.gra.3 | v.rhe.2 | v.lit.1 | v.lit.3 | v.lit.4 | v.p2.4 | v.voc.2,Trộn nhiều dạng trong cùng chuyên đề để rèn phản xạ nhận diện. Làm đúng dạng chuẩn mà không cần nhìn gợi ý.
PL-VAN-REA-L2-012,Ôn lại · Đọc hiểu văn bản · Cấp 2,Văn,,Đọc hiểu văn bản,1,2,Ôn lại,10,13,70%,85%,54,PL-VAN-REA-L2-011,3,5,2,v.p1.5 | v.p2.2 | v.p2.4 | v.lit.3 | v.lit.4 | v.log.1 | v.p1.4 | v.p2.3 | v.gra.3 | v.rhe.2,Quay lại các câu từng sai để kiến thức không phai theo thời gian. Làm đúng dạng chuẩn mà không cần nhìn gợi ý.
PL-VAN-REA-L2-013,Khởi động · Đọc hiểu văn bản · Cấp 2,Văn,,Đọc hiểu văn bản,1,2,Khởi động,10,15,70%,85%,42,PL-VAN-REA-L2-012,3,5,2,v.voc.2 | v.voc.3 | v.gra.2 | v.p1.4 | v.p2.3 | v.p2.5 | v.log.2 | v.lit.1 | v.p1.5 | v.p2.2,Nhắc lại công thức và nhận diện dạng bài trước khi vào phần nặng. Làm đúng dạng chuẩn mà không cần nhìn gợi ý.
PL-VAN-REA-L2-014,Rèn kỹ năng · Đọc hiểu văn bản · Cấp 2,Văn,,Đọc hiểu văn bản,1,2,Rèn kỹ năng,10,12,70%,85%,60,PL-VAN-REA-L2-013,3,5,2,v.gra.3 | v.rhe.2 | v.lit.3 | v.log.2 | v.p1.1 | v.p2.1 | v.voc.1 | v.gra.1 | v.p2.3 | v.p2.5,Làm chắc một kỹ năng lõi qua các biến thể liên tiếp của cùng một dạng. Làm đúng dạng chuẩn mà không cần nhìn gợi ý.
PL-VAN-REA-L2-015,Tốc độ · Đọc hiểu văn bản · Cấp 2,Văn,,Đọc hiểu văn bản,1,2,Tốc độ,10,9,70%,85%,66,PL-VAN-REA-L2-014,3,5,2,v.lit.4 | v.log.1 | v.p1.4 | v.p2.1 | v.voc.1 | v.gra.1 | v.rhe.1 | v.lit.2 | v.p2.5 | v.log.2,Rút ngắn thời gian trên mỗi câu mà vẫn giữ được độ chính xác. Làm đúng dạng chuẩn mà không cần nhìn gợi ý.
PL-VAN-REA-L2-016,Chính xác · Đọc hiểu văn bản · Cấp 2,Văn,,Đọc hiểu văn bản,1,2,Chính xác,10,13,70%,85%,66,PL-VAN-REA-L2-015,3,5,2,v.p2.3 | v.p2.5 | v.log.2 | v.lit.2 | v.p1.2 | v.p1.3 | v.p1.5 | v.p2.2 | v.voc.2 | v.voc.3,Loại bỏ lỗi ẩu và các bẫy quen thuộc trong chuyên đề. Làm đúng dạng chuẩn mà không cần nhìn gợi ý.
PL-VAN-REA-L2-017,Tổng hợp · Đọc hiểu văn bản · Cấp 2,Văn,,Đọc hiểu văn bản,1,2,Tổng hợp,10,12,70%,85%,69,PL-VAN-REA-L2-016,3,5,2,v.lit.1 | v.p1.1 | v.p2.1 | v.p2.4 | v.voc.2 | v.voc.3 | v.gra.2 | v.gra.3 | v.rhe.2 | v.lit.3,Trộn nhiều dạng trong cùng chuyên đề để rèn phản xạ nhận diện. Làm đúng dạng chuẩn mà không cần nhìn gợi ý.
PL-VAN-REA-L2-018,Ôn lại · Đọc hiểu văn bản · Cấp 2,Văn,,Đọc hiểu văn bản,1,2,Ôn lại,10,13,70%,85%,54,PL-VAN-REA-L2-017,3,5,2,v.voc.1 | v.gra.1 | v.rhe.1 | v.gra.3 | v.rhe.2 | v.lit.1 | v.lit.3 | v.lit.4 | v.gra.2 | v.log.1,Quay lại các câu từng sai để kiến thức không phai theo thời gian. Làm đúng dạng chuẩn mà không cần nhìn gợi ý.
PL-VAN-REA-L2-019,Khởi động · Đọc hiểu văn bản · Cấp 2,Văn,,Đọc hiểu văn bản,1,2,Khởi động,10,15,70%,85%,42,PL-VAN-REA-L2-018,3,5,2,v.lit.2 | v.p1.2 | v.p1.3 | v.lit.3 | v.lit.4 | v.log.1 | v.p1.4 | v.p2.3 | v.gra.2 | v.gra.3,Nhắc lại công thức và nhận diện dạng bài trước khi vào phần nặng. Làm đúng dạng chuẩn mà không cần nhìn gợi ý.
PL-VAN-REA-L2-020,Rèn kỹ năng · Đọc hiểu văn bản · Cấp 2,Văn,,Đọc hiểu văn bản,1,2,Rèn kỹ năng,10,12,70%,85%,60,PL-VAN-REA-L2-019,3,5,2,v.p1.5 | v.p2.2 | v.p2.4 | v.p1.4 | v.p2.3 | v.p2.5 | v.log.2 | v.p1.1 | v.rhe.1 | v.lit.2,Làm chắc một kỹ năng lõi qua các biến thể liên tiếp của cùng một dạng. Làm đúng dạng chuẩn mà không cần nhìn gợi ý.
PL-VAN-REA-L2-021,Tốc độ · Đọc hiểu văn bản · Cấp 2,Văn,,Đọc hiểu văn bản,1,2,Tốc độ,10,9,70%,85%,66,PL-VAN-REA-L2-020,3,5,2,v.voc.2 | v.voc.3 | v.gra.2 | v.log.2 | v.lit.1 | v.p1.1 | v.p2.1 | v.voc.1 | v.gra.1 | v.rhe.1,Rút ngắn thời gian trên mỗi câu mà vẫn giữ được độ chính xác. Làm đúng dạng chuẩn mà không cần nhìn gợi ý.
PL-VAN-REA-L2-022,Chính xác · Đọc hiểu văn bản · Cấp 2,Văn,,Đọc hiểu văn bản,1,2,Chính xác,10,13,70%,85%,66,PL-VAN-REA-L2-021,3,5,2,v.gra.3 | v.rhe.2 | v.lit.3 | v.voc.1 | v.gra.1 | v.rhe.1 | v.lit.2 | v.p1.2 | v.p2.4 | v.voc.2,Loại bỏ lỗi ẩu và các bẫy quen thuộc trong chuyên đề. Làm đúng dạng chuẩn mà không cần nhìn gợi ý.
PL-VAN-REA-L2-023,Tổng hợp · Đọc hiểu văn bản · Cấp 2,Văn,,Đọc hiểu văn bản,1,2,Tổng hợp,10,12,70%,85%,69,PL-VAN-REA-L2-022,3,5,2,v.lit.4 | v.log.1 | v.p1.4 | v.lit.2 | v.p1.2 | v.p1.3 | v.p1.5 | v.p2.2 | v.lit.3 | v.p1.1,Trộn nhiều dạng trong cùng chuyên đề để rèn phản xạ nhận diện. Làm đúng dạng chuẩn mà không cần nhìn gợi ý.
PL-VAN-REA-L2-024,Ôn lại · Đọc hiểu văn bản · Cấp 2,Văn,,Đọc hiểu văn bản,1,2,Ôn lại,10,13,70%,85%,54,PL-VAN-REA-L2-023,3,5,2,v.p2.3 | v.p2.5 | v.log.2 | v.p1.5 | v.p2.2 | v.p2.4 | v.voc.2 | v.voc.3 | v.p1.4 | v.p2.1,Quay lại các câu từng sai để kiến thức không phai theo thời gian. Làm đúng dạng chuẩn mà không cần nhìn gợi ý.
PL-VAN-REA-L2-025,Khởi động · Đọc hiểu văn bản · Cấp 2,Văn,,Đọc hiểu văn bản,1,2,Khởi động,10,15,70%,85%,42,PL-VAN-REA-L2-024,3,5,2,v.lit.1 | v.p1.1 | v.p2.1 | v.gra.2 | v.gra.3 | v.rhe.2 | v.lit.3 | v.lit.4 | v.p1.4 | v.p2.3,Nhắc lại công thức và nhận diện dạng bài trước khi vào phần nặng. Làm đúng dạng chuẩn mà không cần nhìn gợi ý.
PL-VAN-REA-L2-026,Rèn kỹ năng · Đọc hiểu văn bản · Cấp 2,Văn,,Đọc hiểu văn bản,1,2,Rèn kỹ năng,10,12,70%,85%,60,PL-VAN-REA-L2-025,3,5,2,v.voc.1 | v.gra.1 | v.rhe.1 | v.lit.3 | v.lit.4 | v.log.1 | v.p1.4 | v.p2.3 | v.lit.1 | v.p1.2,Làm chắc một kỹ năng lõi qua các biến thể liên tiếp của cùng một dạng. Làm đúng dạng chuẩn mà không cần nhìn gợi ý.
PL-VAN-REA-L2-027,Tốc độ · Đọc hiểu văn bản · Cấp 2,Văn,,Đọc hiểu văn bản,1,2,Tốc độ,10,9,70%,85%,66,PL-VAN-REA-L2-026,3,5,2,v.lit.2 | v.p1.2 | v.p1.3 | v.p1.4 | v.p2.3 | v.p2.5 | v.log.2 | v.lit.1 | v.voc.1 | v.gra.1,Rút ngắn thời gian trên mỗi câu mà vẫn giữ được độ chính xác. Làm đúng dạng chuẩn mà không cần nhìn gợi ý.
PL-VAN-REA-L2-028,Chính xác · Đọc hiểu văn bản · Cấp 2,Văn,,Đọc hiểu văn bản,1,2,Chính xác,10,13,70%,85%,66,PL-VAN-REA-L2-027,3,5,2,v.p1.5 | v.p2.2 | v.p2.4 | v.log.2 | v.p1.1 | v.p2.1 | v.voc.1 | v.gra.1 | v.gra.3 | v.rhe.2,Loại bỏ lỗi ẩu và các bẫy quen thuộc trong chuyên đề. Làm đúng dạng chuẩn mà không cần nhìn gợi ý.
PL-VAN-REA-L2-029,Tổng hợp · Đọc hiểu văn bản · Cấp 2,Văn,,Đọc hiểu văn bản,1,2,Tổng hợp,10,12,70%,85%,69,PL-VAN-REA-L2-028,3,5,2,v.voc.2 | v.voc.3 | v.gra.2 | v.voc.1 | v.gra.1 | v.rhe.1 | v.lit.2 | v.p1.2 | v.log.1 | v.p1.1,Trộn nhiều dạng trong cùng chuyên đề để rèn phản xạ nhận diện. Làm đúng dạng chuẩn mà không cần nhìn gợi ý.
PL-VAN-REA-L2-030,Ôn lại · Đọc hiểu văn bản · Cấp 2,Văn,,Đọc hiểu văn bản,1,2,Ôn lại,10,13,70%,85%,54,PL-VAN-REA-L2-029,3,5,2,v.gra.3 | v.rhe.2 | v.lit.3 | v.lit.2 | v.p1.2 | v.p1.3 | v.p1.5 | v.p2.2 | v.voc.1 | v.gra.1,Quay lại các câu từng sai để kiến thức không phai theo thời gian. Làm đúng dạng chuẩn mà không cần nhìn gợi ý.
PL-VAN-REA-L2-031,Khởi động · Đọc hiểu văn bản · Cấp 2,Văn,,Đọc hiểu văn bản,1,2,Khởi động,10,15,70%,85%,42,PL-VAN-REA-L2-030,3,5,2,v.lit.4 | v.log.1 | v.p1.4 | v.p1.3 | v.p1.5 | v.p2.2 | v.p2.4 | v.voc.2 | v.p2.5 | v.log.2,Nhắc lại công thức và nhận diện dạng bài trước khi vào phần nặng. Làm đúng dạng chuẩn mà không cần nhìn gợi ý.
PL-VAN-REA-L2-032,Rèn kỹ năng · Đọc hiểu văn bản · Cấp 2,Văn,,Đọc hiểu văn bản,1,2,Rèn kỹ năng,10,12,70%,85%,60,PL-VAN-REA-L2-031,3,5,2,v.p2.3 | v.p2.5 | v.log.2 | v.voc.2 | v.voc.3 | v.gra.2 | v.gra.3 | v.rhe.2 | v.p1.3 | v.p1.5,Làm chắc một kỹ năng lõi qua các biến thể liên tiếp của cùng một dạng. Làm đúng dạng chuẩn mà không cần nhìn gợi ý.
PL-VAN-REA-L2-033,Thử thách · Đọc hiểu văn bản · Cấp 2,Văn,,Đọc hiểu văn bản,1,2,Thử thách,10,12,70%,85%,84,PL-VAN-REA-L2-032,3,5,2,v.p1.1 | v.p2.1 | v.voc.1 | v.p2.3 | v.p2.5 | v.gra.1 | v.rhe.1 | v.lit.2 | v.p1.5 | v.p2.2,Đẩy lên mức khó hơn cấp hiện tại để chuẩn bị lên cấp. Làm đúng dạng chuẩn mà không cần nhìn gợi ý.
PL-VAN-REA-L2-034,Vượt ải · Đọc hiểu văn bản · Cấp 2,Văn,,Đọc hiểu văn bản,1,2,Vượt ải,10,11,70%,90%,108,PL-VAN-REA-L2-033,3,5,2,v.gra.1 | v.rhe.1 | v.lit.2 | v.p2.5 | v.voc.1 | v.log.2 | v.lit.1 | v.p1.2 | v.voc.3 | v.gra.2,Bài kiểm tra chốt cấp độ của tuyến chuyên đề. Làm đúng dạng chuẩn mà không cần nhìn gợi ý.
PL-VAN-REA-L3-001,Khởi động · Đọc hiểu văn bản · Cấp 3,Văn,,Đọc hiểu văn bản,2,3,Khởi động,12,19,70%,85%,63,PL-VAN-REA-L2-034,3,6,3,v.lit.1 | v.p1.1 | v.p2.1 | v.rhe.1 | v.lit.2 | v.p1.2 | v.p1.3 | v.p1.5 | v.p2.2 | v.gra.3 | v.rhe.2 | v.lit.3,Nhắc lại công thức và nhận diện dạng bài trước khi vào phần nặng. Ghép nhiều bước và tránh các bẫy quen thuộc.
PL-VAN-REA-L3-002,Rèn kỹ năng · Đọc hiểu văn bản · Cấp 3,Văn,,Đọc hiểu văn bản,2,3,Rèn kỹ năng,12,15,70%,85%,90,PL-VAN-REA-L3-001,3,6,3,v.gra.1 | v.rhe.1 | v.lit.2 | v.voc.2 | v.voc.3 | v.gra.2 | v.gra.3 | v.rhe.2 | v.lit.3 | v.p2.2 | v.p2.4 | v.lit.4,Làm chắc một kỹ năng lõi qua các biến thể liên tiếp của cùng một dạng. Ghép nhiều bước và tránh các bẫy quen thuộc.
PL-VAN-REA-L3-003,Tốc độ · Đọc hiểu văn bản · Cấp 3,Văn,,Đọc hiểu văn bản,2,3,Tốc độ,12,11,70%,85%,99,PL-VAN-REA-L3-002,3,6,3,v.lit.2 | v.p1.2 | v.p1.3 | v.voc.2 | v.voc.3 | v.gra.2 | v.gra.3 | v.rhe.2 | v.lit.1 | v.p2.5 | v.voc.1 | v.gra.1,Rút ngắn thời gian trên mỗi câu mà vẫn giữ được độ chính xác. Ghép nhiều bước và tránh các bẫy quen thuộc.
PL-VAN-REA-L3-004,Chính xác · Đọc hiểu văn bản · Cấp 3,Văn,,Đọc hiểu văn bản,2,3,Chính xác,12,17,70%,85%,99,PL-VAN-REA-L3-003,3,6,3,v.p2.2 | v.p2.4 | v.voc.2 | v.p1.4 | v.p2.1 | v.p2.3 | v.p2.5 | v.voc.1 | v.gra.1 | v.lit.2 | v.lit.1 | v.log.2,Loại bỏ lỗi ẩu và các bẫy quen thuộc trong chuyên đề. Ghép nhiều bước và tránh các bẫy quen thuộc.
PL-VAN-REA-L3-005,Tổng hợp · Đọc hiểu văn bản · Cấp 3,Văn,,Đọc hiểu văn bản,2,3,Tổng hợp,12,15,70%,85%,103,PL-VAN-REA-L3-004,3,6,3,v.voc.3 | v.gra.2 | v.gra.3 | v.p2.5 | v.voc.1 | v.gra.1 | v.rhe.1 | v.lit.2 | v.log.2 | v.p2.3 | v.p1.2 | v.p1.3,Trộn nhiều dạng trong cùng chuyên đề để rèn phản xạ nhận diện. Ghép nhiều bước và tránh các bẫy quen thuộc.
PL-VAN-REA-L3-006,Ôn lại · Đọc hiểu văn bản · Cấp 3,Văn,,Đọc hiểu văn bản,2,3,Ôn lại,12,17,70%,85%,81,PL-VAN-REA-L3-005,3,6,3,v.rhe.2 | v.lit.1 | v.lit.3 | v.gra.1 | v.rhe.1 | v.lit.2 | v.log.2 | v.p1.2 | v.p1.3 | v.p2.2 | v.p2.4 | v.voc.2,Quay lại các câu từng sai để kiến thức không phai theo thời gian. Ghép nhiều bước và tránh các bẫy quen thuộc.
PL-VAN-REA-L3-007,Khởi động · Đọc hiểu văn bản · Cấp 3,Văn,,Đọc hiểu văn bản,2,3,Khởi động,12,19,70%,85%,63,PL-VAN-REA-L3-006,3,6,3,v.lit.4 | v.log.1 | v.p1.4 | v.log.2 | v.p1.1 | v.p2.1 | v.voc.1 | v.gra.1 | v.rhe.1 | v.gra.2 | v.gra.3 | v.rhe.2,Nhắc lại công thức và nhận diện dạng bài trước khi vào phần nặng. Ghép nhiều bước và tránh các bẫy quen thuộc.
PL-VAN-REA-L3-008,Rèn kỹ năng · Đọc hiểu văn bản · Cấp 3,Văn,,Đọc hiểu văn bản,2,3,Rèn kỹ năng,12,15,70%,85%,90,PL-VAN-REA-L3-007,3,6,3,v.p2.3 | v.p2.5 | v.log.2 | v.p1.5 | v.p2.2 | v.p2.4 | v.voc.2 | v.voc.3 | v.gra.2 | v.voc.1 | v.gra.1 | v.rhe.1,Làm chắc một kỹ năng lõi qua các biến thể liên tiếp của cùng một dạng. Ghép nhiều bước và tránh các bẫy quen thuộc.
PL-VAN-REA-L3-009,Tốc độ · Đọc hiểu văn bản · Cấp 3,Văn,,Đọc hiểu văn bản,2,3,Tốc độ,12,11,70%,85%,99,PL-VAN-REA-L3-008,3,6,3,v.lit.1 | v.p1.1 | v.p2.1 | v.p1.3 | v.p1.5 | v.p2.2 | v.p2.4 | v.voc.2 | v.voc.3 | v.lit.2 | v.log.2 | v.p1.2,Rút ngắn thời gian trên mỗi câu mà vẫn giữ được độ chính xác. Ghép nhiều bước và tránh các bẫy quen thuộc.
PL-VAN-REA-L3-010,Chính xác · Đọc hiểu văn bản · Cấp 3,Văn,,Đọc hiểu văn bản,2,3,Chính xác,12,17,70%,85%,99,PL-VAN-REA-L3-009,3,6,3,v.gra.1 | v.rhe.1 | v.lit.2 | v.gra.3 | v.rhe.2 | v.lit.3 | v.lit.4 | v.log.1 | v.p1.1 | v.p2.3 | v.p2.5 | v.log.2,Loại bỏ lỗi ẩu và các bẫy quen thuộc trong chuyên đề. Ghép nhiều bước và tránh các bẫy quen thuộc.
PL-VAN-REA-L3-011,Tổng hợp · Đọc hiểu văn bản · Cấp 3,Văn,,Đọc hiểu văn bản,2,3,Tổng hợp,12,15,70%,85%,103,PL-VAN-REA-L3-010,3,6,3,v.p1.2 | v.p1.3 | v.p1.5 | v.p1.4 | v.p2.1 | v.p2.3 | v.p2.5 | v.voc.1 | v.gra.1 | v.voc.3 | v.gra.2 | v.gra.3,Trộn nhiều dạng trong cùng chuyên đề để rèn phản xạ nhận diện. Ghép nhiều bước và tránh các bẫy quen thuộc.
PL-VAN-REA-L3-012,Ôn lại · Đọc hiểu văn bản · Cấp 3,Văn,,Đọc hiểu văn bản,2,3,Ôn lại,12,17,70%,85%,81,PL-VAN-REA-L3-011,3,6,3,v.p2.2 | v.p2.4 | v.voc.2 | v.p2.5 | v.voc.1 | v.gra.1 | v.rhe.1 | v.lit.2 | v.log.2 | v.gra.3 | v.rhe.2 | v.lit.3,Quay lại các câu từng sai để kiến thức không phai theo thời gian. Ghép nhiều bước và tránh các bẫy quen thuộc.
PL-VAN-REA-L3-013,Khởi động · Đọc hiểu văn bản · Cấp 3,Văn,,Đọc hiểu văn bản,2,3,Khởi động,12,19,70%,85%,63,PL-VAN-REA-L3-012,3,6,3,v.voc.2 | v.voc.3 | v.gra.2 | v.p1.4 | v.p2.3 | v.p2.5 | v.log.2 | v.p1.1 | v.p2.1 | v.voc.1 | v.gra.1 | v.rhe.1,Nhắc lại công thức và nhận diện dạng bài trước khi vào phần nặng. Ghép nhiều bước và tránh các bẫy quen thuộc.
PL-VAN-REA-L3-014,Rèn kỹ năng · Đọc hiểu văn bản · Cấp 3,Văn,,Đọc hiểu văn bản,2,3,Rèn kỹ năng,12,15,70%,85%,90,PL-VAN-REA-L3-013,3,6,3,v.rhe.2 | v.lit.1 | v.lit.3 | v.log.2 | v.p1.2 | v.p1.3 | v.p1.5 | v.p2.2 | v.p2.4 | v.rhe.1 | v.lit.2 | v.p1.4,Làm chắc một kỹ năng lõi qua các biến thể liên tiếp của cùng một dạng. Ghép nhiều bước và tránh các bẫy quen thuộc.
PL-VAN-REA-L3-015,Tốc độ · Đọc hiểu văn bản · Cấp 3,Văn,,Đọc hiểu văn bản,2,3,Tốc độ,12,11,70%,85%,99,PL-VAN-REA-L3-014,3,6,3,v.lit.4 | v.log.1 | v.p1.4 | v.voc.1 | v.gra.1 | v.rhe.1 | v.lit.2 | v.p1.2 | v.p1.3 | v.p2.2 | v.p2.4 | v.voc.2,Rút ngắn thời gian trên mỗi câu mà vẫn giữ được độ chính xác. Ghép nhiều bước và tránh các bẫy quen thuộc.
PL-VAN-REA-L3-016,Chính xác · Đọc hiểu văn bản · Cấp 3,Văn,,Đọc hiểu văn bản,2,3,Chính xác,12,17,70%,85%,99,PL-VAN-REA-L3-015,3,6,3,v.p2.3 | v.p2.5 | v.log.2 | v.voc.2 | v.voc.3 | v.gra.2 | v.gra.3 | v.rhe.2 | v.lit.3 | v.p2.2 | v.p2.4 | v.lit.4,Loại bỏ lỗi ẩu và các bẫy quen thuộc trong chuyên đề. Ghép nhiều bước và tránh các bẫy quen thuộc.
PL-VAN-REA-L3-017,Tổng hợp · Đọc hiểu văn bản · Cấp 3,Văn,,Đọc hiểu văn bản,2,3,Tổng hợp,12,15,70%,85%,103,PL-VAN-REA-L3-016,3,6,3,v.p1.1 | v.p2.1 | v.voc.1 | v.gra.3 | v.rhe.2 | v.lit.3 | v.lit.4 | v.log.1 | v.p1.4 | v.p2.4 | v.voc.2 | v.voc.3,Trộn nhiều dạng trong cùng chuyên đề để rèn phản xạ nhận diện. Ghép nhiều bước và tránh các bẫy quen thuộc.
PL-VAN-REA-L3-018,Ôn lại · Đọc hiểu văn bản · Cấp 3,Văn,,Đọc hiểu văn bản,2,3,Ôn lại,12,17,70%,85%,81,PL-VAN-REA-L3-017,3,6,3,v.gra.1 | v.rhe.1 | v.lit.2 | v.lit.4 | v.log.1 | v.p1.1 | v.p1.4 | v.p2.1 | v.p2.3 | v.gra.3 | v.rhe.2 | v.lit.3,Quay lại các câu từng sai để kiến thức không phai theo thời gian. Ghép nhiều bước và tránh các bẫy quen thuộc.
PL-VAN-REA-L3-019,Khởi động · Đọc hiểu văn bản · Cấp 3,Văn,,Đọc hiểu văn bản,2,3,Khởi động,12,19,70%,85%,63,PL-VAN-REA-L3-018,3,6,3,v.lit.2 | v.p1.2 | v.p1.3 | v.lit.3 | v.lit.4 | v.log.1 | v.p1.4 | v.p2.3 | v.p2.5 | v.log.2 | v.lit.1 | v.p1.5,Nhắc lại công thức và nhận diện dạng bài trước khi vào phần nặng. Ghép nhiều bước và tránh các bẫy quen thuộc.
PL-VAN-REA-L3-020,Rèn kỹ năng · Đọc hiểu văn bản · Cấp 3,Văn,,Đọc hiểu văn bản,2,3,Rèn kỹ năng,12,15,70%,85%,90,PL-VAN-REA-L3-019,3,6,3,v.p2.2 | v.p2.4 | v.voc.2 | v.rhe.1 | v.lit.2 | v.log.2 | v.lit.1 | v.p1.2 | v.p1.3 | v.p2.3 | v.p2.5 | v.p1.5,Làm chắc một kỹ năng lõi qua các biến thể liên tiếp của cùng một dạng. Ghép nhiều bước và tránh các bẫy quen thuộc.
PL-VAN-REA-L3-021,Tốc độ · Đọc hiểu văn bản · Cấp 3,Văn,,Đọc hiểu văn bản,2,3,Tốc độ,12,11,70%,85%,99,PL-VAN-REA-L3-020,3,6,3,v.voc.2 | v.voc.3 | v.gra.2 | v.log.2 | v.p1.1 | v.p2.1 | v.voc.1 | v.gra.1 | v.rhe.1 | v.p2.4 | v.gra.3 | v.rhe.2,Rút ngắn thời gian trên mỗi câu mà vẫn giữ được độ chính xác. Ghép nhiều bước và tránh các bẫy quen thuộc.
PL-VAN-REA-L3-022,Chính xác · Đọc hiểu văn bản · Cấp 3,Văn,,Đọc hiểu văn bản,2,3,Chính xác,12,17,70%,85%,99,PL-VAN-REA-L3-021,3,6,3,v.rhe.2 | v.lit.1 | v.lit.3 | v.p1.5 | v.p2.2 | v.p2.4 | v.voc.2 | v.voc.3 | v.gra.2 | v.lit.4 | v.log.1 | v.p1.1,Loại bỏ lỗi ẩu và các bẫy quen thuộc trong chuyên đề. Ghép nhiều bước và tránh các bẫy quen thuộc.
PL-VAN-REA-L3-023,Tổng hợp · Đọc hiểu văn bản · Cấp 3,Văn,,Đọc hiểu văn bản,2,3,Tổng hợp,12,15,70%,85%,103,PL-VAN-REA-L3-022,3,6,3,v.lit.4 | v.log.1 | v.p1.4 | v.voc.2 | v.voc.3 | v.gra.2 | v.gra.3 | v.rhe.2 | v.lit.3 | v.voc.1 | v.gra.1 | v.rhe.1,Trộn nhiều dạng trong cùng chuyên đề để rèn phản xạ nhận diện. Ghép nhiều bước và tránh các bẫy quen thuộc.
PL-VAN-REA-L3-024,Ôn lại · Đọc hiểu văn bản · Cấp 3,Văn,,Đọc hiểu văn bản,2,3,Ôn lại,12,17,70%,85%,81,PL-VAN-REA-L3-023,3,6,3,v.p2.3 | v.p2.5 | v.log.2 | v.gra.3 | v.rhe.2 | v.lit.3 | v.lit.4 | v.log.1 | v.p1.1 | v.lit.2 | v.lit.1 | v.p1.4,Quay lại các câu từng sai để kiến thức không phai theo thời gian. Ghép nhiều bước và tránh các bẫy quen thuộc.
PL-VAN-REA-L3-025,Khởi động · Đọc hiểu văn bản · Cấp 3,Văn,,Đọc hiểu văn bản,2,3,Khởi động,12,19,70%,85%,63,PL-VAN-REA-L3-024,3,6,3,v.lit.1 | v.p1.1 | v.p2.1 | v.gra.2 | v.gra.3 | v.rhe.2 | v.lit.3 | v.lit.4 | v.log.1 | v.p1.3 | v.p1.5 | v.p2.2,Nhắc lại công thức và nhận diện dạng bài trước khi vào phần nặng. Ghép nhiều bước và tránh các bẫy quen thuộc.
PL-VAN-REA-L3-026,Rèn kỹ năng · Đọc hiểu văn bản · Cấp 3,Văn,,Đọc hiểu văn bản,2,3,Rèn kỹ năng,12,15,70%,85%,90,PL-VAN-REA-L3-025,3,6,3,v.gra.1 | v.rhe.1 | v.lit.2 | v.p1.4 | v.p2.1 | v.p2.3 | v.p2.5 | v.voc.1 | v.log.2 | v.p2.4 | v.voc.2 | v.voc.3,Làm chắc một kỹ năng lõi qua các biến thể liên tiếp của cùng một dạng. Ghép nhiều bước và tránh các bẫy quen thuộc.
PL-VAN-REA-L3-027,Tốc độ · Đọc hiểu văn bản · Cấp 3,Văn,,Đọc hiểu văn bản,2,3,Tốc độ,12,11,70%,85%,99,PL-VAN-REA-L3-026,3,6,3,v.lit.2 | v.p1.2 | v.p1.3 | v.p1.4 | v.p2.3 | v.p2.5 | v.log.2 | v.p1.1 | v.p2.1 | v.rhe.2 | v.lit.3 | v.lit.4,Rút ngắn thời gian trên mỗi câu mà vẫn giữ được độ chính xác. Ghép nhiều bước và tránh các bẫy quen thuộc.
PL-VAN-REA-L3-028,Chính xác · Đọc hiểu văn bản · Cấp 3,Văn,,Đọc hiểu văn bản,2,3,Chính xác,12,17,70%,85%,99,PL-VAN-REA-L3-027,3,6,3,v.p2.2 | v.p2.4 | v.voc.2 | v.lit.1 | v.p1.2 | v.p1.3 | v.p1.5 | v.voc.3 | v.gra.2 | v.p2.1 | v.voc.1 | v.gra.1,Loại bỏ lỗi ẩu và các bẫy quen thuộc trong chuyên đề. Ghép nhiều bước và tránh các bẫy quen thuộc.
PL-VAN-REA-L3-029,Tổng hợp · Đọc hiểu văn bản · Cấp 3,Văn,,Đọc hiểu văn bản,2,3,Tổng hợp,12,15,70%,85%,103,PL-VAN-REA-L3-028,3,6,3,v.voc.3 | v.gra.2 | v.gra.3 | v.p1.5 | v.p2.2 | v.p2.4 | v.voc.2 | v.rhe.2 | v.lit.3 | v.lit.2 | v.lit.1 | v.p1.4,Trộn nhiều dạng trong cùng chuyên đề để rèn phản xạ nhận diện. Ghép nhiều bước và tránh các bẫy quen thuộc.
PL-VAN-REA-L3-030,Ôn lại · Đọc hiểu văn bản · Cấp 3,Văn,,Đọc hiểu văn bản,2,3,Ôn lại,12,17,70%,85%,81,PL-VAN-REA-L3-029,3,6,3,v.rhe.2 | v.lit.1 | v.lit.3 | v.voc.2 | v.voc.3 | v.gra.2 | v.gra.3 | v.lit.4 | v.log.1 | v.p2.3 | v.p2.5 | v.log.2,Quay lại các câu từng sai để kiến thức không phai theo thời gian. Ghép nhiều bước và tránh các bẫy quen thuộc.
PL-VAN-REA-L3-031,Khởi động · Đọc hiểu văn bản · Cấp 3,Văn,,Đọc hiểu văn bản,2,3,Khởi động,12,19,70%,85%,63,PL-VAN-REA-L3-030,3,6,3,v.lit.4 | v.log.1 | v.p1.4 | v.p1.5 | v.p2.2 | v.p2.4 | v.voc.2 | v.voc.3 | v.gra.2 | v.lit.3 | v.p1.1 | v.p2.1,Nhắc lại công thức và nhận diện dạng bài trước khi vào phần nặng. Ghép nhiều bước và tránh các bẫy quen thuộc.
PL-VAN-REA-L3-032,Rèn kỹ năng · Đọc hiểu văn bản · Cấp 3,Văn,,Đọc hiểu văn bản,2,3,Rèn kỹ năng,12,15,70%,85%,90,PL-VAN-REA-L3-031,3,6,3,v.p2.3 | v.p2.5 | v.log.2 | v.lit.4 | v.log.1 | v.p1.1 | v.p1.4 | v.p2.1 | v.voc.1 | v.gra.2 | v.gra.3 | v.rhe.2,Làm chắc một kỹ năng lõi qua các biến thể liên tiếp của cùng một dạng. Ghép nhiều bước và tránh các bẫy quen thuộc.
PL-VAN-REA-L3-033,Tốc độ · Đọc hiểu văn bản · Cấp 3,Văn,,Đọc hiểu văn bản,2,3,Tốc độ,12,11,70%,85%,99,PL-VAN-REA-L3-032,3,6,3,v.lit.1 | v.p1.1 | v.p2.1 | v.lit.3 | v.lit.4 | v.log.1 | v.p1.4 | v.p2.3 | v.p2.5 | v.voc.1 | v.gra.1 | v.rhe.1,Rút ngắn thời gian trên mỗi câu mà vẫn giữ được độ chính xác. Ghép nhiều bước và tránh các bẫy quen thuộc.
PL-VAN-REA-L3-034,Chính xác · Đọc hiểu văn bản · Cấp 3,Văn,,Đọc hiểu văn bản,2,3,Chính xác,12,17,70%,85%,99,PL-VAN-REA-L3-033,3,6,3,v.gra.1 | v.rhe.1 | v.lit.2 | v.p2.5 | v.voc.1 | v.log.2 | v.lit.1 | v.p1.2 | v.p1.3 | v.p1.1 | v.p2.1 | v.p1.4,Loại bỏ lỗi ẩu và các bẫy quen thuộc trong chuyên đề. Ghép nhiều bước và tránh các bẫy quen thuộc.
PL-VAN-REA-L3-035,Tổng hợp · Đọc hiểu văn bản · Cấp 3,Văn,,Đọc hiểu văn bản,2,3,Tổng hợp,12,15,70%,85%,103,PL-VAN-REA-L3-034,3,6,3,v.p1.2 | v.p1.3 | v.p1.5 | v.lit.1 | v.p2.2 | v.p2.4 | v.voc.2 | v.voc.3 | v.gra.2 | v.p2.3 | v.p2.5 | v.log.2,Trộn nhiều dạng trong cùng chuyên đề để rèn phản xạ nhận diện. Ghép nhiều bước và tránh các bẫy quen thuộc.
PL-VAN-REA-L3-036,Thử thách · Đọc hiểu văn bản · Cấp 3,Văn,,Đọc hiểu văn bản,2,3,Thử thách,12,15,70%,85%,126,PL-VAN-REA-L3-035,3,6,3,v.rhe.2 | v.lit.3 | v.lit.4 | v.p2.5 | v.log.2 | v.p1.2 | v.p1.3 | v.p1.5 | v.p2.2 | v.voc.3 | v.gra.2 | v.gra.3,Đẩy lên mức khó hơn cấp hiện tại để chuẩn bị lên cấp. Ghép nhiều bước và tránh các bẫy quen thuộc.
PL-VAN-REA-L3-037,Vượt ải · Đọc hiểu văn bản · Cấp 3,Văn,,Đọc hiểu văn bản,2,3,Vượt ải,12,14,70%,90%,162,PL-VAN-REA-L3-036,3,6,3,v.log.1 | v.p1.1 | v.p1.4 | v.p1.5 | v.p2.2 | v.p2.4 | v.voc.2 | v.voc.3 | v.gra.2 | v.lit.3 | v.lit.4 | v.p2.1,Bài kiểm tra chốt cấp độ của tuyến chuyên đề. Ghép nhiều bước và tránh các bẫy quen thuộc.
PL-VAN-REA-L4-001,Khởi động · Đọc hiểu văn bản · Cấp 4,Văn,,Đọc hiểu văn bản,2,4,Khởi động,12,16,70%,85%,84,PL-VAN-REA-L3-037,3,6,3,v.lit.1 | v.p1.1 | v.p2.1 | v.rhe.1 | v.lit.2 | v.p1.2 | v.p1.3 | v.p1.5 | v.p2.2 | v.gra.3 | v.rhe.2 | v.lit.3,Nhắc lại công thức và nhận diện dạng bài trước khi vào phần nặng. Giữ độ chính xác khi thời gian bắt đầu siết lại.
PL-VAN-REA-L4-002,Rèn kỹ năng · Đọc hiểu văn bản · Cấp 4,Văn,,Đọc hiểu văn bản,2,4,Rèn kỹ năng,12,13,70%,85%,120,PL-VAN-REA-L4-001,3,6,3,v.gra.1 | v.rhe.1 | v.lit.2 | v.voc.2 | v.voc.3 | v.gra.2 | v.gra.3 | v.rhe.2 | v.lit.3 | v.p2.2 | v.p2.4 | v.lit.4,Làm chắc một kỹ năng lõi qua các biến thể liên tiếp của cùng một dạng. Giữ độ chính xác khi thời gian bắt đầu siết lại.
PL-VAN-REA-L4-003,Tốc độ · Đọc hiểu văn bản · Cấp 4,Văn,,Đọc hiểu văn bản,2,4,Tốc độ,12,10,70%,85%,132,PL-VAN-REA-L4-002,3,6,3,v.lit.2 | v.p1.2 | v.p1.3 | v.voc.2 | v.voc.3 | v.gra.2 | v.gra.3 | v.rhe.2 | v.lit.1 | v.p2.5 | v.voc.1 | v.gra.1,Rút ngắn thời gian trên mỗi câu mà vẫn giữ được độ chính xác. Giữ độ chính xác khi thời gian bắt đầu siết lại.
PL-VAN-REA-L4-004,Chính xác · Đọc hiểu văn bản · Cấp 4,Văn,,Đọc hiểu văn bản,2,4,Chính xác,12,15,70%,85%,132,PL-VAN-REA-L4-003,3,6,3,v.p2.2 | v.p2.4 | v.voc.2 | v.p1.4 | v.p2.1 | v.p2.3 | v.p2.5 | v.voc.1 | v.gra.1 | v.lit.2 | v.lit.1 | v.log.2,Loại bỏ lỗi ẩu và các bẫy quen thuộc trong chuyên đề. Giữ độ chính xác khi thời gian bắt đầu siết lại.
PL-VAN-REA-L4-005,Tổng hợp · Đọc hiểu văn bản · Cấp 4,Văn,,Đọc hiểu văn bản,2,4,Tổng hợp,12,13,70%,85%,138,PL-VAN-REA-L4-004,3,6,3,v.voc.3 | v.gra.2 | v.gra.3 | v.p2.5 | v.voc.1 | v.gra.1 | v.rhe.1 | v.lit.2 | v.log.2 | v.p2.3 | v.p1.2 | v.p1.3,Trộn nhiều dạng trong cùng chuyên đề để rèn phản xạ nhận diện. Giữ độ chính xác khi thời gian bắt đầu siết lại.
PL-VAN-REA-L4-006,Ôn lại · Đọc hiểu văn bản · Cấp 4,Văn,,Đọc hiểu văn bản,2,4,Ôn lại,12,14,70%,85%,108,PL-VAN-REA-L4-005,3,6,3,v.rhe.2 | v.lit.1 | v.lit.3 | v.gra.1 | v.rhe.1 | v.lit.2 | v.log.2 | v.p1.2 | v.p1.3 | v.p2.2 | v.p2.4 | v.voc.2,Quay lại các câu từng sai để kiến thức không phai theo thời gian. Giữ độ chính xác khi thời gian bắt đầu siết lại.
PL-VAN-REA-L4-007,Khởi động · Đọc hiểu văn bản · Cấp 4,Văn,,Đọc hiểu văn bản,2,4,Khởi động,12,16,70%,85%,84,PL-VAN-REA-L4-006,3,6,3,v.lit.4 | v.log.1 | v.p1.4 | v.log.2 | v.p1.1 | v.p2.1 | v.voc.1 | v.gra.1 | v.rhe.1 | v.gra.2 | v.gra.3 | v.rhe.2,Nhắc lại công thức và nhận diện dạng bài trước khi vào phần nặng. Giữ độ chính xác khi thời gian bắt đầu siết lại.
PL-VAN-REA-L4-008,Rèn kỹ năng · Đọc hiểu văn bản · Cấp 4,Văn,,Đọc hiểu văn bản,2,4,Rèn kỹ năng,12,13,70%,85%,120,PL-VAN-REA-L4-007,3,6,3,v.p2.3 | v.p2.5 | v.log.2 | v.p1.5 | v.p2.2 | v.p2.4 | v.voc.2 | v.voc.3 | v.gra.2 | v.voc.1 | v.gra.1 | v.rhe.1,Làm chắc một kỹ năng lõi qua các biến thể liên tiếp của cùng một dạng. Giữ độ chính xác khi thời gian bắt đầu siết lại.
PL-VAN-REA-L4-009,Tốc độ · Đọc hiểu văn bản · Cấp 4,Văn,,Đọc hiểu văn bản,2,4,Tốc độ,12,10,70%,85%,132,PL-VAN-REA-L4-008,3,6,3,v.lit.1 | v.p1.1 | v.p2.1 | v.p1.3 | v.p1.5 | v.p2.2 | v.p2.4 | v.voc.2 | v.voc.3 | v.lit.2 | v.log.2 | v.p1.2,Rút ngắn thời gian trên mỗi câu mà vẫn giữ được độ chính xác. Giữ độ chính xác khi thời gian bắt đầu siết lại.
PL-VAN-REA-L4-010,Chính xác · Đọc hiểu văn bản · Cấp 4,Văn,,Đọc hiểu văn bản,2,4,Chính xác,12,15,70%,85%,132,PL-VAN-REA-L4-009,3,6,3,v.gra.1 | v.rhe.1 | v.lit.2 | v.gra.3 | v.rhe.2 | v.lit.3 | v.lit.4 | v.log.1 | v.p1.1 | v.p2.3 | v.p2.5 | v.log.2,Loại bỏ lỗi ẩu và các bẫy quen thuộc trong chuyên đề. Giữ độ chính xác khi thời gian bắt đầu siết lại.
PL-VAN-REA-L4-011,Tổng hợp · Đọc hiểu văn bản · Cấp 4,Văn,,Đọc hiểu văn bản,2,4,Tổng hợp,12,13,70%,85%,138,PL-VAN-REA-L4-010,3,6,3,v.p1.2 | v.p1.3 | v.p1.5 | v.p1.4 | v.p2.1 | v.p2.3 | v.p2.5 | v.voc.1 | v.gra.1 | v.voc.3 | v.gra.2 | v.gra.3,Trộn nhiều dạng trong cùng chuyên đề để rèn phản xạ nhận diện. Giữ độ chính xác khi thời gian bắt đầu siết lại.
PL-VAN-REA-L4-012,Ôn lại · Đọc hiểu văn bản · Cấp 4,Văn,,Đọc hiểu văn bản,2,4,Ôn lại,12,14,70%,85%,108,PL-VAN-REA-L4-011,3,6,3,v.p2.2 | v.p2.4 | v.voc.2 | v.p2.5 | v.voc.1 | v.gra.1 | v.rhe.1 | v.lit.2 | v.log.2 | v.gra.3 | v.rhe.2 | v.lit.3,Quay lại các câu từng sai để kiến thức không phai theo thời gian. Giữ độ chính xác khi thời gian bắt đầu siết lại.
PL-VAN-REA-L4-013,Khởi động · Đọc hiểu văn bản · Cấp 4,Văn,,Đọc hiểu văn bản,2,4,Khởi động,12,16,70%,85%,84,PL-VAN-REA-L4-012,3,6,3,v.voc.2 | v.voc.3 | v.gra.2 | v.p1.4 | v.p2.3 | v.p2.5 | v.log.2 | v.p1.1 | v.p2.1 | v.voc.1 | v.gra.1 | v.rhe.1,Nhắc lại công thức và nhận diện dạng bài trước khi vào phần nặng. Giữ độ chính xác khi thời gian bắt đầu siết lại.
PL-VAN-REA-L4-014,Rèn kỹ năng · Đọc hiểu văn bản · Cấp 4,Văn,,Đọc hiểu văn bản,2,4,Rèn kỹ năng,12,13,70%,85%,120,PL-VAN-REA-L4-013,3,6,3,v.rhe.2 | v.lit.1 | v.lit.3 | v.log.2 | v.p1.2 | v.p1.3 | v.p1.5 | v.p2.2 | v.p2.4 | v.rhe.1 | v.lit.2 | v.p1.4,Làm chắc một kỹ năng lõi qua các biến thể liên tiếp của cùng một dạng. Giữ độ chính xác khi thời gian bắt đầu siết lại.
PL-VAN-REA-L4-015,Tốc độ · Đọc hiểu văn bản · Cấp 4,Văn,,Đọc hiểu văn bản,2,4,Tốc độ,12,10,70%,85%,132,PL-VAN-REA-L4-014,3,6,3,v.lit.4 | v.log.1 | v.p1.4 | v.voc.1 | v.gra.1 | v.rhe.1 | v.lit.2 | v.p1.2 | v.p1.3 | v.p2.2 | v.p2.4 | v.voc.2,Rút ngắn thời gian trên mỗi câu mà vẫn giữ được độ chính xác. Giữ độ chính xác khi thời gian bắt đầu siết lại.
PL-VAN-REA-L4-016,Chính xác · Đọc hiểu văn bản · Cấp 4,Văn,,Đọc hiểu văn bản,2,4,Chính xác,12,15,70%,85%,132,PL-VAN-REA-L4-015,3,6,3,v.p2.3 | v.p2.5 | v.log.2 | v.voc.2 | v.voc.3 | v.gra.2 | v.gra.3 | v.rhe.2 | v.lit.3 | v.p2.2 | v.p2.4 | v.lit.4,Loại bỏ lỗi ẩu và các bẫy quen thuộc trong chuyên đề. Giữ độ chính xác khi thời gian bắt đầu siết lại.
PL-VAN-REA-L4-017,Tổng hợp · Đọc hiểu văn bản · Cấp 4,Văn,,Đọc hiểu văn bản,2,4,Tổng hợp,12,13,70%,85%,138,PL-VAN-REA-L4-016,3,6,3,v.p1.1 | v.p2.1 | v.voc.1 | v.gra.3 | v.rhe.2 | v.lit.3 | v.lit.4 | v.log.1 | v.p1.4 | v.p2.4 | v.voc.2 | v.voc.3,Trộn nhiều dạng trong cùng chuyên đề để rèn phản xạ nhận diện. Giữ độ chính xác khi thời gian bắt đầu siết lại.
PL-VAN-REA-L4-018,Ôn lại · Đọc hiểu văn bản · Cấp 4,Văn,,Đọc hiểu văn bản,2,4,Ôn lại,12,14,70%,85%,108,PL-VAN-REA-L4-017,3,6,3,v.gra.1 | v.rhe.1 | v.lit.2 | v.lit.4 | v.log.1 | v.p1.1 | v.p1.4 | v.p2.1 | v.p2.3 | v.gra.3 | v.rhe.2 | v.lit.3,Quay lại các câu từng sai để kiến thức không phai theo thời gian. Giữ độ chính xác khi thời gian bắt đầu siết lại.
PL-VAN-REA-L4-019,Khởi động · Đọc hiểu văn bản · Cấp 4,Văn,,Đọc hiểu văn bản,2,4,Khởi động,12,16,70%,85%,84,PL-VAN-REA-L4-018,3,6,3,v.lit.2 | v.p1.2 | v.p1.3 | v.lit.3 | v.lit.4 | v.log.1 | v.p1.4 | v.p2.3 | v.p2.5 | v.log.2 | v.lit.1 | v.p1.5,Nhắc lại công thức và nhận diện dạng bài trước khi vào phần nặng. Giữ độ chính xác khi thời gian bắt đầu siết lại.
PL-VAN-REA-L4-020,Rèn kỹ năng · Đọc hiểu văn bản · Cấp 4,Văn,,Đọc hiểu văn bản,2,4,Rèn kỹ năng,12,13,70%,85%,120,PL-VAN-REA-L4-019,3,6,3,v.p2.2 | v.p2.4 | v.voc.2 | v.rhe.1 | v.lit.2 | v.log.2 | v.lit.1 | v.p1.2 | v.p1.3 | v.p2.3 | v.p2.5 | v.p1.5,Làm chắc một kỹ năng lõi qua các biến thể liên tiếp của cùng một dạng. Giữ độ chính xác khi thời gian bắt đầu siết lại.
PL-VAN-REA-L4-021,Tốc độ · Đọc hiểu văn bản · Cấp 4,Văn,,Đọc hiểu văn bản,2,4,Tốc độ,12,10,70%,85%,132,PL-VAN-REA-L4-020,3,6,3,v.voc.2 | v.voc.3 | v.gra.2 | v.log.2 | v.p1.1 | v.p2.1 | v.voc.1 | v.gra.1 | v.rhe.1 | v.p2.4 | v.gra.3 | v.rhe.2,Rút ngắn thời gian trên mỗi câu mà vẫn giữ được độ chính xác. Giữ độ chính xác khi thời gian bắt đầu siết lại.
PL-VAN-REA-L4-022,Chính xác · Đọc hiểu văn bản · Cấp 4,Văn,,Đọc hiểu văn bản,2,4,Chính xác,12,15,70%,85%,132,PL-VAN-REA-L4-021,3,6,3,v.rhe.2 | v.lit.1 | v.lit.3 | v.p1.5 | v.p2.2 | v.p2.4 | v.voc.2 | v.voc.3 | v.gra.2 | v.lit.4 | v.log.1 | v.p1.1,Loại bỏ lỗi ẩu và các bẫy quen thuộc trong chuyên đề. Giữ độ chính xác khi thời gian bắt đầu siết lại.
PL-VAN-REA-L4-023,Tổng hợp · Đọc hiểu văn bản · Cấp 4,Văn,,Đọc hiểu văn bản,2,4,Tổng hợp,12,13,70%,85%,138,PL-VAN-REA-L4-022,3,6,3,v.lit.4 | v.log.1 | v.p1.4 | v.voc.2 | v.voc.3 | v.gra.2 | v.gra.3 | v.rhe.2 | v.lit.3 | v.voc.1 | v.gra.1 | v.rhe.1,Trộn nhiều dạng trong cùng chuyên đề để rèn phản xạ nhận diện. Giữ độ chính xác khi thời gian bắt đầu siết lại.
PL-VAN-REA-L4-024,Ôn lại · Đọc hiểu văn bản · Cấp 4,Văn,,Đọc hiểu văn bản,2,4,Ôn lại,12,14,70%,85%,108,PL-VAN-REA-L4-023,3,6,3,v.p2.3 | v.p2.5 | v.log.2 | v.gra.3 | v.rhe.2 | v.lit.3 | v.lit.4 | v.log.1 | v.p1.1 | v.lit.2 | v.lit.1 | v.p1.4,Quay lại các câu từng sai để kiến thức không phai theo thời gian. Giữ độ chính xác khi thời gian bắt đầu siết lại.
PL-VAN-REA-L4-025,Khởi động · Đọc hiểu văn bản · Cấp 4,Văn,,Đọc hiểu văn bản,2,4,Khởi động,12,16,70%,85%,84,PL-VAN-REA-L4-024,3,6,3,v.lit.1 | v.p1.1 | v.p2.1 | v.gra.2 | v.gra.3 | v.rhe.2 | v.lit.3 | v.lit.4 | v.log.1 | v.p1.3 | v.p1.5 | v.p2.2,Nhắc lại công thức và nhận diện dạng bài trước khi vào phần nặng. Giữ độ chính xác khi thời gian bắt đầu siết lại.
PL-VAN-REA-L4-026,Rèn kỹ năng · Đọc hiểu văn bản · Cấp 4,Văn,,Đọc hiểu văn bản,2,4,Rèn kỹ năng,12,13,70%,85%,120,PL-VAN-REA-L4-025,3,6,3,v.gra.1 | v.rhe.1 | v.lit.2 | v.p1.4 | v.p2.1 | v.p2.3 | v.p2.5 | v.voc.1 | v.log.2 | v.p2.4 | v.voc.2 | v.voc.3,Làm chắc một kỹ năng lõi qua các biến thể liên tiếp của cùng một dạng. Giữ độ chính xác khi thời gian bắt đầu siết lại.
PL-VAN-REA-L4-027,Tốc độ · Đọc hiểu văn bản · Cấp 4,Văn,,Đọc hiểu văn bản,2,4,Tốc độ,12,10,70%,85%,132,PL-VAN-REA-L4-026,3,6,3,v.lit.2 | v.p1.2 | v.p1.3 | v.p1.4 | v.p2.3 | v.p2.5 | v.log.2 | v.p1.1 | v.p2.1 | v.rhe.2 | v.lit.3 | v.lit.4,Rút ngắn thời gian trên mỗi câu mà vẫn giữ được độ chính xác. Giữ độ chính xác khi thời gian bắt đầu siết lại.
PL-VAN-REA-L4-028,Chính xác · Đọc hiểu văn bản · Cấp 4,Văn,,Đọc hiểu văn bản,2,4,Chính xác,12,15,70%,85%,132,PL-VAN-REA-L4-027,3,6,3,v.p2.2 | v.p2.4 | v.voc.2 | v.lit.1 | v.p1.2 | v.p1.3 | v.p1.5 | v.voc.3 | v.gra.2 | v.p2.1 | v.voc.1 | v.gra.1,Loại bỏ lỗi ẩu và các bẫy quen thuộc trong chuyên đề. Giữ độ chính xác khi thời gian bắt đầu siết lại.
PL-VAN-REA-L4-029,Tổng hợp · Đọc hiểu văn bản · Cấp 4,Văn,,Đọc hiểu văn bản,2,4,Tổng hợp,12,13,70%,85%,138,PL-VAN-REA-L4-028,3,6,3,v.voc.3 | v.gra.2 | v.gra.3 | v.p1.5 | v.p2.2 | v.p2.4 | v.voc.2 | v.rhe.2 | v.lit.3 | v.lit.2 | v.lit.1 | v.p1.4,Trộn nhiều dạng trong cùng chuyên đề để rèn phản xạ nhận diện. Giữ độ chính xác khi thời gian bắt đầu siết lại.
PL-VAN-REA-L4-030,Ôn lại · Đọc hiểu văn bản · Cấp 4,Văn,,Đọc hiểu văn bản,2,4,Ôn lại,12,14,70%,85%,108,PL-VAN-REA-L4-029,3,6,3,v.rhe.2 | v.lit.1 | v.lit.3 | v.voc.2 | v.voc.3 | v.gra.2 | v.gra.3 | v.lit.4 | v.log.1 | v.p2.3 | v.p2.5 | v.log.2,Quay lại các câu từng sai để kiến thức không phai theo thời gian. Giữ độ chính xác khi thời gian bắt đầu siết lại.
PL-VAN-REA-L4-031,Khởi động · Đọc hiểu văn bản · Cấp 4,Văn,,Đọc hiểu văn bản,2,4,Khởi động,12,16,70%,85%,84,PL-VAN-REA-L4-030,3,6,3,v.lit.4 | v.log.1 | v.p1.4 | v.p1.5 | v.p2.2 | v.p2.4 | v.voc.2 | v.voc.3 | v.gra.2 | v.lit.3 | v.p1.1 | v.p2.1,Nhắc lại công thức và nhận diện dạng bài trước khi vào phần nặng. Giữ độ chính xác khi thời gian bắt đầu siết lại.
PL-VAN-REA-L4-032,Rèn kỹ năng · Đọc hiểu văn bản · Cấp 4,Văn,,Đọc hiểu văn bản,2,4,Rèn kỹ năng,12,13,70%,85%,120,PL-VAN-REA-L4-031,3,6,3,v.p2.3 | v.p2.5 | v.log.2 | v.lit.4 | v.log.1 | v.p1.1 | v.p1.4 | v.p2.1 | v.voc.1 | v.gra.2 | v.gra.3 | v.rhe.2,Làm chắc một kỹ năng lõi qua các biến thể liên tiếp của cùng một dạng. Giữ độ chính xác khi thời gian bắt đầu siết lại.
PL-VAN-REA-L4-033,Tốc độ · Đọc hiểu văn bản · Cấp 4,Văn,,Đọc hiểu văn bản,2,4,Tốc độ,12,10,70%,85%,132,PL-VAN-REA-L4-032,3,6,3,v.lit.1 | v.p1.1 | v.p2.1 | v.lit.3 | v.lit.4 | v.log.1 | v.p1.4 | v.p2.3 | v.p2.5 | v.voc.1 | v.gra.1 | v.rhe.1,Rút ngắn thời gian trên mỗi câu mà vẫn giữ được độ chính xác. Giữ độ chính xác khi thời gian bắt đầu siết lại.
PL-VAN-REA-L4-034,Chính xác · Đọc hiểu văn bản · Cấp 4,Văn,,Đọc hiểu văn bản,2,4,Chính xác,12,15,70%,85%,132,PL-VAN-REA-L4-033,3,6,3,v.gra.1 | v.rhe.1 | v.lit.2 | v.p2.5 | v.voc.1 | v.log.2 | v.lit.1 | v.p1.2 | v.p1.3 | v.p1.1 | v.p2.1 | v.p1.4,Loại bỏ lỗi ẩu và các bẫy quen thuộc trong chuyên đề. Giữ độ chính xác khi thời gian bắt đầu siết lại.
PL-VAN-REA-L4-035,Tổng hợp · Đọc hiểu văn bản · Cấp 4,Văn,,Đọc hiểu văn bản,2,4,Tổng hợp,12,13,70%,85%,138,PL-VAN-REA-L4-034,3,6,3,v.p1.2 | v.p1.3 | v.p1.5 | v.lit.1 | v.p2.2 | v.p2.4 | v.voc.2 | v.voc.3 | v.gra.2 | v.p2.3 | v.p2.5 | v.log.2,Trộn nhiều dạng trong cùng chuyên đề để rèn phản xạ nhận diện. Giữ độ chính xác khi thời gian bắt đầu siết lại.
PL-VAN-REA-L4-036,Thử thách · Đọc hiểu văn bản · Cấp 4,Văn,,Đọc hiểu văn bản,2,4,Thử thách,12,13,70%,85%,168,PL-VAN-REA-L4-035,3,6,3,v.rhe.2 | v.lit.3 | v.lit.4 | v.p2.5 | v.log.2 | v.p1.2 | v.p1.3 | v.p1.5 | v.p2.2 | v.voc.3 | v.gra.2 | v.gra.3,Đẩy lên mức khó hơn cấp hiện tại để chuẩn bị lên cấp. Giữ độ chính xác khi thời gian bắt đầu siết lại.
PL-VAN-REA-L4-037,Vượt ải · Đọc hiểu văn bản · Cấp 4,Văn,,Đọc hiểu văn bản,2,4,Vượt ải,12,12,70%,90%,216,PL-VAN-REA-L4-036,3,6,3,v.log.1 | v.p1.1 | v.p1.4 | v.p1.5 | v.p2.2 | v.p2.4 | v.voc.2 | v.voc.3 | v.gra.2 | v.lit.3 | v.lit.4 | v.p2.1,Bài kiểm tra chốt cấp độ của tuyến chuyên đề. Giữ độ chính xác khi thời gian bắt đầu siết lại.
PL-VAN-REA-L5-001,Khởi động · Đọc hiểu văn bản · Cấp 5,Văn,,Đọc hiểu văn bản,3,5,Khởi động,14,20,70%,85%,112,PL-VAN-REA-L4-037,4,7,3,v.p1.1 | v.p2.1 | v.voc.1 | v.gra.1 | v.p1.5 | v.p2.2 | v.p2.4 | v.voc.2 | v.voc.3 | v.gra.2 | v.gra.3 | v.p1.2 | v.p1.3 | v.rhe.2,Nhắc lại công thức và nhận diện dạng bài trước khi vào phần nặng. Xử lý câu phân loại mà không mất nhịp.
PL-VAN-REA-L5-002,Rèn kỹ năng · Đọc hiểu văn bản · Cấp 5,Văn,,Đọc hiểu văn bản,3,5,Rèn kỹ năng,14,16,70%,85%,160,PL-VAN-REA-L5-001,4,7,3,v.p2.2 | v.p2.4 | v.voc.2 | v.voc.3 | v.p1.3 | v.p1.5 | v.gra.2 | v.gra.3 | v.rhe.2 | v.lit.3 | v.lit.4 | v.p2.1 | v.voc.1 | v.gra.1,Làm chắc một kỹ năng lõi qua các biến thể liên tiếp của cùng một dạng. Xử lý câu phân loại mà không mất nhịp.
PL-VAN-REA-L5-003,Tốc độ · Đọc hiểu văn bản · Cấp 5,Văn,,Đọc hiểu văn bản,3,5,Tốc độ,14,12,70%,85%,176,PL-VAN-REA-L5-002,4,7,3,v.p1.2 | v.p1.3 | v.p1.5 | v.p2.2 | v.log.1 | v.p1.1 | v.p1.4 | v.p2.1 | v.p2.3 | v.p2.5 | v.voc.1 | v.rhe.1 | v.lit.2 | v.lit.1,Rút ngắn thời gian trên mỗi câu mà vẫn giữ được độ chính xác. Xử lý câu phân loại mà không mất nhịp.
PL-VAN-REA-L5-004,Chính xác · Đọc hiểu văn bản · Cấp 5,Văn,,Đọc hiểu văn bản,3,5,Chính xác,14,19,70%,85%,176,PL-VAN-REA-L5-003,4,7,3,v.rhe.2 | v.lit.3 | v.lit.4 | v.log.1 | v.gra.2 | v.gra.3 | v.p1.1 | v.p2.1 | v.voc.1 | v.gra.1 | v.rhe.1 | v.p1.4 | v.p2.3 | v.p2.5,Loại bỏ lỗi ẩu và các bẫy quen thuộc trong chuyên đề. Xử lý câu phân loại mà không mất nhịp.
PL-VAN-REA-L5-005,Tổng hợp · Đọc hiểu văn bản · Cấp 5,Văn,,Đọc hiểu văn bản,3,5,Tổng hợp,14,16,70%,85%,184,PL-VAN-REA-L5-004,4,7,3,v.log.1 | v.p1.1 | v.p1.4 | v.p2.1 | v.lit.4 | v.voc.1 | v.gra.1 | v.rhe.1 | v.lit.2 | v.lit.1 | v.p2.3 | v.p1.3 | v.p1.5 | v.p2.2,Trộn nhiều dạng trong cùng chuyên đề để rèn phản xạ nhận diện. Xử lý câu phân loại mà không mất nhịp.
PL-VAN-REA-L5-006,Ôn lại · Đọc hiểu văn bản · Cấp 5,Văn,,Đọc hiểu văn bản,3,5,Ôn lại,14,18,70%,85%,144,PL-VAN-REA-L5-005,4,7,3,v.p2.1 | v.p2.3 | v.p2.5 | v.voc.1 | v.rhe.1 | v.lit.2 | v.lit.1 | v.p1.4 | v.log.2 | v.p1.2 | v.p1.3 | v.gra.3 | v.rhe.2 | v.lit.3,Quay lại các câu từng sai để kiến thức không phai theo thời gian. Xử lý câu phân loại mà không mất nhịp.
PL-VAN-REA-L5-007,Khởi động · Đọc hiểu văn bản · Cấp 5,Văn,,Đọc hiểu văn bản,3,5,Khởi động,14,20,70%,85%,112,PL-VAN-REA-L5-006,4,7,3,v.lit.4 | v.log.1 | v.p1.4 | v.p2.3 | v.p1.2 | v.p1.3 | v.p1.5 | v.p2.2 | v.p2.4 | v.voc.2 | v.voc.3 | v.gra.1 | v.rhe.1 | v.lit.2,Nhắc lại công thức và nhận diện dạng bài trước khi vào phần nặng. Xử lý câu phân loại mà không mất nhịp.
PL-VAN-REA-L5-008,Rèn kỹ năng · Đọc hiểu văn bản · Cấp 5,Văn,,Đọc hiểu văn bản,3,5,Rèn kỹ năng,14,16,70%,85%,160,PL-VAN-REA-L5-007,4,7,3,v.lit.2 | v.log.2 | v.lit.1 | v.p1.2 | v.p1.3 | v.p1.5 | v.p2.2 | v.p2.4 | v.voc.2 | v.voc.3 | v.gra.2 | v.rhe.1 | v.p1.4 | v.p2.3,Làm chắc một kỹ năng lõi qua các biến thể liên tiếp của cùng một dạng. Xử lý câu phân loại mà không mất nhịp.
PL-VAN-REA-L5-009,Tốc độ · Đọc hiểu văn bản · Cấp 5,Văn,,Đọc hiểu văn bản,3,5,Tốc độ,14,12,70%,85%,176,PL-VAN-REA-L5-008,4,7,3,v.p1.1 | v.p2.1 | v.voc.1 | v.gra.1 | v.voc.3 | v.gra.2 | v.gra.3 | v.rhe.2 | v.lit.3 | v.lit.4 | v.log.1 | v.p2.5 | v.log.2 | v.p1.2,Rút ngắn thời gian trên mỗi câu mà vẫn giữ được độ chính xác. Xử lý câu phân loại mà không mất nhịp.
PL-VAN-REA-L5-010,Chính xác · Đọc hiểu văn bản · Cấp 5,Văn,,Đọc hiểu văn bản,3,5,Chính xác,14,19,70%,85%,176,PL-VAN-REA-L5-009,4,7,3,v.p2.2 | v.p2.4 | v.voc.2 | v.voc.3 | v.rhe.2 | v.lit.3 | v.lit.4 | v.log.1 | v.p1.1 | v.p2.1 | v.voc.1 | v.p1.3 | v.p1.5 | v.gra.2,Loại bỏ lỗi ẩu và các bẫy quen thuộc trong chuyên đề. Xử lý câu phân loại mà không mất nhịp.
PL-VAN-REA-L5-011,Tổng hợp · Đọc hiểu văn bản · Cấp 5,Văn,,Đọc hiểu văn bản,3,5,Tổng hợp,14,16,70%,85%,184,PL-VAN-REA-L5-010,4,7,3,v.voc.3 | v.gra.2 | v.gra.3 | v.rhe.2 | v.log.1 | v.p1.1 | v.p2.1 | v.voc.1 | v.gra.1 | v.rhe.1 | v.lit.2 | v.p2.4 | v.voc.2 | v.lit.3,Trộn nhiều dạng trong cùng chuyên đề để rèn phản xạ nhận diện. Xử lý câu phân loại mà không mất nhịp.
PL-VAN-REA-L5-012,Ôn lại · Đọc hiểu văn bản · Cấp 5,Văn,,Đọc hiểu văn bản,3,5,Ôn lại,14,18,70%,85%,144,PL-VAN-REA-L5-011,4,7,3,v.rhe.2 | v.lit.3 | v.lit.4 | v.log.1 | v.voc.1 | v.gra.1 | v.rhe.1 | v.lit.2 | v.lit.1 | v.p1.4 | v.p2.3 | v.p1.1 | v.p2.1 | v.p2.5,Quay lại các câu từng sai để kiến thức không phai theo thời gian. Xử lý câu phân loại mà không mất nhịp.
PL-VAN-REA-L5-013,Khởi động · Đọc hiểu văn bản · Cấp 5,Văn,,Đọc hiểu văn bản,3,5,Khởi động,14,20,70%,85%,112,PL-VAN-REA-L5-012,4,7,3,v.voc.3 | v.gra.2 | v.gra.3 | v.rhe.2 | v.log.2 | v.lit.1 | v.p1.2 | v.p1.3 | v.p1.5 | v.p2.2 | v.p2.4 | v.p2.3 | v.p2.5 | v.voc.2,Nhắc lại công thức và nhận diện dạng bài trước khi vào phần nặng. Xử lý câu phân loại mà không mất nhịp.
PL-VAN-REA-L5-014,Rèn kỹ năng · Đọc hiểu văn bản · Cấp 5,Văn,,Đọc hiểu văn bản,3,5,Rèn kỹ năng,14,16,70%,85%,160,PL-VAN-REA-L5-013,4,7,3,v.p2.1 | v.p2.3 | v.p2.5 | v.voc.1 | v.log.2 | v.p1.2 | v.p1.3 | v.p1.5 | v.p2.2 | v.p2.4 | v.voc.2 | v.rhe.2 | v.lit.3 | v.lit.4,Làm chắc một kỹ năng lõi qua các biến thể liên tiếp của cùng một dạng. Xử lý câu phân loại mà không mất nhịp.
PL-VAN-REA-L5-015,Tốc độ · Đọc hiểu văn bản · Cấp 5,Văn,,Đọc hiểu văn bản,3,5,Tốc độ,14,12,70%,85%,176,PL-VAN-REA-L5-014,4,7,3,v.lit.4 | v.log.1 | v.p1.4 | v.p2.3 | v.p2.4 | v.voc.2 | v.voc.3 | v.gra.2 | v.gra.3 | v.rhe.2 | v.lit.3 | v.p2.1 | v.voc.1 | v.gra.1,Rút ngắn thời gian trên mỗi câu mà vẫn giữ được độ chính xác. Xử lý câu phân loại mà không mất nhịp.
PL-VAN-REA-L5-016,Chính xác · Đọc hiểu văn bản · Cấp 5,Văn,,Đọc hiểu văn bản,3,5,Chính xác,14,19,70%,85%,176,PL-VAN-REA-L5-015,4,7,3,v.lit.2 | v.log.2 | v.lit.1 | v.p1.2 | v.voc.2 | v.voc.3 | v.gra.2 | v.gra.3 | v.rhe.2 | v.lit.3 | v.lit.4 | v.voc.1 | v.gra.1 | v.rhe.1,Loại bỏ lỗi ẩu và các bẫy quen thuộc trong chuyên đề. Xử lý câu phân loại mà không mất nhịp.
PL-VAN-REA-L5-017,Tổng hợp · Đọc hiểu văn bản · Cấp 5,Văn,,Đọc hiểu văn bản,3,5,Tổng hợp,14,16,70%,85%,184,PL-VAN-REA-L5-016,4,7,3,v.p1.2 | v.p1.3 | v.p1.5 | v.p2.2 | v.lit.3 | v.lit.4 | v.log.1 | v.p1.1 | v.p2.1 | v.voc.1 | v.gra.1 | v.p1.4 | v.p2.3 | v.p2.5,Trộn nhiều dạng trong cùng chuyên đề để rèn phản xạ nhận diện. Xử lý câu phân loại mà không mất nhịp.
PL-VAN-REA-L5-018,Ôn lại · Đọc hiểu văn bản · Cấp 5,Văn,,Đọc hiểu văn bản,3,5,Ôn lại,14,18,70%,85%,144,PL-VAN-REA-L5-017,4,7,3,v.p2.2 | v.p2.4 | v.voc.2 | v.voc.3 | v.p1.1 | v.p2.1 | v.voc.1 | v.gra.1 | v.rhe.1 | v.lit.2 | v.lit.1 | v.log.2 | v.p1.2 | v.p1.3,Quay lại các câu từng sai để kiến thức không phai theo thời gian. Xử lý câu phân loại mà không mất nhịp.
PL-VAN-REA-L5-019,Khởi động · Đọc hiểu văn bản · Cấp 5,Văn,,Đọc hiểu văn bản,3,5,Khởi động,14,20,70%,85%,112,PL-VAN-REA-L5-018,4,7,3,v.p1.2 | v.p1.3 | v.p1.5 | v.p2.2 | v.rhe.1 | v.lit.2 | v.log.2 | v.lit.1 | v.p2.4 | v.voc.2 | v.voc.3 | v.lit.3 | v.lit.4 | v.log.1,Nhắc lại công thức và nhận diện dạng bài trước khi vào phần nặng. Xử lý câu phân loại mà không mất nhịp.
PL-VAN-REA-L5-020,Rèn kỹ năng · Đọc hiểu văn bản · Cấp 5,Văn,,Đọc hiểu văn bản,3,5,Rèn kỹ năng,14,16,70%,85%,160,PL-VAN-REA-L5-019,4,7,3,v.rhe.2 | v.lit.3 | v.lit.4 | v.log.1 | v.lit.1 | v.p1.4 | v.p2.3 | v.p2.5 | v.log.2 | v.p1.2 | v.p1.3 | v.voc.1 | v.gra.1 | v.rhe.1,Làm chắc một kỹ năng lõi qua các biến thể liên tiếp của cùng một dạng. Xử lý câu phân loại mà không mất nhịp.
PL-VAN-REA-L5-021,Tốc độ · Đọc hiểu văn bản · Cấp 5,Văn,,Đọc hiểu văn bản,3,5,Tốc độ,14,12,70%,85%,176,PL-VAN-REA-L5-020,4,7,3,v.voc.3 | v.gra.2 | v.gra.3 | v.rhe.2 | v.p1.5 | v.p2.2 | v.p2.4 | v.voc.2 | v.lit.3 | v.lit.4 | v.log.1 | v.lit.1 | v.p1.4 | v.p2.3,Rút ngắn thời gian trên mỗi câu mà vẫn giữ được độ chính xác. Xử lý câu phân loại mà không mất nhịp.
PL-VAN-REA-L5-022,Chính xác · Đọc hiểu văn bản · Cấp 5,Văn,,Đọc hiểu văn bản,3,5,Chính xác,14,19,70%,85%,176,PL-VAN-REA-L5-021,4,7,3,v.p2.1 | v.p2.3 | v.p2.5 | v.voc.1 | v.p2.2 | v.p2.4 | v.voc.2 | v.voc.3 | v.gra.2 | v.gra.3 | v.rhe.2 | v.p1.2 | v.p1.3 | v.p1.5,Loại bỏ lỗi ẩu và các bẫy quen thuộc trong chuyên đề. Xử lý câu phân loại mà không mất nhịp.
PL-VAN-REA-L5-023,Tổng hợp · Đọc hiểu văn bản · Cấp 5,Văn,,Đọc hiểu văn bản,3,5,Tổng hợp,14,16,70%,85%,184,PL-VAN-REA-L5-022,4,7,3,v.voc.1 | v.gra.1 | v.rhe.1 | v.lit.2 | v.p2.4 | v.voc.2 | v.voc.3 | v.gra.2 | v.gra.3 | v.rhe.2 | v.lit.3 | v.p1.3 | v.p1.5 | v.p2.2,Trộn nhiều dạng trong cùng chuyên đề để rèn phản xạ nhận diện. Xử lý câu phân loại mà không mất nhịp.
PL-VAN-REA-L5-024,Ôn lại · Đọc hiểu văn bản · Cấp 5,Văn,,Đọc hiểu văn bản,3,5,Ôn lại,14,18,70%,85%,144,PL-VAN-REA-L5-023,4,7,3,v.lit.2 | v.log.2 | v.lit.1 | v.p1.2 | v.rhe.2 | v.lit.3 | v.lit.4 | v.log.1 | v.p1.1 | v.p2.1 | v.voc.1 | v.voc.3 | v.gra.2 | v.gra.3,Quay lại các câu từng sai để kiến thức không phai theo thời gian. Xử lý câu phân loại mà không mất nhịp.
PL-VAN-REA-L5-025,Khởi động · Đọc hiểu văn bản · Cấp 5,Văn,,Đọc hiểu văn bản,3,5,Khởi động,14,20,70%,85%,112,PL-VAN-REA-L5-024,4,7,3,v.p1.1 | v.p2.1 | v.voc.1 | v.gra.1 | v.p2.3 | v.p2.5 | v.rhe.1 | v.lit.2 | v.log.2 | v.lit.1 | v.p1.2 | v.lit.4 | v.log.1 | v.p1.4,Nhắc lại công thức và nhận diện dạng bài trước khi vào phần nặng. Xử lý câu phân loại mà không mất nhịp.
PL-VAN-REA-L5-026,Rèn kỹ năng · Đọc hiểu văn bản · Cấp 5,Văn,,Đọc hiểu văn bản,3,5,Rèn kỹ năng,14,16,70%,85%,160,PL-VAN-REA-L5-025,4,7,3,v.p2.2 | v.p2.4 | v.voc.2 | v.voc.3 | v.rhe.1 | v.lit.2 | v.lit.1 | v.p1.4 | v.p2.3 | v.p2.5 | v.log.2 | v.p1.3 | v.p1.5 | v.gra.2,Làm chắc một kỹ năng lõi qua các biến thể liên tiếp của cùng một dạng. Xử lý câu phân loại mà không mất nhịp.
PL-VAN-REA-L5-027,Tốc độ · Đọc hiểu văn bản · Cấp 5,Văn,,Đọc hiểu văn bản,3,5,Tốc độ,14,12,70%,85%,176,PL-VAN-REA-L5-026,4,7,3,v.p1.2 | v.p1.3 | v.p1.5 | v.p2.2 | v.p2.4 | v.voc.2 | v.voc.3 | v.gra.2 | v.gra.3 | v.rhe.2 | v.lit.3 | v.lit.4 | v.log.1 | v.p1.1,Rút ngắn thời gian trên mỗi câu mà vẫn giữ được độ chính xác. Xử lý câu phân loại mà không mất nhịp.
PL-VAN-REA-L5-028,Chính xác · Đọc hiểu văn bản · Cấp 5,Văn,,Đọc hiểu văn bản,3,5,Chính xác,14,19,70%,85%,176,PL-VAN-REA-L5-027,4,7,3,v.rhe.2 | v.lit.3 | v.lit.4 | v.log.1 | v.log.2 | v.p1.2 | v.p1.3 | v.p1.5 | v.p2.2 | v.p2.4 | v.voc.2 | v.p2.1 | v.voc.1 | v.gra.1,Loại bỏ lỗi ẩu và các bẫy quen thuộc trong chuyên đề. Xử lý câu phân loại mà không mất nhịp.
PL-VAN-REA-L5-029,Thử thách · Đọc hiểu văn bản · Cấp 5,Văn,,Đọc hiểu văn bản,3,5,Thử thách,14,16,70%,85%,224,PL-VAN-REA-L5-028,4,7,3,v.gra.3 | v.rhe.2 | v.lit.3 | v.lit.4 | v.p1.5 | v.p2.2 | v.p2.4 | v.voc.2 | v.voc.3 | v.gra.2 | v.log.1 | v.rhe.1 | v.lit.2 | v.lit.1,Đẩy lên mức khó hơn cấp hiện tại để chuẩn bị lên cấp. Xử lý câu phân loại mà không mất nhịp.
PL-VAN-REA-L5-030,Vượt ải · Đọc hiểu văn bản · Cấp 5,Văn,,Đọc hiểu văn bản,3,5,Vượt ải,14,16,70%,90%,288,PL-VAN-REA-L5-029,4,7,3,v.lit.4 | v.log.1 | v.p1.1 | v.p2.1 | v.voc.2 | v.voc.3 | v.gra.2 | v.gra.3 | v.rhe.2 | v.lit.3 | v.voc.1 | v.p1.4 | v.p2.3 | v.p2.5,Bài kiểm tra chốt cấp độ của tuyến chuyên đề. Xử lý câu phân loại mà không mất nhịp.
PL-VAN-REA-L6-001,Khởi động · Đọc hiểu văn bản · Cấp 6,Văn,,Đọc hiểu văn bản,3,6,Khởi động,15,19,70%,85%,154,PL-VAN-REA-L5-030,4,7,4,v.p1.2 | v.p1.3 | v.p1.5 | v.p2.2 | v.p2.5 | v.log.2 | v.p2.4 | v.voc.2 | v.voc.3 | v.gra.2 | v.gra.3 | v.lit.4 | v.log.1 | v.p1.1 | v.p2.1,Nhắc lại công thức và nhận diện dạng bài trước khi vào phần nặng. Tốc độ và độ chính xác của nhóm dẫn đầu phổ điểm.
PL-VAN-REA-L6-002,Rèn kỹ năng · Đọc hiểu văn bản · Cấp 6,Văn,,Đọc hiểu văn bản,3,6,Rèn kỹ năng,15,15,70%,85%,220,PL-VAN-REA-L6-001,4,7,4,v.log.2 | v.p1.2 | v.p1.3 | v.p1.5 | v.voc.2 | v.voc.3 | v.gra.2 | v.gra.3 | v.rhe.2 | v.lit.3 | v.lit.4 | v.p2.1 | v.voc.1 | v.gra.1 | v.rhe.1,Làm chắc một kỹ năng lõi qua các biến thể liên tiếp của cùng một dạng. Tốc độ và độ chính xác của nhóm dẫn đầu phổ điểm.
PL-VAN-REA-L6-003,Tốc độ · Đọc hiểu văn bản · Cấp 6,Văn,,Đọc hiểu văn bản,3,6,Tốc độ,15,11,70%,85%,242,PL-VAN-REA-L6-002,4,7,4,v.voc.3 | v.gra.2 | v.gra.3 | v.rhe.2 | v.p2.4 | v.voc.2 | v.lit.3 | v.lit.4 | v.log.1 | v.p1.1 | v.p2.1 | v.rhe.1 | v.lit.2 | v.lit.1 | v.p1.4,Rút ngắn thời gian trên mỗi câu mà vẫn giữ được độ chính xác. Tốc độ và độ chính xác của nhóm dẫn đầu phổ điểm.
PL-VAN-REA-L6-004,Chính xác · Đọc hiểu văn bản · Cấp 6,Văn,,Đọc hiểu văn bản,3,6,Chính xác,15,17,70%,85%,242,PL-VAN-REA-L6-003,4,7,4,v.voc.2 | v.voc.3 | v.gra.2 | v.gra.3 | v.lit.4 | v.log.1 | v.p1.1 | v.p2.1 | v.voc.1 | v.gra.1 | v.rhe.1 | v.p1.4 | v.p2.3 | v.p2.5 | v.log.2,Loại bỏ lỗi ẩu và các bẫy quen thuộc trong chuyên đề. Tốc độ và độ chính xác của nhóm dẫn đầu phổ điểm.
PL-VAN-REA-L6-005,Tổng hợp · Đọc hiểu văn bản · Cấp 6,Văn,,Đọc hiểu văn bản,3,6,Tổng hợp,15,15,70%,85%,253,PL-VAN-REA-L6-004,4,7,4,v.gra.3 | v.rhe.2 | v.lit.3 | v.lit.4 | v.p2.1 | v.voc.1 | v.gra.1 | v.rhe.1 | v.lit.2 | v.lit.1 | v.p1.4 | v.p1.2 | v.p1.3 | v.p1.5 | v.p2.2,Trộn nhiều dạng trong cùng chuyên đề để rèn phản xạ nhận diện. Tốc độ và độ chính xác của nhóm dẫn đầu phổ điểm.
PL-VAN-REA-L6-006,Ôn lại · Đọc hiểu văn bản · Cấp 6,Văn,,Đọc hiểu văn bản,3,6,Ôn lại,15,17,70%,85%,198,PL-VAN-REA-L6-005,4,7,4,v.lit.4 | v.log.1 | v.p1.1 | v.p2.1 | v.rhe.1 | v.lit.2 | v.lit.1 | v.p1.4 | v.p2.3 | v.p2.5 | v.log.2 | v.voc.3 | v.gra.2 | v.gra.3 | v.rhe.2,Quay lại các câu từng sai để kiến thức không phai theo thời gian. Tốc độ và độ chính xác của nhóm dẫn đầu phổ điểm.
PL-VAN-REA-L6-007,Khởi động · Đọc hiểu văn bản · Cấp 6,Văn,,Đọc hiểu văn bản,3,6,Khởi động,15,19,70%,85%,154,PL-VAN-REA-L6-006,4,7,4,v.voc.1 | v.gra.1 | v.rhe.1 | v.lit.2 | v.p1.4 | v.p2.3 | v.p2.5 | v.log.2 | v.p1.2 | v.p1.3 | v.p1.5 | v.log.1 | v.p1.1 | v.p2.1 | v.lit.1,Nhắc lại công thức và nhận diện dạng bài trước khi vào phần nặng. Tốc độ và độ chính xác của nhóm dẫn đầu phổ điểm.
PL-VAN-REA-L6-008,Rèn kỹ năng · Đọc hiểu văn bản · Cấp 6,Văn,,Đọc hiểu văn bản,3,6,Rèn kỹ năng,15,15,70%,85%,220,PL-VAN-REA-L6-007,4,7,4,v.rhe.1 | v.lit.2 | v.lit.1 | v.p1.4 | v.p1.2 | v.p1.3 | v.p1.5 | v.p2.2 | v.p2.4 | v.voc.2 | v.voc.3 | v.gra.1 | v.p2.3 | v.p2.5 | v.log.2,Làm chắc một kỹ năng lõi qua các biến thể liên tiếp của cùng một dạng. Tốc độ và độ chính xác của nhóm dẫn đầu phổ điểm.
PL-VAN-REA-L6-009,Tốc độ · Đọc hiểu văn bản · Cấp 6,Văn,,Đọc hiểu văn bản,3,6,Tốc độ,15,11,70%,85%,242,PL-VAN-REA-L6-008,4,7,4,v.p1.2 | v.p1.3 | v.p1.5 | v.p2.2 | v.voc.3 | v.gra.2 | v.gra.3 | v.rhe.2 | v.lit.3 | v.lit.4 | v.log.1 | v.p2.5 | v.log.2 | v.p2.4 | v.voc.2,Rút ngắn thời gian trên mỗi câu mà vẫn giữ được độ chính xác. Tốc độ và độ chính xác của nhóm dẫn đầu phổ điểm.
PL-VAN-REA-L6-010,Chính xác · Đọc hiểu văn bản · Cấp 6,Văn,,Đọc hiểu văn bản,3,6,Chính xác,15,17,70%,85%,242,PL-VAN-REA-L6-009,4,7,4,v.log.2 | v.p1.2 | v.p1.3 | v.p1.5 | v.rhe.2 | v.lit.3 | v.lit.4 | v.log.1 | v.p1.1 | v.p2.1 | v.voc.1 | v.voc.2 | v.voc.3 | v.gra.2 | v.gra.3,Loại bỏ lỗi ẩu và các bẫy quen thuộc trong chuyên đề. Tốc độ và độ chính xác của nhóm dẫn đầu phổ điểm.
PL-VAN-REA-L6-011,Tổng hợp · Đọc hiểu văn bản · Cấp 6,Văn,,Đọc hiểu văn bản,3,6,Tổng hợp,15,15,70%,85%,253,PL-VAN-REA-L6-010,4,7,4,v.p1.5 | v.p2.2 | v.p2.4 | v.voc.2 | v.log.1 | v.p1.1 | v.p2.1 | v.voc.1 | v.gra.1 | v.rhe.1 | v.lit.2 | v.gra.3 | v.rhe.2 | v.lit.3 | v.lit.4,Trộn nhiều dạng trong cùng chuyên đề để rèn phản xạ nhận diện. Tốc độ và độ chính xác của nhóm dẫn đầu phổ điểm.
PL-VAN-REA-L6-012,Ôn lại · Đọc hiểu văn bản · Cấp 6,Văn,,Đọc hiểu văn bản,3,6,Ôn lại,15,17,70%,85%,198,PL-VAN-REA-L6-011,4,7,4,v.voc.2 | v.voc.3 | v.gra.2 | v.gra.3 | v.voc.1 | v.gra.1 | v.rhe.1 | v.lit.2 | v.lit.1 | v.p1.4 | v.p2.3 | v.p1.1 | v.p2.1 | v.p2.5 | v.log.2,Quay lại các câu từng sai để kiến thức không phai theo thời gian. Tốc độ và độ chính xác của nhóm dẫn đầu phổ điểm.
PL-VAN-REA-L6-013,Khởi động · Đọc hiểu văn bản · Cấp 6,Văn,,Đọc hiểu văn bản,3,6,Khởi động,15,19,70%,85%,154,PL-VAN-REA-L6-012,4,7,4,v.log.1 | v.p1.1 | v.p1.4 | v.p2.1 | v.lit.2 | v.lit.1 | v.p2.3 | v.p2.5 | v.log.2 | v.p1.2 | v.p1.3 | v.p2.2 | v.p2.4 | v.voc.2 | v.voc.3,Nhắc lại công thức và nhận diện dạng bài trước khi vào phần nặng. Tốc độ và độ chính xác của nhóm dẫn đầu phổ điểm.
PL-VAN-REA-L6-014,Rèn kỹ năng · Đọc hiểu văn bản · Cấp 6,Văn,,Đọc hiểu văn bản,3,6,Rèn kỹ năng,15,15,70%,85%,220,PL-VAN-REA-L6-013,4,7,4,v.lit.4 | v.log.1 | v.p1.1 | v.p2.1 | v.p2.3 | v.p2.5 | v.log.2 | v.p1.2 | v.p1.3 | v.p1.5 | v.p2.2 | v.gra.2 | v.gra.3 | v.rhe.2 | v.lit.3,Làm chắc một kỹ năng lõi qua các biến thể liên tiếp của cùng một dạng. Tốc độ và độ chính xác của nhóm dẫn đầu phổ điểm.
PL-VAN-REA-L6-015,Tốc độ · Đọc hiểu văn bản · Cấp 6,Văn,,Đọc hiểu văn bản,3,6,Tốc độ,15,11,70%,85%,242,PL-VAN-REA-L6-014,4,7,4,v.voc.1 | v.gra.1 | v.rhe.1 | v.lit.2 | v.p1.2 | v.p1.3 | v.p1.5 | v.p2.2 | v.p2.4 | v.voc.2 | v.voc.3 | v.lit.3 | v.lit.4 | v.log.1 | v.p1.1,Rút ngắn thời gian trên mỗi câu mà vẫn giữ được độ chính xác. Tốc độ và độ chính xác của nhóm dẫn đầu phổ điểm.
PL-VAN-REA-L6-016,Chính xác · Đọc hiểu văn bản · Cấp 6,Văn,,Đọc hiểu văn bản,3,6,Chính xác,15,17,70%,85%,242,PL-VAN-REA-L6-015,4,7,4,v.rhe.1 | v.lit.2 | v.lit.1 | v.p1.4 | v.p2.4 | v.voc.2 | v.voc.3 | v.gra.2 | v.gra.3 | v.rhe.2 | v.lit.3 | v.p2.1 | v.voc.1 | v.gra.1 | v.p2.3,Loại bỏ lỗi ẩu và các bẫy quen thuộc trong chuyên đề. Tốc độ và độ chính xác của nhóm dẫn đầu phổ điểm.
PL-VAN-REA-L6-017,Tổng hợp · Đọc hiểu văn bản · Cấp 6,Văn,,Đọc hiểu văn bản,3,6,Tổng hợp,15,15,70%,85%,253,PL-VAN-REA-L6-016,4,7,4,v.p1.4 | v.p2.3 | v.p2.5 | v.log.2 | v.lit.3 | v.lit.4 | v.log.1 | v.p1.1 | v.p2.1 | v.voc.1 | v.gra.1 | v.p1.2 | v.p1.3 | v.p1.5 | v.p2.2,Trộn nhiều dạng trong cùng chuyên đề để rèn phản xạ nhận diện. Tốc độ và độ chính xác của nhóm dẫn đầu phổ điểm.
PL-VAN-REA-L6-018,Ôn lại · Đọc hiểu văn bản · Cấp 6,Văn,,Đọc hiểu văn bản,3,6,Ôn lại,15,17,70%,85%,198,PL-VAN-REA-L6-017,4,7,4,v.log.2 | v.p1.2 | v.p1.3 | v.p1.5 | v.p1.1 | v.p2.1 | v.voc.1 | v.gra.1 | v.rhe.1 | v.lit.2 | v.lit.1 | v.p2.2 | v.p2.4 | v.voc.2 | v.voc.3,Quay lại các câu từng sai để kiến thức không phai theo thời gian. Tốc độ và độ chính xác của nhóm dẫn đầu phổ điểm.
PL-VAN-REA-L6-019,Khởi động · Đọc hiểu văn bản · Cấp 6,Văn,,Đọc hiểu văn bản,3,6,Khởi động,15,19,70%,85%,154,PL-VAN-REA-L6-018,4,7,4,v.voc.3 | v.gra.2 | v.gra.3 | v.rhe.2 | v.gra.1 | v.rhe.1 | v.lit.2 | v.lit.1 | v.p1.4 | v.p2.3 | v.p2.5 | v.voc.2 | v.lit.3 | v.lit.4 | v.log.1,Nhắc lại công thức và nhận diện dạng bài trước khi vào phần nặng. Tốc độ và độ chính xác của nhóm dẫn đầu phổ điểm.
PL-VAN-REA-L6-020,Rèn kỹ năng · Đọc hiểu văn bản · Cấp 6,Văn,,Đọc hiểu văn bản,3,6,Rèn kỹ năng,15,15,70%,85%,220,PL-VAN-REA-L6-019,4,7,4,v.voc.2 | v.voc.3 | v.gra.2 | v.gra.3 | v.lit.1 | v.p1.4 | v.p2.3 | v.p2.5 | v.log.2 | v.p1.2 | v.p1.3 | v.voc.1 | v.gra.1 | v.rhe.1 | v.lit.2,Làm chắc một kỹ năng lõi qua các biến thể liên tiếp của cùng một dạng. Tốc độ và độ chính xác của nhóm dẫn đầu phổ điểm.
PL-VAN-REA-L6-021,Thử thách · Đọc hiểu văn bản · Cấp 6,Văn,,Đọc hiểu văn bản,3,6,Thử thách,15,15,70%,85%,308,PL-VAN-REA-L6-020,4,7,4,v.gra.3 | v.rhe.2 | v.lit.3 | v.lit.4 | v.p2.5 | v.log.2 | v.p1.2 | v.p1.3 | v.p1.5 | v.p2.2 | v.p2.4 | v.lit.1 | v.p1.4 | v.p2.3 | v.voc.2,Đẩy lên mức khó hơn cấp hiện tại để chuẩn bị lên cấp. Tốc độ và độ chính xác của nhóm dẫn đầu phổ điểm.
PL-VAN-REA-L6-022,Vượt ải · Đọc hiểu văn bản · Cấp 6,Văn,,Đọc hiểu văn bản,3,6,Vượt ải,15,14,70%,90%,396,PL-VAN-REA-L6-021,4,7,4,v.lit.4 | v.log.1 | v.p1.1 | v.p2.1 | v.p1.3 | v.p1.5 | v.p2.2 | v.p2.4 | v.voc.2 | v.voc.3 | v.gra.2 | v.p2.5 | v.log.2 | v.p1.2 | v.gra.3,Bài kiểm tra chốt cấp độ của tuyến chuyên đề. Tốc độ và độ chính xác của nhóm dẫn đầu phổ điểm.
PL-VAN-LIT-L1-001,"Khởi động · Tác giả, tác phẩm & giai đoạn văn học · Cấp 1",Văn,,"Tác giả, tác phẩm & giai đoạn văn học",1,1,Khởi động,8,10,70%,85%,28,,2,4,2,v.lit.1 | v.lit.2 | v.voc.1 | v.gra.1 | v.rhe.1 | v.lit.3 | v.p1.3 | v.p1.5,Nhắc lại công thức và nhận diện dạng bài trước khi vào phần nặng. Nhận diện dạng bài và nhớ lại công thức nền.
PL-VAN-LIT-L1-002,"Rèn kỹ năng · Tác giả, tác phẩm & giai đoạn văn học · Cấp 1",Văn,,"Tác giả, tác phẩm & giai đoạn văn học",1,1,Rèn kỹ năng,8,8,70%,85%,40,PL-VAN-LIT-L1-001,2,4,2,v.p2.1 | v.voc.1 | v.lit.3 | v.lit.4 | v.p1.2 | v.p1.3 | v.rhe.2 | v.log.1,Làm chắc một kỹ năng lõi qua các biến thể liên tiếp của cùng một dạng. Nhận diện dạng bài và nhớ lại công thức nền.
PL-VAN-LIT-L1-003,"Tốc độ · Tác giả, tác phẩm & giai đoạn văn học · Cấp 1",Văn,,"Tác giả, tác phẩm & giai đoạn văn học",1,1,Tốc độ,8,6,70%,85%,44,PL-VAN-LIT-L1-002,2,4,2,v.rhe.1 | v.lit.3 | v.p1.3 | v.p1.5 | v.p2.2 | v.p2.4 | v.gra.2 | v.gra.3,Rút ngắn thời gian trên mỗi câu mà vẫn giữ được độ chính xác. Nhận diện dạng bài và nhớ lại công thức nền.
PL-VAN-LIT-L1-004,"Chính xác · Tác giả, tác phẩm & giai đoạn văn học · Cấp 1",Văn,,"Tác giả, tác phẩm & giai đoạn văn học",1,1,Chính xác,8,9,70%,85%,44,PL-VAN-LIT-L1-003,2,4,2,v.p1.2 | v.p1.3 | v.p2.4 | v.voc.2 | v.voc.3 | v.gra.2 | v.voc.1 | v.gra.1,Loại bỏ lỗi ẩu và các bẫy quen thuộc trong chuyên đề. Nhận diện dạng bài và nhớ lại công thức nền.
PL-VAN-LIT-L1-005,"Tổng hợp · Tác giả, tác phẩm & giai đoạn văn học · Cấp 1",Văn,,"Tác giả, tác phẩm & giai đoạn văn học",1,1,Tổng hợp,8,8,70%,85%,46,PL-VAN-LIT-L1-004,2,4,2,v.p2.2 | v.p2.4 | v.gra.2 | v.gra.3 | v.rhe.2 | v.log.1 | v.log.2 | v.lit.1,Trộn nhiều dạng trong cùng chuyên đề để rèn phản xạ nhận diện. Nhận diện dạng bài và nhớ lại công thức nền.
PL-VAN-LIT-L1-006,"Ôn lại · Tác giả, tác phẩm & giai đoạn văn học · Cấp 1",Văn,,"Tác giả, tác phẩm & giai đoạn văn học",1,1,Ôn lại,8,9,70%,85%,36,PL-VAN-LIT-L1-005,2,4,2,v.voc.3 | v.gra.2 | v.log.1 | v.p1.4 | v.p2.3 | v.p2.5 | v.lit.4 | v.p1.2,Quay lại các câu từng sai để kiến thức không phai theo thời gian. Nhận diện dạng bài và nhớ lại công thức nền.
PL-VAN-LIT-L1-007,"Khởi động · Tác giả, tác phẩm & giai đoạn văn học · Cấp 1",Văn,,"Tác giả, tác phẩm & giai đoạn văn học",1,1,Khởi động,8,10,70%,85%,28,PL-VAN-LIT-L1-006,2,4,2,v.rhe.2 | v.log.1 | v.p2.5 | v.log.2 | v.lit.1 | v.lit.2 | v.rhe.1 | v.lit.3,Nhắc lại công thức và nhận diện dạng bài trước khi vào phần nặng. Nhận diện dạng bài và nhớ lại công thức nền.
PL-VAN-LIT-L1-008,"Rèn kỹ năng · Tác giả, tác phẩm & giai đoạn văn học · Cấp 1",Văn,,"Tác giả, tác phẩm & giai đoạn văn học",1,1,Rèn kỹ năng,8,8,70%,85%,40,PL-VAN-LIT-L1-007,2,4,2,v.p2.3 | v.p2.5 | v.p1.1 | v.p2.1 | v.voc.1 | v.gra.1 | v.voc.2 | v.voc.3,Làm chắc một kỹ năng lõi qua các biến thể liên tiếp của cùng một dạng. Nhận diện dạng bài và nhớ lại công thức nền.
PL-VAN-LIT-L1-009,"Tốc độ · Tác giả, tác phẩm & giai đoạn văn học · Cấp 1",Văn,,"Tác giả, tác phẩm & giai đoạn văn học",1,1,Tốc độ,8,6,70%,85%,44,PL-VAN-LIT-L1-008,2,4,2,v.lit.1 | v.lit.2 | v.rhe.1 | v.lit.3 | v.lit.4 | v.p1.2 | v.gra.2 | v.gra.3,Rút ngắn thời gian trên mỗi câu mà vẫn giữ được độ chính xác. Nhận diện dạng bài và nhớ lại công thức nền.
PL-VAN-LIT-L1-010,"Chính xác · Tác giả, tác phẩm & giai đoạn văn học · Cấp 1",Văn,,"Tác giả, tác phẩm & giai đoạn văn học",1,1,Chính xác,8,9,70%,85%,44,PL-VAN-LIT-L1-009,2,4,2,v.p2.1 | v.voc.1 | v.p1.2 | v.p1.3 | v.p1.5 | v.p2.2 | v.p2.5 | v.gra.1,Loại bỏ lỗi ẩu và các bẫy quen thuộc trong chuyên đề. Nhận diện dạng bài và nhớ lại công thức nền.
PL-VAN-LIT-L1-011,"Tổng hợp · Tác giả, tác phẩm & giai đoạn văn học · Cấp 1",Văn,,"Tác giả, tác phẩm & giai đoạn văn học",1,1,Tổng hợp,8,8,70%,85%,46,PL-VAN-LIT-L1-010,2,4,2,v.rhe.1 | v.lit.3 | v.p2.2 | v.p2.4 | v.voc.2 | v.voc.3 | v.log.2 | v.lit.1,Trộn nhiều dạng trong cùng chuyên đề để rèn phản xạ nhận diện. Nhận diện dạng bài và nhớ lại công thức nền.
PL-VAN-LIT-L1-012,"Ôn lại · Tác giả, tác phẩm & giai đoạn văn học · Cấp 1",Văn,,"Tác giả, tác phẩm & giai đoạn văn học",1,1,Ôn lại,8,9,70%,85%,36,PL-VAN-LIT-L1-011,2,4,2,v.p1.2 | v.p1.3 | v.voc.3 | v.gra.2 | v.gra.3 | v.rhe.2 | v.lit.4 | v.p1.5,Quay lại các câu từng sai để kiến thức không phai theo thời gian. Nhận diện dạng bài và nhớ lại công thức nền.
PL-VAN-LIT-L1-013,"Khởi động · Tác giả, tác phẩm & giai đoạn văn học · Cấp 1",Văn,,"Tác giả, tác phẩm & giai đoạn văn học",1,1,Khởi động,8,10,70%,85%,28,PL-VAN-LIT-L1-012,2,4,2,v.p2.2 | v.p2.4 | v.rhe.2 | v.log.1 | v.p1.4 | v.p2.3 | v.gra.1 | v.rhe.1,Nhắc lại công thức và nhận diện dạng bài trước khi vào phần nặng. Nhận diện dạng bài và nhớ lại công thức nền.
PL-VAN-LIT-L1-014,"Rèn kỹ năng · Tác giả, tác phẩm & giai đoạn văn học · Cấp 1",Văn,,"Tác giả, tác phẩm & giai đoạn văn học",1,1,Rèn kỹ năng,8,8,70%,85%,40,PL-VAN-LIT-L1-013,2,4,2,v.voc.3 | v.gra.2 | v.p2.3 | v.p2.5 | v.log.2 | v.lit.2 | v.voc.2 | v.gra.3,Làm chắc một kỹ năng lõi qua các biến thể liên tiếp của cùng một dạng. Nhận diện dạng bài và nhớ lại công thức nền.
PL-VAN-LIT-L1-015,"Tốc độ · Tác giả, tác phẩm & giai đoạn văn học · Cấp 1",Văn,,"Tác giả, tác phẩm & giai đoạn văn học",1,1,Tốc độ,8,6,70%,85%,44,PL-VAN-LIT-L1-014,2,4,2,v.rhe.2 | v.log.1 | v.lit.1 | v.lit.2 | v.p1.1 | v.p2.1 | v.voc.2 | v.voc.3,Rút ngắn thời gian trên mỗi câu mà vẫn giữ được độ chính xác. Nhận diện dạng bài và nhớ lại công thức nền.
PL-VAN-LIT-L1-016,"Thử thách · Tác giả, tác phẩm & giai đoạn văn học · Cấp 1",Văn,,"Tác giả, tác phẩm & giai đoạn văn học",1,1,Thử thách,8,8,70%,85%,56,PL-VAN-LIT-L1-015,2,4,2,v.p2.3 | v.p2.5 | v.p1.3 | v.p1.5 | v.p2.2 | v.p2.4 | v.p2.1 | v.voc.1,Đẩy lên mức khó hơn cấp hiện tại để chuẩn bị lên cấp. Nhận diện dạng bài và nhớ lại công thức nền.
PL-VAN-LIT-L1-017,"Vượt ải · Tác giả, tác phẩm & giai đoạn văn học · Cấp 1",Văn,,"Tác giả, tác phẩm & giai đoạn văn học",1,1,Vượt ải,8,8,70%,90%,72,PL-VAN-LIT-L1-016,2,4,2,v.lit.2 | v.p1.1 | v.p2.4 | v.voc.2 | v.voc.3 | v.gra.2 | v.rhe.1 | v.lit.1,Bài kiểm tra chốt cấp độ của tuyến chuyên đề. Nhận diện dạng bài và nhớ lại công thức nền.
PL-VAN-LIT-L2-001,"Khởi động · Tác giả, tác phẩm & giai đoạn văn học · Cấp 2",Văn,,"Tác giả, tác phẩm & giai đoạn văn học",1,2,Khởi động,10,15,70%,85%,42,PL-VAN-LIT-L1-017,3,5,2,v.lit.1 | v.lit.2 | v.p1.1 | v.gra.1 | v.rhe.1 | v.lit.3 | v.lit.4 | v.p1.2 | v.p2.2 | v.p2.4,Nhắc lại công thức và nhận diện dạng bài trước khi vào phần nặng. Làm đúng dạng chuẩn mà không cần nhìn gợi ý.
PL-VAN-LIT-L2-002,"Rèn kỹ năng · Tác giả, tác phẩm & giai đoạn văn học · Cấp 2",Văn,,"Tác giả, tác phẩm & giai đoạn văn học",1,2,Rèn kỹ năng,10,12,70%,85%,60,PL-VAN-LIT-L2-001,3,5,2,v.p2.1 | v.voc.1 | v.gra.1 | v.lit.4 | v.p1.2 | v.p1.3 | v.p1.5 | v.p2.2 | v.log.1 | v.lit.2,Làm chắc một kỹ năng lõi qua các biến thể liên tiếp của cùng một dạng. Làm đúng dạng chuẩn mà không cần nhìn gợi ý.
PL-VAN-LIT-L2-003,"Tốc độ · Tác giả, tác phẩm & giai đoạn văn học · Cấp 2",Văn,,"Tác giả, tác phẩm & giai đoạn văn học",1,2,Tốc độ,10,9,70%,85%,66,PL-VAN-LIT-L2-002,3,5,2,v.rhe.1 | v.lit.3 | v.lit.4 | v.p1.5 | v.p2.2 | v.p2.4 | v.voc.2 | v.voc.3 | v.rhe.2 | v.log.1,Rút ngắn thời gian trên mỗi câu mà vẫn giữ được độ chính xác. Làm đúng dạng chuẩn mà không cần nhìn gợi ý.
PL-VAN-LIT-L2-004,"Chính xác · Tác giả, tác phẩm & giai đoạn văn học · Cấp 2",Văn,,"Tác giả, tác phẩm & giai đoạn văn học",1,2,Chính xác,10,13,70%,85%,66,PL-VAN-LIT-L2-003,3,5,2,v.p1.2 | v.p1.3 | v.p1.5 | v.voc.2 | v.voc.3 | v.gra.2 | v.gra.3 | v.rhe.2 | v.rhe.1 | v.log.2,Loại bỏ lỗi ẩu và các bẫy quen thuộc trong chuyên đề. Làm đúng dạng chuẩn mà không cần nhìn gợi ý.
PL-VAN-LIT-L2-005,"Tổng hợp · Tác giả, tác phẩm & giai đoạn văn học · Cấp 2",Văn,,"Tác giả, tác phẩm & giai đoạn văn học",1,2,Tổng hợp,10,12,70%,85%,69,PL-VAN-LIT-L2-004,3,5,2,v.p2.2 | v.p2.4 | v.voc.2 | v.gra.3 | v.rhe.2 | v.log.1 | v.p1.4 | v.p2.3 | v.lit.3 | v.lit.4,Trộn nhiều dạng trong cùng chuyên đề để rèn phản xạ nhận diện. Làm đúng dạng chuẩn mà không cần nhìn gợi ý.
PL-VAN-LIT-L2-006,"Ôn lại · Tác giả, tác phẩm & giai đoạn văn học · Cấp 2",Văn,,"Tác giả, tác phẩm & giai đoạn văn học",1,2,Ôn lại,10,13,70%,85%,54,PL-VAN-LIT-L2-005,3,5,2,v.voc.3 | v.gra.2 | v.gra.3 | v.p1.4 | v.p2.3 | v.p2.5 | v.log.2 | v.lit.2 | v.p1.3 | v.p1.5,Quay lại các câu từng sai để kiến thức không phai theo thời gian. Làm đúng dạng chuẩn mà không cần nhìn gợi ý.
PL-VAN-LIT-L2-007,"Khởi động · Tác giả, tác phẩm & giai đoạn văn học · Cấp 2",Văn,,"Tác giả, tác phẩm & giai đoạn văn học",1,2,Khởi động,10,15,70%,85%,42,PL-VAN-LIT-L2-006,3,5,2,v.rhe.2 | v.log.1 | v.p1.4 | v.log.2 | v.lit.1 | v.lit.2 | v.p1.1 | v.p2.1 | v.p1.3 | v.p1.5,Nhắc lại công thức và nhận diện dạng bài trước khi vào phần nặng. Làm đúng dạng chuẩn mà không cần nhìn gợi ý.
PL-VAN-LIT-L2-008,"Rèn kỹ năng · Tác giả, tác phẩm & giai đoạn văn học · Cấp 2",Văn,,"Tác giả, tác phẩm & giai đoạn văn học",1,2,Rèn kỹ năng,10,12,70%,85%,60,PL-VAN-LIT-L2-007,3,5,2,v.p2.3 | v.p2.5 | v.log.2 | v.p2.1 | v.voc.1 | v.gra.1 | v.rhe.1 | v.lit.1 | v.gra.2 | v.gra.3,Làm chắc một kỹ năng lõi qua các biến thể liên tiếp của cùng một dạng. Làm đúng dạng chuẩn mà không cần nhìn gợi ý.
PL-VAN-LIT-L2-009,"Tốc độ · Tác giả, tác phẩm & giai đoạn văn học · Cấp 2",Văn,,"Tác giả, tác phẩm & giai đoạn văn học",1,2,Tốc độ,10,9,70%,85%,66,PL-VAN-LIT-L2-008,3,5,2,v.lit.1 | v.lit.2 | v.p1.1 | v.lit.4 | v.p1.2 | v.p1.3 | v.p1.5 | v.p2.2 | v.p1.4 | v.p2.3,Rút ngắn thời gian trên mỗi câu mà vẫn giữ được độ chính xác. Làm đúng dạng chuẩn mà không cần nhìn gợi ý.
PL-VAN-LIT-L2-010,"Chính xác · Tác giả, tác phẩm & giai đoạn văn học · Cấp 2",Văn,,"Tác giả, tác phẩm & giai đoạn văn học",1,2,Chính xác,10,13,70%,85%,66,PL-VAN-LIT-L2-009,3,5,2,v.p2.1 | v.voc.1 | v.gra.1 | v.p1.5 | v.p2.2 | v.p2.4 | v.voc.2 | v.voc.3 | v.lit.1 | v.lit.3,Loại bỏ lỗi ẩu và các bẫy quen thuộc trong chuyên đề. Làm đúng dạng chuẩn mà không cần nhìn gợi ý.
PL-VAN-LIT-L2-011,"Tổng hợp · Tác giả, tác phẩm & giai đoạn văn học · Cấp 2",Văn,,"Tác giả, tác phẩm & giai đoạn văn học",1,2,Tổng hợp,10,12,70%,85%,69,PL-VAN-LIT-L2-010,3,5,2,v.rhe.1 | v.lit.3 | v.lit.4 | v.voc.2 | v.voc.3 | v.gra.2 | v.gra.3 | v.rhe.2 | v.p1.5 | v.p2.2,Trộn nhiều dạng trong cùng chuyên đề để rèn phản xạ nhận diện. Làm đúng dạng chuẩn mà không cần nhìn gợi ý.
PL-VAN-LIT-L2-012,"Ôn lại · Tác giả, tác phẩm & giai đoạn văn học · Cấp 2",Văn,,"Tác giả, tác phẩm & giai đoạn văn học",1,2,Ôn lại,10,13,70%,85%,54,PL-VAN-LIT-L2-011,3,5,2,v.p1.2 | v.p1.3 | v.p1.5 | v.gra.3 | v.rhe.2 | v.log.1 | v.p1.4 | v.p2.3 | v.voc.3 | v.gra.2,Quay lại các câu từng sai để kiến thức không phai theo thời gian. Làm đúng dạng chuẩn mà không cần nhìn gợi ý.
PL-VAN-LIT-L2-013,"Khởi động · Tác giả, tác phẩm & giai đoạn văn học · Cấp 2",Văn,,"Tác giả, tác phẩm & giai đoạn văn học",1,2,Khởi động,10,15,70%,85%,42,PL-VAN-LIT-L2-012,3,5,2,v.p2.2 | v.p2.4 | v.voc.2 | v.p1.4 | v.p2.3 | v.p2.5 | v.log.2 | v.lit.1 | v.p1.2 | v.p1.3,Nhắc lại công thức và nhận diện dạng bài trước khi vào phần nặng. Làm đúng dạng chuẩn mà không cần nhìn gợi ý.
PL-VAN-LIT-L2-014,"Rèn kỹ năng · Tác giả, tác phẩm & giai đoạn văn học · Cấp 2",Văn,,"Tác giả, tác phẩm & giai đoạn văn học",1,2,Rèn kỹ năng,10,12,70%,85%,60,PL-VAN-LIT-L2-013,3,5,2,v.voc.3 | v.gra.2 | v.gra.3 | v.log.2 | v.lit.2 | v.p1.1 | v.p2.1 | v.voc.1 | v.p2.3 | v.p2.5,Làm chắc một kỹ năng lõi qua các biến thể liên tiếp của cùng một dạng. Làm đúng dạng chuẩn mà không cần nhìn gợi ý.
PL-VAN-LIT-L2-015,"Tốc độ · Tác giả, tác phẩm & giai đoạn văn học · Cấp 2",Văn,,"Tác giả, tác phẩm & giai đoạn văn học",1,2,Tốc độ,10,9,70%,85%,66,PL-VAN-LIT-L2-014,3,5,2,v.rhe.2 | v.log.1 | v.p1.4 | v.p1.1 | v.p2.1 | v.voc.1 | v.gra.1 | v.rhe.1 | v.p2.5 | v.log.2,Rút ngắn thời gian trên mỗi câu mà vẫn giữ được độ chính xác. Làm đúng dạng chuẩn mà không cần nhìn gợi ý.
PL-VAN-LIT-L2-016,"Chính xác · Tác giả, tác phẩm & giai đoạn văn học · Cấp 2",Văn,,"Tác giả, tác phẩm & giai đoạn văn học",1,2,Chính xác,10,13,70%,85%,66,PL-VAN-LIT-L2-015,3,5,2,v.p2.3 | v.p2.5 | v.log.2 | v.rhe.1 | v.lit.1 | v.lit.3 | v.lit.4 | v.p1.2 | v.p1.5 | v.p2.2,Loại bỏ lỗi ẩu và các bẫy quen thuộc trong chuyên đề. Làm đúng dạng chuẩn mà không cần nhìn gợi ý.
PL-VAN-LIT-L2-017,"Tổng hợp · Tác giả, tác phẩm & giai đoạn văn học · Cấp 2",Văn,,"Tác giả, tác phẩm & giai đoạn văn học",1,2,Tổng hợp,10,12,70%,85%,69,PL-VAN-LIT-L2-016,3,5,2,v.lit.1 | v.lit.2 | v.p1.1 | v.p1.5 | v.p2.2 | v.p2.4 | v.voc.2 | v.voc.3 | v.gra.2 | v.gra.3,Trộn nhiều dạng trong cùng chuyên đề để rèn phản xạ nhận diện. Làm đúng dạng chuẩn mà không cần nhìn gợi ý.
PL-VAN-LIT-L2-018,"Ôn lại · Tác giả, tác phẩm & giai đoạn văn học · Cấp 2",Văn,,"Tác giả, tác phẩm & giai đoạn văn học",1,2,Ôn lại,10,13,70%,85%,54,PL-VAN-LIT-L2-017,3,5,2,v.p2.1 | v.voc.1 | v.gra.1 | v.voc.2 | v.voc.3 | v.gra.2 | v.gra.3 | v.rhe.2 | v.log.1 | v.lit.2,Quay lại các câu từng sai để kiến thức không phai theo thời gian. Làm đúng dạng chuẩn mà không cần nhìn gợi ý.
PL-VAN-LIT-L2-019,"Khởi động · Tác giả, tác phẩm & giai đoạn văn học · Cấp 2",Văn,,"Tác giả, tác phẩm & giai đoạn văn học",1,2,Khởi động,10,15,70%,85%,42,PL-VAN-LIT-L2-018,3,5,2,v.rhe.1 | v.lit.3 | v.lit.4 | v.gra.3 | v.rhe.2 | v.log.1 | v.p1.4 | v.p2.3 | v.p2.4 | v.voc.2,Nhắc lại công thức và nhận diện dạng bài trước khi vào phần nặng. Làm đúng dạng chuẩn mà không cần nhìn gợi ý.
PL-VAN-LIT-L2-020,"Rèn kỹ năng · Tác giả, tác phẩm & giai đoạn văn học · Cấp 2",Văn,,"Tác giả, tác phẩm & giai đoạn văn học",1,2,Rèn kỹ năng,10,12,70%,85%,60,PL-VAN-LIT-L2-019,3,5,2,v.p1.2 | v.p1.3 | v.p1.5 | v.p1.4 | v.p2.3 | v.p2.5 | v.log.2 | v.lit.2 | v.gra.1 | v.rhe.1,Làm chắc một kỹ năng lõi qua các biến thể liên tiếp của cùng một dạng. Làm đúng dạng chuẩn mà không cần nhìn gợi ý.
PL-VAN-LIT-L2-021,"Thử thách · Tác giả, tác phẩm & giai đoạn văn học · Cấp 2",Văn,,"Tác giả, tác phẩm & giai đoạn văn học",1,2,Thử thách,10,12,70%,85%,84,PL-VAN-LIT-L2-020,3,5,2,v.p2.2 | v.p2.4 | v.voc.2 | v.lit.1 | v.lit.3 | v.lit.4 | v.p1.2 | v.p1.3 | v.p1.4 | v.p2.3,Đẩy lên mức khó hơn cấp hiện tại để chuẩn bị lên cấp. Làm đúng dạng chuẩn mà không cần nhìn gợi ý.
PL-VAN-LIT-L2-022,"Vượt ải · Tác giả, tác phẩm & giai đoạn văn học · Cấp 2",Văn,,"Tác giả, tác phẩm & giai đoạn văn học",1,2,Vượt ải,10,11,70%,90%,108,PL-VAN-LIT-L2-021,3,5,2,v.voc.3 | v.gra.2 | v.gra.3 | v.p1.2 | v.p1.3 | v.p1.5 | v.p2.2 | v.p2.4 | v.log.2 | v.lit.3,Bài kiểm tra chốt cấp độ của tuyến chuyên đề. Làm đúng dạng chuẩn mà không cần nhìn gợi ý.
PL-VAN-LIT-L3-001,"Khởi động · Tác giả, tác phẩm & giai đoạn văn học · Cấp 3",Văn,,"Tác giả, tác phẩm & giai đoạn văn học",2,3,Khởi động,12,19,70%,85%,63,PL-VAN-LIT-L2-022,3,6,3,v.lit.1 | v.lit.2 | v.p1.1 | v.gra.1 | v.rhe.1 | v.lit.3 | v.lit.4 | v.p1.2 | v.p1.3 | v.voc.3 | v.gra.2 | v.gra.3,Nhắc lại công thức và nhận diện dạng bài trước khi vào phần nặng. Ghép nhiều bước và tránh các bẫy quen thuộc.
PL-VAN-LIT-L3-002,"Rèn kỹ năng · Tác giả, tác phẩm & giai đoạn văn học · Cấp 3",Văn,,"Tác giả, tác phẩm & giai đoạn văn học",2,3,Rèn kỹ năng,12,15,70%,85%,90,PL-VAN-LIT-L3-001,3,6,3,v.voc.1 | v.gra.1 | v.rhe.1 | v.p2.2 | v.p2.4 | v.voc.2 | v.voc.3 | v.gra.2 | v.gra.3 | v.p1.3 | v.p1.5 | v.rhe.2,Làm chắc một kỹ năng lõi qua các biến thể liên tiếp của cùng một dạng. Ghép nhiều bước và tránh các bẫy quen thuộc.
PL-VAN-LIT-L3-003,"Tốc độ · Tác giả, tác phẩm & giai đoạn văn học · Cấp 3",Văn,,"Tác giả, tác phẩm & giai đoạn văn học",2,3,Tốc độ,12,11,70%,85%,99,PL-VAN-LIT-L3-002,3,6,3,v.rhe.1 | v.lit.3 | v.lit.4 | v.p1.5 | v.p2.2 | v.p2.4 | v.voc.2 | v.voc.3 | v.gra.2 | v.p2.5 | v.voc.1 | v.gra.1,Rút ngắn thời gian trên mỗi câu mà vẫn giữ được độ chính xác. Ghép nhiều bước và tránh các bẫy quen thuộc.
PL-VAN-LIT-L3-004,"Chính xác · Tác giả, tác phẩm & giai đoạn văn học · Cấp 3",Văn,,"Tác giả, tác phẩm & giai đoạn văn học",2,3,Chính xác,12,17,70%,85%,99,PL-VAN-LIT-L3-003,3,6,3,v.p1.2 | v.p1.3 | v.p1.5 | v.p1.1 | v.p1.4 | v.p2.1 | v.p2.3 | v.p2.5 | v.voc.1 | v.rhe.1 | v.lit.1 | v.log.2,Loại bỏ lỗi ẩu và các bẫy quen thuộc trong chuyên đề. Ghép nhiều bước và tránh các bẫy quen thuộc.
PL-VAN-LIT-L3-005,"Tổng hợp · Tác giả, tác phẩm & giai đoạn văn học · Cấp 3",Văn,,"Tác giả, tác phẩm & giai đoạn văn học",2,3,Tổng hợp,12,15,70%,85%,103,PL-VAN-LIT-L3-004,3,6,3,v.p2.2 | v.p2.4 | v.voc.2 | v.p2.3 | v.p2.5 | v.voc.1 | v.gra.1 | v.rhe.1 | v.log.2 | v.lit.3 | v.lit.4 | v.p1.2,Trộn nhiều dạng trong cùng chuyên đề để rèn phản xạ nhận diện. Ghép nhiều bước và tránh các bẫy quen thuộc.
PL-VAN-LIT-L3-006,"Ôn lại · Tác giả, tác phẩm & giai đoạn văn học · Cấp 3",Văn,,"Tác giả, tác phẩm & giai đoạn văn học",2,3,Ôn lại,12,17,70%,85%,81,PL-VAN-LIT-L3-005,3,6,3,v.voc.3 | v.gra.2 | v.gra.3 | v.gra.1 | v.rhe.1 | v.log.2 | v.lit.1 | v.lit.3 | v.lit.4 | v.p1.3 | v.p1.5 | v.p2.2,Quay lại các câu từng sai để kiến thức không phai theo thời gian. Ghép nhiều bước và tránh các bẫy quen thuộc.
PL-VAN-LIT-L3-007,"Khởi động · Tác giả, tác phẩm & giai đoạn văn học · Cấp 3",Văn,,"Tác giả, tác phẩm & giai đoạn văn học",2,3,Khởi động,12,19,70%,85%,63,PL-VAN-LIT-L3-006,3,6,3,v.rhe.2 | v.log.1 | v.p1.4 | v.log.2 | v.lit.2 | v.p1.1 | v.p2.1 | v.voc.1 | v.gra.1 | v.voc.2 | v.voc.3 | v.gra.2,Nhắc lại công thức và nhận diện dạng bài trước khi vào phần nặng. Ghép nhiều bước và tránh các bẫy quen thuộc.
PL-VAN-LIT-L3-008,"Rèn kỹ năng · Tác giả, tác phẩm & giai đoạn văn học · Cấp 3",Văn,,"Tác giả, tác phẩm & giai đoạn văn học",2,3,Rèn kỹ năng,12,15,70%,85%,90,PL-VAN-LIT-L3-007,3,6,3,v.p2.3 | v.p2.5 | v.log.2 | v.p1.2 | v.p1.3 | v.p1.5 | v.p2.2 | v.p2.4 | v.voc.2 | v.p2.1 | v.voc.1 | v.gra.1,Làm chắc một kỹ năng lõi qua các biến thể liên tiếp của cùng một dạng. Ghép nhiều bước và tránh các bẫy quen thuộc.
PL-VAN-LIT-L3-009,"Tốc độ · Tác giả, tác phẩm & giai đoạn văn học · Cấp 3",Văn,,"Tác giả, tác phẩm & giai đoạn văn học",2,3,Tốc độ,12,11,70%,85%,99,PL-VAN-LIT-L3-008,3,6,3,v.lit.1 | v.lit.2 | v.p1.1 | v.lit.4 | v.p1.2 | v.p1.3 | v.p1.5 | v.p2.2 | v.p2.4 | v.rhe.1 | v.log.2 | v.lit.3,Rút ngắn thời gian trên mỗi câu mà vẫn giữ được độ chính xác. Ghép nhiều bước và tránh các bẫy quen thuộc.
PL-VAN-LIT-L3-010,"Chính xác · Tác giả, tác phẩm & giai đoạn văn học · Cấp 3",Văn,,"Tác giả, tác phẩm & giai đoạn văn học",2,3,Chính xác,12,17,70%,85%,99,PL-VAN-LIT-L3-009,3,6,3,v.voc.1 | v.gra.1 | v.rhe.1 | v.voc.3 | v.gra.2 | v.gra.3 | v.rhe.2 | v.log.1 | v.lit.2 | v.p2.3 | v.p2.5 | v.log.2,Loại bỏ lỗi ẩu và các bẫy quen thuộc trong chuyên đề. Ghép nhiều bước và tránh các bẫy quen thuộc.
PL-VAN-LIT-L3-011,"Tổng hợp · Tác giả, tác phẩm & giai đoạn văn học · Cấp 3",Văn,,"Tác giả, tác phẩm & giai đoạn văn học",2,3,Tổng hợp,12,15,70%,85%,103,PL-VAN-LIT-L3-010,3,6,3,v.lit.1 | v.lit.3 | v.lit.4 | v.lit.2 | v.p1.1 | v.p1.4 | v.p2.1 | v.p2.3 | v.p2.5 | v.p2.2 | v.p2.4 | v.voc.2,Trộn nhiều dạng trong cùng chuyên đề để rèn phản xạ nhận diện. Ghép nhiều bước và tránh các bẫy quen thuộc.
PL-VAN-LIT-L3-012,"Ôn lại · Tác giả, tác phẩm & giai đoạn văn học · Cấp 3",Văn,,"Tác giả, tác phẩm & giai đoạn văn học",2,3,Ôn lại,12,17,70%,85%,81,PL-VAN-LIT-L3-011,3,6,3,v.p1.2 | v.p1.3 | v.p1.5 | v.p2.3 | v.p2.5 | v.voc.1 | v.gra.1 | v.rhe.1 | v.log.2 | v.gra.2 | v.gra.3 | v.rhe.2,Quay lại các câu từng sai để kiến thức không phai theo thời gian. Ghép nhiều bước và tránh các bẫy quen thuộc.
PL-VAN-LIT-L3-013,"Khởi động · Tác giả, tác phẩm & giai đoạn văn học · Cấp 3",Văn,,"Tác giả, tác phẩm & giai đoạn văn học",2,3,Khởi động,12,19,70%,85%,63,PL-VAN-LIT-L3-012,3,6,3,v.p2.2 | v.p2.4 | v.voc.2 | v.p1.4 | v.p2.3 | v.p2.5 | v.log.2 | v.lit.2 | v.p1.1 | v.p2.1 | v.voc.1 | v.gra.1,Nhắc lại công thức và nhận diện dạng bài trước khi vào phần nặng. Ghép nhiều bước và tránh các bẫy quen thuộc.
PL-VAN-LIT-L3-014,"Rèn kỹ năng · Tác giả, tác phẩm & giai đoạn văn học · Cấp 3",Văn,,"Tác giả, tác phẩm & giai đoạn văn học",2,3,Rèn kỹ năng,12,15,70%,85%,90,PL-VAN-LIT-L3-013,3,6,3,v.voc.3 | v.gra.2 | v.gra.3 | v.lit.1 | v.lit.3 | v.lit.4 | v.p1.2 | v.p1.3 | v.p1.5 | v.gra.1 | v.rhe.1 | v.p1.4,Làm chắc một kỹ năng lõi qua các biến thể liên tiếp của cùng một dạng. Ghép nhiều bước và tránh các bẫy quen thuộc.
PL-VAN-LIT-L3-015,"Tốc độ · Tác giả, tác phẩm & giai đoạn văn học · Cấp 3",Văn,,"Tác giả, tác phẩm & giai đoạn văn học",2,3,Tốc độ,12,11,70%,85%,99,PL-VAN-LIT-L3-014,3,6,3,v.rhe.2 | v.log.1 | v.p1.4 | v.p2.1 | v.voc.1 | v.gra.1 | v.rhe.1 | v.lit.1 | v.lit.3 | v.p1.2 | v.p1.3 | v.p1.5,Rút ngắn thời gian trên mỗi câu mà vẫn giữ được độ chính xác. Ghép nhiều bước và tránh các bẫy quen thuộc.
PL-VAN-LIT-L3-016,"Chính xác · Tác giả, tác phẩm & giai đoạn văn học · Cấp 3",Văn,,"Tác giả, tác phẩm & giai đoạn văn học",2,3,Chính xác,12,17,70%,85%,99,PL-VAN-LIT-L3-015,3,6,3,v.p2.3 | v.p2.5 | v.log.2 | v.p2.2 | v.p2.4 | v.voc.2 | v.voc.3 | v.gra.2 | v.gra.3 | v.p1.3 | v.p1.5 | v.rhe.2,Loại bỏ lỗi ẩu và các bẫy quen thuộc trong chuyên đề. Ghép nhiều bước và tránh các bẫy quen thuộc.
PL-VAN-LIT-L3-017,"Tổng hợp · Tác giả, tác phẩm & giai đoạn văn học · Cấp 3",Văn,,"Tác giả, tác phẩm & giai đoạn văn học",2,3,Tổng hợp,12,15,70%,85%,103,PL-VAN-LIT-L3-016,3,6,3,v.lit.2 | v.p1.1 | v.p2.1 | v.voc.3 | v.gra.2 | v.gra.3 | v.rhe.2 | v.log.1 | v.p1.4 | v.p1.5 | v.p2.2 | v.p2.4,Trộn nhiều dạng trong cùng chuyên đề để rèn phản xạ nhận diện. Ghép nhiều bước và tránh các bẫy quen thuộc.
PL-VAN-LIT-L3-018,"Ôn lại · Tác giả, tác phẩm & giai đoạn văn học · Cấp 3",Văn,,"Tác giả, tác phẩm & giai đoạn văn học",2,3,Ôn lại,12,17,70%,85%,81,PL-VAN-LIT-L3-017,3,6,3,v.voc.1 | v.gra.1 | v.rhe.1 | v.rhe.2 | v.log.1 | v.lit.2 | v.p1.1 | v.p1.4 | v.p2.1 | v.voc.2 | v.voc.3 | v.gra.2,Quay lại các câu từng sai để kiến thức không phai theo thời gian. Ghép nhiều bước và tránh các bẫy quen thuộc.
PL-VAN-LIT-L3-019,"Khởi động · Tác giả, tác phẩm & giai đoạn văn học · Cấp 3",Văn,,"Tác giả, tác phẩm & giai đoạn văn học",2,3,Khởi động,12,19,70%,85%,63,PL-VAN-LIT-L3-018,3,6,3,v.rhe.1 | v.lit.3 | v.lit.4 | v.gra.3 | v.rhe.2 | v.log.1 | v.p1.4 | v.p2.3 | v.p2.5 | v.log.2 | v.lit.1 | v.p1.2,Nhắc lại công thức và nhận diện dạng bài trước khi vào phần nặng. Ghép nhiều bước và tránh các bẫy quen thuộc.
PL-VAN-LIT-L3-020,"Rèn kỹ năng · Tác giả, tác phẩm & giai đoạn văn học · Cấp 3",Văn,,"Tác giả, tác phẩm & giai đoạn văn học",2,3,Rèn kỹ năng,12,15,70%,85%,90,PL-VAN-LIT-L3-019,3,6,3,v.p1.2 | v.p1.3 | v.p1.5 | v.gra.1 | v.rhe.1 | v.log.2 | v.lit.1 | v.lit.3 | v.lit.4 | v.p2.3 | v.p2.5 | v.p2.2,Làm chắc một kỹ năng lõi qua các biến thể liên tiếp của cùng một dạng. Ghép nhiều bước và tránh các bẫy quen thuộc.
PL-VAN-LIT-L3-021,"Tốc độ · Tác giả, tác phẩm & giai đoạn văn học · Cấp 3",Văn,,"Tác giả, tác phẩm & giai đoạn văn học",2,3,Tốc độ,12,11,70%,85%,99,PL-VAN-LIT-L3-020,3,6,3,v.p2.2 | v.p2.4 | v.voc.2 | v.log.2 | v.lit.2 | v.p1.1 | v.p2.1 | v.voc.1 | v.gra.1 | v.p1.5 | v.voc.3 | v.gra.2,Rút ngắn thời gian trên mỗi câu mà vẫn giữ được độ chính xác. Ghép nhiều bước và tránh các bẫy quen thuộc.
PL-VAN-LIT-L3-022,"Chính xác · Tác giả, tác phẩm & giai đoạn văn học · Cấp 3",Văn,,"Tác giả, tác phẩm & giai đoạn văn học",2,3,Chính xác,12,17,70%,85%,99,PL-VAN-LIT-L3-021,3,6,3,v.voc.3 | v.gra.2 | v.gra.3 | v.p1.2 | v.p1.3 | v.p1.5 | v.p2.2 | v.p2.4 | v.voc.2 | v.log.1 | v.lit.2 | v.p1.1,Loại bỏ lỗi ẩu và các bẫy quen thuộc trong chuyên đề. Ghép nhiều bước và tránh các bẫy quen thuộc.
PL-VAN-LIT-L3-023,"Thử thách · Tác giả, tác phẩm & giai đoạn văn học · Cấp 3",Văn,,"Tác giả, tác phẩm & giai đoạn văn học",2,3,Thử thách,12,15,70%,85%,126,PL-VAN-LIT-L3-022,3,6,3,v.p2.5 | v.voc.1 | v.gra.1 | v.p1.2 | v.p1.3 | v.p1.5 | v.p2.2 | v.p2.4 | v.voc.2 | v.lit.2 | v.p1.1 | v.p2.1,Đẩy lên mức khó hơn cấp hiện tại để chuẩn bị lên cấp. Ghép nhiều bước và tránh các bẫy quen thuộc.
PL-VAN-LIT-L3-024,"Vượt ải · Tác giả, tác phẩm & giai đoạn văn học · Cấp 3",Văn,,"Tác giả, tác phẩm & giai đoạn văn học",2,3,Vượt ải,12,14,70%,90%,162,PL-VAN-LIT-L3-023,3,6,3,v.rhe.1 | v.log.2 | v.lit.1 | v.p2.2 | v.p2.4 | v.voc.2 | v.voc.3 | v.gra.2 | v.gra.3 | v.voc.1 | v.gra.1 | v.p1.4,Bài kiểm tra chốt cấp độ của tuyến chuyên đề. Ghép nhiều bước và tránh các bẫy quen thuộc.
PL-VAN-LIT-L4-001,"Khởi động · Tác giả, tác phẩm & giai đoạn văn học · Cấp 4",Văn,,"Tác giả, tác phẩm & giai đoạn văn học",2,4,Khởi động,12,16,70%,85%,84,PL-VAN-LIT-L3-024,3,6,3,v.lit.1 | v.lit.2 | v.p1.1 | v.gra.1 | v.rhe.1 | v.lit.3 | v.lit.4 | v.p1.2 | v.p1.3 | v.voc.3 | v.gra.2 | v.gra.3,Nhắc lại công thức và nhận diện dạng bài trước khi vào phần nặng. Giữ độ chính xác khi thời gian bắt đầu siết lại.
PL-VAN-LIT-L4-002,"Rèn kỹ năng · Tác giả, tác phẩm & giai đoạn văn học · Cấp 4",Văn,,"Tác giả, tác phẩm & giai đoạn văn học",2,4,Rèn kỹ năng,12,13,70%,85%,120,PL-VAN-LIT-L4-001,3,6,3,v.voc.1 | v.gra.1 | v.rhe.1 | v.p2.2 | v.p2.4 | v.voc.2 | v.voc.3 | v.gra.2 | v.gra.3 | v.p1.3 | v.p1.5 | v.rhe.2,Làm chắc một kỹ năng lõi qua các biến thể liên tiếp của cùng một dạng. Giữ độ chính xác khi thời gian bắt đầu siết lại.
PL-VAN-LIT-L4-003,"Tốc độ · Tác giả, tác phẩm & giai đoạn văn học · Cấp 4",Văn,,"Tác giả, tác phẩm & giai đoạn văn học",2,4,Tốc độ,12,10,70%,85%,132,PL-VAN-LIT-L4-002,3,6,3,v.rhe.1 | v.lit.3 | v.lit.4 | v.p1.5 | v.p2.2 | v.p2.4 | v.voc.2 | v.voc.3 | v.gra.2 | v.p2.5 | v.voc.1 | v.gra.1,Rút ngắn thời gian trên mỗi câu mà vẫn giữ được độ chính xác. Giữ độ chính xác khi thời gian bắt đầu siết lại.
PL-VAN-LIT-L4-004,"Chính xác · Tác giả, tác phẩm & giai đoạn văn học · Cấp 4",Văn,,"Tác giả, tác phẩm & giai đoạn văn học",2,4,Chính xác,12,15,70%,85%,132,PL-VAN-LIT-L4-003,3,6,3,v.p1.2 | v.p1.3 | v.p1.5 | v.p1.1 | v.p1.4 | v.p2.1 | v.p2.3 | v.p2.5 | v.voc.1 | v.rhe.1 | v.lit.1 | v.log.2,Loại bỏ lỗi ẩu và các bẫy quen thuộc trong chuyên đề. Giữ độ chính xác khi thời gian bắt đầu siết lại.
PL-VAN-LIT-L4-005,"Tổng hợp · Tác giả, tác phẩm & giai đoạn văn học · Cấp 4",Văn,,"Tác giả, tác phẩm & giai đoạn văn học",2,4,Tổng hợp,12,13,70%,85%,138,PL-VAN-LIT-L4-004,3,6,3,v.p2.2 | v.p2.4 | v.voc.2 | v.p2.3 | v.p2.5 | v.voc.1 | v.gra.1 | v.rhe.1 | v.log.2 | v.lit.3 | v.lit.4 | v.p1.2,Trộn nhiều dạng trong cùng chuyên đề để rèn phản xạ nhận diện. Giữ độ chính xác khi thời gian bắt đầu siết lại.
PL-VAN-LIT-L4-006,"Ôn lại · Tác giả, tác phẩm & giai đoạn văn học · Cấp 4",Văn,,"Tác giả, tác phẩm & giai đoạn văn học",2,4,Ôn lại,12,14,70%,85%,108,PL-VAN-LIT-L4-005,3,6,3,v.voc.3 | v.gra.2 | v.gra.3 | v.gra.1 | v.rhe.1 | v.log.2 | v.lit.1 | v.lit.3 | v.lit.4 | v.p1.3 | v.p1.5 | v.p2.2,Quay lại các câu từng sai để kiến thức không phai theo thời gian. Giữ độ chính xác khi thời gian bắt đầu siết lại.
PL-VAN-LIT-L4-007,"Khởi động · Tác giả, tác phẩm & giai đoạn văn học · Cấp 4",Văn,,"Tác giả, tác phẩm & giai đoạn văn học",2,4,Khởi động,12,16,70%,85%,84,PL-VAN-LIT-L4-006,3,6,3,v.rhe.2 | v.log.1 | v.p1.4 | v.log.2 | v.lit.2 | v.p1.1 | v.p2.1 | v.voc.1 | v.gra.1 | v.voc.2 | v.voc.3 | v.gra.2,Nhắc lại công thức và nhận diện dạng bài trước khi vào phần nặng. Giữ độ chính xác khi thời gian bắt đầu siết lại.
PL-VAN-LIT-L4-008,"Rèn kỹ năng · Tác giả, tác phẩm & giai đoạn văn học · Cấp 4",Văn,,"Tác giả, tác phẩm & giai đoạn văn học",2,4,Rèn kỹ năng,12,13,70%,85%,120,PL-VAN-LIT-L4-007,3,6,3,v.p2.3 | v.p2.5 | v.log.2 | v.p1.2 | v.p1.3 | v.p1.5 | v.p2.2 | v.p2.4 | v.voc.2 | v.p2.1 | v.voc.1 | v.gra.1,Làm chắc một kỹ năng lõi qua các biến thể liên tiếp của cùng một dạng. Giữ độ chính xác khi thời gian bắt đầu siết lại.
PL-VAN-LIT-L4-009,"Tốc độ · Tác giả, tác phẩm & giai đoạn văn học · Cấp 4",Văn,,"Tác giả, tác phẩm & giai đoạn văn học",2,4,Tốc độ,12,10,70%,85%,132,PL-VAN-LIT-L4-008,3,6,3,v.lit.1 | v.lit.2 | v.p1.1 | v.lit.4 | v.p1.2 | v.p1.3 | v.p1.5 | v.p2.2 | v.p2.4 | v.rhe.1 | v.log.2 | v.lit.3,Rút ngắn thời gian trên mỗi câu mà vẫn giữ được độ chính xác. Giữ độ chính xác khi thời gian bắt đầu siết lại.
PL-VAN-LIT-L4-010,"Chính xác · Tác giả, tác phẩm & giai đoạn văn học · Cấp 4",Văn,,"Tác giả, tác phẩm & giai đoạn văn học",2,4,Chính xác,12,15,70%,85%,132,PL-VAN-LIT-L4-009,3,6,3,v.voc.1 | v.gra.1 | v.rhe.1 | v.voc.3 | v.gra.2 | v.gra.3 | v.rhe.2 | v.log.1 | v.lit.2 | v.p2.3 | v.p2.5 | v.log.2,Loại bỏ lỗi ẩu và các bẫy quen thuộc trong chuyên đề. Giữ độ chính xác khi thời gian bắt đầu siết lại.
PL-VAN-LIT-L4-011,"Tổng hợp · Tác giả, tác phẩm & giai đoạn văn học · Cấp 4",Văn,,"Tác giả, tác phẩm & giai đoạn văn học",2,4,Tổng hợp,12,13,70%,85%,138,PL-VAN-LIT-L4-010,3,6,3,v.lit.1 | v.lit.3 | v.lit.4 | v.lit.2 | v.p1.1 | v.p1.4 | v.p2.1 | v.p2.3 | v.p2.5 | v.p2.2 | v.p2.4 | v.voc.2,Trộn nhiều dạng trong cùng chuyên đề để rèn phản xạ nhận diện. Giữ độ chính xác khi thời gian bắt đầu siết lại.
PL-VAN-LIT-L4-012,"Ôn lại · Tác giả, tác phẩm & giai đoạn văn học · Cấp 4",Văn,,"Tác giả, tác phẩm & giai đoạn văn học",2,4,Ôn lại,12,14,70%,85%,108,PL-VAN-LIT-L4-011,3,6,3,v.p1.2 | v.p1.3 | v.p1.5 | v.p2.3 | v.p2.5 | v.voc.1 | v.gra.1 | v.rhe.1 | v.log.2 | v.gra.2 | v.gra.3 | v.rhe.2,Quay lại các câu từng sai để kiến thức không phai theo thời gian. Giữ độ chính xác khi thời gian bắt đầu siết lại.
PL-VAN-LIT-L4-013,"Khởi động · Tác giả, tác phẩm & giai đoạn văn học · Cấp 4",Văn,,"Tác giả, tác phẩm & giai đoạn văn học",2,4,Khởi động,12,16,70%,85%,84,PL-VAN-LIT-L4-012,3,6,3,v.p2.2 | v.p2.4 | v.voc.2 | v.p1.4 | v.p2.3 | v.p2.5 | v.log.2 | v.lit.2 | v.p1.1 | v.p2.1 | v.voc.1 | v.gra.1,Nhắc lại công thức và nhận diện dạng bài trước khi vào phần nặng. Giữ độ chính xác khi thời gian bắt đầu siết lại.
PL-VAN-LIT-L4-014,"Rèn kỹ năng · Tác giả, tác phẩm & giai đoạn văn học · Cấp 4",Văn,,"Tác giả, tác phẩm & giai đoạn văn học",2,4,Rèn kỹ năng,12,13,70%,85%,120,PL-VAN-LIT-L4-013,3,6,3,v.voc.3 | v.gra.2 | v.gra.3 | v.lit.1 | v.lit.3 | v.lit.4 | v.p1.2 | v.p1.3 | v.p1.5 | v.gra.1 | v.rhe.1 | v.p1.4,Làm chắc một kỹ năng lõi qua các biến thể liên tiếp của cùng một dạng. Giữ độ chính xác khi thời gian bắt đầu siết lại.
PL-VAN-LIT-L4-015,"Tốc độ · Tác giả, tác phẩm & giai đoạn văn học · Cấp 4",Văn,,"Tác giả, tác phẩm & giai đoạn văn học",2,4,Tốc độ,12,10,70%,85%,132,PL-VAN-LIT-L4-014,3,6,3,v.rhe.2 | v.log.1 | v.p1.4 | v.p2.1 | v.voc.1 | v.gra.1 | v.rhe.1 | v.lit.1 | v.lit.3 | v.p1.2 | v.p1.3 | v.p1.5,Rút ngắn thời gian trên mỗi câu mà vẫn giữ được độ chính xác. Giữ độ chính xác khi thời gian bắt đầu siết lại.
PL-VAN-LIT-L4-016,"Chính xác · Tác giả, tác phẩm & giai đoạn văn học · Cấp 4",Văn,,"Tác giả, tác phẩm & giai đoạn văn học",2,4,Chính xác,12,15,70%,85%,132,PL-VAN-LIT-L4-015,3,6,3,v.p2.3 | v.p2.5 | v.log.2 | v.p2.2 | v.p2.4 | v.voc.2 | v.voc.3 | v.gra.2 | v.gra.3 | v.p1.3 | v.p1.5 | v.rhe.2,Loại bỏ lỗi ẩu và các bẫy quen thuộc trong chuyên đề. Giữ độ chính xác khi thời gian bắt đầu siết lại.
PL-VAN-LIT-L4-017,"Tổng hợp · Tác giả, tác phẩm & giai đoạn văn học · Cấp 4",Văn,,"Tác giả, tác phẩm & giai đoạn văn học",2,4,Tổng hợp,12,13,70%,85%,138,PL-VAN-LIT-L4-016,3,6,3,v.lit.2 | v.p1.1 | v.p2.1 | v.voc.3 | v.gra.2 | v.gra.3 | v.rhe.2 | v.log.1 | v.p1.4 | v.p1.5 | v.p2.2 | v.p2.4,Trộn nhiều dạng trong cùng chuyên đề để rèn phản xạ nhận diện. Giữ độ chính xác khi thời gian bắt đầu siết lại.
PL-VAN-LIT-L4-018,"Ôn lại · Tác giả, tác phẩm & giai đoạn văn học · Cấp 4",Văn,,"Tác giả, tác phẩm & giai đoạn văn học",2,4,Ôn lại,12,14,70%,85%,108,PL-VAN-LIT-L4-017,3,6,3,v.voc.1 | v.gra.1 | v.rhe.1 | v.rhe.2 | v.log.1 | v.lit.2 | v.p1.1 | v.p1.4 | v.p2.1 | v.voc.2 | v.voc.3 | v.gra.2,Quay lại các câu từng sai để kiến thức không phai theo thời gian. Giữ độ chính xác khi thời gian bắt đầu siết lại.
PL-VAN-LIT-L4-019,"Khởi động · Tác giả, tác phẩm & giai đoạn văn học · Cấp 4",Văn,,"Tác giả, tác phẩm & giai đoạn văn học",2,4,Khởi động,12,16,70%,85%,84,PL-VAN-LIT-L4-018,3,6,3,v.rhe.1 | v.lit.3 | v.lit.4 | v.gra.3 | v.rhe.2 | v.log.1 | v.p1.4 | v.p2.3 | v.p2.5 | v.log.2 | v.lit.1 | v.p1.2,Nhắc lại công thức và nhận diện dạng bài trước khi vào phần nặng. Giữ độ chính xác khi thời gian bắt đầu siết lại.
PL-VAN-LIT-L4-020,"Rèn kỹ năng · Tác giả, tác phẩm & giai đoạn văn học · Cấp 4",Văn,,"Tác giả, tác phẩm & giai đoạn văn học",2,4,Rèn kỹ năng,12,13,70%,85%,120,PL-VAN-LIT-L4-019,3,6,3,v.p1.2 | v.p1.3 | v.p1.5 | v.gra.1 | v.rhe.1 | v.log.2 | v.lit.1 | v.lit.3 | v.lit.4 | v.p2.3 | v.p2.5 | v.p2.2,Làm chắc một kỹ năng lõi qua các biến thể liên tiếp của cùng một dạng. Giữ độ chính xác khi thời gian bắt đầu siết lại.
PL-VAN-LIT-L4-021,"Tốc độ · Tác giả, tác phẩm & giai đoạn văn học · Cấp 4",Văn,,"Tác giả, tác phẩm & giai đoạn văn học",2,4,Tốc độ,12,10,70%,85%,132,PL-VAN-LIT-L4-020,3,6,3,v.p2.2 | v.p2.4 | v.voc.2 | v.log.2 | v.lit.2 | v.p1.1 | v.p2.1 | v.voc.1 | v.gra.1 | v.p1.5 | v.voc.3 | v.gra.2,Rút ngắn thời gian trên mỗi câu mà vẫn giữ được độ chính xác. Giữ độ chính xác khi thời gian bắt đầu siết lại.
PL-VAN-LIT-L4-022,"Chính xác · Tác giả, tác phẩm & giai đoạn văn học · Cấp 4",Văn,,"Tác giả, tác phẩm & giai đoạn văn học",2,4,Chính xác,12,15,70%,85%,132,PL-VAN-LIT-L4-021,3,6,3,v.voc.3 | v.gra.2 | v.gra.3 | v.p1.2 | v.p1.3 | v.p1.5 | v.p2.2 | v.p2.4 | v.voc.2 | v.log.1 | v.lit.2 | v.p1.1,Loại bỏ lỗi ẩu và các bẫy quen thuộc trong chuyên đề. Giữ độ chính xác khi thời gian bắt đầu siết lại.
PL-VAN-LIT-L4-023,"Thử thách · Tác giả, tác phẩm & giai đoạn văn học · Cấp 4",Văn,,"Tác giả, tác phẩm & giai đoạn văn học",2,4,Thử thách,12,13,70%,85%,168,PL-VAN-LIT-L4-022,3,6,3,v.p2.5 | v.voc.1 | v.gra.1 | v.p1.2 | v.p1.3 | v.p1.5 | v.p2.2 | v.p2.4 | v.voc.2 | v.lit.2 | v.p1.1 | v.p2.1,Đẩy lên mức khó hơn cấp hiện tại để chuẩn bị lên cấp. Giữ độ chính xác khi thời gian bắt đầu siết lại.
PL-VAN-LIT-L4-024,"Vượt ải · Tác giả, tác phẩm & giai đoạn văn học · Cấp 4",Văn,,"Tác giả, tác phẩm & giai đoạn văn học",2,4,Vượt ải,12,12,70%,90%,216,PL-VAN-LIT-L4-023,3,6,3,v.rhe.1 | v.log.2 | v.lit.1 | v.p2.2 | v.p2.4 | v.voc.2 | v.voc.3 | v.gra.2 | v.gra.3 | v.voc.1 | v.gra.1 | v.p1.4,Bài kiểm tra chốt cấp độ của tuyến chuyên đề. Giữ độ chính xác khi thời gian bắt đầu siết lại.
PL-VAN-LIT-L5-001,"Khởi động · Tác giả, tác phẩm & giai đoạn văn học · Cấp 5",Văn,,"Tác giả, tác phẩm & giai đoạn văn học",3,5,Khởi động,14,20,70%,85%,112,PL-VAN-LIT-L4-024,4,7,3,v.lit.2 | v.p1.1 | v.p2.1 | v.voc.1 | v.p1.2 | v.p1.3 | v.p1.5 | v.p2.2 | v.p2.4 | v.voc.2 | v.voc.3 | v.lit.3 | v.lit.4 | v.gra.2,Nhắc lại công thức và nhận diện dạng bài trước khi vào phần nặng. Xử lý câu phân loại mà không mất nhịp.
PL-VAN-LIT-L5-002,"Rèn kỹ năng · Tác giả, tác phẩm & giai đoạn văn học · Cấp 5",Văn,,"Tác giả, tác phẩm & giai đoạn văn học",3,5,Rèn kỹ năng,14,16,70%,85%,160,PL-VAN-LIT-L5-001,4,7,3,v.p1.3 | v.p1.5 | v.p2.2 | v.p2.4 | v.lit.4 | v.p1.2 | v.voc.2 | v.voc.3 | v.gra.2 | v.gra.3 | v.rhe.2 | v.p1.1 | v.p2.1 | v.voc.1,Làm chắc một kỹ năng lõi qua các biến thể liên tiếp của cùng một dạng. Xử lý câu phân loại mà không mất nhịp.
PL-VAN-LIT-L5-003,"Tốc độ · Tác giả, tác phẩm & giai đoạn văn học · Cấp 5",Văn,,"Tác giả, tác phẩm & giai đoạn văn học",3,5,Tốc độ,14,12,70%,85%,176,PL-VAN-LIT-L5-002,4,7,3,v.lit.1 | v.lit.3 | v.lit.4 | v.p1.2 | v.rhe.2 | v.log.1 | v.lit.2 | v.p1.1 | v.p1.4 | v.p2.1 | v.p2.3 | v.voc.1 | v.gra.1 | v.rhe.1,Rút ngắn thời gian trên mỗi câu mà vẫn giữ được độ chính xác. Xử lý câu phân loại mà không mất nhịp.
PL-VAN-LIT-L5-004,"Chính xác · Tác giả, tác phẩm & giai đoạn văn học · Cấp 5",Văn,,"Tác giả, tác phẩm & giai đoạn văn học",3,5,Chính xác,14,19,70%,85%,176,PL-VAN-LIT-L5-003,4,7,3,v.gra.2 | v.gra.3 | v.rhe.2 | v.log.1 | v.voc.2 | v.voc.3 | v.lit.2 | v.p1.1 | v.p2.1 | v.voc.1 | v.gra.1 | v.p1.4 | v.p2.3 | v.p2.5,Loại bỏ lỗi ẩu và các bẫy quen thuộc trong chuyên đề. Xử lý câu phân loại mà không mất nhịp.
PL-VAN-LIT-L5-005,"Tổng hợp · Tác giả, tác phẩm & giai đoạn văn học · Cấp 5",Văn,,"Tác giả, tác phẩm & giai đoạn văn học",3,5,Tổng hợp,14,16,70%,85%,184,PL-VAN-LIT-L5-004,4,7,3,v.log.1 | v.lit.2 | v.p1.1 | v.p1.4 | v.rhe.2 | v.p2.1 | v.voc.1 | v.gra.1 | v.rhe.1 | v.lit.1 | v.p2.3 | v.lit.4 | v.p1.2 | v.p1.3,Trộn nhiều dạng trong cùng chuyên đề để rèn phản xạ nhận diện. Xử lý câu phân loại mà không mất nhịp.
PL-VAN-LIT-L5-006,"Ôn lại · Tác giả, tác phẩm & giai đoạn văn học · Cấp 5",Văn,,"Tác giả, tác phẩm & giai đoạn văn học",3,5,Ôn lại,14,18,70%,85%,144,PL-VAN-LIT-L5-005,4,7,3,v.p1.4 | v.p2.1 | v.p2.3 | v.p2.5 | v.gra.1 | v.rhe.1 | v.lit.1 | v.log.2 | v.lit.3 | v.lit.4 | v.p1.2 | v.gra.2 | v.gra.3 | v.rhe.2,Quay lại các câu từng sai để kiến thức không phai theo thời gian. Xử lý câu phân loại mà không mất nhịp.
PL-VAN-LIT-L5-007,"Khởi động · Tác giả, tác phẩm & giai đoạn văn học · Cấp 5",Văn,,"Tác giả, tác phẩm & giai đoạn văn học",3,5,Khởi động,14,20,70%,85%,112,PL-VAN-LIT-L5-006,4,7,3,v.rhe.2 | v.log.1 | v.p1.4 | v.p2.3 | v.lit.3 | v.lit.4 | v.p1.2 | v.p1.3 | v.p1.5 | v.p2.2 | v.p2.4 | v.voc.1 | v.gra.1 | v.rhe.1,Nhắc lại công thức và nhận diện dạng bài trước khi vào phần nặng. Xử lý câu phân loại mà không mất nhịp.
PL-VAN-LIT-L5-008,"Rèn kỹ năng · Tác giả, tác phẩm & giai đoạn văn học · Cấp 5",Văn,,"Tác giả, tác phẩm & giai đoạn văn học",3,5,Rèn kỹ năng,14,16,70%,85%,160,PL-VAN-LIT-L5-007,4,7,3,v.rhe.1 | v.log.2 | v.lit.1 | v.lit.3 | v.lit.4 | v.p1.2 | v.p1.3 | v.p1.5 | v.p2.2 | v.p2.4 | v.voc.2 | v.gra.1 | v.p1.4 | v.p2.3,Làm chắc một kỹ năng lõi qua các biến thể liên tiếp của cùng một dạng. Xử lý câu phân loại mà không mất nhịp.
PL-VAN-LIT-L5-009,"Tốc độ · Tác giả, tác phẩm & giai đoạn văn học · Cấp 5",Văn,,"Tác giả, tác phẩm & giai đoạn văn học",3,5,Tốc độ,14,12,70%,85%,176,PL-VAN-LIT-L5-008,4,7,3,v.lit.2 | v.p1.1 | v.p2.1 | v.voc.1 | v.p2.4 | v.voc.2 | v.voc.3 | v.gra.2 | v.gra.3 | v.rhe.2 | v.log.1 | v.p2.5 | v.log.2 | v.lit.3,Rút ngắn thời gian trên mỗi câu mà vẫn giữ được độ chính xác. Xử lý câu phân loại mà không mất nhịp.
PL-VAN-LIT-L5-010,"Chính xác · Tác giả, tác phẩm & giai đoạn văn học · Cấp 5",Văn,,"Tác giả, tác phẩm & giai đoạn văn học",3,5,Chính xác,14,19,70%,85%,176,PL-VAN-LIT-L5-009,4,7,3,v.p1.3 | v.p1.5 | v.p2.2 | v.p2.4 | v.gra.2 | v.gra.3 | v.rhe.2 | v.log.1 | v.lit.2 | v.p1.1 | v.p2.1 | v.lit.4 | v.p1.2 | v.voc.2,Loại bỏ lỗi ẩu và các bẫy quen thuộc trong chuyên đề. Xử lý câu phân loại mà không mất nhịp.
PL-VAN-LIT-L5-011,"Tổng hợp · Tác giả, tác phẩm & giai đoạn văn học · Cấp 5",Văn,,"Tác giả, tác phẩm & giai đoạn văn học",3,5,Tổng hợp,14,16,70%,85%,184,PL-VAN-LIT-L5-010,4,7,3,v.p2.4 | v.voc.2 | v.voc.3 | v.gra.2 | v.log.1 | v.lit.2 | v.p1.1 | v.p2.1 | v.voc.1 | v.gra.1 | v.rhe.1 | v.p1.5 | v.p2.2 | v.gra.3,Trộn nhiều dạng trong cùng chuyên đề để rèn phản xạ nhận diện. Xử lý câu phân loại mà không mất nhịp.
PL-VAN-LIT-L5-012,"Ôn lại · Tác giả, tác phẩm & giai đoạn văn học · Cấp 5",Văn,,"Tác giả, tác phẩm & giai đoạn văn học",3,5,Ôn lại,14,18,70%,85%,144,PL-VAN-LIT-L5-011,4,7,3,v.gra.2 | v.gra.3 | v.rhe.2 | v.log.1 | v.p2.1 | v.voc.1 | v.gra.1 | v.rhe.1 | v.lit.1 | v.p1.4 | v.p2.3 | v.lit.2 | v.p1.1 | v.p2.5,Quay lại các câu từng sai để kiến thức không phai theo thời gian. Xử lý câu phân loại mà không mất nhịp.
PL-VAN-LIT-L5-013,"Khởi động · Tác giả, tác phẩm & giai đoạn văn học · Cấp 5",Văn,,"Tác giả, tác phẩm & giai đoạn văn học",3,5,Khởi động,14,20,70%,85%,112,PL-VAN-LIT-L5-012,4,7,3,v.p2.2 | v.p2.4 | v.voc.2 | v.voc.3 | v.log.2 | v.lit.1 | v.lit.3 | v.lit.4 | v.p1.2 | v.p1.3 | v.p1.5 | v.p2.3 | v.p2.5 | v.gra.2,Nhắc lại công thức và nhận diện dạng bài trước khi vào phần nặng. Xử lý câu phân loại mà không mất nhịp.
PL-VAN-LIT-L5-014,"Rèn kỹ năng · Tác giả, tác phẩm & giai đoạn văn học · Cấp 5",Văn,,"Tác giả, tác phẩm & giai đoạn văn học",3,5,Rèn kỹ năng,14,16,70%,85%,160,PL-VAN-LIT-L5-013,4,7,3,v.p1.4 | v.p2.1 | v.p2.3 | v.p2.5 | v.lit.3 | v.lit.4 | v.p1.2 | v.p1.3 | v.p1.5 | v.p2.2 | v.p2.4 | v.gra.3 | v.rhe.2 | v.log.1,Làm chắc một kỹ năng lõi qua các biến thể liên tiếp của cùng một dạng. Xử lý câu phân loại mà không mất nhịp.
PL-VAN-LIT-L5-015,"Tốc độ · Tác giả, tác phẩm & giai đoạn văn học · Cấp 5",Văn,,"Tác giả, tác phẩm & giai đoạn văn học",3,5,Tốc độ,14,12,70%,85%,176,PL-VAN-LIT-L5-014,4,7,3,v.rhe.2 | v.log.1 | v.p1.4 | v.p2.3 | v.p1.5 | v.p2.2 | v.p2.4 | v.voc.2 | v.voc.3 | v.gra.2 | v.gra.3 | v.p1.1 | v.p2.1 | v.voc.1,Rút ngắn thời gian trên mỗi câu mà vẫn giữ được độ chính xác. Xử lý câu phân loại mà không mất nhịp.
PL-VAN-LIT-L5-016,"Chính xác · Tác giả, tác phẩm & giai đoạn văn học · Cấp 5",Văn,,"Tác giả, tác phẩm & giai đoạn văn học",3,5,Chính xác,14,19,70%,85%,176,PL-VAN-LIT-L5-015,4,7,3,v.rhe.1 | v.log.2 | v.lit.1 | v.lit.3 | v.p2.2 | v.p2.4 | v.voc.2 | v.voc.3 | v.gra.2 | v.gra.3 | v.rhe.2 | v.p2.1 | v.voc.1 | v.gra.1,Loại bỏ lỗi ẩu và các bẫy quen thuộc trong chuyên đề. Xử lý câu phân loại mà không mất nhịp.
PL-VAN-LIT-L5-017,"Tổng hợp · Tác giả, tác phẩm & giai đoạn văn học · Cấp 5",Văn,,"Tác giả, tác phẩm & giai đoạn văn học",3,5,Tổng hợp,14,16,70%,85%,184,PL-VAN-LIT-L5-016,4,7,3,v.lit.3 | v.lit.4 | v.p1.2 | v.p1.3 | v.gra.3 | v.rhe.2 | v.log.1 | v.lit.2 | v.p1.1 | v.p2.1 | v.voc.1 | v.p1.4 | v.p2.3 | v.p2.5,Trộn nhiều dạng trong cùng chuyên đề để rèn phản xạ nhận diện. Xử lý câu phân loại mà không mất nhịp.
PL-VAN-LIT-L5-018,"Thử thách · Tác giả, tác phẩm & giai đoạn văn học · Cấp 5",Văn,,"Tác giả, tác phẩm & giai đoạn văn học",3,5,Thử thách,14,16,70%,85%,224,PL-VAN-LIT-L5-017,4,7,3,v.log.2 | v.lit.3 | v.lit.4 | v.p1.2 | v.lit.2 | v.p1.1 | v.p2.1 | v.voc.1 | v.gra.1 | v.rhe.1 | v.lit.1 | v.p1.3 | v.p1.5 | v.p2.2,Đẩy lên mức khó hơn cấp hiện tại để chuẩn bị lên cấp. Xử lý câu phân loại mà không mất nhịp.
PL-VAN-LIT-L5-019,"Vượt ải · Tác giả, tác phẩm & giai đoạn văn học · Cấp 5",Văn,,"Tác giả, tác phẩm & giai đoạn văn học",3,5,Vượt ải,14,16,70%,90%,288,PL-VAN-LIT-L5-018,4,7,3,v.p1.2 | v.p1.3 | v.p1.5 | v.p2.2 | v.voc.1 | v.gra.1 | v.rhe.1 | v.lit.1 | v.p1.4 | v.p2.3 | v.p2.5 | v.gra.2 | v.gra.3 | v.rhe.2,Bài kiểm tra chốt cấp độ của tuyến chuyên đề. Xử lý câu phân loại mà không mất nhịp.
PL-VAN-LIT-L6-001,"Khởi động · Tác giả, tác phẩm & giai đoạn văn học · Cấp 6",Văn,,"Tác giả, tác phẩm & giai đoạn văn học",3,6,Khởi động,15,19,70%,85%,154,PL-VAN-LIT-L5-019,4,7,4,v.lit.3 | v.lit.4 | v.p1.2 | v.p1.3 | v.p2.5 | v.log.2 | v.p1.5 | v.p2.2 | v.p2.4 | v.voc.2 | v.voc.3 | v.rhe.2 | v.log.1 | v.lit.2 | v.p1.1,Nhắc lại công thức và nhận diện dạng bài trước khi vào phần nặng. Tốc độ và độ chính xác của nhóm dẫn đầu phổ điểm.
PL-VAN-LIT-L6-002,"Rèn kỹ năng · Tác giả, tác phẩm & giai đoạn văn học · Cấp 6",Văn,,"Tác giả, tác phẩm & giai đoạn văn học",3,6,Rèn kỹ năng,15,15,70%,85%,220,PL-VAN-LIT-L6-001,4,7,4,v.log.2 | v.lit.3 | v.lit.4 | v.p1.2 | v.p2.2 | v.p2.4 | v.voc.2 | v.voc.3 | v.gra.2 | v.gra.3 | v.rhe.2 | v.p1.1 | v.p2.1 | v.voc.1 | v.gra.1,Làm chắc một kỹ năng lõi qua các biến thể liên tiếp của cùng một dạng. Tốc độ và độ chính xác của nhóm dẫn đầu phổ điểm.
PL-VAN-LIT-L6-003,"Tốc độ · Tác giả, tác phẩm & giai đoạn văn học · Cấp 6",Văn,,"Tác giả, tác phẩm & giai đoạn văn học",3,6,Tốc độ,15,11,70%,85%,242,PL-VAN-LIT-L6-002,4,7,4,v.p2.4 | v.voc.2 | v.voc.3 | v.gra.2 | v.p1.5 | v.p2.2 | v.gra.3 | v.rhe.2 | v.log.1 | v.lit.2 | v.p1.1 | v.gra.1 | v.rhe.1 | v.lit.1 | v.p1.4,Rút ngắn thời gian trên mỗi câu mà vẫn giữ được độ chính xác. Tốc độ và độ chính xác của nhóm dẫn đầu phổ điểm.
PL-VAN-LIT-L6-004,"Chính xác · Tác giả, tác phẩm & giai đoạn văn học · Cấp 6",Văn,,"Tác giả, tác phẩm & giai đoạn văn học",3,6,Chính xác,15,17,70%,85%,242,PL-VAN-LIT-L6-003,4,7,4,v.p2.2 | v.p2.4 | v.voc.2 | v.voc.3 | v.rhe.2 | v.log.1 | v.lit.2 | v.p1.1 | v.p2.1 | v.voc.1 | v.gra.1 | v.p1.4 | v.p2.3 | v.p2.5 | v.log.2,Loại bỏ lỗi ẩu và các bẫy quen thuộc trong chuyên đề. Tốc độ và độ chính xác của nhóm dẫn đầu phổ điểm.
PL-VAN-LIT-L6-005,"Tổng hợp · Tác giả, tác phẩm & giai đoạn văn học · Cấp 6",Văn,,"Tác giả, tác phẩm & giai đoạn văn học",3,6,Tổng hợp,15,15,70%,85%,253,PL-VAN-LIT-L6-004,4,7,4,v.voc.3 | v.gra.2 | v.gra.3 | v.rhe.2 | v.p1.1 | v.p2.1 | v.voc.1 | v.gra.1 | v.rhe.1 | v.lit.1 | v.p1.4 | v.lit.3 | v.lit.4 | v.p1.2 | v.p1.3,Trộn nhiều dạng trong cùng chuyên đề để rèn phản xạ nhận diện. Tốc độ và độ chính xác của nhóm dẫn đầu phổ điểm.
PL-VAN-LIT-L6-006,"Ôn lại · Tác giả, tác phẩm & giai đoạn văn học · Cấp 6",Văn,,"Tác giả, tác phẩm & giai đoạn văn học",3,6,Ôn lại,15,17,70%,85%,198,PL-VAN-LIT-L6-005,4,7,4,v.rhe.2 | v.log.1 | v.lit.2 | v.p1.1 | v.gra.1 | v.rhe.1 | v.lit.1 | v.p1.4 | v.p2.3 | v.p2.5 | v.log.2 | v.p2.4 | v.voc.2 | v.voc.3 | v.gra.2,Quay lại các câu từng sai để kiến thức không phai theo thời gian. Tốc độ và độ chính xác của nhóm dẫn đầu phổ điểm.
PL-VAN-LIT-L6-007,"Khởi động · Tác giả, tác phẩm & giai đoạn văn học · Cấp 6",Văn,,"Tác giả, tác phẩm & giai đoạn văn học",3,6,Khởi động,15,19,70%,85%,154,PL-VAN-LIT-L6-006,4,7,4,v.p2.5 | v.voc.1 | v.gra.1 | v.rhe.1 | v.p1.4 | v.p2.3 | v.log.2 | v.lit.3 | v.lit.4 | v.p1.2 | v.p1.3 | v.lit.2 | v.p1.1 | v.p2.1 | v.lit.1,Nhắc lại công thức và nhận diện dạng bài trước khi vào phần nặng. Tốc độ và độ chính xác của nhóm dẫn đầu phổ điểm.
PL-VAN-LIT-L6-008,"Rèn kỹ năng · Tác giả, tác phẩm & giai đoạn văn học · Cấp 6",Văn,,"Tác giả, tác phẩm & giai đoạn văn học",3,6,Rèn kỹ năng,15,15,70%,85%,220,PL-VAN-LIT-L6-007,4,7,4,v.gra.1 | v.rhe.1 | v.lit.1 | v.p1.4 | v.lit.3 | v.lit.4 | v.p1.2 | v.p1.3 | v.p1.5 | v.p2.2 | v.p2.4 | v.voc.1 | v.p2.3 | v.p2.5 | v.log.2,Làm chắc một kỹ năng lõi qua các biến thể liên tiếp của cùng một dạng. Tốc độ và độ chính xác của nhóm dẫn đầu phổ điểm.
PL-VAN-LIT-L6-009,"Tốc độ · Tác giả, tác phẩm & giai đoạn văn học · Cấp 6",Văn,,"Tác giả, tác phẩm & giai đoạn văn học",3,6,Tốc độ,15,11,70%,85%,242,PL-VAN-LIT-L6-008,4,7,4,v.lit.3 | v.lit.4 | v.p1.2 | v.p1.3 | v.p2.4 | v.voc.2 | v.voc.3 | v.gra.2 | v.gra.3 | v.rhe.2 | v.log.1 | v.p2.5 | v.log.2 | v.p1.5 | v.p2.2,Rút ngắn thời gian trên mỗi câu mà vẫn giữ được độ chính xác. Tốc độ và độ chính xác của nhóm dẫn đầu phổ điểm.
PL-VAN-LIT-L6-010,"Chính xác · Tác giả, tác phẩm & giai đoạn văn học · Cấp 6",Văn,,"Tác giả, tác phẩm & giai đoạn văn học",3,6,Chính xác,15,17,70%,85%,242,PL-VAN-LIT-L6-009,4,7,4,v.log.2 | v.lit.3 | v.lit.4 | v.p1.2 | v.gra.2 | v.gra.3 | v.rhe.2 | v.log.1 | v.lit.2 | v.p1.1 | v.p2.1 | v.p2.2 | v.p2.4 | v.voc.2 | v.voc.3,Loại bỏ lỗi ẩu và các bẫy quen thuộc trong chuyên đề. Tốc độ và độ chính xác của nhóm dẫn đầu phổ điểm.
PL-VAN-LIT-L6-011,"Tổng hợp · Tác giả, tác phẩm & giai đoạn văn học · Cấp 6",Văn,,"Tác giả, tác phẩm & giai đoạn văn học",3,6,Tổng hợp,15,15,70%,85%,253,PL-VAN-LIT-L6-010,4,7,4,v.p1.2 | v.p1.3 | v.p1.5 | v.p2.2 | v.log.1 | v.lit.2 | v.p1.1 | v.p2.1 | v.voc.1 | v.gra.1 | v.rhe.1 | v.voc.3 | v.gra.2 | v.gra.3 | v.rhe.2,Trộn nhiều dạng trong cùng chuyên đề để rèn phản xạ nhận diện. Tốc độ và độ chính xác của nhóm dẫn đầu phổ điểm.
PL-VAN-LIT-L6-012,"Ôn lại · Tác giả, tác phẩm & giai đoạn văn học · Cấp 6",Văn,,"Tác giả, tác phẩm & giai đoạn văn học",3,6,Ôn lại,15,17,70%,85%,198,PL-VAN-LIT-L6-011,4,7,4,v.p2.2 | v.p2.4 | v.voc.2 | v.voc.3 | v.p2.1 | v.voc.1 | v.gra.1 | v.rhe.1 | v.lit.1 | v.p1.4 | v.p2.3 | v.lit.2 | v.p1.1 | v.p2.5 | v.log.2,Quay lại các câu từng sai để kiến thức không phai theo thời gian. Tốc độ và độ chính xác của nhóm dẫn đầu phổ điểm.
PL-VAN-LIT-L6-013,"Thử thách · Tác giả, tác phẩm & giai đoạn văn học · Cấp 6",Văn,,"Tác giả, tác phẩm & giai đoạn văn học",3,6,Thử thách,15,15,70%,85%,308,PL-VAN-LIT-L6-012,4,7,4,v.voc.3 | v.gra.2 | v.gra.3 | v.rhe.2 | v.rhe.1 | v.lit.1 | v.p1.4 | v.p2.3 | v.p2.5 | v.log.2 | v.lit.3 | v.p1.2 | v.p1.3 | v.p1.5 | v.p2.2,Đẩy lên mức khó hơn cấp hiện tại để chuẩn bị lên cấp. Tốc độ và độ chính xác của nhóm dẫn đầu phổ điểm.
PL-VAN-LIT-L6-014,"Vượt ải · Tác giả, tác phẩm & giai đoạn văn học · Cấp 6",Văn,,"Tác giả, tác phẩm & giai đoạn văn học",3,6,Vượt ải,15,14,70%,90%,396,PL-VAN-LIT-L6-013,4,7,4,v.rhe.2 | v.log.1 | v.lit.2 | v.p1.1 | v.p2.3 | v.p2.5 | v.log.2 | v.lit.3 | v.lit.4 | v.p1.2 | v.p1.3 | v.voc.2 | v.voc.3 | v.gra.2 | v.gra.3,Bài kiểm tra chốt cấp độ của tuyến chuyên đề. Tốc độ và độ chính xác của nhóm dẫn đầu phổ điểm.
PL-VAN-GRA-L1-001,Khởi động · Ngữ pháp & lỗi sai trong câu · Cấp 1,Văn,,Ngữ pháp & lỗi sai trong câu,1,1,Khởi động,8,10,70%,85%,28,,2,4,2,v.lit.1 | v.gra.1 | v.voc.1 | v.rhe.1 | v.lit.2 | v.gra.2 | v.p1.3 | v.p1.5,Nhắc lại công thức và nhận diện dạng bài trước khi vào phần nặng. Nhận diện dạng bài và nhớ lại công thức nền.
PL-VAN-GRA-L1-002,Rèn kỹ năng · Ngữ pháp & lỗi sai trong câu · Cấp 1,Văn,,Ngữ pháp & lỗi sai trong câu,1,1,Rèn kỹ năng,8,8,70%,85%,40,PL-VAN-GRA-L1-001,2,4,2,v.p2.1 | v.voc.1 | v.gra.3 | v.p1.2 | v.p1.3 | v.p1.5 | v.lit.4 | v.log.1,Làm chắc một kỹ năng lõi qua các biến thể liên tiếp của cùng một dạng. Nhận diện dạng bài và nhớ lại công thức nền.
PL-VAN-GRA-L1-003,Tốc độ · Ngữ pháp & lỗi sai trong câu · Cấp 1,Văn,,Ngữ pháp & lỗi sai trong câu,1,1,Tốc độ,8,6,70%,85%,44,PL-VAN-GRA-L1-002,2,4,2,v.lit.2 | v.gra.2 | v.p1.3 | v.p1.5 | v.p2.2 | v.p2.4 | v.lit.1 | v.lit.3,Rút ngắn thời gian trên mỗi câu mà vẫn giữ được độ chính xác. Nhận diện dạng bài và nhớ lại công thức nền.
PL-VAN-GRA-L1-004,Chính xác · Ngữ pháp & lỗi sai trong câu · Cấp 1,Văn,,Ngữ pháp & lỗi sai trong câu,1,1,Chính xác,8,9,70%,85%,44,PL-VAN-GRA-L1-003,2,4,2,v.p1.2 | v.p1.3 | v.voc.2 | v.voc.3 | v.rhe.2 | v.lit.1 | v.p2.5 | v.voc.1,Loại bỏ lỗi ẩu và các bẫy quen thuộc trong chuyên đề. Nhận diện dạng bài và nhớ lại công thức nền.
PL-VAN-GRA-L1-005,Tổng hợp · Ngữ pháp & lỗi sai trong câu · Cấp 1,Văn,,Ngữ pháp & lỗi sai trong câu,1,1,Tổng hợp,8,8,70%,85%,46,PL-VAN-GRA-L1-004,2,4,2,v.p2.2 | v.p2.4 | v.lit.1 | v.lit.3 | v.lit.4 | v.log.1 | v.lit.2 | v.log.2,Trộn nhiều dạng trong cùng chuyên đề để rèn phản xạ nhận diện. Nhận diện dạng bài và nhớ lại công thức nền.
PL-VAN-GRA-L1-006,Ôn lại · Ngữ pháp & lỗi sai trong câu · Cấp 1,Văn,,Ngữ pháp & lỗi sai trong câu,1,1,Ôn lại,8,9,70%,85%,36,PL-VAN-GRA-L1-005,2,4,2,v.voc.3 | v.rhe.2 | v.log.1 | v.p1.4 | v.p2.3 | v.p2.5 | v.gra.3 | v.p1.2,Quay lại các câu từng sai để kiến thức không phai theo thời gian. Nhận diện dạng bài và nhớ lại công thức nền.
PL-VAN-GRA-L1-007,Khởi động · Ngữ pháp & lỗi sai trong câu · Cấp 1,Văn,,Ngữ pháp & lỗi sai trong câu,1,1,Khởi động,8,10,70%,85%,28,PL-VAN-GRA-L1-006,2,4,2,v.lit.4 | v.log.1 | v.p2.5 | v.log.2 | v.lit.1 | v.gra.1 | v.lit.2 | v.gra.2,Nhắc lại công thức và nhận diện dạng bài trước khi vào phần nặng. Nhận diện dạng bài và nhớ lại công thức nền.
PL-VAN-GRA-L1-008,Rèn kỹ năng · Ngữ pháp & lỗi sai trong câu · Cấp 1,Văn,,Ngữ pháp & lỗi sai trong câu,1,1,Rèn kỹ năng,8,8,70%,85%,40,PL-VAN-GRA-L1-007,2,4,2,v.p2.3 | v.p2.5 | v.p1.1 | v.p2.1 | v.voc.1 | v.rhe.1 | v.voc.2 | v.voc.3,Làm chắc một kỹ năng lõi qua các biến thể liên tiếp của cùng một dạng. Nhận diện dạng bài và nhớ lại công thức nền.
PL-VAN-GRA-L1-009,Tốc độ · Ngữ pháp & lỗi sai trong câu · Cấp 1,Văn,,Ngữ pháp & lỗi sai trong câu,1,1,Tốc độ,8,6,70%,85%,44,PL-VAN-GRA-L1-008,2,4,2,v.lit.1 | v.gra.1 | v.lit.2 | v.gra.2 | v.gra.3 | v.p1.2 | v.rhe.2 | v.lit.3,Rút ngắn thời gian trên mỗi câu mà vẫn giữ được độ chính xác. Nhận diện dạng bài và nhớ lại công thức nền.
PL-VAN-GRA-L1-010,Chính xác · Ngữ pháp & lỗi sai trong câu · Cấp 1,Văn,,Ngữ pháp & lỗi sai trong câu,1,1,Chính xác,8,9,70%,85%,44,PL-VAN-GRA-L1-009,2,4,2,v.p2.1 | v.voc.1 | v.p1.3 | v.p1.5 | v.p2.2 | v.p2.4 | v.p2.5 | v.rhe.1,Loại bỏ lỗi ẩu và các bẫy quen thuộc trong chuyên đề. Nhận diện dạng bài và nhớ lại công thức nền.
PL-VAN-GRA-L1-011,Tổng hợp · Ngữ pháp & lỗi sai trong câu · Cấp 1,Văn,,Ngữ pháp & lỗi sai trong câu,1,1,Tổng hợp,8,8,70%,85%,46,PL-VAN-GRA-L1-010,2,4,2,v.lit.2 | v.gra.2 | v.p2.4 | v.voc.2 | v.voc.3 | v.rhe.2 | v.log.2 | v.lit.1,Trộn nhiều dạng trong cùng chuyên đề để rèn phản xạ nhận diện. Nhận diện dạng bài và nhớ lại công thức nền.
PL-VAN-GRA-L1-012,Ôn lại · Ngữ pháp & lỗi sai trong câu · Cấp 1,Văn,,Ngữ pháp & lỗi sai trong câu,1,1,Ôn lại,8,9,70%,85%,36,PL-VAN-GRA-L1-011,2,4,2,v.p1.2 | v.p1.3 | v.rhe.2 | v.lit.1 | v.lit.3 | v.lit.4 | v.gra.3 | v.p1.5,Quay lại các câu từng sai để kiến thức không phai theo thời gian. Nhận diện dạng bài và nhớ lại công thức nền.
PL-VAN-GRA-L1-013,Khởi động · Ngữ pháp & lỗi sai trong câu · Cấp 1,Văn,,Ngữ pháp & lỗi sai trong câu,1,1,Khởi động,8,10,70%,85%,28,PL-VAN-GRA-L1-012,2,4,2,v.p2.2 | v.p2.4 | v.lit.4 | v.log.1 | v.p1.4 | v.p2.3 | v.rhe.1 | v.lit.2,Nhắc lại công thức và nhận diện dạng bài trước khi vào phần nặng. Nhận diện dạng bài và nhớ lại công thức nền.
PL-VAN-GRA-L1-014,Thử thách · Ngữ pháp & lỗi sai trong câu · Cấp 1,Văn,,Ngữ pháp & lỗi sai trong câu,1,1,Thử thách,8,8,70%,85%,56,PL-VAN-GRA-L1-013,2,4,2,v.rhe.2 | v.lit.1 | v.rhe.1 | v.lit.2 | v.log.2 | v.gra.2 | v.p2.2 | v.p2.4,Đẩy lên mức khó hơn cấp hiện tại để chuẩn bị lên cấp. Nhận diện dạng bài và nhớ lại công thức nền.
PL-VAN-GRA-L1-015,Vượt ải · Ngữ pháp & lỗi sai trong câu · Cấp 1,Văn,,Ngữ pháp & lỗi sai trong câu,1,1,Vượt ải,8,8,70%,90%,72,PL-VAN-GRA-L1-014,2,4,2,v.lit.4 | v.log.1 | v.gra.2 | v.gra.3 | v.p1.2 | v.p1.3 | v.lit.3 | v.gra.1,Bài kiểm tra chốt cấp độ của tuyến chuyên đề. Nhận diện dạng bài và nhớ lại công thức nền.
PL-VAN-GRA-L2-001,Khởi động · Ngữ pháp & lỗi sai trong câu · Cấp 2,Văn,,Ngữ pháp & lỗi sai trong câu,1,2,Khởi động,10,15,70%,85%,42,PL-VAN-GRA-L1-015,3,5,2,v.lit.1 | v.gra.1 | v.p1.1 | v.rhe.1 | v.lit.2 | v.gra.2 | v.gra.3 | v.p1.2 | v.p2.2 | v.p2.4,Nhắc lại công thức và nhận diện dạng bài trước khi vào phần nặng. Làm đúng dạng chuẩn mà không cần nhìn gợi ý.
PL-VAN-GRA-L2-002,Rèn kỹ năng · Ngữ pháp & lỗi sai trong câu · Cấp 2,Văn,,Ngữ pháp & lỗi sai trong câu,1,2,Rèn kỹ năng,10,12,70%,85%,60,PL-VAN-GRA-L2-001,3,5,2,v.p2.1 | v.voc.1 | v.rhe.1 | v.p1.2 | v.p1.3 | v.p1.5 | v.p2.2 | v.p2.4 | v.log.1 | v.gra.1,Làm chắc một kỹ năng lõi qua các biến thể liên tiếp của cùng một dạng. Làm đúng dạng chuẩn mà không cần nhìn gợi ý.
PL-VAN-GRA-L2-003,Tốc độ · Ngữ pháp & lỗi sai trong câu · Cấp 2,Văn,,Ngữ pháp & lỗi sai trong câu,1,2,Tốc độ,10,9,70%,85%,66,PL-VAN-GRA-L2-002,3,5,2,v.lit.2 | v.gra.2 | v.gra.3 | v.p1.5 | v.p2.2 | v.p2.4 | v.voc.2 | v.voc.3 | v.lit.4 | v.log.1,Rút ngắn thời gian trên mỗi câu mà vẫn giữ được độ chính xác. Làm đúng dạng chuẩn mà không cần nhìn gợi ý.
PL-VAN-GRA-L2-004,Chính xác · Ngữ pháp & lỗi sai trong câu · Cấp 2,Văn,,Ngữ pháp & lỗi sai trong câu,1,2,Chính xác,10,13,70%,85%,66,PL-VAN-GRA-L2-003,3,5,2,v.p1.2 | v.p1.3 | v.p1.5 | v.voc.3 | v.rhe.2 | v.lit.1 | v.lit.3 | v.lit.4 | v.rhe.1 | v.lit.2,Loại bỏ lỗi ẩu và các bẫy quen thuộc trong chuyên đề. Làm đúng dạng chuẩn mà không cần nhìn gợi ý.
PL-VAN-GRA-L2-005,Tổng hợp · Ngữ pháp & lỗi sai trong câu · Cấp 2,Văn,,Ngữ pháp & lỗi sai trong câu,1,2,Tổng hợp,10,12,70%,85%,69,PL-VAN-GRA-L2-004,3,5,2,v.p2.2 | v.p2.4 | v.voc.2 | v.lit.3 | v.lit.4 | v.log.1 | v.p1.4 | v.p2.3 | v.gra.2 | v.gra.3,Trộn nhiều dạng trong cùng chuyên đề để rèn phản xạ nhận diện. Làm đúng dạng chuẩn mà không cần nhìn gợi ý.
PL-VAN-GRA-L2-006,Ôn lại · Ngữ pháp & lỗi sai trong câu · Cấp 2,Văn,,Ngữ pháp & lỗi sai trong câu,1,2,Ôn lại,10,13,70%,85%,54,PL-VAN-GRA-L2-005,3,5,2,v.voc.3 | v.rhe.2 | v.lit.3 | v.p1.4 | v.p2.3 | v.p2.5 | v.log.2 | v.gra.1 | v.p1.3 | v.p1.5,Quay lại các câu từng sai để kiến thức không phai theo thời gian. Làm đúng dạng chuẩn mà không cần nhìn gợi ý.
PL-VAN-GRA-L2-007,Khởi động · Ngữ pháp & lỗi sai trong câu · Cấp 2,Văn,,Ngữ pháp & lỗi sai trong câu,1,2,Khởi động,10,15,70%,85%,42,PL-VAN-GRA-L2-006,3,5,2,v.lit.4 | v.log.1 | v.p1.4 | v.log.2 | v.lit.1 | v.gra.1 | v.p1.1 | v.p2.1 | v.p1.3 | v.p1.5,Nhắc lại công thức và nhận diện dạng bài trước khi vào phần nặng. Làm đúng dạng chuẩn mà không cần nhìn gợi ý.
PL-VAN-GRA-L2-008,Rèn kỹ năng · Ngữ pháp & lỗi sai trong câu · Cấp 2,Văn,,Ngữ pháp & lỗi sai trong câu,1,2,Rèn kỹ năng,10,12,70%,85%,60,PL-VAN-GRA-L2-007,3,5,2,v.p2.3 | v.p2.5 | v.log.2 | v.p2.1 | v.voc.1 | v.rhe.1 | v.lit.2 | v.gra.2 | v.lit.3 | v.lit.4,Làm chắc một kỹ năng lõi qua các biến thể liên tiếp của cùng một dạng. Làm đúng dạng chuẩn mà không cần nhìn gợi ý.
PL-VAN-GRA-L2-009,Tốc độ · Ngữ pháp & lỗi sai trong câu · Cấp 2,Văn,,Ngữ pháp & lỗi sai trong câu,1,2,Tốc độ,10,9,70%,85%,66,PL-VAN-GRA-L2-008,3,5,2,v.lit.1 | v.gra.1 | v.p1.1 | v.gra.3 | v.p1.2 | v.p1.3 | v.p1.5 | v.p2.2 | v.p1.4 | v.p2.3,Rút ngắn thời gian trên mỗi câu mà vẫn giữ được độ chính xác. Làm đúng dạng chuẩn mà không cần nhìn gợi ý.
PL-VAN-GRA-L2-010,Chính xác · Ngữ pháp & lỗi sai trong câu · Cấp 2,Văn,,Ngữ pháp & lỗi sai trong câu,1,2,Chính xác,10,13,70%,85%,66,PL-VAN-GRA-L2-009,3,5,2,v.p2.1 | v.voc.1 | v.rhe.1 | v.p2.2 | v.p2.4 | v.voc.2 | v.voc.3 | v.rhe.2 | v.lit.1 | v.gra.2,Loại bỏ lỗi ẩu và các bẫy quen thuộc trong chuyên đề. Làm đúng dạng chuẩn mà không cần nhìn gợi ý.
PL-VAN-GRA-L2-011,Tổng hợp · Ngữ pháp & lỗi sai trong câu · Cấp 2,Văn,,Ngữ pháp & lỗi sai trong câu,1,2,Tổng hợp,10,12,70%,85%,69,PL-VAN-GRA-L2-010,3,5,2,v.lit.2 | v.gra.2 | v.gra.3 | v.voc.3 | v.rhe.2 | v.lit.1 | v.lit.3 | v.lit.4 | v.p1.5 | v.p2.2,Trộn nhiều dạng trong cùng chuyên đề để rèn phản xạ nhận diện. Làm đúng dạng chuẩn mà không cần nhìn gợi ý.
PL-VAN-GRA-L2-012,Ôn lại · Ngữ pháp & lỗi sai trong câu · Cấp 2,Văn,,Ngữ pháp & lỗi sai trong câu,1,2,Ôn lại,10,13,70%,85%,54,PL-VAN-GRA-L2-011,3,5,2,v.p1.2 | v.p1.3 | v.p1.5 | v.lit.3 | v.lit.4 | v.log.1 | v.p1.4 | v.p2.3 | v.voc.3 | v.rhe.2,Quay lại các câu từng sai để kiến thức không phai theo thời gian. Làm đúng dạng chuẩn mà không cần nhìn gợi ý.
PL-VAN-GRA-L2-013,Khởi động · Ngữ pháp & lỗi sai trong câu · Cấp 2,Văn,,Ngữ pháp & lỗi sai trong câu,1,2,Khởi động,10,15,70%,85%,42,PL-VAN-GRA-L2-012,3,5,2,v.p2.2 | v.p2.4 | v.voc.2 | v.p1.4 | v.p2.3 | v.p2.5 | v.log.2 | v.lit.1 | v.p1.2 | v.p1.3,Nhắc lại công thức và nhận diện dạng bài trước khi vào phần nặng. Làm đúng dạng chuẩn mà không cần nhìn gợi ý.
PL-VAN-GRA-L2-014,Rèn kỹ năng · Ngữ pháp & lỗi sai trong câu · Cấp 2,Văn,,Ngữ pháp & lỗi sai trong câu,1,2,Rèn kỹ năng,10,12,70%,85%,60,PL-VAN-GRA-L2-013,3,5,2,v.voc.3 | v.rhe.2 | v.lit.3 | v.log.2 | v.gra.1 | v.p1.1 | v.p2.1 | v.voc.1 | v.p2.3 | v.p2.5,Làm chắc một kỹ năng lõi qua các biến thể liên tiếp của cùng một dạng. Làm đúng dạng chuẩn mà không cần nhìn gợi ý.
PL-VAN-GRA-L2-015,Tốc độ · Ngữ pháp & lỗi sai trong câu · Cấp 2,Văn,,Ngữ pháp & lỗi sai trong câu,1,2,Tốc độ,10,9,70%,85%,66,PL-VAN-GRA-L2-014,3,5,2,v.lit.4 | v.log.1 | v.p1.4 | v.p1.1 | v.p2.1 | v.voc.1 | v.rhe.1 | v.lit.2 | v.p2.5 | v.log.2,Rút ngắn thời gian trên mỗi câu mà vẫn giữ được độ chính xác. Làm đúng dạng chuẩn mà không cần nhìn gợi ý.
PL-VAN-GRA-L2-016,Chính xác · Ngữ pháp & lỗi sai trong câu · Cấp 2,Văn,,Ngữ pháp & lỗi sai trong câu,1,2,Chính xác,10,13,70%,85%,66,PL-VAN-GRA-L2-015,3,5,2,v.p2.3 | v.p2.5 | v.log.2 | v.lit.2 | v.gra.2 | v.gra.3 | v.p1.2 | v.p1.3 | v.p2.2 | v.p2.4,Loại bỏ lỗi ẩu và các bẫy quen thuộc trong chuyên đề. Làm đúng dạng chuẩn mà không cần nhìn gợi ý.
PL-VAN-GRA-L2-017,Tổng hợp · Ngữ pháp & lỗi sai trong câu · Cấp 2,Văn,,Ngữ pháp & lỗi sai trong câu,1,2,Tổng hợp,10,12,70%,85%,69,PL-VAN-GRA-L2-016,3,5,2,v.lit.1 | v.gra.1 | v.p1.1 | v.p1.5 | v.p2.2 | v.p2.4 | v.voc.2 | v.voc.3 | v.rhe.2 | v.lit.3,Trộn nhiều dạng trong cùng chuyên đề để rèn phản xạ nhận diện. Làm đúng dạng chuẩn mà không cần nhìn gợi ý.
PL-VAN-GRA-L2-018,Thử thách · Ngữ pháp & lỗi sai trong câu · Cấp 2,Văn,,Ngữ pháp & lỗi sai trong câu,1,2,Thử thách,10,12,70%,85%,84,PL-VAN-GRA-L2-017,3,5,2,v.voc.1 | v.rhe.1 | v.lit.2 | v.lit.4 | v.log.1 | v.gra.1 | v.p1.1 | v.p1.4 | v.p1.5 | v.p2.2,Đẩy lên mức khó hơn cấp hiện tại để chuẩn bị lên cấp. Làm đúng dạng chuẩn mà không cần nhìn gợi ý.
PL-VAN-GRA-L2-019,Vượt ải · Ngữ pháp & lỗi sai trong câu · Cấp 2,Văn,,Ngữ pháp & lỗi sai trong câu,1,2,Vượt ải,10,11,70%,90%,108,PL-VAN-GRA-L2-018,3,5,2,v.gra.2 | v.gra.3 | v.p1.2 | v.p2.3 | v.p2.5 | v.voc.1 | v.rhe.1 | v.lit.2 | v.lit.4 | v.log.1,Bài kiểm tra chốt cấp độ của tuyến chuyên đề. Làm đúng dạng chuẩn mà không cần nhìn gợi ý.
PL-VAN-GRA-L3-001,Khởi động · Ngữ pháp & lỗi sai trong câu · Cấp 3,Văn,,Ngữ pháp & lỗi sai trong câu,2,3,Khởi động,12,19,70%,85%,63,PL-VAN-GRA-L2-019,3,6,3,v.lit.1 | v.gra.1 | v.p1.1 | v.rhe.1 | v.lit.2 | v.gra.2 | v.gra.3 | v.p1.2 | v.p1.3 | v.voc.3 | v.rhe.2 | v.lit.3,Nhắc lại công thức và nhận diện dạng bài trước khi vào phần nặng. Ghép nhiều bước và tránh các bẫy quen thuộc.
PL-VAN-GRA-L3-002,Rèn kỹ năng · Ngữ pháp & lỗi sai trong câu · Cấp 3,Văn,,Ngữ pháp & lỗi sai trong câu,2,3,Rèn kỹ năng,12,15,70%,85%,90,PL-VAN-GRA-L3-001,3,6,3,v.voc.1 | v.rhe.1 | v.lit.2 | v.p2.2 | v.p2.4 | v.voc.2 | v.voc.3 | v.rhe.2 | v.lit.3 | v.p1.3 | v.p1.5 | v.lit.4,Làm chắc một kỹ năng lõi qua các biến thể liên tiếp của cùng một dạng. Ghép nhiều bước và tránh các bẫy quen thuộc.
PL-VAN-GRA-L3-003,Tốc độ · Ngữ pháp & lỗi sai trong câu · Cấp 3,Văn,,Ngữ pháp & lỗi sai trong câu,2,3,Tốc độ,12,11,70%,85%,99,PL-VAN-GRA-L3-002,3,6,3,v.lit.2 | v.gra.2 | v.gra.3 | v.p2.2 | v.p2.4 | v.voc.2 | v.voc.3 | v.rhe.2 | v.lit.1 | v.p2.3 | v.p2.5 | v.voc.1,Rút ngắn thời gian trên mỗi câu mà vẫn giữ được độ chính xác. Ghép nhiều bước và tránh các bẫy quen thuộc.
PL-VAN-GRA-L3-004,Chính xác · Ngữ pháp & lỗi sai trong câu · Cấp 3,Văn,,Ngữ pháp & lỗi sai trong câu,2,3,Chính xác,12,17,70%,85%,99,PL-VAN-GRA-L3-003,3,6,3,v.p1.3 | v.p1.5 | v.p2.2 | v.p1.1 | v.p1.4 | v.p2.1 | v.p2.3 | v.p2.5 | v.voc.1 | v.lit.2 | v.lit.1 | v.log.2,Loại bỏ lỗi ẩu và các bẫy quen thuộc trong chuyên đề. Ghép nhiều bước và tránh các bẫy quen thuộc.
PL-VAN-GRA-L3-005,Tổng hợp · Ngữ pháp & lỗi sai trong câu · Cấp 3,Văn,,Ngữ pháp & lỗi sai trong câu,2,3,Tổng hợp,12,15,70%,85%,103,PL-VAN-GRA-L3-004,3,6,3,v.p2.4 | v.voc.2 | v.voc.3 | v.p2.3 | v.p2.5 | v.voc.1 | v.rhe.1 | v.lit.2 | v.log.2 | v.gra.2 | v.gra.3 | v.p1.2,Trộn nhiều dạng trong cùng chuyên đề để rèn phản xạ nhận diện. Ghép nhiều bước và tránh các bẫy quen thuộc.
PL-VAN-GRA-L3-006,Ôn lại · Ngữ pháp & lỗi sai trong câu · Cấp 3,Văn,,Ngữ pháp & lỗi sai trong câu,2,3,Ôn lại,12,17,70%,85%,81,PL-VAN-GRA-L3-005,3,6,3,v.rhe.2 | v.lit.1 | v.lit.3 | v.voc.1 | v.rhe.1 | v.lit.2 | v.log.2 | v.gra.2 | v.gra.3 | v.p1.3 | v.p1.5 | v.p2.2,Quay lại các câu từng sai để kiến thức không phai theo thời gian. Ghép nhiều bước và tránh các bẫy quen thuộc.
PL-VAN-GRA-L3-007,Khởi động · Ngữ pháp & lỗi sai trong câu · Cấp 3,Văn,,Ngữ pháp & lỗi sai trong câu,2,3,Khởi động,12,19,70%,85%,63,PL-VAN-GRA-L3-006,3,6,3,v.lit.4 | v.log.1 | v.p1.4 | v.log.2 | v.gra.1 | v.p1.1 | v.p2.1 | v.voc.1 | v.rhe.1 | v.voc.2 | v.voc.3 | v.rhe.2,Nhắc lại công thức và nhận diện dạng bài trước khi vào phần nặng. Ghép nhiều bước và tránh các bẫy quen thuộc.
PL-VAN-GRA-L3-008,Rèn kỹ năng · Ngữ pháp & lỗi sai trong câu · Cấp 3,Văn,,Ngữ pháp & lỗi sai trong câu,2,3,Rèn kỹ năng,12,15,70%,85%,90,PL-VAN-GRA-L3-007,3,6,3,v.p2.3 | v.p2.5 | v.log.2 | v.p1.2 | v.p1.3 | v.p1.5 | v.p2.2 | v.p2.4 | v.voc.2 | v.p2.1 | v.voc.1 | v.rhe.1,Làm chắc một kỹ năng lõi qua các biến thể liên tiếp của cùng một dạng. Ghép nhiều bước và tránh các bẫy quen thuộc.
PL-VAN-GRA-L3-009,Tốc độ · Ngữ pháp & lỗi sai trong câu · Cấp 3,Văn,,Ngữ pháp & lỗi sai trong câu,2,3,Tốc độ,12,11,70%,85%,99,PL-VAN-GRA-L3-008,3,6,3,v.lit.1 | v.gra.1 | v.p1.1 | v.gra.3 | v.p1.2 | v.p1.3 | v.p1.5 | v.p2.2 | v.p2.4 | v.lit.2 | v.log.2 | v.gra.2,Rút ngắn thời gian trên mỗi câu mà vẫn giữ được độ chính xác. Ghép nhiều bước và tránh các bẫy quen thuộc.
PL-VAN-GRA-L3-010,Chính xác · Ngữ pháp & lỗi sai trong câu · Cấp 3,Văn,,Ngữ pháp & lỗi sai trong câu,2,3,Chính xác,12,17,70%,85%,99,PL-VAN-GRA-L3-009,3,6,3,v.voc.1 | v.rhe.1 | v.lit.2 | v.voc.3 | v.rhe.2 | v.lit.3 | v.lit.4 | v.log.1 | v.gra.1 | v.p2.3 | v.p2.5 | v.log.2,Loại bỏ lỗi ẩu và các bẫy quen thuộc trong chuyên đề. Ghép nhiều bước và tránh các bẫy quen thuộc.
PL-VAN-GRA-L3-011,Tổng hợp · Ngữ pháp & lỗi sai trong câu · Cấp 3,Văn,,Ngữ pháp & lỗi sai trong câu,2,3,Tổng hợp,12,15,70%,85%,103,PL-VAN-GRA-L3-010,3,6,3,v.gra.2 | v.gra.3 | v.p1.2 | v.p1.1 | v.p1.4 | v.p2.1 | v.p2.3 | v.p2.5 | v.voc.1 | v.p2.4 | v.voc.2 | v.voc.3,Trộn nhiều dạng trong cùng chuyên đề để rèn phản xạ nhận diện. Ghép nhiều bước và tránh các bẫy quen thuộc.
PL-VAN-GRA-L3-012,Ôn lại · Ngữ pháp & lỗi sai trong câu · Cấp 3,Văn,,Ngữ pháp & lỗi sai trong câu,2,3,Ôn lại,12,17,70%,85%,81,PL-VAN-GRA-L3-011,3,6,3,v.p1.3 | v.p1.5 | v.p2.2 | v.p2.3 | v.p2.5 | v.voc.1 | v.rhe.1 | v.lit.2 | v.log.2 | v.rhe.2 | v.lit.3 | v.lit.4,Quay lại các câu từng sai để kiến thức không phai theo thời gian. Ghép nhiều bước và tránh các bẫy quen thuộc.
PL-VAN-GRA-L3-013,Khởi động · Ngữ pháp & lỗi sai trong câu · Cấp 3,Văn,,Ngữ pháp & lỗi sai trong câu,2,3,Khởi động,12,19,70%,85%,63,PL-VAN-GRA-L3-012,3,6,3,v.p2.2 | v.p2.4 | v.voc.2 | v.p1.4 | v.p2.3 | v.p2.5 | v.log.2 | v.gra.1 | v.p1.1 | v.p2.1 | v.voc.1 | v.rhe.1,Nhắc lại công thức và nhận diện dạng bài trước khi vào phần nặng. Ghép nhiều bước và tránh các bẫy quen thuộc.
PL-VAN-GRA-L3-014,Rèn kỹ năng · Ngữ pháp & lỗi sai trong câu · Cấp 3,Văn,,Ngữ pháp & lỗi sai trong câu,2,3,Rèn kỹ năng,12,15,70%,85%,90,PL-VAN-GRA-L3-013,3,6,3,v.rhe.2 | v.lit.1 | v.lit.3 | v.log.2 | v.gra.2 | v.gra.3 | v.p1.2 | v.p1.3 | v.p1.5 | v.rhe.1 | v.lit.2 | v.p1.4,Làm chắc một kỹ năng lõi qua các biến thể liên tiếp của cùng một dạng. Ghép nhiều bước và tránh các bẫy quen thuộc.
PL-VAN-GRA-L3-015,Tốc độ · Ngữ pháp & lỗi sai trong câu · Cấp 3,Văn,,Ngữ pháp & lỗi sai trong câu,2,3,Tốc độ,12,11,70%,85%,99,PL-VAN-GRA-L3-014,3,6,3,v.lit.4 | v.log.1 | v.p1.4 | v.p2.1 | v.voc.1 | v.rhe.1 | v.lit.2 | v.gra.2 | v.gra.3 | v.p1.3 | v.p1.5 | v.p2.2,Rút ngắn thời gian trên mỗi câu mà vẫn giữ được độ chính xác. Ghép nhiều bước và tránh các bẫy quen thuộc.
PL-VAN-GRA-L3-016,Chính xác · Ngữ pháp & lỗi sai trong câu · Cấp 3,Văn,,Ngữ pháp & lỗi sai trong câu,2,3,Chính xác,12,17,70%,85%,99,PL-VAN-GRA-L3-015,3,6,3,v.p2.3 | v.p2.5 | v.log.2 | v.p2.2 | v.p2.4 | v.voc.2 | v.voc.3 | v.rhe.2 | v.lit.3 | v.p1.3 | v.p1.5 | v.lit.4,Loại bỏ lỗi ẩu và các bẫy quen thuộc trong chuyên đề. Ghép nhiều bước và tránh các bẫy quen thuộc.
PL-VAN-GRA-L3-017,Tổng hợp · Ngữ pháp & lỗi sai trong câu · Cấp 3,Văn,,Ngữ pháp & lỗi sai trong câu,2,3,Tổng hợp,12,15,70%,85%,103,PL-VAN-GRA-L3-016,3,6,3,v.gra.1 | v.p1.1 | v.p2.1 | v.voc.3 | v.rhe.2 | v.lit.3 | v.lit.4 | v.log.1 | v.p1.4 | v.p1.5 | v.p2.2 | v.p2.4,Trộn nhiều dạng trong cùng chuyên đề để rèn phản xạ nhận diện. Ghép nhiều bước và tránh các bẫy quen thuộc.
PL-VAN-GRA-L3-018,Ôn lại · Ngữ pháp & lỗi sai trong câu · Cấp 3,Văn,,Ngữ pháp & lỗi sai trong câu,2,3,Ôn lại,12,17,70%,85%,81,PL-VAN-GRA-L3-017,3,6,3,v.voc.1 | v.rhe.1 | v.lit.2 | v.lit.4 | v.log.1 | v.gra.1 | v.p1.1 | v.p1.4 | v.p2.1 | v.voc.2 | v.voc.3 | v.rhe.2,Quay lại các câu từng sai để kiến thức không phai theo thời gian. Ghép nhiều bước và tránh các bẫy quen thuộc.
PL-VAN-GRA-L3-019,Khởi động · Ngữ pháp & lỗi sai trong câu · Cấp 3,Văn,,Ngữ pháp & lỗi sai trong câu,2,3,Khởi động,12,19,70%,85%,63,PL-VAN-GRA-L3-018,3,6,3,v.lit.2 | v.gra.2 | v.gra.3 | v.lit.3 | v.lit.4 | v.log.1 | v.p1.4 | v.p2.3 | v.p2.5 | v.log.2 | v.lit.1 | v.p1.2,Nhắc lại công thức và nhận diện dạng bài trước khi vào phần nặng. Ghép nhiều bước và tránh các bẫy quen thuộc.
PL-VAN-GRA-L3-020,Thử thách · Ngữ pháp & lỗi sai trong câu · Cấp 3,Văn,,Ngữ pháp & lỗi sai trong câu,2,3,Thử thách,12,15,70%,85%,126,PL-VAN-GRA-L3-019,3,6,3,v.rhe.2 | v.lit.3 | v.lit.4 | v.voc.1 | v.rhe.1 | v.lit.2 | v.lit.1 | v.p1.4 | v.p2.3 | v.log.2 | v.gra.2 | v.gra.3,Đẩy lên mức khó hơn cấp hiện tại để chuẩn bị lên cấp. Ghép nhiều bước và tránh các bẫy quen thuộc.
PL-VAN-GRA-L3-021,Vượt ải · Ngữ pháp & lỗi sai trong câu · Cấp 3,Văn,,Ngữ pháp & lỗi sai trong câu,2,3,Vượt ải,12,14,70%,90%,162,PL-VAN-GRA-L3-020,3,6,3,v.log.1 | v.gra.1 | v.p1.1 | v.lit.1 | v.p1.4 | v.p2.3 | v.p2.5 | v.log.2 | v.gra.2 | v.p2.2 | v.p2.4 | v.voc.2,Bài kiểm tra chốt cấp độ của tuyến chuyên đề. Ghép nhiều bước và tránh các bẫy quen thuộc.
PL-VAN-GRA-L4-001,Khởi động · Ngữ pháp & lỗi sai trong câu · Cấp 4,Văn,,Ngữ pháp & lỗi sai trong câu,2,4,Khởi động,12,16,70%,85%,84,PL-VAN-GRA-L3-021,3,6,3,v.lit.1 | v.gra.1 | v.p1.1 | v.rhe.1 | v.lit.2 | v.gra.2 | v.gra.3 | v.p1.2 | v.p1.3 | v.voc.3 | v.rhe.2 | v.lit.3,Nhắc lại công thức và nhận diện dạng bài trước khi vào phần nặng. Giữ độ chính xác khi thời gian bắt đầu siết lại.
PL-VAN-GRA-L4-002,Rèn kỹ năng · Ngữ pháp & lỗi sai trong câu · Cấp 4,Văn,,Ngữ pháp & lỗi sai trong câu,2,4,Rèn kỹ năng,12,13,70%,85%,120,PL-VAN-GRA-L4-001,3,6,3,v.voc.1 | v.rhe.1 | v.lit.2 | v.p2.2 | v.p2.4 | v.voc.2 | v.voc.3 | v.rhe.2 | v.lit.3 | v.p1.3 | v.p1.5 | v.lit.4,Làm chắc một kỹ năng lõi qua các biến thể liên tiếp của cùng một dạng. Giữ độ chính xác khi thời gian bắt đầu siết lại.
PL-VAN-GRA-L4-003,Tốc độ · Ngữ pháp & lỗi sai trong câu · Cấp 4,Văn,,Ngữ pháp & lỗi sai trong câu,2,4,Tốc độ,12,10,70%,85%,132,PL-VAN-GRA-L4-002,3,6,3,v.lit.2 | v.gra.2 | v.gra.3 | v.p2.2 | v.p2.4 | v.voc.2 | v.voc.3 | v.rhe.2 | v.lit.1 | v.p2.3 | v.p2.5 | v.voc.1,Rút ngắn thời gian trên mỗi câu mà vẫn giữ được độ chính xác. Giữ độ chính xác khi thời gian bắt đầu siết lại.
PL-VAN-GRA-L4-004,Chính xác · Ngữ pháp & lỗi sai trong câu · Cấp 4,Văn,,Ngữ pháp & lỗi sai trong câu,2,4,Chính xác,12,15,70%,85%,132,PL-VAN-GRA-L4-003,3,6,3,v.p1.3 | v.p1.5 | v.p2.2 | v.p1.1 | v.p1.4 | v.p2.1 | v.p2.3 | v.p2.5 | v.voc.1 | v.lit.2 | v.lit.1 | v.log.2,Loại bỏ lỗi ẩu và các bẫy quen thuộc trong chuyên đề. Giữ độ chính xác khi thời gian bắt đầu siết lại.
PL-VAN-GRA-L4-005,Tổng hợp · Ngữ pháp & lỗi sai trong câu · Cấp 4,Văn,,Ngữ pháp & lỗi sai trong câu,2,4,Tổng hợp,12,13,70%,85%,138,PL-VAN-GRA-L4-004,3,6,3,v.p2.4 | v.voc.2 | v.voc.3 | v.p2.3 | v.p2.5 | v.voc.1 | v.rhe.1 | v.lit.2 | v.log.2 | v.gra.2 | v.gra.3 | v.p1.2,Trộn nhiều dạng trong cùng chuyên đề để rèn phản xạ nhận diện. Giữ độ chính xác khi thời gian bắt đầu siết lại.
PL-VAN-GRA-L4-006,Ôn lại · Ngữ pháp & lỗi sai trong câu · Cấp 4,Văn,,Ngữ pháp & lỗi sai trong câu,2,4,Ôn lại,12,14,70%,85%,108,PL-VAN-GRA-L4-005,3,6,3,v.rhe.2 | v.lit.1 | v.lit.3 | v.voc.1 | v.rhe.1 | v.lit.2 | v.log.2 | v.gra.2 | v.gra.3 | v.p1.3 | v.p1.5 | v.p2.2,Quay lại các câu từng sai để kiến thức không phai theo thời gian. Giữ độ chính xác khi thời gian bắt đầu siết lại.
PL-VAN-GRA-L4-007,Khởi động · Ngữ pháp & lỗi sai trong câu · Cấp 4,Văn,,Ngữ pháp & lỗi sai trong câu,2,4,Khởi động,12,16,70%,85%,84,PL-VAN-GRA-L4-006,3,6,3,v.lit.4 | v.log.1 | v.p1.4 | v.log.2 | v.gra.1 | v.p1.1 | v.p2.1 | v.voc.1 | v.rhe.1 | v.voc.2 | v.voc.3 | v.rhe.2,Nhắc lại công thức và nhận diện dạng bài trước khi vào phần nặng. Giữ độ chính xác khi thời gian bắt đầu siết lại.
PL-VAN-GRA-L4-008,Rèn kỹ năng · Ngữ pháp & lỗi sai trong câu · Cấp 4,Văn,,Ngữ pháp & lỗi sai trong câu,2,4,Rèn kỹ năng,12,13,70%,85%,120,PL-VAN-GRA-L4-007,3,6,3,v.p2.3 | v.p2.5 | v.log.2 | v.p1.2 | v.p1.3 | v.p1.5 | v.p2.2 | v.p2.4 | v.voc.2 | v.p2.1 | v.voc.1 | v.rhe.1,Làm chắc một kỹ năng lõi qua các biến thể liên tiếp của cùng một dạng. Giữ độ chính xác khi thời gian bắt đầu siết lại.
PL-VAN-GRA-L4-009,Tốc độ · Ngữ pháp & lỗi sai trong câu · Cấp 4,Văn,,Ngữ pháp & lỗi sai trong câu,2,4,Tốc độ,12,10,70%,85%,132,PL-VAN-GRA-L4-008,3,6,3,v.lit.1 | v.gra.1 | v.p1.1 | v.gra.3 | v.p1.2 | v.p1.3 | v.p1.5 | v.p2.2 | v.p2.4 | v.lit.2 | v.log.2 | v.gra.2,Rút ngắn thời gian trên mỗi câu mà vẫn giữ được độ chính xác. Giữ độ chính xác khi thời gian bắt đầu siết lại.
PL-VAN-GRA-L4-010,Chính xác · Ngữ pháp & lỗi sai trong câu · Cấp 4,Văn,,Ngữ pháp & lỗi sai trong câu,2,4,Chính xác,12,15,70%,85%,132,PL-VAN-GRA-L4-009,3,6,3,v.voc.1 | v.rhe.1 | v.lit.2 | v.voc.3 | v.rhe.2 | v.lit.3 | v.lit.4 | v.log.1 | v.gra.1 | v.p2.3 | v.p2.5 | v.log.2,Loại bỏ lỗi ẩu và các bẫy quen thuộc trong chuyên đề. Giữ độ chính xác khi thời gian bắt đầu siết lại.
PL-VAN-GRA-L4-011,Tổng hợp · Ngữ pháp & lỗi sai trong câu · Cấp 4,Văn,,Ngữ pháp & lỗi sai trong câu,2,4,Tổng hợp,12,13,70%,85%,138,PL-VAN-GRA-L4-010,3,6,3,v.gra.2 | v.gra.3 | v.p1.2 | v.p1.1 | v.p1.4 | v.p2.1 | v.p2.3 | v.p2.5 | v.voc.1 | v.p2.4 | v.voc.2 | v.voc.3,Trộn nhiều dạng trong cùng chuyên đề để rèn phản xạ nhận diện. Giữ độ chính xác khi thời gian bắt đầu siết lại.
PL-VAN-GRA-L4-012,Ôn lại · Ngữ pháp & lỗi sai trong câu · Cấp 4,Văn,,Ngữ pháp & lỗi sai trong câu,2,4,Ôn lại,12,14,70%,85%,108,PL-VAN-GRA-L4-011,3,6,3,v.p1.3 | v.p1.5 | v.p2.2 | v.p2.3 | v.p2.5 | v.voc.1 | v.rhe.1 | v.lit.2 | v.log.2 | v.rhe.2 | v.lit.3 | v.lit.4,Quay lại các câu từng sai để kiến thức không phai theo thời gian. Giữ độ chính xác khi thời gian bắt đầu siết lại.
PL-VAN-GRA-L4-013,Khởi động · Ngữ pháp & lỗi sai trong câu · Cấp 4,Văn,,Ngữ pháp & lỗi sai trong câu,2,4,Khởi động,12,16,70%,85%,84,PL-VAN-GRA-L4-012,3,6,3,v.p2.2 | v.p2.4 | v.voc.2 | v.p1.4 | v.p2.3 | v.p2.5 | v.log.2 | v.gra.1 | v.p1.1 | v.p2.1 | v.voc.1 | v.rhe.1,Nhắc lại công thức và nhận diện dạng bài trước khi vào phần nặng. Giữ độ chính xác khi thời gian bắt đầu siết lại.
PL-VAN-GRA-L4-014,Rèn kỹ năng · Ngữ pháp & lỗi sai trong câu · Cấp 4,Văn,,Ngữ pháp & lỗi sai trong câu,2,4,Rèn kỹ năng,12,13,70%,85%,120,PL-VAN-GRA-L4-013,3,6,3,v.rhe.2 | v.lit.1 | v.lit.3 | v.log.2 | v.gra.2 | v.gra.3 | v.p1.2 | v.p1.3 | v.p1.5 | v.rhe.1 | v.lit.2 | v.p1.4,Làm chắc một kỹ năng lõi qua các biến thể liên tiếp của cùng một dạng. Giữ độ chính xác khi thời gian bắt đầu siết lại.
PL-VAN-GRA-L4-015,Tốc độ · Ngữ pháp & lỗi sai trong câu · Cấp 4,Văn,,Ngữ pháp & lỗi sai trong câu,2,4,Tốc độ,12,10,70%,85%,132,PL-VAN-GRA-L4-014,3,6,3,v.lit.4 | v.log.1 | v.p1.4 | v.p2.1 | v.voc.1 | v.rhe.1 | v.lit.2 | v.gra.2 | v.gra.3 | v.p1.3 | v.p1.5 | v.p2.2,Rút ngắn thời gian trên mỗi câu mà vẫn giữ được độ chính xác. Giữ độ chính xác khi thời gian bắt đầu siết lại.
PL-VAN-GRA-L4-016,Chính xác · Ngữ pháp & lỗi sai trong câu · Cấp 4,Văn,,Ngữ pháp & lỗi sai trong câu,2,4,Chính xác,12,15,70%,85%,132,PL-VAN-GRA-L4-015,3,6,3,v.p2.3 | v.p2.5 | v.log.2 | v.p2.2 | v.p2.4 | v.voc.2 | v.voc.3 | v.rhe.2 | v.lit.3 | v.p1.3 | v.p1.5 | v.lit.4,Loại bỏ lỗi ẩu và các bẫy quen thuộc trong chuyên đề. Giữ độ chính xác khi thời gian bắt đầu siết lại.
PL-VAN-GRA-L4-017,Tổng hợp · Ngữ pháp & lỗi sai trong câu · Cấp 4,Văn,,Ngữ pháp & lỗi sai trong câu,2,4,Tổng hợp,12,13,70%,85%,138,PL-VAN-GRA-L4-016,3,6,3,v.gra.1 | v.p1.1 | v.p2.1 | v.voc.3 | v.rhe.2 | v.lit.3 | v.lit.4 | v.log.1 | v.p1.4 | v.p1.5 | v.p2.2 | v.p2.4,Trộn nhiều dạng trong cùng chuyên đề để rèn phản xạ nhận diện. Giữ độ chính xác khi thời gian bắt đầu siết lại.
PL-VAN-GRA-L4-018,Ôn lại · Ngữ pháp & lỗi sai trong câu · Cấp 4,Văn,,Ngữ pháp & lỗi sai trong câu,2,4,Ôn lại,12,14,70%,85%,108,PL-VAN-GRA-L4-017,3,6,3,v.voc.1 | v.rhe.1 | v.lit.2 | v.lit.4 | v.log.1 | v.gra.1 | v.p1.1 | v.p1.4 | v.p2.1 | v.voc.2 | v.voc.3 | v.rhe.2,Quay lại các câu từng sai để kiến thức không phai theo thời gian. Giữ độ chính xác khi thời gian bắt đầu siết lại.
PL-VAN-GRA-L4-019,Khởi động · Ngữ pháp & lỗi sai trong câu · Cấp 4,Văn,,Ngữ pháp & lỗi sai trong câu,2,4,Khởi động,12,16,70%,85%,84,PL-VAN-GRA-L4-018,3,6,3,v.lit.2 | v.gra.2 | v.gra.3 | v.lit.3 | v.lit.4 | v.log.1 | v.p1.4 | v.p2.3 | v.p2.5 | v.log.2 | v.lit.1 | v.p1.2,Nhắc lại công thức và nhận diện dạng bài trước khi vào phần nặng. Giữ độ chính xác khi thời gian bắt đầu siết lại.
PL-VAN-GRA-L4-020,Thử thách · Ngữ pháp & lỗi sai trong câu · Cấp 4,Văn,,Ngữ pháp & lỗi sai trong câu,2,4,Thử thách,12,13,70%,85%,168,PL-VAN-GRA-L4-019,3,6,3,v.rhe.2 | v.lit.3 | v.lit.4 | v.voc.1 | v.rhe.1 | v.lit.2 | v.lit.1 | v.p1.4 | v.p2.3 | v.log.2 | v.gra.2 | v.gra.3,Đẩy lên mức khó hơn cấp hiện tại để chuẩn bị lên cấp. Giữ độ chính xác khi thời gian bắt đầu siết lại.
PL-VAN-GRA-L4-021,Vượt ải · Ngữ pháp & lỗi sai trong câu · Cấp 4,Văn,,Ngữ pháp & lỗi sai trong câu,2,4,Vượt ải,12,12,70%,90%,216,PL-VAN-GRA-L4-020,3,6,3,v.log.1 | v.gra.1 | v.p1.1 | v.lit.1 | v.p1.4 | v.p2.3 | v.p2.5 | v.log.2 | v.gra.2 | v.p2.2 | v.p2.4 | v.voc.2,Bài kiểm tra chốt cấp độ của tuyến chuyên đề. Giữ độ chính xác khi thời gian bắt đầu siết lại.
PL-VAN-GRA-L5-001,Khởi động · Ngữ pháp & lỗi sai trong câu · Cấp 5,Văn,,Ngữ pháp & lỗi sai trong câu,3,5,Khởi động,14,20,70%,85%,112,PL-VAN-GRA-L4-021,4,7,3,v.gra.1 | v.p1.1 | v.p2.1 | v.voc.1 | v.p1.2 | v.p1.3 | v.p1.5 | v.p2.2 | v.p2.4 | v.voc.2 | v.voc.3 | v.gra.2 | v.gra.3 | v.rhe.2,Nhắc lại công thức và nhận diện dạng bài trước khi vào phần nặng. Xử lý câu phân loại mà không mất nhịp.
PL-VAN-GRA-L5-002,Rèn kỹ năng · Ngữ pháp & lỗi sai trong câu · Cấp 5,Văn,,Ngữ pháp & lỗi sai trong câu,3,5,Rèn kỹ năng,14,16,70%,85%,160,PL-VAN-GRA-L5-001,4,7,3,v.p1.3 | v.p1.5 | v.p2.2 | v.p2.4 | v.gra.3 | v.p1.2 | v.voc.2 | v.voc.3 | v.rhe.2 | v.lit.3 | v.lit.4 | v.p1.1 | v.p2.1 | v.voc.1,Làm chắc một kỹ năng lõi qua các biến thể liên tiếp của cùng một dạng. Xử lý câu phân loại mà không mất nhịp.
PL-VAN-GRA-L5-003,Tốc độ · Ngữ pháp & lỗi sai trong câu · Cấp 5,Văn,,Ngữ pháp & lỗi sai trong câu,3,5,Tốc độ,14,12,70%,85%,176,PL-VAN-GRA-L5-002,4,7,3,v.gra.2 | v.gra.3 | v.p1.2 | v.p1.3 | v.log.1 | v.gra.1 | v.p1.1 | v.p1.4 | v.p2.1 | v.p2.3 | v.p2.5 | v.rhe.1 | v.lit.2 | v.lit.1,Rút ngắn thời gian trên mỗi câu mà vẫn giữ được độ chính xác. Xử lý câu phân loại mà không mất nhịp.
PL-VAN-GRA-L5-004,Chính xác · Ngữ pháp & lỗi sai trong câu · Cấp 5,Văn,,Ngữ pháp & lỗi sai trong câu,3,5,Chính xác,14,19,70%,85%,176,PL-VAN-GRA-L5-003,4,7,3,v.rhe.2 | v.lit.3 | v.lit.4 | v.log.1 | v.voc.2 | v.voc.3 | v.gra.1 | v.p1.1 | v.p2.1 | v.voc.1 | v.rhe.1 | v.p1.4 | v.p2.3 | v.p2.5,Loại bỏ lỗi ẩu và các bẫy quen thuộc trong chuyên đề. Xử lý câu phân loại mà không mất nhịp.
PL-VAN-GRA-L5-005,Tổng hợp · Ngữ pháp & lỗi sai trong câu · Cấp 5,Văn,,Ngữ pháp & lỗi sai trong câu,3,5,Tổng hợp,14,16,70%,85%,184,PL-VAN-GRA-L5-004,4,7,3,v.log.1 | v.gra.1 | v.p1.1 | v.p1.4 | v.lit.4 | v.p2.1 | v.voc.1 | v.rhe.1 | v.lit.2 | v.lit.1 | v.p2.3 | v.gra.3 | v.p1.2 | v.p1.3,Trộn nhiều dạng trong cùng chuyên đề để rèn phản xạ nhận diện. Xử lý câu phân loại mà không mất nhịp.
PL-VAN-GRA-L5-006,Ôn lại · Ngữ pháp & lỗi sai trong câu · Cấp 5,Văn,,Ngữ pháp & lỗi sai trong câu,3,5,Ôn lại,14,18,70%,85%,144,PL-VAN-GRA-L5-005,4,7,3,v.p1.4 | v.p2.1 | v.p2.3 | v.p2.5 | v.rhe.1 | v.lit.2 | v.lit.1 | v.log.2 | v.gra.2 | v.gra.3 | v.p1.2 | v.rhe.2 | v.lit.3 | v.lit.4,Quay lại các câu từng sai để kiến thức không phai theo thời gian. Xử lý câu phân loại mà không mất nhịp.
PL-VAN-GRA-L5-007,Khởi động · Ngữ pháp & lỗi sai trong câu · Cấp 5,Văn,,Ngữ pháp & lỗi sai trong câu,3,5,Khởi động,14,20,70%,85%,112,PL-VAN-GRA-L5-006,4,7,3,v.lit.4 | v.log.1 | v.p1.4 | v.p2.3 | v.gra.2 | v.gra.3 | v.p1.2 | v.p1.3 | v.p1.5 | v.p2.2 | v.p2.4 | v.voc.1 | v.rhe.1 | v.lit.2,Nhắc lại công thức và nhận diện dạng bài trước khi vào phần nặng. Xử lý câu phân loại mà không mất nhịp.
PL-VAN-GRA-L5-008,Rèn kỹ năng · Ngữ pháp & lỗi sai trong câu · Cấp 5,Văn,,Ngữ pháp & lỗi sai trong câu,3,5,Rèn kỹ năng,14,16,70%,85%,160,PL-VAN-GRA-L5-007,4,7,3,v.lit.2 | v.log.2 | v.lit.1 | v.gra.2 | v.gra.3 | v.p1.2 | v.p1.3 | v.p1.5 | v.p2.2 | v.p2.4 | v.voc.2 | v.rhe.1 | v.p1.4 | v.p2.3,Làm chắc một kỹ năng lõi qua các biến thể liên tiếp của cùng một dạng. Xử lý câu phân loại mà không mất nhịp.
PL-VAN-GRA-L5-009,Tốc độ · Ngữ pháp & lỗi sai trong câu · Cấp 5,Văn,,Ngữ pháp & lỗi sai trong câu,3,5,Tốc độ,14,12,70%,85%,176,PL-VAN-GRA-L5-008,4,7,3,v.gra.1 | v.p1.1 | v.p2.1 | v.voc.1 | v.p2.4 | v.voc.2 | v.voc.3 | v.rhe.2 | v.lit.3 | v.lit.4 | v.log.1 | v.p2.5 | v.log.2 | v.gra.2,Rút ngắn thời gian trên mỗi câu mà vẫn giữ được độ chính xác. Xử lý câu phân loại mà không mất nhịp.
PL-VAN-GRA-L5-010,Chính xác · Ngữ pháp & lỗi sai trong câu · Cấp 5,Văn,,Ngữ pháp & lỗi sai trong câu,3,5,Chính xác,14,19,70%,85%,176,PL-VAN-GRA-L5-009,4,7,3,v.p1.3 | v.p1.5 | v.p2.2 | v.p2.4 | v.rhe.2 | v.lit.3 | v.lit.4 | v.log.1 | v.gra.1 | v.p1.1 | v.p2.1 | v.gra.3 | v.p1.2 | v.voc.2,Loại bỏ lỗi ẩu và các bẫy quen thuộc trong chuyên đề. Xử lý câu phân loại mà không mất nhịp.
PL-VAN-GRA-L5-011,Tổng hợp · Ngữ pháp & lỗi sai trong câu · Cấp 5,Văn,,Ngữ pháp & lỗi sai trong câu,3,5,Tổng hợp,14,16,70%,85%,184,PL-VAN-GRA-L5-010,4,7,3,v.p2.4 | v.voc.2 | v.voc.3 | v.rhe.2 | v.log.1 | v.gra.1 | v.p1.1 | v.p2.1 | v.voc.1 | v.rhe.1 | v.lit.2 | v.p1.5 | v.p2.2 | v.lit.3,Trộn nhiều dạng trong cùng chuyên đề để rèn phản xạ nhận diện. Xử lý câu phân loại mà không mất nhịp.
PL-VAN-GRA-L5-012,Ôn lại · Ngữ pháp & lỗi sai trong câu · Cấp 5,Văn,,Ngữ pháp & lỗi sai trong câu,3,5,Ôn lại,14,18,70%,85%,144,PL-VAN-GRA-L5-011,4,7,3,v.rhe.2 | v.lit.3 | v.lit.4 | v.log.1 | v.p2.1 | v.voc.1 | v.rhe.1 | v.lit.2 | v.lit.1 | v.p1.4 | v.p2.3 | v.gra.1 | v.p1.1 | v.p2.5,Quay lại các câu từng sai để kiến thức không phai theo thời gian. Xử lý câu phân loại mà không mất nhịp.
PL-VAN-GRA-L5-013,Khởi động · Ngữ pháp & lỗi sai trong câu · Cấp 5,Văn,,Ngữ pháp & lỗi sai trong câu,3,5,Khởi động,14,20,70%,85%,112,PL-VAN-GRA-L5-012,4,7,3,v.p2.4 | v.voc.2 | v.voc.3 | v.rhe.2 | v.log.2 | v.lit.1 | v.gra.2 | v.gra.3 | v.p1.2 | v.p1.3 | v.p1.5 | v.p2.3 | v.p2.5 | v.p2.2,Nhắc lại công thức và nhận diện dạng bài trước khi vào phần nặng. Xử lý câu phân loại mà không mất nhịp.
PL-VAN-GRA-L5-014,Rèn kỹ năng · Ngữ pháp & lỗi sai trong câu · Cấp 5,Văn,,Ngữ pháp & lỗi sai trong câu,3,5,Rèn kỹ năng,14,16,70%,85%,160,PL-VAN-GRA-L5-013,4,7,3,v.p1.4 | v.p2.1 | v.p2.3 | v.p2.5 | v.gra.2 | v.gra.3 | v.p1.2 | v.p1.3 | v.p1.5 | v.p2.2 | v.p2.4 | v.lit.3 | v.lit.4 | v.log.1,Làm chắc một kỹ năng lõi qua các biến thể liên tiếp của cùng một dạng. Xử lý câu phân loại mà không mất nhịp.
PL-VAN-GRA-L5-015,Tốc độ · Ngữ pháp & lỗi sai trong câu · Cấp 5,Văn,,Ngữ pháp & lỗi sai trong câu,3,5,Tốc độ,14,12,70%,85%,176,PL-VAN-GRA-L5-014,4,7,3,v.lit.4 | v.log.1 | v.p1.4 | v.p2.3 | v.p1.5 | v.p2.2 | v.p2.4 | v.voc.2 | v.voc.3 | v.rhe.2 | v.lit.3 | v.p1.1 | v.p2.1 | v.voc.1,Rút ngắn thời gian trên mỗi câu mà vẫn giữ được độ chính xác. Xử lý câu phân loại mà không mất nhịp.
PL-VAN-GRA-L5-016,Thử thách · Ngữ pháp & lỗi sai trong câu · Cấp 5,Văn,,Ngữ pháp & lỗi sai trong câu,3,5,Thử thách,14,16,70%,85%,224,PL-VAN-GRA-L5-015,4,7,3,v.rhe.1 | v.lit.2 | v.lit.1 | v.p1.4 | v.p1.5 | v.p2.2 | v.p2.4 | v.voc.2 | v.voc.3 | v.rhe.2 | v.lit.3 | v.p1.1 | v.p2.1 | v.voc.1,Đẩy lên mức khó hơn cấp hiện tại để chuẩn bị lên cấp. Xử lý câu phân loại mà không mất nhịp.
PL-VAN-GRA-L5-017,Vượt ải · Ngữ pháp & lỗi sai trong câu · Cấp 5,Văn,,Ngữ pháp & lỗi sai trong câu,3,5,Vượt ải,14,16,70%,90%,288,PL-VAN-GRA-L5-016,4,7,3,v.p1.4 | v.p2.3 | v.p2.5 | v.log.2 | v.lit.3 | v.lit.4 | v.log.1 | v.gra.1 | v.p1.1 | v.p2.1 | v.voc.1 | v.gra.2 | v.gra.3 | v.p1.2,Bài kiểm tra chốt cấp độ của tuyến chuyên đề. Xử lý câu phân loại mà không mất nhịp.
PL-VAN-GRA-L6-001,Khởi động · Ngữ pháp & lỗi sai trong câu · Cấp 6,Văn,,Ngữ pháp & lỗi sai trong câu,3,6,Khởi động,15,19,70%,85%,154,PL-VAN-GRA-L5-017,4,7,4,v.gra.2 | v.gra.3 | v.p1.2 | v.p1.3 | v.p2.5 | v.log.2 | v.p1.5 | v.p2.2 | v.p2.4 | v.voc.2 | v.voc.3 | v.lit.4 | v.log.1 | v.gra.1 | v.p1.1,Nhắc lại công thức và nhận diện dạng bài trước khi vào phần nặng. Tốc độ và độ chính xác của nhóm dẫn đầu phổ điểm.
PL-VAN-GRA-L6-002,Rèn kỹ năng · Ngữ pháp & lỗi sai trong câu · Cấp 6,Văn,,Ngữ pháp & lỗi sai trong câu,3,6,Rèn kỹ năng,15,15,70%,85%,220,PL-VAN-GRA-L6-001,4,7,4,v.log.2 | v.gra.2 | v.gra.3 | v.p1.2 | v.p2.2 | v.p2.4 | v.voc.2 | v.voc.3 | v.rhe.2 | v.lit.3 | v.lit.4 | v.p1.1 | v.p2.1 | v.voc.1 | v.rhe.1,Làm chắc một kỹ năng lõi qua các biến thể liên tiếp của cùng một dạng. Tốc độ và độ chính xác của nhóm dẫn đầu phổ điểm.
PL-VAN-GRA-L6-003,Tốc độ · Ngữ pháp & lỗi sai trong câu · Cấp 6,Văn,,Ngữ pháp & lỗi sai trong câu,3,6,Tốc độ,15,11,70%,85%,242,PL-VAN-GRA-L6-002,4,7,4,v.p2.4 | v.voc.2 | v.voc.3 | v.rhe.2 | v.p1.5 | v.p2.2 | v.lit.3 | v.lit.4 | v.log.1 | v.gra.1 | v.p1.1 | v.rhe.1 | v.lit.2 | v.lit.1 | v.p1.4,Rút ngắn thời gian trên mỗi câu mà vẫn giữ được độ chính xác. Tốc độ và độ chính xác của nhóm dẫn đầu phổ điểm.
PL-VAN-GRA-L6-004,Chính xác · Ngữ pháp & lỗi sai trong câu · Cấp 6,Văn,,Ngữ pháp & lỗi sai trong câu,3,6,Chính xác,15,17,70%,85%,242,PL-VAN-GRA-L6-003,4,7,4,v.p2.2 | v.p2.4 | v.voc.2 | v.voc.3 | v.lit.4 | v.log.1 | v.gra.1 | v.p1.1 | v.p2.1 | v.voc.1 | v.rhe.1 | v.p1.4 | v.p2.3 | v.p2.5 | v.log.2,Loại bỏ lỗi ẩu và các bẫy quen thuộc trong chuyên đề. Tốc độ và độ chính xác của nhóm dẫn đầu phổ điểm.
PL-VAN-GRA-L6-005,Tổng hợp · Ngữ pháp & lỗi sai trong câu · Cấp 6,Văn,,Ngữ pháp & lỗi sai trong câu,3,6,Tổng hợp,15,15,70%,85%,253,PL-VAN-GRA-L6-004,4,7,4,v.voc.3 | v.rhe.2 | v.lit.3 | v.lit.4 | v.p1.1 | v.p2.1 | v.voc.1 | v.rhe.1 | v.lit.2 | v.lit.1 | v.p1.4 | v.gra.2 | v.gra.3 | v.p1.2 | v.p1.3,Trộn nhiều dạng trong cùng chuyên đề để rèn phản xạ nhận diện. Tốc độ và độ chính xác của nhóm dẫn đầu phổ điểm.
PL-VAN-GRA-L6-006,Ôn lại · Ngữ pháp & lỗi sai trong câu · Cấp 6,Văn,,Ngữ pháp & lỗi sai trong câu,3,6,Ôn lại,15,17,70%,85%,198,PL-VAN-GRA-L6-005,4,7,4,v.lit.4 | v.log.1 | v.gra.1 | v.p1.1 | v.rhe.1 | v.lit.2 | v.lit.1 | v.p1.4 | v.p2.3 | v.p2.5 | v.log.2 | v.p2.4 | v.voc.2 | v.voc.3 | v.rhe.2,Quay lại các câu từng sai để kiến thức không phai theo thời gian. Tốc độ và độ chính xác của nhóm dẫn đầu phổ điểm.
PL-VAN-GRA-L6-007,Khởi động · Ngữ pháp & lỗi sai trong câu · Cấp 6,Văn,,Ngữ pháp & lỗi sai trong câu,3,6,Khởi động,15,19,70%,85%,154,PL-VAN-GRA-L6-006,4,7,4,v.p2.5 | v.voc.1 | v.rhe.1 | v.lit.2 | v.p1.4 | v.p2.3 | v.log.2 | v.gra.2 | v.gra.3 | v.p1.2 | v.p1.3 | v.gra.1 | v.p1.1 | v.p2.1 | v.lit.1,Nhắc lại công thức và nhận diện dạng bài trước khi vào phần nặng. Tốc độ và độ chính xác của nhóm dẫn đầu phổ điểm.
PL-VAN-GRA-L6-008,Rèn kỹ năng · Ngữ pháp & lỗi sai trong câu · Cấp 6,Văn,,Ngữ pháp & lỗi sai trong câu,3,6,Rèn kỹ năng,15,15,70%,85%,220,PL-VAN-GRA-L6-007,4,7,4,v.rhe.1 | v.lit.2 | v.lit.1 | v.p1.4 | v.gra.2 | v.gra.3 | v.p1.2 | v.p1.3 | v.p1.5 | v.p2.2 | v.p2.4 | v.voc.1 | v.p2.3 | v.p2.5 | v.log.2,Làm chắc một kỹ năng lõi qua các biến thể liên tiếp của cùng một dạng. Tốc độ và độ chính xác của nhóm dẫn đầu phổ điểm.
PL-VAN-GRA-L6-009,Tốc độ · Ngữ pháp & lỗi sai trong câu · Cấp 6,Văn,,Ngữ pháp & lỗi sai trong câu,3,6,Tốc độ,15,11,70%,85%,242,PL-VAN-GRA-L6-008,4,7,4,v.gra.2 | v.gra.3 | v.p1.2 | v.p1.3 | v.p2.4 | v.voc.2 | v.voc.3 | v.rhe.2 | v.lit.3 | v.lit.4 | v.log.1 | v.p2.5 | v.log.2 | v.p1.5 | v.p2.2,Rút ngắn thời gian trên mỗi câu mà vẫn giữ được độ chính xác. Tốc độ và độ chính xác của nhóm dẫn đầu phổ điểm.
PL-VAN-GRA-L6-010,Chính xác · Ngữ pháp & lỗi sai trong câu · Cấp 6,Văn,,Ngữ pháp & lỗi sai trong câu,3,6,Chính xác,15,17,70%,85%,242,PL-VAN-GRA-L6-009,4,7,4,v.log.2 | v.gra.2 | v.gra.3 | v.p1.2 | v.rhe.2 | v.lit.3 | v.lit.4 | v.log.1 | v.gra.1 | v.p1.1 | v.p2.1 | v.p2.2 | v.p2.4 | v.voc.2 | v.voc.3,Loại bỏ lỗi ẩu và các bẫy quen thuộc trong chuyên đề. Tốc độ và độ chính xác của nhóm dẫn đầu phổ điểm.
PL-VAN-GRA-L6-011,Tổng hợp · Ngữ pháp & lỗi sai trong câu · Cấp 6,Văn,,Ngữ pháp & lỗi sai trong câu,3,6,Tổng hợp,15,15,70%,85%,253,PL-VAN-GRA-L6-010,4,7,4,v.p1.2 | v.p1.3 | v.p1.5 | v.p2.2 | v.log.1 | v.gra.1 | v.p1.1 | v.p2.1 | v.voc.1 | v.rhe.1 | v.lit.2 | v.voc.3 | v.rhe.2 | v.lit.3 | v.lit.4,Trộn nhiều dạng trong cùng chuyên đề để rèn phản xạ nhận diện. Tốc độ và độ chính xác của nhóm dẫn đầu phổ điểm.
PL-VAN-GRA-L6-012,Thử thách · Ngữ pháp & lỗi sai trong câu · Cấp 6,Văn,,Ngữ pháp & lỗi sai trong câu,3,6,Thử thách,15,15,70%,85%,308,PL-VAN-GRA-L6-011,4,7,4,v.p2.2 | v.p2.4 | v.voc.2 | v.voc.3 | v.p2.1 | v.voc.1 | v.rhe.1 | v.lit.2 | v.lit.1 | v.p1.4 | v.p2.3 | v.gra.1 | v.p1.1 | v.p2.5 | v.log.2,Đẩy lên mức khó hơn cấp hiện tại để chuẩn bị lên cấp. Tốc độ và độ chính xác của nhóm dẫn đầu phổ điểm.
PL-VAN-GRA-L6-013,Vượt ải · Ngữ pháp & lỗi sai trong câu · Cấp 6,Văn,,Ngữ pháp & lỗi sai trong câu,3,6,Vượt ải,15,14,70%,90%,396,PL-VAN-GRA-L6-012,4,7,4,v.voc.3 | v.rhe.2 | v.lit.3 | v.lit.4 | v.lit.2 | v.lit.1 | v.p1.4 | v.p2.3 | v.p2.5 | v.log.2 | v.gra.2 | v.p1.2 | v.p1.3 | v.p1.5 | v.p2.2,Bài kiểm tra chốt cấp độ của tuyến chuyên đề. Tốc độ và độ chính xác của nhóm dẫn đầu phổ điểm.
PL-VAN-VOC-L1-001,Khởi động · Từ vựng & nghĩa của từ · Cấp 1,Văn,,Từ vựng & nghĩa của từ,1,1,Khởi động,8,10,70%,85%,28,,2,4,2,v.lit.1 | v.voc.1 | v.gra.1 | v.rhe.1 | v.lit.2 | v.voc.2 | v.p1.3 | v.p1.5,Nhắc lại công thức và nhận diện dạng bài trước khi vào phần nặng. Nhận diện dạng bài và nhớ lại công thức nền.
PL-VAN-VOC-L1-002,Rèn kỹ năng · Từ vựng & nghĩa của từ · Cấp 1,Văn,,Từ vựng & nghĩa của từ,1,1,Rèn kỹ năng,8,8,70%,85%,40,PL-VAN-VOC-L1-001,2,4,2,v.p2.1 | v.gra.1 | v.voc.3 | v.p1.2 | v.p1.3 | v.p1.5 | v.lit.4 | v.log.1,Làm chắc một kỹ năng lõi qua các biến thể liên tiếp của cùng một dạng. Nhận diện dạng bài và nhớ lại công thức nền.
PL-VAN-VOC-L1-003,Tốc độ · Từ vựng & nghĩa của từ · Cấp 1,Văn,,Từ vựng & nghĩa của từ,1,1,Tốc độ,8,6,70%,85%,44,PL-VAN-VOC-L1-002,2,4,2,v.lit.2 | v.voc.2 | v.p1.3 | v.p1.5 | v.p2.2 | v.p2.4 | v.lit.1 | v.lit.3,Rút ngắn thời gian trên mỗi câu mà vẫn giữ được độ chính xác. Nhận diện dạng bài và nhớ lại công thức nền.
PL-VAN-VOC-L1-004,Chính xác · Từ vựng & nghĩa của từ · Cấp 1,Văn,,Từ vựng & nghĩa của từ,1,1,Chính xác,8,9,70%,85%,44,PL-VAN-VOC-L1-003,2,4,2,v.p1.2 | v.p1.3 | v.gra.2 | v.gra.3 | v.rhe.2 | v.lit.1 | v.p2.5 | v.gra.1,Loại bỏ lỗi ẩu và các bẫy quen thuộc trong chuyên đề. Nhận diện dạng bài và nhớ lại công thức nền.
PL-VAN-VOC-L1-005,Tổng hợp · Từ vựng & nghĩa của từ · Cấp 1,Văn,,Từ vựng & nghĩa của từ,1,1,Tổng hợp,8,8,70%,85%,46,PL-VAN-VOC-L1-004,2,4,2,v.p2.2 | v.p2.4 | v.lit.1 | v.lit.3 | v.lit.4 | v.log.1 | v.lit.2 | v.log.2,Trộn nhiều dạng trong cùng chuyên đề để rèn phản xạ nhận diện. Nhận diện dạng bài và nhớ lại công thức nền.
PL-VAN-VOC-L1-006,Ôn lại · Từ vựng & nghĩa của từ · Cấp 1,Văn,,Từ vựng & nghĩa của từ,1,1,Ôn lại,8,9,70%,85%,36,PL-VAN-VOC-L1-005,2,4,2,v.gra.3 | v.rhe.2 | v.log.1 | v.p1.4 | v.p2.3 | v.p2.5 | v.voc.3 | v.p1.2,Quay lại các câu từng sai để kiến thức không phai theo thời gian. Nhận diện dạng bài và nhớ lại công thức nền.
PL-VAN-VOC-L1-007,Khởi động · Từ vựng & nghĩa của từ · Cấp 1,Văn,,Từ vựng & nghĩa của từ,1,1,Khởi động,8,10,70%,85%,28,PL-VAN-VOC-L1-006,2,4,2,v.lit.4 | v.log.1 | v.p2.5 | v.log.2 | v.lit.1 | v.voc.1 | v.lit.2 | v.voc.2,Nhắc lại công thức và nhận diện dạng bài trước khi vào phần nặng. Nhận diện dạng bài và nhớ lại công thức nền.
PL-VAN-VOC-L1-008,Rèn kỹ năng · Từ vựng & nghĩa của từ · Cấp 1,Văn,,Từ vựng & nghĩa của từ,1,1,Rèn kỹ năng,8,8,70%,85%,40,PL-VAN-VOC-L1-007,2,4,2,v.p2.3 | v.p2.5 | v.p1.1 | v.p2.1 | v.gra.1 | v.rhe.1 | v.gra.2 | v.gra.3,Làm chắc một kỹ năng lõi qua các biến thể liên tiếp của cùng một dạng. Nhận diện dạng bài và nhớ lại công thức nền.
PL-VAN-VOC-L1-009,Tốc độ · Từ vựng & nghĩa của từ · Cấp 1,Văn,,Từ vựng & nghĩa của từ,1,1,Tốc độ,8,6,70%,85%,44,PL-VAN-VOC-L1-008,2,4,2,v.lit.1 | v.voc.1 | v.lit.2 | v.voc.2 | v.voc.3 | v.p1.2 | v.rhe.2 | v.lit.3,Rút ngắn thời gian trên mỗi câu mà vẫn giữ được độ chính xác. Nhận diện dạng bài và nhớ lại công thức nền.
PL-VAN-VOC-L1-010,Chính xác · Từ vựng & nghĩa của từ · Cấp 1,Văn,,Từ vựng & nghĩa của từ,1,1,Chính xác,8,9,70%,85%,44,PL-VAN-VOC-L1-009,2,4,2,v.p2.1 | v.gra.1 | v.p1.3 | v.p1.5 | v.p2.2 | v.p2.4 | v.p2.5 | v.rhe.1,Loại bỏ lỗi ẩu và các bẫy quen thuộc trong chuyên đề. Nhận diện dạng bài và nhớ lại công thức nền.
PL-VAN-VOC-L1-011,Tổng hợp · Từ vựng & nghĩa của từ · Cấp 1,Văn,,Từ vựng & nghĩa của từ,1,1,Tổng hợp,8,8,70%,85%,46,PL-VAN-VOC-L1-010,2,4,2,v.lit.2 | v.voc.2 | v.p2.4 | v.gra.2 | v.gra.3 | v.rhe.2 | v.log.2 | v.lit.1,Trộn nhiều dạng trong cùng chuyên đề để rèn phản xạ nhận diện. Nhận diện dạng bài và nhớ lại công thức nền.
PL-VAN-VOC-L1-012,Thử thách · Từ vựng & nghĩa của từ · Cấp 1,Văn,,Từ vựng & nghĩa của từ,1,1,Thử thách,8,8,70%,85%,56,PL-VAN-VOC-L1-011,2,4,2,v.p1.3 | v.p1.5 | v.p1.4 | v.p2.1 | v.p2.3 | v.p2.5 | v.voc.2 | v.voc.3,Đẩy lên mức khó hơn cấp hiện tại để chuẩn bị lên cấp. Nhận diện dạng bài và nhớ lại công thức nền.
PL-VAN-VOC-L1-013,Vượt ải · Từ vựng & nghĩa của từ · Cấp 1,Văn,,Từ vựng & nghĩa của từ,1,1,Vượt ải,8,8,70%,90%,72,PL-VAN-VOC-L1-012,2,4,2,v.p2.4 | v.gra.2 | v.p2.5 | v.gra.1 | v.rhe.1 | v.lit.2 | v.voc.3 | v.p1.2,Bài kiểm tra chốt cấp độ của tuyến chuyên đề. Nhận diện dạng bài và nhớ lại công thức nền.
PL-VAN-VOC-L2-001,Khởi động · Từ vựng & nghĩa của từ · Cấp 2,Văn,,Từ vựng & nghĩa của từ,1,2,Khởi động,10,15,70%,85%,42,PL-VAN-VOC-L1-013,3,5,2,v.lit.1 | v.voc.1 | v.p1.1 | v.rhe.1 | v.lit.2 | v.voc.2 | v.voc.3 | v.p1.2 | v.p2.2 | v.p2.4,Nhắc lại công thức và nhận diện dạng bài trước khi vào phần nặng. Làm đúng dạng chuẩn mà không cần nhìn gợi ý.
PL-VAN-VOC-L2-002,Rèn kỹ năng · Từ vựng & nghĩa của từ · Cấp 2,Văn,,Từ vựng & nghĩa của từ,1,2,Rèn kỹ năng,10,12,70%,85%,60,PL-VAN-VOC-L2-001,3,5,2,v.p2.1 | v.gra.1 | v.rhe.1 | v.p1.2 | v.p1.3 | v.p1.5 | v.p2.2 | v.p2.4 | v.log.1 | v.voc.1,Làm chắc một kỹ năng lõi qua các biến thể liên tiếp của cùng một dạng. Làm đúng dạng chuẩn mà không cần nhìn gợi ý.
PL-VAN-VOC-L2-003,Tốc độ · Từ vựng & nghĩa của từ · Cấp 2,Văn,,Từ vựng & nghĩa của từ,1,2,Tốc độ,10,9,70%,85%,66,PL-VAN-VOC-L2-002,3,5,2,v.lit.2 | v.voc.2 | v.voc.3 | v.p1.5 | v.p2.2 | v.p2.4 | v.gra.2 | v.gra.3 | v.lit.4 | v.log.1,Rút ngắn thời gian trên mỗi câu mà vẫn giữ được độ chính xác. Làm đúng dạng chuẩn mà không cần nhìn gợi ý.
PL-VAN-VOC-L2-004,Chính xác · Từ vựng & nghĩa của từ · Cấp 2,Văn,,Từ vựng & nghĩa của từ,1,2,Chính xác,10,13,70%,85%,66,PL-VAN-VOC-L2-003,3,5,2,v.p1.2 | v.p1.3 | v.p1.5 | v.gra.3 | v.rhe.2 | v.lit.1 | v.lit.3 | v.lit.4 | v.rhe.1 | v.lit.2,Loại bỏ lỗi ẩu và các bẫy quen thuộc trong chuyên đề. Làm đúng dạng chuẩn mà không cần nhìn gợi ý.
PL-VAN-VOC-L2-005,Tổng hợp · Từ vựng & nghĩa của từ · Cấp 2,Văn,,Từ vựng & nghĩa của từ,1,2,Tổng hợp,10,12,70%,85%,69,PL-VAN-VOC-L2-004,3,5,2,v.p2.2 | v.p2.4 | v.gra.2 | v.lit.3 | v.lit.4 | v.log.1 | v.p1.4 | v.p2.3 | v.voc.2 | v.voc.3,Trộn nhiều dạng trong cùng chuyên đề để rèn phản xạ nhận diện. Làm đúng dạng chuẩn mà không cần nhìn gợi ý.
PL-VAN-VOC-L2-006,Ôn lại · Từ vựng & nghĩa của từ · Cấp 2,Văn,,Từ vựng & nghĩa của từ,1,2,Ôn lại,10,13,70%,85%,54,PL-VAN-VOC-L2-005,3,5,2,v.gra.3 | v.rhe.2 | v.lit.3 | v.p1.4 | v.p2.3 | v.p2.5 | v.log.2 | v.voc.1 | v.p1.3 | v.p1.5,Quay lại các câu từng sai để kiến thức không phai theo thời gian. Làm đúng dạng chuẩn mà không cần nhìn gợi ý.
PL-VAN-VOC-L2-007,Khởi động · Từ vựng & nghĩa của từ · Cấp 2,Văn,,Từ vựng & nghĩa của từ,1,2,Khởi động,10,15,70%,85%,42,PL-VAN-VOC-L2-006,3,5,2,v.lit.4 | v.log.1 | v.p1.4 | v.log.2 | v.lit.1 | v.voc.1 | v.p1.1 | v.p2.1 | v.p1.3 | v.p1.5,Nhắc lại công thức và nhận diện dạng bài trước khi vào phần nặng. Làm đúng dạng chuẩn mà không cần nhìn gợi ý.
PL-VAN-VOC-L2-008,Rèn kỹ năng · Từ vựng & nghĩa của từ · Cấp 2,Văn,,Từ vựng & nghĩa của từ,1,2,Rèn kỹ năng,10,12,70%,85%,60,PL-VAN-VOC-L2-007,3,5,2,v.p2.3 | v.p2.5 | v.log.2 | v.p2.1 | v.gra.1 | v.rhe.1 | v.lit.2 | v.voc.2 | v.lit.3 | v.lit.4,Làm chắc một kỹ năng lõi qua các biến thể liên tiếp của cùng một dạng. Làm đúng dạng chuẩn mà không cần nhìn gợi ý.
PL-VAN-VOC-L2-009,Tốc độ · Từ vựng & nghĩa của từ · Cấp 2,Văn,,Từ vựng & nghĩa của từ,1,2,Tốc độ,10,9,70%,85%,66,PL-VAN-VOC-L2-008,3,5,2,v.lit.1 | v.voc.1 | v.p1.1 | v.voc.3 | v.p1.2 | v.p1.3 | v.p1.5 | v.p2.2 | v.p1.4 | v.p2.3,Rút ngắn thời gian trên mỗi câu mà vẫn giữ được độ chính xác. Làm đúng dạng chuẩn mà không cần nhìn gợi ý.
PL-VAN-VOC-L2-010,Chính xác · Từ vựng & nghĩa của từ · Cấp 2,Văn,,Từ vựng & nghĩa của từ,1,2,Chính xác,10,13,70%,85%,66,PL-VAN-VOC-L2-009,3,5,2,v.p2.1 | v.gra.1 | v.rhe.1 | v.p2.2 | v.p2.4 | v.gra.2 | v.gra.3 | v.rhe.2 | v.lit.1 | v.voc.2,Loại bỏ lỗi ẩu và các bẫy quen thuộc trong chuyên đề. Làm đúng dạng chuẩn mà không cần nhìn gợi ý.
PL-VAN-VOC-L2-011,Tổng hợp · Từ vựng & nghĩa của từ · Cấp 2,Văn,,Từ vựng & nghĩa của từ,1,2,Tổng hợp,10,12,70%,85%,69,PL-VAN-VOC-L2-010,3,5,2,v.lit.2 | v.voc.2 | v.voc.3 | v.gra.3 | v.rhe.2 | v.lit.1 | v.lit.3 | v.lit.4 | v.p1.5 | v.p2.2,Trộn nhiều dạng trong cùng chuyên đề để rèn phản xạ nhận diện. Làm đúng dạng chuẩn mà không cần nhìn gợi ý.
PL-VAN-VOC-L2-012,Ôn lại · Từ vựng & nghĩa của từ · Cấp 2,Văn,,Từ vựng & nghĩa của từ,1,2,Ôn lại,10,13,70%,85%,54,PL-VAN-VOC-L2-011,3,5,2,v.p1.2 | v.p1.3 | v.p1.5 | v.lit.3 | v.lit.4 | v.log.1 | v.p1.4 | v.p2.3 | v.gra.3 | v.rhe.2,Quay lại các câu từng sai để kiến thức không phai theo thời gian. Làm đúng dạng chuẩn mà không cần nhìn gợi ý.
PL-VAN-VOC-L2-013,Khởi động · Từ vựng & nghĩa của từ · Cấp 2,Văn,,Từ vựng & nghĩa của từ,1,2,Khởi động,10,15,70%,85%,42,PL-VAN-VOC-L2-012,3,5,2,v.p2.2 | v.p2.4 | v.gra.2 | v.p1.4 | v.p2.3 | v.p2.5 | v.log.2 | v.lit.1 | v.p1.2 | v.p1.3,Nhắc lại công thức và nhận diện dạng bài trước khi vào phần nặng. Làm đúng dạng chuẩn mà không cần nhìn gợi ý.
PL-VAN-VOC-L2-014,Rèn kỹ năng · Từ vựng & nghĩa của từ · Cấp 2,Văn,,Từ vựng & nghĩa của từ,1,2,Rèn kỹ năng,10,12,70%,85%,60,PL-VAN-VOC-L2-013,3,5,2,v.gra.3 | v.rhe.2 | v.lit.3 | v.log.2 | v.voc.1 | v.p1.1 | v.p2.1 | v.gra.1 | v.p2.3 | v.p2.5,Làm chắc một kỹ năng lõi qua các biến thể liên tiếp của cùng một dạng. Làm đúng dạng chuẩn mà không cần nhìn gợi ý.
PL-VAN-VOC-L2-015,Tốc độ · Từ vựng & nghĩa của từ · Cấp 2,Văn,,Từ vựng & nghĩa của từ,1,2,Tốc độ,10,9,70%,85%,66,PL-VAN-VOC-L2-014,3,5,2,v.lit.4 | v.log.1 | v.p1.4 | v.p1.1 | v.p2.1 | v.gra.1 | v.rhe.1 | v.lit.2 | v.p2.5 | v.log.2,Rút ngắn thời gian trên mỗi câu mà vẫn giữ được độ chính xác. Làm đúng dạng chuẩn mà không cần nhìn gợi ý.
PL-VAN-VOC-L2-016,Thử thách · Từ vựng & nghĩa của từ · Cấp 2,Văn,,Từ vựng & nghĩa của từ,1,2,Thử thách,10,12,70%,85%,84,PL-VAN-VOC-L2-015,3,5,2,v.p2.3 | v.p2.5 | v.log.2 | v.p2.2 | v.p2.4 | v.gra.2 | v.gra.3 | v.rhe.2 | v.voc.2 | v.voc.3,Đẩy lên mức khó hơn cấp hiện tại để chuẩn bị lên cấp. Làm đúng dạng chuẩn mà không cần nhìn gợi ý.
PL-VAN-VOC-L2-017,Vượt ải · Từ vựng & nghĩa của từ · Cấp 2,Văn,,Từ vựng & nghĩa của từ,1,2,Vượt ải,10,11,70%,90%,108,PL-VAN-VOC-L2-016,3,5,2,v.voc.1 | v.p1.1 | v.p2.1 | v.gra.3 | v.rhe.2 | v.lit.3 | v.lit.4 | v.log.1 | v.voc.2 | v.voc.3,Bài kiểm tra chốt cấp độ của tuyến chuyên đề. Làm đúng dạng chuẩn mà không cần nhìn gợi ý.
PL-VAN-VOC-L3-001,Khởi động · Từ vựng & nghĩa của từ · Cấp 3,Văn,,Từ vựng & nghĩa của từ,2,3,Khởi động,12,19,70%,85%,63,PL-VAN-VOC-L2-017,3,6,3,v.lit.1 | v.voc.1 | v.p1.1 | v.rhe.1 | v.lit.2 | v.voc.2 | v.voc.3 | v.p1.2 | v.p1.3 | v.gra.3 | v.rhe.2 | v.lit.3,Nhắc lại công thức và nhận diện dạng bài trước khi vào phần nặng. Ghép nhiều bước và tránh các bẫy quen thuộc.
PL-VAN-VOC-L3-002,Rèn kỹ năng · Từ vựng & nghĩa của từ · Cấp 3,Văn,,Từ vựng & nghĩa của từ,2,3,Rèn kỹ năng,12,15,70%,85%,90,PL-VAN-VOC-L3-001,3,6,3,v.gra.1 | v.rhe.1 | v.lit.2 | v.p2.2 | v.p2.4 | v.gra.2 | v.gra.3 | v.rhe.2 | v.lit.3 | v.p1.3 | v.p1.5 | v.lit.4,Làm chắc một kỹ năng lõi qua các biến thể liên tiếp của cùng một dạng. Ghép nhiều bước và tránh các bẫy quen thuộc.
PL-VAN-VOC-L3-003,Tốc độ · Từ vựng & nghĩa của từ · Cấp 3,Văn,,Từ vựng & nghĩa của từ,2,3,Tốc độ,12,11,70%,85%,99,PL-VAN-VOC-L3-002,3,6,3,v.lit.2 | v.voc.2 | v.voc.3 | v.p2.2 | v.p2.4 | v.gra.2 | v.gra.3 | v.rhe.2 | v.lit.1 | v.p2.3 | v.p2.5 | v.gra.1,Rút ngắn thời gian trên mỗi câu mà vẫn giữ được độ chính xác. Ghép nhiều bước và tránh các bẫy quen thuộc.
PL-VAN-VOC-L3-004,Chính xác · Từ vựng & nghĩa của từ · Cấp 3,Văn,,Từ vựng & nghĩa của từ,2,3,Chính xác,12,17,70%,85%,99,PL-VAN-VOC-L3-003,3,6,3,v.p1.3 | v.p1.5 | v.p2.2 | v.p1.1 | v.p1.4 | v.p2.1 | v.p2.3 | v.p2.5 | v.gra.1 | v.lit.2 | v.lit.1 | v.log.2,Loại bỏ lỗi ẩu và các bẫy quen thuộc trong chuyên đề. Ghép nhiều bước và tránh các bẫy quen thuộc.
PL-VAN-VOC-L3-005,Tổng hợp · Từ vựng & nghĩa của từ · Cấp 3,Văn,,Từ vựng & nghĩa của từ,2,3,Tổng hợp,12,15,70%,85%,103,PL-VAN-VOC-L3-004,3,6,3,v.p2.4 | v.gra.2 | v.gra.3 | v.p2.3 | v.p2.5 | v.gra.1 | v.rhe.1 | v.lit.2 | v.log.2 | v.voc.2 | v.voc.3 | v.p1.2,Trộn nhiều dạng trong cùng chuyên đề để rèn phản xạ nhận diện. Ghép nhiều bước và tránh các bẫy quen thuộc.
PL-VAN-VOC-L3-006,Ôn lại · Từ vựng & nghĩa của từ · Cấp 3,Văn,,Từ vựng & nghĩa của từ,2,3,Ôn lại,12,17,70%,85%,81,PL-VAN-VOC-L3-005,3,6,3,v.rhe.2 | v.lit.1 | v.lit.3 | v.gra.1 | v.rhe.1 | v.lit.2 | v.log.2 | v.voc.2 | v.voc.3 | v.p1.3 | v.p1.5 | v.p2.2,Quay lại các câu từng sai để kiến thức không phai theo thời gian. Ghép nhiều bước và tránh các bẫy quen thuộc.
PL-VAN-VOC-L3-007,Khởi động · Từ vựng & nghĩa của từ · Cấp 3,Văn,,Từ vựng & nghĩa của từ,2,3,Khởi động,12,19,70%,85%,63,PL-VAN-VOC-L3-006,3,6,3,v.lit.4 | v.log.1 | v.p1.4 | v.log.2 | v.voc.1 | v.p1.1 | v.p2.1 | v.gra.1 | v.rhe.1 | v.gra.2 | v.gra.3 | v.rhe.2,Nhắc lại công thức và nhận diện dạng bài trước khi vào phần nặng. Ghép nhiều bước và tránh các bẫy quen thuộc.
PL-VAN-VOC-L3-008,Rèn kỹ năng · Từ vựng & nghĩa của từ · Cấp 3,Văn,,Từ vựng & nghĩa của từ,2,3,Rèn kỹ năng,12,15,70%,85%,90,PL-VAN-VOC-L3-007,3,6,3,v.p2.3 | v.p2.5 | v.log.2 | v.p1.2 | v.p1.3 | v.p1.5 | v.p2.2 | v.p2.4 | v.gra.2 | v.p2.1 | v.gra.1 | v.rhe.1,Làm chắc một kỹ năng lõi qua các biến thể liên tiếp của cùng một dạng. Ghép nhiều bước và tránh các bẫy quen thuộc.
PL-VAN-VOC-L3-009,Tốc độ · Từ vựng & nghĩa của từ · Cấp 3,Văn,,Từ vựng & nghĩa của từ,2,3,Tốc độ,12,11,70%,85%,99,PL-VAN-VOC-L3-008,3,6,3,v.lit.1 | v.voc.1 | v.p1.1 | v.voc.3 | v.p1.2 | v.p1.3 | v.p1.5 | v.p2.2 | v.p2.4 | v.lit.2 | v.log.2 | v.voc.2,Rút ngắn thời gian trên mỗi câu mà vẫn giữ được độ chính xác. Ghép nhiều bước và tránh các bẫy quen thuộc.
PL-VAN-VOC-L3-010,Chính xác · Từ vựng & nghĩa của từ · Cấp 3,Văn,,Từ vựng & nghĩa của từ,2,3,Chính xác,12,17,70%,85%,99,PL-VAN-VOC-L3-009,3,6,3,v.gra.1 | v.rhe.1 | v.lit.2 | v.gra.3 | v.rhe.2 | v.lit.3 | v.lit.4 | v.log.1 | v.voc.1 | v.p2.3 | v.p2.5 | v.log.2,Loại bỏ lỗi ẩu và các bẫy quen thuộc trong chuyên đề. Ghép nhiều bước và tránh các bẫy quen thuộc.
PL-VAN-VOC-L3-011,Tổng hợp · Từ vựng & nghĩa của từ · Cấp 3,Văn,,Từ vựng & nghĩa của từ,2,3,Tổng hợp,12,15,70%,85%,103,PL-VAN-VOC-L3-010,3,6,3,v.voc.2 | v.voc.3 | v.p1.2 | v.p1.1 | v.p1.4 | v.p2.1 | v.p2.3 | v.p2.5 | v.gra.1 | v.p2.4 | v.gra.2 | v.gra.3,Trộn nhiều dạng trong cùng chuyên đề để rèn phản xạ nhận diện. Ghép nhiều bước và tránh các bẫy quen thuộc.
PL-VAN-VOC-L3-012,Ôn lại · Từ vựng & nghĩa của từ · Cấp 3,Văn,,Từ vựng & nghĩa của từ,2,3,Ôn lại,12,17,70%,85%,81,PL-VAN-VOC-L3-011,3,6,3,v.p1.3 | v.p1.5 | v.p2.2 | v.p2.3 | v.p2.5 | v.gra.1 | v.rhe.1 | v.lit.2 | v.log.2 | v.rhe.2 | v.lit.3 | v.lit.4,Quay lại các câu từng sai để kiến thức không phai theo thời gian. Ghép nhiều bước và tránh các bẫy quen thuộc.
PL-VAN-VOC-L3-013,Khởi động · Từ vựng & nghĩa của từ · Cấp 3,Văn,,Từ vựng & nghĩa của từ,2,3,Khởi động,12,19,70%,85%,63,PL-VAN-VOC-L3-012,3,6,3,v.p2.2 | v.p2.4 | v.gra.2 | v.p1.4 | v.p2.3 | v.p2.5 | v.log.2 | v.voc.1 | v.p1.1 | v.p2.1 | v.gra.1 | v.rhe.1,Nhắc lại công thức và nhận diện dạng bài trước khi vào phần nặng. Ghép nhiều bước và tránh các bẫy quen thuộc.
PL-VAN-VOC-L3-014,Rèn kỹ năng · Từ vựng & nghĩa của từ · Cấp 3,Văn,,Từ vựng & nghĩa của từ,2,3,Rèn kỹ năng,12,15,70%,85%,90,PL-VAN-VOC-L3-013,3,6,3,v.rhe.2 | v.lit.1 | v.lit.3 | v.log.2 | v.voc.2 | v.voc.3 | v.p1.2 | v.p1.3 | v.p1.5 | v.rhe.1 | v.lit.2 | v.p1.4,Làm chắc một kỹ năng lõi qua các biến thể liên tiếp của cùng một dạng. Ghép nhiều bước và tránh các bẫy quen thuộc.
PL-VAN-VOC-L3-015,Tốc độ · Từ vựng & nghĩa của từ · Cấp 3,Văn,,Từ vựng & nghĩa của từ,2,3,Tốc độ,12,11,70%,85%,99,PL-VAN-VOC-L3-014,3,6,3,v.lit.4 | v.log.1 | v.p1.4 | v.p2.1 | v.gra.1 | v.rhe.1 | v.lit.2 | v.voc.2 | v.voc.3 | v.p1.3 | v.p1.5 | v.p2.2,Rút ngắn thời gian trên mỗi câu mà vẫn giữ được độ chính xác. Ghép nhiều bước và tránh các bẫy quen thuộc.
PL-VAN-VOC-L3-016,Chính xác · Từ vựng & nghĩa của từ · Cấp 3,Văn,,Từ vựng & nghĩa của từ,2,3,Chính xác,12,17,70%,85%,99,PL-VAN-VOC-L3-015,3,6,3,v.p2.3 | v.p2.5 | v.log.2 | v.p2.2 | v.p2.4 | v.gra.2 | v.gra.3 | v.rhe.2 | v.lit.3 | v.p1.3 | v.p1.5 | v.lit.4,Loại bỏ lỗi ẩu và các bẫy quen thuộc trong chuyên đề. Ghép nhiều bước và tránh các bẫy quen thuộc.
PL-VAN-VOC-L3-017,Tổng hợp · Từ vựng & nghĩa của từ · Cấp 3,Văn,,Từ vựng & nghĩa của từ,2,3,Tổng hợp,12,15,70%,85%,103,PL-VAN-VOC-L3-016,3,6,3,v.voc.1 | v.p1.1 | v.p2.1 | v.gra.3 | v.rhe.2 | v.lit.3 | v.lit.4 | v.log.1 | v.p1.4 | v.p1.5 | v.p2.2 | v.p2.4,Trộn nhiều dạng trong cùng chuyên đề để rèn phản xạ nhận diện. Ghép nhiều bước và tránh các bẫy quen thuộc.
PL-VAN-VOC-L3-018,Thử thách · Từ vựng & nghĩa của từ · Cấp 3,Văn,,Từ vựng & nghĩa của từ,2,3,Thử thách,12,15,70%,85%,126,PL-VAN-VOC-L3-017,3,6,3,v.p1.3 | v.p1.5 | v.p2.2 | v.lit.3 | v.lit.4 | v.log.1 | v.voc.1 | v.p1.1 | v.p2.1 | v.rhe.2 | v.gra.1 | v.rhe.1,Đẩy lên mức khó hơn cấp hiện tại để chuẩn bị lên cấp. Ghép nhiều bước và tránh các bẫy quen thuộc.
PL-VAN-VOC-L3-019,Vượt ải · Từ vựng & nghĩa của từ · Cấp 3,Văn,,Từ vựng & nghĩa của từ,2,3,Vượt ải,12,14,70%,90%,162,PL-VAN-VOC-L3-018,3,6,3,v.p2.4 | v.gra.2 | v.gra.3 | v.voc.1 | v.p1.1 | v.p2.1 | v.gra.1 | v.rhe.1 | v.lit.2 | v.log.1 | v.lit.1 | v.p1.4,Bài kiểm tra chốt cấp độ của tuyến chuyên đề. Ghép nhiều bước và tránh các bẫy quen thuộc.
PL-VAN-VOC-L4-001,Khởi động · Từ vựng & nghĩa của từ · Cấp 4,Văn,,Từ vựng & nghĩa của từ,2,4,Khởi động,12,16,70%,85%,84,PL-VAN-VOC-L3-019,3,6,3,v.lit.1 | v.voc.1 | v.p1.1 | v.rhe.1 | v.lit.2 | v.voc.2 | v.voc.3 | v.p1.2 | v.p1.3 | v.gra.3 | v.rhe.2 | v.lit.3,Nhắc lại công thức và nhận diện dạng bài trước khi vào phần nặng. Giữ độ chính xác khi thời gian bắt đầu siết lại.
PL-VAN-VOC-L4-002,Rèn kỹ năng · Từ vựng & nghĩa của từ · Cấp 4,Văn,,Từ vựng & nghĩa của từ,2,4,Rèn kỹ năng,12,13,70%,85%,120,PL-VAN-VOC-L4-001,3,6,3,v.gra.1 | v.rhe.1 | v.lit.2 | v.p2.2 | v.p2.4 | v.gra.2 | v.gra.3 | v.rhe.2 | v.lit.3 | v.p1.3 | v.p1.5 | v.lit.4,Làm chắc một kỹ năng lõi qua các biến thể liên tiếp của cùng một dạng. Giữ độ chính xác khi thời gian bắt đầu siết lại.
PL-VAN-VOC-L4-003,Tốc độ · Từ vựng & nghĩa của từ · Cấp 4,Văn,,Từ vựng & nghĩa của từ,2,4,Tốc độ,12,10,70%,85%,132,PL-VAN-VOC-L4-002,3,6,3,v.lit.2 | v.voc.2 | v.voc.3 | v.p2.2 | v.p2.4 | v.gra.2 | v.gra.3 | v.rhe.2 | v.lit.1 | v.p2.3 | v.p2.5 | v.gra.1,Rút ngắn thời gian trên mỗi câu mà vẫn giữ được độ chính xác. Giữ độ chính xác khi thời gian bắt đầu siết lại.
PL-VAN-VOC-L4-004,Chính xác · Từ vựng & nghĩa của từ · Cấp 4,Văn,,Từ vựng & nghĩa của từ,2,4,Chính xác,12,15,70%,85%,132,PL-VAN-VOC-L4-003,3,6,3,v.p1.3 | v.p1.5 | v.p2.2 | v.p1.1 | v.p1.4 | v.p2.1 | v.p2.3 | v.p2.5 | v.gra.1 | v.lit.2 | v.lit.1 | v.log.2,Loại bỏ lỗi ẩu và các bẫy quen thuộc trong chuyên đề. Giữ độ chính xác khi thời gian bắt đầu siết lại.
PL-VAN-VOC-L4-005,Tổng hợp · Từ vựng & nghĩa của từ · Cấp 4,Văn,,Từ vựng & nghĩa của từ,2,4,Tổng hợp,12,13,70%,85%,138,PL-VAN-VOC-L4-004,3,6,3,v.p2.4 | v.gra.2 | v.gra.3 | v.p2.3 | v.p2.5 | v.gra.1 | v.rhe.1 | v.lit.2 | v.log.2 | v.voc.2 | v.voc.3 | v.p1.2,Trộn nhiều dạng trong cùng chuyên đề để rèn phản xạ nhận diện. Giữ độ chính xác khi thời gian bắt đầu siết lại.
PL-VAN-VOC-L4-006,Ôn lại · Từ vựng & nghĩa của từ · Cấp 4,Văn,,Từ vựng & nghĩa của từ,2,4,Ôn lại,12,14,70%,85%,108,PL-VAN-VOC-L4-005,3,6,3,v.rhe.2 | v.lit.1 | v.lit.3 | v.gra.1 | v.rhe.1 | v.lit.2 | v.log.2 | v.voc.2 | v.voc.3 | v.p1.3 | v.p1.5 | v.p2.2,Quay lại các câu từng sai để kiến thức không phai theo thời gian. Giữ độ chính xác khi thời gian bắt đầu siết lại.
PL-VAN-VOC-L4-007,Khởi động · Từ vựng & nghĩa của từ · Cấp 4,Văn,,Từ vựng & nghĩa của từ,2,4,Khởi động,12,16,70%,85%,84,PL-VAN-VOC-L4-006,3,6,3,v.lit.4 | v.log.1 | v.p1.4 | v.log.2 | v.voc.1 | v.p1.1 | v.p2.1 | v.gra.1 | v.rhe.1 | v.gra.2 | v.gra.3 | v.rhe.2,Nhắc lại công thức và nhận diện dạng bài trước khi vào phần nặng. Giữ độ chính xác khi thời gian bắt đầu siết lại.
PL-VAN-VOC-L4-008,Rèn kỹ năng · Từ vựng & nghĩa của từ · Cấp 4,Văn,,Từ vựng & nghĩa của từ,2,4,Rèn kỹ năng,12,13,70%,85%,120,PL-VAN-VOC-L4-007,3,6,3,v.p2.3 | v.p2.5 | v.log.2 | v.p1.2 | v.p1.3 | v.p1.5 | v.p2.2 | v.p2.4 | v.gra.2 | v.p2.1 | v.gra.1 | v.rhe.1,Làm chắc một kỹ năng lõi qua các biến thể liên tiếp của cùng một dạng. Giữ độ chính xác khi thời gian bắt đầu siết lại.
PL-VAN-VOC-L4-009,Tốc độ · Từ vựng & nghĩa của từ · Cấp 4,Văn,,Từ vựng & nghĩa của từ,2,4,Tốc độ,12,10,70%,85%,132,PL-VAN-VOC-L4-008,3,6,3,v.lit.1 | v.voc.1 | v.p1.1 | v.voc.3 | v.p1.2 | v.p1.3 | v.p1.5 | v.p2.2 | v.p2.4 | v.lit.2 | v.log.2 | v.voc.2,Rút ngắn thời gian trên mỗi câu mà vẫn giữ được độ chính xác. Giữ độ chính xác khi thời gian bắt đầu siết lại.
PL-VAN-VOC-L4-010,Chính xác · Từ vựng & nghĩa của từ · Cấp 4,Văn,,Từ vựng & nghĩa của từ,2,4,Chính xác,12,15,70%,85%,132,PL-VAN-VOC-L4-009,3,6,3,v.gra.1 | v.rhe.1 | v.lit.2 | v.gra.3 | v.rhe.2 | v.lit.3 | v.lit.4 | v.log.1 | v.voc.1 | v.p2.3 | v.p2.5 | v.log.2,Loại bỏ lỗi ẩu và các bẫy quen thuộc trong chuyên đề. Giữ độ chính xác khi thời gian bắt đầu siết lại.
PL-VAN-VOC-L4-011,Tổng hợp · Từ vựng & nghĩa của từ · Cấp 4,Văn,,Từ vựng & nghĩa của từ,2,4,Tổng hợp,12,13,70%,85%,138,PL-VAN-VOC-L4-010,3,6,3,v.voc.2 | v.voc.3 | v.p1.2 | v.p1.1 | v.p1.4 | v.p2.1 | v.p2.3 | v.p2.5 | v.gra.1 | v.p2.4 | v.gra.2 | v.gra.3,Trộn nhiều dạng trong cùng chuyên đề để rèn phản xạ nhận diện. Giữ độ chính xác khi thời gian bắt đầu siết lại.
PL-VAN-VOC-L4-012,Ôn lại · Từ vựng & nghĩa của từ · Cấp 4,Văn,,Từ vựng & nghĩa của từ,2,4,Ôn lại,12,14,70%,85%,108,PL-VAN-VOC-L4-011,3,6,3,v.p1.3 | v.p1.5 | v.p2.2 | v.p2.3 | v.p2.5 | v.gra.1 | v.rhe.1 | v.lit.2 | v.log.2 | v.rhe.2 | v.lit.3 | v.lit.4,Quay lại các câu từng sai để kiến thức không phai theo thời gian. Giữ độ chính xác khi thời gian bắt đầu siết lại.
PL-VAN-VOC-L4-013,Khởi động · Từ vựng & nghĩa của từ · Cấp 4,Văn,,Từ vựng & nghĩa của từ,2,4,Khởi động,12,16,70%,85%,84,PL-VAN-VOC-L4-012,3,6,3,v.p2.2 | v.p2.4 | v.gra.2 | v.p1.4 | v.p2.3 | v.p2.5 | v.log.2 | v.voc.1 | v.p1.1 | v.p2.1 | v.gra.1 | v.rhe.1,Nhắc lại công thức và nhận diện dạng bài trước khi vào phần nặng. Giữ độ chính xác khi thời gian bắt đầu siết lại.
PL-VAN-VOC-L4-014,Rèn kỹ năng · Từ vựng & nghĩa của từ · Cấp 4,Văn,,Từ vựng & nghĩa của từ,2,4,Rèn kỹ năng,12,13,70%,85%,120,PL-VAN-VOC-L4-013,3,6,3,v.rhe.2 | v.lit.1 | v.lit.3 | v.log.2 | v.voc.2 | v.voc.3 | v.p1.2 | v.p1.3 | v.p1.5 | v.rhe.1 | v.lit.2 | v.p1.4,Làm chắc một kỹ năng lõi qua các biến thể liên tiếp của cùng một dạng. Giữ độ chính xác khi thời gian bắt đầu siết lại.
PL-VAN-VOC-L4-015,Tốc độ · Từ vựng & nghĩa của từ · Cấp 4,Văn,,Từ vựng & nghĩa của từ,2,4,Tốc độ,12,10,70%,85%,132,PL-VAN-VOC-L4-014,3,6,3,v.lit.4 | v.log.1 | v.p1.4 | v.p2.1 | v.gra.1 | v.rhe.1 | v.lit.2 | v.voc.2 | v.voc.3 | v.p1.3 | v.p1.5 | v.p2.2,Rút ngắn thời gian trên mỗi câu mà vẫn giữ được độ chính xác. Giữ độ chính xác khi thời gian bắt đầu siết lại.
PL-VAN-VOC-L4-016,Chính xác · Từ vựng & nghĩa của từ · Cấp 4,Văn,,Từ vựng & nghĩa của từ,2,4,Chính xác,12,15,70%,85%,132,PL-VAN-VOC-L4-015,3,6,3,v.p2.3 | v.p2.5 | v.log.2 | v.p2.2 | v.p2.4 | v.gra.2 | v.gra.3 | v.rhe.2 | v.lit.3 | v.p1.3 | v.p1.5 | v.lit.4,Loại bỏ lỗi ẩu và các bẫy quen thuộc trong chuyên đề. Giữ độ chính xác khi thời gian bắt đầu siết lại.
PL-VAN-VOC-L4-017,Tổng hợp · Từ vựng & nghĩa của từ · Cấp 4,Văn,,Từ vựng & nghĩa của từ,2,4,Tổng hợp,12,13,70%,85%,138,PL-VAN-VOC-L4-016,3,6,3,v.voc.1 | v.p1.1 | v.p2.1 | v.gra.3 | v.rhe.2 | v.lit.3 | v.lit.4 | v.log.1 | v.p1.4 | v.p1.5 | v.p2.2 | v.p2.4,Trộn nhiều dạng trong cùng chuyên đề để rèn phản xạ nhận diện. Giữ độ chính xác khi thời gian bắt đầu siết lại.
PL-VAN-VOC-L4-018,Thử thách · Từ vựng & nghĩa của từ · Cấp 4,Văn,,Từ vựng & nghĩa của từ,2,4,Thử thách,12,13,70%,85%,168,PL-VAN-VOC-L4-017,3,6,3,v.p1.3 | v.p1.5 | v.p2.2 | v.lit.3 | v.lit.4 | v.log.1 | v.voc.1 | v.p1.1 | v.p2.1 | v.rhe.2 | v.gra.1 | v.rhe.1,Đẩy lên mức khó hơn cấp hiện tại để chuẩn bị lên cấp. Giữ độ chính xác khi thời gian bắt đầu siết lại.
PL-VAN-VOC-L4-019,Vượt ải · Từ vựng & nghĩa của từ · Cấp 4,Văn,,Từ vựng & nghĩa của từ,2,4,Vượt ải,12,12,70%,90%,216,PL-VAN-VOC-L4-018,3,6,3,v.p2.4 | v.gra.2 | v.gra.3 | v.voc.1 | v.p1.1 | v.p2.1 | v.gra.1 | v.rhe.1 | v.lit.2 | v.log.1 | v.lit.1 | v.p1.4,Bài kiểm tra chốt cấp độ của tuyến chuyên đề. Giữ độ chính xác khi thời gian bắt đầu siết lại.
PL-VAN-VOC-L5-001,Khởi động · Từ vựng & nghĩa của từ · Cấp 5,Văn,,Từ vựng & nghĩa của từ,3,5,Khởi động,14,20,70%,85%,112,PL-VAN-VOC-L4-019,4,7,3,v.voc.1 | v.p1.1 | v.p2.1 | v.gra.1 | v.p1.2 | v.p1.3 | v.p1.5 | v.p2.2 | v.p2.4 | v.gra.2 | v.gra.3 | v.voc.2 | v.voc.3 | v.rhe.2,Nhắc lại công thức và nhận diện dạng bài trước khi vào phần nặng. Xử lý câu phân loại mà không mất nhịp.
PL-VAN-VOC-L5-002,Rèn kỹ năng · Từ vựng & nghĩa của từ · Cấp 5,Văn,,Từ vựng & nghĩa của từ,3,5,Rèn kỹ năng,14,16,70%,85%,160,PL-VAN-VOC-L5-001,4,7,3,v.p1.3 | v.p1.5 | v.p2.2 | v.p2.4 | v.voc.3 | v.p1.2 | v.gra.2 | v.gra.3 | v.rhe.2 | v.lit.3 | v.lit.4 | v.p1.1 | v.p2.1 | v.gra.1,Làm chắc một kỹ năng lõi qua các biến thể liên tiếp của cùng một dạng. Xử lý câu phân loại mà không mất nhịp.
PL-VAN-VOC-L5-003,Tốc độ · Từ vựng & nghĩa của từ · Cấp 5,Văn,,Từ vựng & nghĩa của từ,3,5,Tốc độ,14,12,70%,85%,176,PL-VAN-VOC-L5-002,4,7,3,v.voc.2 | v.voc.3 | v.p1.2 | v.p1.3 | v.log.1 | v.voc.1 | v.p1.1 | v.p1.4 | v.p2.1 | v.p2.3 | v.p2.5 | v.rhe.1 | v.lit.2 | v.lit.1,Rút ngắn thời gian trên mỗi câu mà vẫn giữ được độ chính xác. Xử lý câu phân loại mà không mất nhịp.
PL-VAN-VOC-L5-004,Chính xác · Từ vựng & nghĩa của từ · Cấp 5,Văn,,Từ vựng & nghĩa của từ,3,5,Chính xác,14,19,70%,85%,176,PL-VAN-VOC-L5-003,4,7,3,v.rhe.2 | v.lit.3 | v.lit.4 | v.log.1 | v.gra.2 | v.gra.3 | v.voc.1 | v.p1.1 | v.p2.1 | v.gra.1 | v.rhe.1 | v.p1.4 | v.p2.3 | v.p2.5,Loại bỏ lỗi ẩu và các bẫy quen thuộc trong chuyên đề. Xử lý câu phân loại mà không mất nhịp.
PL-VAN-VOC-L5-005,Tổng hợp · Từ vựng & nghĩa của từ · Cấp 5,Văn,,Từ vựng & nghĩa của từ,3,5,Tổng hợp,14,16,70%,85%,184,PL-VAN-VOC-L5-004,4,7,3,v.log.1 | v.voc.1 | v.p1.1 | v.p1.4 | v.lit.4 | v.p2.1 | v.gra.1 | v.rhe.1 | v.lit.2 | v.lit.1 | v.p2.3 | v.voc.3 | v.p1.2 | v.p1.3,Trộn nhiều dạng trong cùng chuyên đề để rèn phản xạ nhận diện. Xử lý câu phân loại mà không mất nhịp.
PL-VAN-VOC-L5-006,Ôn lại · Từ vựng & nghĩa của từ · Cấp 5,Văn,,Từ vựng & nghĩa của từ,3,5,Ôn lại,14,18,70%,85%,144,PL-VAN-VOC-L5-005,4,7,3,v.p1.4 | v.p2.1 | v.p2.3 | v.p2.5 | v.rhe.1 | v.lit.2 | v.lit.1 | v.log.2 | v.voc.2 | v.voc.3 | v.p1.2 | v.rhe.2 | v.lit.3 | v.lit.4,Quay lại các câu từng sai để kiến thức không phai theo thời gian. Xử lý câu phân loại mà không mất nhịp.
PL-VAN-VOC-L5-007,Khởi động · Từ vựng & nghĩa của từ · Cấp 5,Văn,,Từ vựng & nghĩa của từ,3,5,Khởi động,14,20,70%,85%,112,PL-VAN-VOC-L5-006,4,7,3,v.lit.4 | v.log.1 | v.p1.4 | v.p2.3 | v.voc.2 | v.voc.3 | v.p1.2 | v.p1.3 | v.p1.5 | v.p2.2 | v.p2.4 | v.gra.1 | v.rhe.1 | v.lit.2,Nhắc lại công thức và nhận diện dạng bài trước khi vào phần nặng. Xử lý câu phân loại mà không mất nhịp.
PL-VAN-VOC-L5-008,Rèn kỹ năng · Từ vựng & nghĩa của từ · Cấp 5,Văn,,Từ vựng & nghĩa của từ,3,5,Rèn kỹ năng,14,16,70%,85%,160,PL-VAN-VOC-L5-007,4,7,3,v.lit.2 | v.log.2 | v.lit.1 | v.voc.2 | v.voc.3 | v.p1.2 | v.p1.3 | v.p1.5 | v.p2.2 | v.p2.4 | v.gra.2 | v.rhe.1 | v.p1.4 | v.p2.3,Làm chắc một kỹ năng lõi qua các biến thể liên tiếp của cùng một dạng. Xử lý câu phân loại mà không mất nhịp.
PL-VAN-VOC-L5-009,Tốc độ · Từ vựng & nghĩa của từ · Cấp 5,Văn,,Từ vựng & nghĩa của từ,3,5,Tốc độ,14,12,70%,85%,176,PL-VAN-VOC-L5-008,4,7,3,v.voc.1 | v.p1.1 | v.p2.1 | v.gra.1 | v.p2.4 | v.gra.2 | v.gra.3 | v.rhe.2 | v.lit.3 | v.lit.4 | v.log.1 | v.p2.5 | v.log.2 | v.voc.2,Rút ngắn thời gian trên mỗi câu mà vẫn giữ được độ chính xác. Xử lý câu phân loại mà không mất nhịp.
PL-VAN-VOC-L5-010,Chính xác · Từ vựng & nghĩa của từ · Cấp 5,Văn,,Từ vựng & nghĩa của từ,3,5,Chính xác,14,19,70%,85%,176,PL-VAN-VOC-L5-009,4,7,3,v.p1.3 | v.p1.5 | v.p2.2 | v.p2.4 | v.rhe.2 | v.lit.3 | v.lit.4 | v.log.1 | v.voc.1 | v.p1.1 | v.p2.1 | v.voc.3 | v.p1.2 | v.gra.2,Loại bỏ lỗi ẩu và các bẫy quen thuộc trong chuyên đề. Xử lý câu phân loại mà không mất nhịp.
PL-VAN-VOC-L5-011,Tổng hợp · Từ vựng & nghĩa của từ · Cấp 5,Văn,,Từ vựng & nghĩa của từ,3,5,Tổng hợp,14,16,70%,85%,184,PL-VAN-VOC-L5-010,4,7,3,v.p2.4 | v.gra.2 | v.gra.3 | v.rhe.2 | v.log.1 | v.voc.1 | v.p1.1 | v.p2.1 | v.gra.1 | v.rhe.1 | v.lit.2 | v.p1.5 | v.p2.2 | v.lit.3,Trộn nhiều dạng trong cùng chuyên đề để rèn phản xạ nhận diện. Xử lý câu phân loại mà không mất nhịp.
PL-VAN-VOC-L5-012,Ôn lại · Từ vựng & nghĩa của từ · Cấp 5,Văn,,Từ vựng & nghĩa của từ,3,5,Ôn lại,14,18,70%,85%,144,PL-VAN-VOC-L5-011,4,7,3,v.rhe.2 | v.lit.3 | v.lit.4 | v.log.1 | v.p2.1 | v.gra.1 | v.rhe.1 | v.lit.2 | v.lit.1 | v.p1.4 | v.p2.3 | v.voc.1 | v.p1.1 | v.p2.5,Quay lại các câu từng sai để kiến thức không phai theo thời gian. Xử lý câu phân loại mà không mất nhịp.
PL-VAN-VOC-L5-013,Khởi động · Từ vựng & nghĩa của từ · Cấp 5,Văn,,Từ vựng & nghĩa của từ,3,5,Khởi động,14,20,70%,85%,112,PL-VAN-VOC-L5-012,4,7,3,v.p2.4 | v.gra.2 | v.gra.3 | v.rhe.2 | v.log.2 | v.lit.1 | v.voc.2 | v.voc.3 | v.p1.2 | v.p1.3 | v.p1.5 | v.p2.3 | v.p2.5 | v.p2.2,Nhắc lại công thức và nhận diện dạng bài trước khi vào phần nặng. Xử lý câu phân loại mà không mất nhịp.
PL-VAN-VOC-L5-014,Thử thách · Từ vựng & nghĩa của từ · Cấp 5,Văn,,Từ vựng & nghĩa của từ,3,5,Thử thách,14,16,70%,85%,224,PL-VAN-VOC-L5-013,4,7,3,v.lit.4 | v.log.1 | v.voc.1 | v.p1.1 | v.p2.3 | v.p2.5 | v.log.2 | v.voc.2 | v.voc.3 | v.p1.2 | v.p1.3 | v.gra.2 | v.gra.3 | v.rhe.2,Đẩy lên mức khó hơn cấp hiện tại để chuẩn bị lên cấp. Xử lý câu phân loại mà không mất nhịp.
PL-VAN-VOC-L5-015,Vượt ải · Từ vựng & nghĩa của từ · Cấp 5,Văn,,Từ vựng & nghĩa của từ,3,5,Vượt ải,14,16,70%,90%,288,PL-VAN-VOC-L5-014,4,7,3,v.p1.1 | v.p2.1 | v.gra.1 | v.rhe.1 | v.voc.2 | v.voc.3 | v.p1.2 | v.p1.3 | v.p1.5 | v.p2.2 | v.p2.4 | v.lit.3 | v.lit.4 | v.log.1,Bài kiểm tra chốt cấp độ của tuyến chuyên đề. Xử lý câu phân loại mà không mất nhịp.
PL-VAN-VOC-L6-001,Khởi động · Từ vựng & nghĩa của từ · Cấp 6,Văn,,Từ vựng & nghĩa của từ,3,6,Khởi động,15,19,70%,85%,154,PL-VAN-VOC-L5-015,4,7,4,v.voc.2 | v.voc.3 | v.p1.2 | v.p1.3 | v.p2.5 | v.log.2 | v.p1.5 | v.p2.2 | v.p2.4 | v.gra.2 | v.gra.3 | v.lit.4 | v.log.1 | v.voc.1 | v.p1.1,Nhắc lại công thức và nhận diện dạng bài trước khi vào phần nặng. Tốc độ và độ chính xác của nhóm dẫn đầu phổ điểm.
PL-VAN-VOC-L6-002,Rèn kỹ năng · Từ vựng & nghĩa của từ · Cấp 6,Văn,,Từ vựng & nghĩa của từ,3,6,Rèn kỹ năng,15,15,70%,85%,220,PL-VAN-VOC-L6-001,4,7,4,v.log.2 | v.voc.2 | v.voc.3 | v.p1.2 | v.p2.2 | v.p2.4 | v.gra.2 | v.gra.3 | v.rhe.2 | v.lit.3 | v.lit.4 | v.p1.1 | v.p2.1 | v.gra.1 | v.rhe.1,Làm chắc một kỹ năng lõi qua các biến thể liên tiếp của cùng một dạng. Tốc độ và độ chính xác của nhóm dẫn đầu phổ điểm.
PL-VAN-VOC-L6-003,Tốc độ · Từ vựng & nghĩa của từ · Cấp 6,Văn,,Từ vựng & nghĩa của từ,3,6,Tốc độ,15,11,70%,85%,242,PL-VAN-VOC-L6-002,4,7,4,v.p2.4 | v.gra.2 | v.gra.3 | v.rhe.2 | v.p1.5 | v.p2.2 | v.lit.3 | v.lit.4 | v.log.1 | v.voc.1 | v.p1.1 | v.rhe.1 | v.lit.2 | v.lit.1 | v.p1.4,Rút ngắn thời gian trên mỗi câu mà vẫn giữ được độ chính xác. Tốc độ và độ chính xác của nhóm dẫn đầu phổ điểm.
PL-VAN-VOC-L6-004,Chính xác · Từ vựng & nghĩa của từ · Cấp 6,Văn,,Từ vựng & nghĩa của từ,3,6,Chính xác,15,17,70%,85%,242,PL-VAN-VOC-L6-003,4,7,4,v.p2.2 | v.p2.4 | v.gra.2 | v.gra.3 | v.lit.4 | v.log.1 | v.voc.1 | v.p1.1 | v.p2.1 | v.gra.1 | v.rhe.1 | v.p1.4 | v.p2.3 | v.p2.5 | v.log.2,Loại bỏ lỗi ẩu và các bẫy quen thuộc trong chuyên đề. Tốc độ và độ chính xác của nhóm dẫn đầu phổ điểm.
PL-VAN-VOC-L6-005,Tổng hợp · Từ vựng & nghĩa của từ · Cấp 6,Văn,,Từ vựng & nghĩa của từ,3,6,Tổng hợp,15,15,70%,85%,253,PL-VAN-VOC-L6-004,4,7,4,v.gra.3 | v.rhe.2 | v.lit.3 | v.lit.4 | v.p1.1 | v.p2.1 | v.gra.1 | v.rhe.1 | v.lit.2 | v.lit.1 | v.p1.4 | v.voc.2 | v.voc.3 | v.p1.2 | v.p1.3,Trộn nhiều dạng trong cùng chuyên đề để rèn phản xạ nhận diện. Tốc độ và độ chính xác của nhóm dẫn đầu phổ điểm.
PL-VAN-VOC-L6-006,Ôn lại · Từ vựng & nghĩa của từ · Cấp 6,Văn,,Từ vựng & nghĩa của từ,3,6,Ôn lại,15,17,70%,85%,198,PL-VAN-VOC-L6-005,4,7,4,v.lit.4 | v.log.1 | v.voc.1 | v.p1.1 | v.rhe.1 | v.lit.2 | v.lit.1 | v.p1.4 | v.p2.3 | v.p2.5 | v.log.2 | v.p2.4 | v.gra.2 | v.gra.3 | v.rhe.2,Quay lại các câu từng sai để kiến thức không phai theo thời gian. Tốc độ và độ chính xác của nhóm dẫn đầu phổ điểm.
PL-VAN-VOC-L6-007,Khởi động · Từ vựng & nghĩa của từ · Cấp 6,Văn,,Từ vựng & nghĩa của từ,3,6,Khởi động,15,19,70%,85%,154,PL-VAN-VOC-L6-006,4,7,4,v.p2.5 | v.gra.1 | v.rhe.1 | v.lit.2 | v.p1.4 | v.p2.3 | v.log.2 | v.voc.2 | v.voc.3 | v.p1.2 | v.p1.3 | v.voc.1 | v.p1.1 | v.p2.1 | v.lit.1,Nhắc lại công thức và nhận diện dạng bài trước khi vào phần nặng. Tốc độ và độ chính xác của nhóm dẫn đầu phổ điểm.
PL-VAN-VOC-L6-008,Rèn kỹ năng · Từ vựng & nghĩa của từ · Cấp 6,Văn,,Từ vựng & nghĩa của từ,3,6,Rèn kỹ năng,15,15,70%,85%,220,PL-VAN-VOC-L6-007,4,7,4,v.rhe.1 | v.lit.2 | v.lit.1 | v.p1.4 | v.voc.2 | v.voc.3 | v.p1.2 | v.p1.3 | v.p1.5 | v.p2.2 | v.p2.4 | v.gra.1 | v.p2.3 | v.p2.5 | v.log.2,Làm chắc một kỹ năng lõi qua các biến thể liên tiếp của cùng một dạng. Tốc độ và độ chính xác của nhóm dẫn đầu phổ điểm.
PL-VAN-VOC-L6-009,Tốc độ · Từ vựng & nghĩa của từ · Cấp 6,Văn,,Từ vựng & nghĩa của từ,3,6,Tốc độ,15,11,70%,85%,242,PL-VAN-VOC-L6-008,4,7,4,v.voc.2 | v.voc.3 | v.p1.2 | v.p1.3 | v.p2.4 | v.gra.2 | v.gra.3 | v.rhe.2 | v.lit.3 | v.lit.4 | v.log.1 | v.p2.5 | v.log.2 | v.p1.5 | v.p2.2,Rút ngắn thời gian trên mỗi câu mà vẫn giữ được độ chính xác. Tốc độ và độ chính xác của nhóm dẫn đầu phổ điểm.
PL-VAN-VOC-L6-010,Thử thách · Từ vựng & nghĩa của từ · Cấp 6,Văn,,Từ vựng & nghĩa của từ,3,6,Thử thách,15,15,70%,85%,308,PL-VAN-VOC-L6-009,4,7,4,v.log.2 | v.voc.2 | v.voc.3 | v.p1.2 | v.rhe.2 | v.lit.3 | v.lit.4 | v.log.1 | v.voc.1 | v.p1.1 | v.p2.1 | v.p2.2 | v.p2.4 | v.gra.2 | v.gra.3,Đẩy lên mức khó hơn cấp hiện tại để chuẩn bị lên cấp. Tốc độ và độ chính xác của nhóm dẫn đầu phổ điểm.
PL-VAN-VOC-L6-011,Vượt ải · Từ vựng & nghĩa của từ · Cấp 6,Văn,,Từ vựng & nghĩa của từ,3,6,Vượt ải,15,14,70%,90%,396,PL-VAN-VOC-L6-010,4,7,4,v.p1.2 | v.p1.3 | v.p1.5 | v.p2.2 | v.log.1 | v.voc.1 | v.p1.1 | v.p2.1 | v.gra.1 | v.rhe.1 | v.lit.2 | v.gra.3 | v.rhe.2 | v.lit.3 | v.lit.4,Bài kiểm tra chốt cấp độ của tuyến chuyên đề. Tốc độ và độ chính xác của nhóm dẫn đầu phổ điểm.
PL-VAN-RHE-L1-001,Khởi động · Biện pháp tu từ & phong cách · Cấp 1,Văn,,Biện pháp tu từ & phong cách,1,1,Khởi động,8,10,70%,85%,28,,2,4,2,v.lit.1 | v.rhe.1 | v.voc.1 | v.gra.1 | v.lit.2 | v.rhe.2 | v.p1.5 | v.p2.2,Nhắc lại công thức và nhận diện dạng bài trước khi vào phần nặng. Nhận diện dạng bài và nhớ lại công thức nền.
PL-VAN-RHE-L1-002,Rèn kỹ năng · Biện pháp tu từ & phong cách · Cấp 1,Văn,,Biện pháp tu từ & phong cách,1,1,Rèn kỹ năng,8,8,70%,85%,40,PL-VAN-RHE-L1-001,2,4,2,v.p2.1 | v.voc.1 | v.p1.2 | v.p1.3 | v.p1.5 | v.p2.2 | v.lit.4 | v.log.1,Làm chắc một kỹ năng lõi qua các biến thể liên tiếp của cùng một dạng. Nhận diện dạng bài và nhớ lại công thức nền.
PL-VAN-RHE-L1-003,Tốc độ · Biện pháp tu từ & phong cách · Cấp 1,Văn,,Biện pháp tu từ & phong cách,1,1,Tốc độ,8,6,70%,85%,44,PL-VAN-RHE-L1-002,2,4,2,v.lit.2 | v.rhe.2 | v.p1.5 | v.p2.2 | v.p2.4 | v.voc.2 | v.lit.1 | v.lit.3,Rút ngắn thời gian trên mỗi câu mà vẫn giữ được độ chính xác. Nhận diện dạng bài và nhớ lại công thức nền.
PL-VAN-RHE-L1-004,Chính xác · Biện pháp tu từ & phong cách · Cấp 1,Văn,,Biện pháp tu từ & phong cách,1,1,Chính xác,8,9,70%,85%,44,PL-VAN-RHE-L1-003,2,4,2,v.p1.3 | v.p1.5 | v.voc.3 | v.gra.2 | v.gra.3 | v.lit.1 | v.p2.5 | v.voc.1,Loại bỏ lỗi ẩu và các bẫy quen thuộc trong chuyên đề. Nhận diện dạng bài và nhớ lại công thức nền.
PL-VAN-RHE-L1-005,Tổng hợp · Biện pháp tu từ & phong cách · Cấp 1,Văn,,Biện pháp tu từ & phong cách,1,1,Tổng hợp,8,8,70%,85%,46,PL-VAN-RHE-L1-004,2,4,2,v.p2.4 | v.voc.2 | v.lit.1 | v.lit.3 | v.lit.4 | v.log.1 | v.lit.2 | v.log.2,Trộn nhiều dạng trong cùng chuyên đề để rèn phản xạ nhận diện. Nhận diện dạng bài và nhớ lại công thức nền.
PL-VAN-RHE-L1-006,Ôn lại · Biện pháp tu từ & phong cách · Cấp 1,Văn,,Biện pháp tu từ & phong cách,1,1,Ôn lại,8,9,70%,85%,36,PL-VAN-RHE-L1-005,2,4,2,v.gra.2 | v.gra.3 | v.log.1 | v.p1.4 | v.p2.3 | v.p2.5 | v.p1.2 | v.p1.3,Quay lại các câu từng sai để kiến thức không phai theo thời gian. Nhận diện dạng bài và nhớ lại công thức nền.
PL-VAN-RHE-L1-007,Khởi động · Biện pháp tu từ & phong cách · Cấp 1,Văn,,Biện pháp tu từ & phong cách,1,1,Khởi động,8,10,70%,85%,28,PL-VAN-RHE-L1-006,2,4,2,v.lit.4 | v.log.1 | v.p2.5 | v.log.2 | v.lit.1 | v.rhe.1 | v.lit.2 | v.rhe.2,Nhắc lại công thức và nhận diện dạng bài trước khi vào phần nặng. Nhận diện dạng bài và nhớ lại công thức nền.
PL-VAN-RHE-L1-008,Rèn kỹ năng · Biện pháp tu từ & phong cách · Cấp 1,Văn,,Biện pháp tu từ & phong cách,1,1,Rèn kỹ năng,8,8,70%,85%,40,PL-VAN-RHE-L1-007,2,4,2,v.p2.3 | v.p2.5 | v.p1.1 | v.p2.1 | v.voc.1 | v.gra.1 | v.voc.3 | v.gra.2,Làm chắc một kỹ năng lõi qua các biến thể liên tiếp của cùng một dạng. Nhận diện dạng bài và nhớ lại công thức nền.
PL-VAN-RHE-L1-009,Tốc độ · Biện pháp tu từ & phong cách · Cấp 1,Văn,,Biện pháp tu từ & phong cách,1,1,Tốc độ,8,6,70%,85%,44,PL-VAN-RHE-L1-008,2,4,2,v.lit.1 | v.rhe.1 | v.lit.2 | v.rhe.2 | v.p1.2 | v.p1.3 | v.gra.3 | v.lit.3,Rút ngắn thời gian trên mỗi câu mà vẫn giữ được độ chính xác. Nhận diện dạng bài và nhớ lại công thức nền.
PL-VAN-RHE-L1-010,Thử thách · Biện pháp tu từ & phong cách · Cấp 1,Văn,,Biện pháp tu từ & phong cách,1,1,Thử thách,8,8,70%,85%,56,PL-VAN-RHE-L1-009,2,4,2,v.voc.1 | v.gra.1 | v.voc.3 | v.gra.2 | v.gra.3 | v.lit.3 | v.rhe.1 | v.p1.1,Đẩy lên mức khó hơn cấp hiện tại để chuẩn bị lên cấp. Nhận diện dạng bài và nhớ lại công thức nền.
PL-VAN-RHE-L1-011,Vượt ải · Biện pháp tu từ & phong cách · Cấp 1,Văn,,Biện pháp tu từ & phong cách,1,1,Vượt ải,8,8,70%,90%,72,PL-VAN-RHE-L1-010,2,4,2,v.rhe.2 | v.p1.2 | v.log.1 | v.rhe.1 | v.p1.1 | v.p1.4 | v.lit.2 | v.lit.1,Bài kiểm tra chốt cấp độ của tuyến chuyên đề. Nhận diện dạng bài và nhớ lại công thức nền.
PL-VAN-RHE-L2-001,Khởi động · Biện pháp tu từ & phong cách · Cấp 2,Văn,,Biện pháp tu từ & phong cách,1,2,Khởi động,10,15,70%,85%,42,PL-VAN-RHE-L1-011,3,5,2,v.lit.1 | v.rhe.1 | v.p1.1 | v.gra.1 | v.lit.2 | v.rhe.2 | v.p1.2 | v.p1.3 | v.p2.4 | v.voc.2,Nhắc lại công thức và nhận diện dạng bài trước khi vào phần nặng. Làm đúng dạng chuẩn mà không cần nhìn gợi ý.
PL-VAN-RHE-L2-002,Rèn kỹ năng · Biện pháp tu từ & phong cách · Cấp 2,Văn,,Biện pháp tu từ & phong cách,1,2,Rèn kỹ năng,10,12,70%,85%,60,PL-VAN-RHE-L2-001,3,5,2,v.p2.1 | v.voc.1 | v.gra.1 | v.p1.3 | v.p1.5 | v.p2.2 | v.p2.4 | v.voc.2 | v.log.1 | v.rhe.1,Làm chắc một kỹ năng lõi qua các biến thể liên tiếp của cùng một dạng. Làm đúng dạng chuẩn mà không cần nhìn gợi ý.
PL-VAN-RHE-L2-003,Tốc độ · Biện pháp tu từ & phong cách · Cấp 2,Văn,,Biện pháp tu từ & phong cách,1,2,Tốc độ,10,9,70%,85%,66,PL-VAN-RHE-L2-002,3,5,2,v.lit.2 | v.rhe.2 | v.p1.2 | v.p2.2 | v.p2.4 | v.voc.2 | v.voc.3 | v.gra.2 | v.lit.4 | v.log.1,Rút ngắn thời gian trên mỗi câu mà vẫn giữ được độ chính xác. Làm đúng dạng chuẩn mà không cần nhìn gợi ý.
PL-VAN-RHE-L2-004,Chính xác · Biện pháp tu từ & phong cách · Cấp 2,Văn,,Biện pháp tu từ & phong cách,1,2,Chính xác,10,13,70%,85%,66,PL-VAN-RHE-L2-003,3,5,2,v.p1.3 | v.p1.5 | v.p2.2 | v.gra.2 | v.gra.3 | v.lit.1 | v.lit.3 | v.lit.4 | v.gra.1 | v.lit.2,Loại bỏ lỗi ẩu và các bẫy quen thuộc trong chuyên đề. Làm đúng dạng chuẩn mà không cần nhìn gợi ý.
PL-VAN-RHE-L2-005,Tổng hợp · Biện pháp tu từ & phong cách · Cấp 2,Văn,,Biện pháp tu từ & phong cách,1,2,Tổng hợp,10,12,70%,85%,69,PL-VAN-RHE-L2-004,3,5,2,v.p2.4 | v.voc.2 | v.voc.3 | v.lit.3 | v.lit.4 | v.log.1 | v.p1.4 | v.p2.3 | v.rhe.2 | v.p1.2,Trộn nhiều dạng trong cùng chuyên đề để rèn phản xạ nhận diện. Làm đúng dạng chuẩn mà không cần nhìn gợi ý.
PL-VAN-RHE-L2-006,Ôn lại · Biện pháp tu từ & phong cách · Cấp 2,Văn,,Biện pháp tu từ & phong cách,1,2,Ôn lại,10,13,70%,85%,54,PL-VAN-RHE-L2-005,3,5,2,v.gra.2 | v.gra.3 | v.lit.3 | v.p1.4 | v.p2.3 | v.p2.5 | v.log.2 | v.rhe.1 | v.p1.5 | v.p2.2,Quay lại các câu từng sai để kiến thức không phai theo thời gian. Làm đúng dạng chuẩn mà không cần nhìn gợi ý.
PL-VAN-RHE-L2-007,Khởi động · Biện pháp tu từ & phong cách · Cấp 2,Văn,,Biện pháp tu từ & phong cách,1,2,Khởi động,10,15,70%,85%,42,PL-VAN-RHE-L2-006,3,5,2,v.lit.4 | v.log.1 | v.p1.4 | v.log.2 | v.lit.1 | v.rhe.1 | v.p1.1 | v.p2.1 | v.p1.5 | v.p2.2,Nhắc lại công thức và nhận diện dạng bài trước khi vào phần nặng. Làm đúng dạng chuẩn mà không cần nhìn gợi ý.
PL-VAN-RHE-L2-008,Rèn kỹ năng · Biện pháp tu từ & phong cách · Cấp 2,Văn,,Biện pháp tu từ & phong cách,1,2,Rèn kỹ năng,10,12,70%,85%,60,PL-VAN-RHE-L2-007,3,5,2,v.p2.3 | v.p2.5 | v.log.2 | v.p2.1 | v.voc.1 | v.gra.1 | v.lit.2 | v.rhe.2 | v.lit.3 | v.lit.4,Làm chắc một kỹ năng lõi qua các biến thể liên tiếp của cùng một dạng. Làm đúng dạng chuẩn mà không cần nhìn gợi ý.
PL-VAN-RHE-L2-009,Tốc độ · Biện pháp tu từ & phong cách · Cấp 2,Văn,,Biện pháp tu từ & phong cách,1,2,Tốc độ,10,9,70%,85%,66,PL-VAN-RHE-L2-008,3,5,2,v.lit.1 | v.rhe.1 | v.p1.1 | v.p1.2 | v.p1.3 | v.p1.5 | v.p2.2 | v.p2.4 | v.p1.4 | v.p2.3,Rút ngắn thời gian trên mỗi câu mà vẫn giữ được độ chính xác. Làm đúng dạng chuẩn mà không cần nhìn gợi ý.
PL-VAN-RHE-L2-010,Chính xác · Biện pháp tu từ & phong cách · Cấp 2,Văn,,Biện pháp tu từ & phong cách,1,2,Chính xác,10,13,70%,85%,66,PL-VAN-RHE-L2-009,3,5,2,v.p2.1 | v.voc.1 | v.gra.1 | v.p2.4 | v.voc.2 | v.voc.3 | v.gra.2 | v.gra.3 | v.lit.1 | v.rhe.2,Loại bỏ lỗi ẩu và các bẫy quen thuộc trong chuyên đề. Làm đúng dạng chuẩn mà không cần nhìn gợi ý.
PL-VAN-RHE-L2-011,Tổng hợp · Biện pháp tu từ & phong cách · Cấp 2,Văn,,Biện pháp tu từ & phong cách,1,2,Tổng hợp,10,12,70%,85%,69,PL-VAN-RHE-L2-010,3,5,2,v.lit.2 | v.rhe.2 | v.p1.2 | v.gra.2 | v.gra.3 | v.lit.1 | v.lit.3 | v.lit.4 | v.p2.2 | v.p2.4,Trộn nhiều dạng trong cùng chuyên đề để rèn phản xạ nhận diện. Làm đúng dạng chuẩn mà không cần nhìn gợi ý.
PL-VAN-RHE-L2-012,Ôn lại · Biện pháp tu từ & phong cách · Cấp 2,Văn,,Biện pháp tu từ & phong cách,1,2,Ôn lại,10,13,70%,85%,54,PL-VAN-RHE-L2-011,3,5,2,v.p1.3 | v.p1.5 | v.p2.2 | v.lit.3 | v.lit.4 | v.log.1 | v.p1.4 | v.p2.3 | v.gra.2 | v.gra.3,Quay lại các câu từng sai để kiến thức không phai theo thời gian. Làm đúng dạng chuẩn mà không cần nhìn gợi ý.
PL-VAN-RHE-L2-013,Thử thách · Biện pháp tu từ & phong cách · Cấp 2,Văn,,Biện pháp tu từ & phong cách,1,2,Thử thách,10,12,70%,85%,84,PL-VAN-RHE-L2-012,3,5,2,v.voc.2 | v.voc.3 | v.gra.2 | v.gra.1 | v.lit.2 | v.log.2 | v.lit.1 | v.rhe.2 | v.gra.3 | v.lit.3,Đẩy lên mức khó hơn cấp hiện tại để chuẩn bị lên cấp. Làm đúng dạng chuẩn mà không cần nhìn gợi ý.
PL-VAN-RHE-L2-014,Vượt ải · Biện pháp tu từ & phong cách · Cấp 2,Văn,,Biện pháp tu từ & phong cách,1,2,Vượt ải,10,11,70%,90%,108,PL-VAN-RHE-L2-013,3,5,2,v.gra.3 | v.lit.1 | v.lit.3 | v.log.2 | v.rhe.2 | v.p1.2 | v.p1.3 | v.p1.5 | v.p1.1 | v.p2.1,Bài kiểm tra chốt cấp độ của tuyến chuyên đề. Làm đúng dạng chuẩn mà không cần nhìn gợi ý.
PL-VAN-RHE-L3-001,Khởi động · Biện pháp tu từ & phong cách · Cấp 3,Văn,,Biện pháp tu từ & phong cách,2,3,Khởi động,12,19,70%,85%,63,PL-VAN-RHE-L2-014,3,6,3,v.lit.1 | v.rhe.1 | v.p1.1 | v.gra.1 | v.lit.2 | v.rhe.2 | v.p1.2 | v.p1.3 | v.p1.5 | v.gra.2 | v.gra.3 | v.lit.3,Nhắc lại công thức và nhận diện dạng bài trước khi vào phần nặng. Ghép nhiều bước và tránh các bẫy quen thuộc.
PL-VAN-RHE-L3-002,Rèn kỹ năng · Biện pháp tu từ & phong cách · Cấp 3,Văn,,Biện pháp tu từ & phong cách,2,3,Rèn kỹ năng,12,15,70%,85%,90,PL-VAN-RHE-L3-001,3,6,3,v.voc.1 | v.gra.1 | v.lit.2 | v.p2.4 | v.voc.2 | v.voc.3 | v.gra.2 | v.gra.3 | v.lit.3 | v.p1.5 | v.p2.2 | v.lit.4,Làm chắc một kỹ năng lõi qua các biến thể liên tiếp của cùng một dạng. Ghép nhiều bước và tránh các bẫy quen thuộc.
PL-VAN-RHE-L3-003,Tốc độ · Biện pháp tu từ & phong cách · Cấp 3,Văn,,Biện pháp tu từ & phong cách,2,3,Tốc độ,12,11,70%,85%,99,PL-VAN-RHE-L3-002,3,6,3,v.lit.2 | v.rhe.2 | v.p1.2 | v.p2.4 | v.voc.2 | v.voc.3 | v.gra.2 | v.gra.3 | v.lit.1 | v.p2.3 | v.p2.5 | v.voc.1,Rút ngắn thời gian trên mỗi câu mà vẫn giữ được độ chính xác. Ghép nhiều bước và tránh các bẫy quen thuộc.
PL-VAN-RHE-L3-004,Chính xác · Biện pháp tu từ & phong cách · Cấp 3,Văn,,Biện pháp tu từ & phong cách,2,3,Chính xác,12,17,70%,85%,99,PL-VAN-RHE-L3-003,3,6,3,v.p1.5 | v.p2.2 | v.p2.4 | v.p1.1 | v.p1.4 | v.p2.1 | v.p2.3 | v.p2.5 | v.voc.1 | v.lit.2 | v.lit.1 | v.log.2,Loại bỏ lỗi ẩu và các bẫy quen thuộc trong chuyên đề. Ghép nhiều bước và tránh các bẫy quen thuộc.
PL-VAN-RHE-L3-005,Tổng hợp · Biện pháp tu từ & phong cách · Cấp 3,Văn,,Biện pháp tu từ & phong cách,2,3,Tổng hợp,12,15,70%,85%,103,PL-VAN-RHE-L3-004,3,6,3,v.voc.2 | v.voc.3 | v.gra.2 | v.p2.3 | v.p2.5 | v.voc.1 | v.gra.1 | v.lit.2 | v.log.2 | v.rhe.2 | v.p1.2 | v.p1.3,Trộn nhiều dạng trong cùng chuyên đề để rèn phản xạ nhận diện. Ghép nhiều bước và tránh các bẫy quen thuộc.
PL-VAN-RHE-L3-006,Ôn lại · Biện pháp tu từ & phong cách · Cấp 3,Văn,,Biện pháp tu từ & phong cách,2,3,Ôn lại,12,17,70%,85%,81,PL-VAN-RHE-L3-005,3,6,3,v.gra.3 | v.lit.1 | v.lit.3 | v.voc.1 | v.gra.1 | v.lit.2 | v.log.2 | v.rhe.2 | v.p1.2 | v.p1.5 | v.p2.2 | v.p2.4,Quay lại các câu từng sai để kiến thức không phai theo thời gian. Ghép nhiều bước và tránh các bẫy quen thuộc.
PL-VAN-RHE-L3-007,Khởi động · Biện pháp tu từ & phong cách · Cấp 3,Văn,,Biện pháp tu từ & phong cách,2,3,Khởi động,12,19,70%,85%,63,PL-VAN-RHE-L3-006,3,6,3,v.lit.4 | v.log.1 | v.p1.4 | v.log.2 | v.rhe.1 | v.p1.1 | v.p2.1 | v.voc.1 | v.gra.1 | v.voc.3 | v.gra.2 | v.gra.3,Nhắc lại công thức và nhận diện dạng bài trước khi vào phần nặng. Ghép nhiều bước và tránh các bẫy quen thuộc.
PL-VAN-RHE-L3-008,Rèn kỹ năng · Biện pháp tu từ & phong cách · Cấp 3,Văn,,Biện pháp tu từ & phong cách,2,3,Rèn kỹ năng,12,15,70%,85%,90,PL-VAN-RHE-L3-007,3,6,3,v.p2.3 | v.p2.5 | v.log.2 | v.p1.3 | v.p1.5 | v.p2.2 | v.p2.4 | v.voc.2 | v.voc.3 | v.p2.1 | v.voc.1 | v.gra.1,Làm chắc một kỹ năng lõi qua các biến thể liên tiếp của cùng một dạng. Ghép nhiều bước và tránh các bẫy quen thuộc.
PL-VAN-RHE-L3-009,Tốc độ · Biện pháp tu từ & phong cách · Cấp 3,Văn,,Biện pháp tu từ & phong cách,2,3,Tốc độ,12,11,70%,85%,99,PL-VAN-RHE-L3-008,3,6,3,v.lit.1 | v.rhe.1 | v.p1.1 | v.p1.2 | v.p1.3 | v.p1.5 | v.p2.2 | v.p2.4 | v.voc.2 | v.lit.2 | v.log.2 | v.rhe.2,Rút ngắn thời gian trên mỗi câu mà vẫn giữ được độ chính xác. Ghép nhiều bước và tránh các bẫy quen thuộc.
PL-VAN-RHE-L3-010,Chính xác · Biện pháp tu từ & phong cách · Cấp 3,Văn,,Biện pháp tu từ & phong cách,2,3,Chính xác,12,17,70%,85%,99,PL-VAN-RHE-L3-009,3,6,3,v.voc.1 | v.gra.1 | v.lit.2 | v.gra.2 | v.gra.3 | v.lit.3 | v.lit.4 | v.log.1 | v.rhe.1 | v.p2.3 | v.p2.5 | v.log.2,Loại bỏ lỗi ẩu và các bẫy quen thuộc trong chuyên đề. Ghép nhiều bước và tránh các bẫy quen thuộc.
PL-VAN-RHE-L3-011,Tổng hợp · Biện pháp tu từ & phong cách · Cấp 3,Văn,,Biện pháp tu từ & phong cách,2,3,Tổng hợp,12,15,70%,85%,103,PL-VAN-RHE-L3-010,3,6,3,v.rhe.2 | v.p1.2 | v.p1.3 | v.p1.1 | v.p1.4 | v.p2.1 | v.p2.3 | v.p2.5 | v.voc.1 | v.voc.2 | v.voc.3 | v.gra.2,Trộn nhiều dạng trong cùng chuyên đề để rèn phản xạ nhận diện. Ghép nhiều bước và tránh các bẫy quen thuộc.
PL-VAN-RHE-L3-012,Ôn lại · Biện pháp tu từ & phong cách · Cấp 3,Văn,,Biện pháp tu từ & phong cách,2,3,Ôn lại,12,17,70%,85%,81,PL-VAN-RHE-L3-011,3,6,3,v.p1.5 | v.p2.2 | v.p2.4 | v.p2.3 | v.p2.5 | v.voc.1 | v.gra.1 | v.lit.2 | v.log.2 | v.gra.3 | v.lit.3 | v.lit.4,Quay lại các câu từng sai để kiến thức không phai theo thời gian. Ghép nhiều bước và tránh các bẫy quen thuộc.
PL-VAN-RHE-L3-013,Khởi động · Biện pháp tu từ & phong cách · Cấp 3,Văn,,Biện pháp tu từ & phong cách,2,3,Khởi động,12,19,70%,85%,63,PL-VAN-RHE-L3-012,3,6,3,v.p2.4 | v.voc.2 | v.voc.3 | v.p1.4 | v.p2.3 | v.p2.5 | v.log.2 | v.rhe.1 | v.p1.1 | v.p2.1 | v.voc.1 | v.gra.1,Nhắc lại công thức và nhận diện dạng bài trước khi vào phần nặng. Ghép nhiều bước và tránh các bẫy quen thuộc.
PL-VAN-RHE-L3-014,Rèn kỹ năng · Biện pháp tu từ & phong cách · Cấp 3,Văn,,Biện pháp tu từ & phong cách,2,3,Rèn kỹ năng,12,15,70%,85%,90,PL-VAN-RHE-L3-013,3,6,3,v.gra.3 | v.lit.1 | v.lit.3 | v.log.2 | v.rhe.2 | v.p1.2 | v.p1.3 | v.p1.5 | v.p2.2 | v.gra.1 | v.lit.2 | v.p1.4,Làm chắc một kỹ năng lõi qua các biến thể liên tiếp của cùng một dạng. Ghép nhiều bước và tránh các bẫy quen thuộc.
PL-VAN-RHE-L3-015,Thử thách · Biện pháp tu từ & phong cách · Cấp 3,Văn,,Biện pháp tu từ & phong cách,2,3,Thử thách,12,15,70%,85%,126,PL-VAN-RHE-L3-014,3,6,3,v.p2.5 | v.voc.1 | v.gra.1 | v.log.2 | v.rhe.2 | v.p1.2 | v.p1.3 | v.p1.5 | v.p2.2 | v.p2.3 | v.p2.4 | v.voc.2,Đẩy lên mức khó hơn cấp hiện tại để chuẩn bị lên cấp. Ghép nhiều bước và tránh các bẫy quen thuộc.
PL-VAN-RHE-L3-016,Vượt ải · Biện pháp tu từ & phong cách · Cấp 3,Văn,,Biện pháp tu từ & phong cách,2,3,Vượt ải,12,14,70%,90%,162,PL-VAN-RHE-L3-015,3,6,3,v.lit.2 | v.log.2 | v.lit.1 | v.p1.3 | v.p1.5 | v.p2.2 | v.p2.4 | v.voc.2 | v.voc.3 | v.p1.2 | v.gra.2 | v.gra.3,Bài kiểm tra chốt cấp độ của tuyến chuyên đề. Ghép nhiều bước và tránh các bẫy quen thuộc.
PL-VAN-RHE-L4-001,Khởi động · Biện pháp tu từ & phong cách · Cấp 4,Văn,,Biện pháp tu từ & phong cách,2,4,Khởi động,12,16,70%,85%,84,PL-VAN-RHE-L3-016,3,6,3,v.lit.1 | v.rhe.1 | v.p1.1 | v.gra.1 | v.lit.2 | v.rhe.2 | v.p1.2 | v.p1.3 | v.p1.5 | v.gra.2 | v.gra.3 | v.lit.3,Nhắc lại công thức và nhận diện dạng bài trước khi vào phần nặng. Giữ độ chính xác khi thời gian bắt đầu siết lại.
PL-VAN-RHE-L4-002,Rèn kỹ năng · Biện pháp tu từ & phong cách · Cấp 4,Văn,,Biện pháp tu từ & phong cách,2,4,Rèn kỹ năng,12,13,70%,85%,120,PL-VAN-RHE-L4-001,3,6,3,v.voc.1 | v.gra.1 | v.lit.2 | v.p2.4 | v.voc.2 | v.voc.3 | v.gra.2 | v.gra.3 | v.lit.3 | v.p1.5 | v.p2.2 | v.lit.4,Làm chắc một kỹ năng lõi qua các biến thể liên tiếp của cùng một dạng. Giữ độ chính xác khi thời gian bắt đầu siết lại.
PL-VAN-RHE-L4-003,Tốc độ · Biện pháp tu từ & phong cách · Cấp 4,Văn,,Biện pháp tu từ & phong cách,2,4,Tốc độ,12,10,70%,85%,132,PL-VAN-RHE-L4-002,3,6,3,v.lit.2 | v.rhe.2 | v.p1.2 | v.p2.4 | v.voc.2 | v.voc.3 | v.gra.2 | v.gra.3 | v.lit.1 | v.p2.3 | v.p2.5 | v.voc.1,Rút ngắn thời gian trên mỗi câu mà vẫn giữ được độ chính xác. Giữ độ chính xác khi thời gian bắt đầu siết lại.
PL-VAN-RHE-L4-004,Chính xác · Biện pháp tu từ & phong cách · Cấp 4,Văn,,Biện pháp tu từ & phong cách,2,4,Chính xác,12,15,70%,85%,132,PL-VAN-RHE-L4-003,3,6,3,v.p1.5 | v.p2.2 | v.p2.4 | v.p1.1 | v.p1.4 | v.p2.1 | v.p2.3 | v.p2.5 | v.voc.1 | v.lit.2 | v.lit.1 | v.log.2,Loại bỏ lỗi ẩu và các bẫy quen thuộc trong chuyên đề. Giữ độ chính xác khi thời gian bắt đầu siết lại.
PL-VAN-RHE-L4-005,Tổng hợp · Biện pháp tu từ & phong cách · Cấp 4,Văn,,Biện pháp tu từ & phong cách,2,4,Tổng hợp,12,13,70%,85%,138,PL-VAN-RHE-L4-004,3,6,3,v.voc.2 | v.voc.3 | v.gra.2 | v.p2.3 | v.p2.5 | v.voc.1 | v.gra.1 | v.lit.2 | v.log.2 | v.rhe.2 | v.p1.2 | v.p1.3,Trộn nhiều dạng trong cùng chuyên đề để rèn phản xạ nhận diện. Giữ độ chính xác khi thời gian bắt đầu siết lại.
PL-VAN-RHE-L4-006,Ôn lại · Biện pháp tu từ & phong cách · Cấp 4,Văn,,Biện pháp tu từ & phong cách,2,4,Ôn lại,12,14,70%,85%,108,PL-VAN-RHE-L4-005,3,6,3,v.gra.3 | v.lit.1 | v.lit.3 | v.voc.1 | v.gra.1 | v.lit.2 | v.log.2 | v.rhe.2 | v.p1.2 | v.p1.5 | v.p2.2 | v.p2.4,Quay lại các câu từng sai để kiến thức không phai theo thời gian. Giữ độ chính xác khi thời gian bắt đầu siết lại.
PL-VAN-RHE-L4-007,Khởi động · Biện pháp tu từ & phong cách · Cấp 4,Văn,,Biện pháp tu từ & phong cách,2,4,Khởi động,12,16,70%,85%,84,PL-VAN-RHE-L4-006,3,6,3,v.lit.4 | v.log.1 | v.p1.4 | v.log.2 | v.rhe.1 | v.p1.1 | v.p2.1 | v.voc.1 | v.gra.1 | v.voc.3 | v.gra.2 | v.gra.3,Nhắc lại công thức và nhận diện dạng bài trước khi vào phần nặng. Giữ độ chính xác khi thời gian bắt đầu siết lại.
PL-VAN-RHE-L4-008,Rèn kỹ năng · Biện pháp tu từ & phong cách · Cấp 4,Văn,,Biện pháp tu từ & phong cách,2,4,Rèn kỹ năng,12,13,70%,85%,120,PL-VAN-RHE-L4-007,3,6,3,v.p2.3 | v.p2.5 | v.log.2 | v.p1.3 | v.p1.5 | v.p2.2 | v.p2.4 | v.voc.2 | v.voc.3 | v.p2.1 | v.voc.1 | v.gra.1,Làm chắc một kỹ năng lõi qua các biến thể liên tiếp của cùng một dạng. Giữ độ chính xác khi thời gian bắt đầu siết lại.
PL-VAN-RHE-L4-009,Tốc độ · Biện pháp tu từ & phong cách · Cấp 4,Văn,,Biện pháp tu từ & phong cách,2,4,Tốc độ,12,10,70%,85%,132,PL-VAN-RHE-L4-008,3,6,3,v.lit.1 | v.rhe.1 | v.p1.1 | v.p1.2 | v.p1.3 | v.p1.5 | v.p2.2 | v.p2.4 | v.voc.2 | v.lit.2 | v.log.2 | v.rhe.2,Rút ngắn thời gian trên mỗi câu mà vẫn giữ được độ chính xác. Giữ độ chính xác khi thời gian bắt đầu siết lại.
PL-VAN-RHE-L4-010,Chính xác · Biện pháp tu từ & phong cách · Cấp 4,Văn,,Biện pháp tu từ & phong cách,2,4,Chính xác,12,15,70%,85%,132,PL-VAN-RHE-L4-009,3,6,3,v.voc.1 | v.gra.1 | v.lit.2 | v.gra.2 | v.gra.3 | v.lit.3 | v.lit.4 | v.log.1 | v.rhe.1 | v.p2.3 | v.p2.5 | v.log.2,Loại bỏ lỗi ẩu và các bẫy quen thuộc trong chuyên đề. Giữ độ chính xác khi thời gian bắt đầu siết lại.
PL-VAN-RHE-L4-011,Tổng hợp · Biện pháp tu từ & phong cách · Cấp 4,Văn,,Biện pháp tu từ & phong cách,2,4,Tổng hợp,12,13,70%,85%,138,PL-VAN-RHE-L4-010,3,6,3,v.rhe.2 | v.p1.2 | v.p1.3 | v.p1.1 | v.p1.4 | v.p2.1 | v.p2.3 | v.p2.5 | v.voc.1 | v.voc.2 | v.voc.3 | v.gra.2,Trộn nhiều dạng trong cùng chuyên đề để rèn phản xạ nhận diện. Giữ độ chính xác khi thời gian bắt đầu siết lại.
PL-VAN-RHE-L4-012,Ôn lại · Biện pháp tu từ & phong cách · Cấp 4,Văn,,Biện pháp tu từ & phong cách,2,4,Ôn lại,12,14,70%,85%,108,PL-VAN-RHE-L4-011,3,6,3,v.p1.5 | v.p2.2 | v.p2.4 | v.p2.3 | v.p2.5 | v.voc.1 | v.gra.1 | v.lit.2 | v.log.2 | v.gra.3 | v.lit.3 | v.lit.4,Quay lại các câu từng sai để kiến thức không phai theo thời gian. Giữ độ chính xác khi thời gian bắt đầu siết lại.
PL-VAN-RHE-L4-013,Khởi động · Biện pháp tu từ & phong cách · Cấp 4,Văn,,Biện pháp tu từ & phong cách,2,4,Khởi động,12,16,70%,85%,84,PL-VAN-RHE-L4-012,3,6,3,v.p2.4 | v.voc.2 | v.voc.3 | v.p1.4 | v.p2.3 | v.p2.5 | v.log.2 | v.rhe.1 | v.p1.1 | v.p2.1 | v.voc.1 | v.gra.1,Nhắc lại công thức và nhận diện dạng bài trước khi vào phần nặng. Giữ độ chính xác khi thời gian bắt đầu siết lại.
PL-VAN-RHE-L4-014,Rèn kỹ năng · Biện pháp tu từ & phong cách · Cấp 4,Văn,,Biện pháp tu từ & phong cách,2,4,Rèn kỹ năng,12,13,70%,85%,120,PL-VAN-RHE-L4-013,3,6,3,v.gra.3 | v.lit.1 | v.lit.3 | v.log.2 | v.rhe.2 | v.p1.2 | v.p1.3 | v.p1.5 | v.p2.2 | v.gra.1 | v.lit.2 | v.p1.4,Làm chắc một kỹ năng lõi qua các biến thể liên tiếp của cùng một dạng. Giữ độ chính xác khi thời gian bắt đầu siết lại.
PL-VAN-RHE-L4-015,Thử thách · Biện pháp tu từ & phong cách · Cấp 4,Văn,,Biện pháp tu từ & phong cách,2,4,Thử thách,12,13,70%,85%,168,PL-VAN-RHE-L4-014,3,6,3,v.p2.5 | v.voc.1 | v.gra.1 | v.log.2 | v.rhe.2 | v.p1.2 | v.p1.3 | v.p1.5 | v.p2.2 | v.p2.3 | v.p2.4 | v.voc.2,Đẩy lên mức khó hơn cấp hiện tại để chuẩn bị lên cấp. Giữ độ chính xác khi thời gian bắt đầu siết lại.
PL-VAN-RHE-L4-016,Vượt ải · Biện pháp tu từ & phong cách · Cấp 4,Văn,,Biện pháp tu từ & phong cách,2,4,Vượt ải,12,12,70%,90%,216,PL-VAN-RHE-L4-015,3,6,3,v.lit.2 | v.log.2 | v.lit.1 | v.p1.3 | v.p1.5 | v.p2.2 | v.p2.4 | v.voc.2 | v.voc.3 | v.p1.2 | v.gra.2 | v.gra.3,Bài kiểm tra chốt cấp độ của tuyến chuyên đề. Giữ độ chính xác khi thời gian bắt đầu siết lại.
PL-VAN-RHE-L5-001,Khởi động · Biện pháp tu từ & phong cách · Cấp 5,Văn,,Biện pháp tu từ & phong cách,3,5,Khởi động,14,20,70%,85%,112,PL-VAN-RHE-L4-016,4,7,3,v.rhe.1 | v.p1.1 | v.p2.1 | v.voc.1 | v.p1.3 | v.p1.5 | v.p2.2 | v.p2.4 | v.voc.2 | v.voc.3 | v.gra.2 | v.rhe.2 | v.p1.2 | v.gra.3,Nhắc lại công thức và nhận diện dạng bài trước khi vào phần nặng. Xử lý câu phân loại mà không mất nhịp.
PL-VAN-RHE-L5-002,Rèn kỹ năng · Biện pháp tu từ & phong cách · Cấp 5,Văn,,Biện pháp tu từ & phong cách,3,5,Rèn kỹ năng,14,16,70%,85%,160,PL-VAN-RHE-L5-001,4,7,3,v.p1.5 | v.p2.2 | v.p2.4 | v.voc.2 | v.p1.2 | v.p1.3 | v.voc.3 | v.gra.2 | v.gra.3 | v.lit.3 | v.lit.4 | v.p1.1 | v.p2.1 | v.voc.1,Làm chắc một kỹ năng lõi qua các biến thể liên tiếp của cùng một dạng. Xử lý câu phân loại mà không mất nhịp.
PL-VAN-RHE-L5-003,Tốc độ · Biện pháp tu từ & phong cách · Cấp 5,Văn,,Biện pháp tu từ & phong cách,3,5,Tốc độ,14,12,70%,85%,176,PL-VAN-RHE-L5-002,4,7,3,v.rhe.2 | v.p1.2 | v.p1.3 | v.p1.5 | v.log.1 | v.rhe.1 | v.p1.1 | v.p1.4 | v.p2.1 | v.p2.3 | v.p2.5 | v.gra.1 | v.lit.2 | v.lit.1,Rút ngắn thời gian trên mỗi câu mà vẫn giữ được độ chính xác. Xử lý câu phân loại mà không mất nhịp.
PL-VAN-RHE-L5-004,Chính xác · Biện pháp tu từ & phong cách · Cấp 5,Văn,,Biện pháp tu từ & phong cách,3,5,Chính xác,14,19,70%,85%,176,PL-VAN-RHE-L5-003,4,7,3,v.gra.3 | v.lit.3 | v.lit.4 | v.log.1 | v.voc.3 | v.gra.2 | v.rhe.1 | v.p1.1 | v.p2.1 | v.voc.1 | v.gra.1 | v.p1.4 | v.p2.3 | v.p2.5,Loại bỏ lỗi ẩu và các bẫy quen thuộc trong chuyên đề. Xử lý câu phân loại mà không mất nhịp.
PL-VAN-RHE-L5-005,Tổng hợp · Biện pháp tu từ & phong cách · Cấp 5,Văn,,Biện pháp tu từ & phong cách,3,5,Tổng hợp,14,16,70%,85%,184,PL-VAN-RHE-L5-004,4,7,3,v.log.1 | v.rhe.1 | v.p1.1 | v.p1.4 | v.lit.4 | v.p2.1 | v.voc.1 | v.gra.1 | v.lit.2 | v.lit.1 | v.p2.3 | v.p1.2 | v.p1.3 | v.p1.5,Trộn nhiều dạng trong cùng chuyên đề để rèn phản xạ nhận diện. Xử lý câu phân loại mà không mất nhịp.
PL-VAN-RHE-L5-006,Ôn lại · Biện pháp tu từ & phong cách · Cấp 5,Văn,,Biện pháp tu từ & phong cách,3,5,Ôn lại,14,18,70%,85%,144,PL-VAN-RHE-L5-005,4,7,3,v.p1.4 | v.p2.1 | v.p2.3 | v.p2.5 | v.gra.1 | v.lit.2 | v.lit.1 | v.log.2 | v.rhe.2 | v.p1.2 | v.p1.3 | v.gra.3 | v.lit.3 | v.lit.4,Quay lại các câu từng sai để kiến thức không phai theo thời gian. Xử lý câu phân loại mà không mất nhịp.
PL-VAN-RHE-L5-007,Khởi động · Biện pháp tu từ & phong cách · Cấp 5,Văn,,Biện pháp tu từ & phong cách,3,5,Khởi động,14,20,70%,85%,112,PL-VAN-RHE-L5-006,4,7,3,v.lit.4 | v.log.1 | v.p1.4 | v.p2.3 | v.rhe.2 | v.p1.2 | v.p1.3 | v.p1.5 | v.p2.2 | v.p2.4 | v.voc.2 | v.voc.1 | v.gra.1 | v.lit.2,Nhắc lại công thức và nhận diện dạng bài trước khi vào phần nặng. Xử lý câu phân loại mà không mất nhịp.
PL-VAN-RHE-L5-008,Rèn kỹ năng · Biện pháp tu từ & phong cách · Cấp 5,Văn,,Biện pháp tu từ & phong cách,3,5,Rèn kỹ năng,14,16,70%,85%,160,PL-VAN-RHE-L5-007,4,7,3,v.lit.2 | v.log.2 | v.lit.1 | v.rhe.2 | v.p1.2 | v.p1.3 | v.p1.5 | v.p2.2 | v.p2.4 | v.voc.2 | v.voc.3 | v.gra.1 | v.p1.4 | v.p2.3,Làm chắc một kỹ năng lõi qua các biến thể liên tiếp của cùng một dạng. Xử lý câu phân loại mà không mất nhịp.
PL-VAN-RHE-L5-009,Tốc độ · Biện pháp tu từ & phong cách · Cấp 5,Văn,,Biện pháp tu từ & phong cách,3,5,Tốc độ,14,12,70%,85%,176,PL-VAN-RHE-L5-008,4,7,3,v.rhe.1 | v.p1.1 | v.p2.1 | v.voc.1 | v.voc.2 | v.voc.3 | v.gra.2 | v.gra.3 | v.lit.3 | v.lit.4 | v.log.1 | v.p2.5 | v.log.2 | v.rhe.2,Rút ngắn thời gian trên mỗi câu mà vẫn giữ được độ chính xác. Xử lý câu phân loại mà không mất nhịp.
PL-VAN-RHE-L5-010,Chính xác · Biện pháp tu từ & phong cách · Cấp 5,Văn,,Biện pháp tu từ & phong cách,3,5,Chính xác,14,19,70%,85%,176,PL-VAN-RHE-L5-009,4,7,3,v.p1.5 | v.p2.2 | v.p2.4 | v.voc.2 | v.gra.3 | v.lit.3 | v.lit.4 | v.log.1 | v.rhe.1 | v.p1.1 | v.p2.1 | v.p1.2 | v.p1.3 | v.voc.3,Loại bỏ lỗi ẩu và các bẫy quen thuộc trong chuyên đề. Xử lý câu phân loại mà không mất nhịp.
PL-VAN-RHE-L5-011,Tổng hợp · Biện pháp tu từ & phong cách · Cấp 5,Văn,,Biện pháp tu từ & phong cách,3,5,Tổng hợp,14,16,70%,85%,184,PL-VAN-RHE-L5-010,4,7,3,v.voc.2 | v.voc.3 | v.gra.2 | v.gra.3 | v.log.1 | v.rhe.1 | v.p1.1 | v.p2.1 | v.voc.1 | v.gra.1 | v.lit.2 | v.p2.2 | v.p2.4 | v.lit.3,Trộn nhiều dạng trong cùng chuyên đề để rèn phản xạ nhận diện. Xử lý câu phân loại mà không mất nhịp.
PL-VAN-RHE-L5-012,Thử thách · Biện pháp tu từ & phong cách · Cấp 5,Văn,,Biện pháp tu từ & phong cách,3,5,Thử thách,14,16,70%,85%,224,PL-VAN-RHE-L5-011,4,7,3,v.p2.4 | v.voc.2 | v.voc.3 | v.gra.2 | v.p2.1 | v.voc.1 | v.gra.1 | v.lit.2 | v.lit.1 | v.p1.4 | v.p2.3 | v.rhe.1 | v.p1.1 | v.p2.5,Đẩy lên mức khó hơn cấp hiện tại để chuẩn bị lên cấp. Xử lý câu phân loại mà không mất nhịp.
PL-VAN-RHE-L5-013,Vượt ải · Biện pháp tu từ & phong cách · Cấp 5,Văn,,Biện pháp tu từ & phong cách,3,5,Vượt ải,14,16,70%,90%,288,PL-VAN-RHE-L5-012,4,7,3,v.gra.2 | v.gra.3 | v.lit.3 | v.lit.4 | v.lit.2 | v.lit.1 | v.p1.4 | v.p2.3 | v.p2.5 | v.log.2 | v.rhe.2 | v.p1.3 | v.p1.5 | v.p2.2,Bài kiểm tra chốt cấp độ của tuyến chuyên đề. Xử lý câu phân loại mà không mất nhịp.
PL-VAN-RHE-L6-001,Khởi động · Biện pháp tu từ & phong cách · Cấp 6,Văn,,Biện pháp tu từ & phong cách,3,6,Khởi động,15,19,70%,85%,154,PL-VAN-RHE-L5-013,4,7,4,v.rhe.2 | v.p1.2 | v.p1.3 | v.p1.5 | v.p2.5 | v.log.2 | v.p2.2 | v.p2.4 | v.voc.2 | v.voc.3 | v.gra.2 | v.lit.4 | v.log.1 | v.rhe.1 | v.p1.1,Nhắc lại công thức và nhận diện dạng bài trước khi vào phần nặng. Tốc độ và độ chính xác của nhóm dẫn đầu phổ điểm.
PL-VAN-RHE-L6-002,Rèn kỹ năng · Biện pháp tu từ & phong cách · Cấp 6,Văn,,Biện pháp tu từ & phong cách,3,6,Rèn kỹ năng,15,15,70%,85%,220,PL-VAN-RHE-L6-001,4,7,4,v.log.2 | v.rhe.2 | v.p1.2 | v.p1.3 | v.p2.4 | v.voc.2 | v.voc.3 | v.gra.2 | v.gra.3 | v.lit.3 | v.lit.4 | v.p1.1 | v.p2.1 | v.voc.1 | v.gra.1,Làm chắc một kỹ năng lõi qua các biến thể liên tiếp của cùng một dạng. Tốc độ và độ chính xác của nhóm dẫn đầu phổ điểm.
PL-VAN-RHE-L6-003,Tốc độ · Biện pháp tu từ & phong cách · Cấp 6,Văn,,Biện pháp tu từ & phong cách,3,6,Tốc độ,15,11,70%,85%,242,PL-VAN-RHE-L6-002,4,7,4,v.voc.2 | v.voc.3 | v.gra.2 | v.gra.3 | v.p2.2 | v.p2.4 | v.lit.3 | v.lit.4 | v.log.1 | v.rhe.1 | v.p1.1 | v.gra.1 | v.lit.2 | v.lit.1 | v.p1.4,Rút ngắn thời gian trên mỗi câu mà vẫn giữ được độ chính xác. Tốc độ và độ chính xác của nhóm dẫn đầu phổ điểm.
PL-VAN-RHE-L6-004,Chính xác · Biện pháp tu từ & phong cách · Cấp 6,Văn,,Biện pháp tu từ & phong cách,3,6,Chính xác,15,17,70%,85%,242,PL-VAN-RHE-L6-003,4,7,4,v.p2.4 | v.voc.2 | v.voc.3 | v.gra.2 | v.lit.4 | v.log.1 | v.rhe.1 | v.p1.1 | v.p2.1 | v.voc.1 | v.gra.1 | v.p1.4 | v.p2.3 | v.p2.5 | v.log.2,Loại bỏ lỗi ẩu và các bẫy quen thuộc trong chuyên đề. Tốc độ và độ chính xác của nhóm dẫn đầu phổ điểm.
PL-VAN-RHE-L6-005,Tổng hợp · Biện pháp tu từ & phong cách · Cấp 6,Văn,,Biện pháp tu từ & phong cách,3,6,Tổng hợp,15,15,70%,85%,253,PL-VAN-RHE-L6-004,4,7,4,v.gra.2 | v.gra.3 | v.lit.3 | v.lit.4 | v.p1.1 | v.p2.1 | v.voc.1 | v.gra.1 | v.lit.2 | v.lit.1 | v.p1.4 | v.rhe.2 | v.p1.2 | v.p1.3 | v.p1.5,Trộn nhiều dạng trong cùng chuyên đề để rèn phản xạ nhận diện. Tốc độ và độ chính xác của nhóm dẫn đầu phổ điểm.
PL-VAN-RHE-L6-006,Ôn lại · Biện pháp tu từ & phong cách · Cấp 6,Văn,,Biện pháp tu từ & phong cách,3,6,Ôn lại,15,17,70%,85%,198,PL-VAN-RHE-L6-005,4,7,4,v.lit.4 | v.log.1 | v.rhe.1 | v.p1.1 | v.gra.1 | v.lit.2 | v.lit.1 | v.p1.4 | v.p2.3 | v.p2.5 | v.log.2 | v.voc.2 | v.voc.3 | v.gra.2 | v.gra.3,Quay lại các câu từng sai để kiến thức không phai theo thời gian. Tốc độ và độ chính xác của nhóm dẫn đầu phổ điểm.
PL-VAN-RHE-L6-007,Khởi động · Biện pháp tu từ & phong cách · Cấp 6,Văn,,Biện pháp tu từ & phong cách,3,6,Khởi động,15,19,70%,85%,154,PL-VAN-RHE-L6-006,4,7,4,v.p2.5 | v.voc.1 | v.gra.1 | v.lit.2 | v.p1.4 | v.p2.3 | v.log.2 | v.rhe.2 | v.p1.2 | v.p1.3 | v.p1.5 | v.rhe.1 | v.p1.1 | v.p2.1 | v.lit.1,Nhắc lại công thức và nhận diện dạng bài trước khi vào phần nặng. Tốc độ và độ chính xác của nhóm dẫn đầu phổ điểm.
PL-VAN-RHE-L6-008,Rèn kỹ năng · Biện pháp tu từ & phong cách · Cấp 6,Văn,,Biện pháp tu từ & phong cách,3,6,Rèn kỹ năng,15,15,70%,85%,220,PL-VAN-RHE-L6-007,4,7,4,v.gra.1 | v.lit.2 | v.lit.1 | v.p1.4 | v.rhe.2 | v.p1.2 | v.p1.3 | v.p1.5 | v.p2.2 | v.p2.4 | v.voc.2 | v.voc.1 | v.p2.3 | v.p2.5 | v.log.2,Làm chắc một kỹ năng lõi qua các biến thể liên tiếp của cùng một dạng. Tốc độ và độ chính xác của nhóm dẫn đầu phổ điểm.
PL-VAN-RHE-L6-009,Thử thách · Biện pháp tu từ & phong cách · Cấp 6,Văn,,Biện pháp tu từ & phong cách,3,6,Thử thách,15,15,70%,85%,308,PL-VAN-RHE-L6-008,4,7,4,v.p1.4 | v.p2.3 | v.p2.5 | v.log.2 | v.voc.2 | v.voc.3 | v.gra.2 | v.gra.3 | v.lit.3 | v.lit.4 | v.log.1 | v.p1.3 | v.p1.5 | v.p2.2 | v.p2.4,Đẩy lên mức khó hơn cấp hiện tại để chuẩn bị lên cấp. Tốc độ và độ chính xác của nhóm dẫn đầu phổ điểm.
PL-VAN-RHE-L6-010,Vượt ải · Biện pháp tu từ & phong cách · Cấp 6,Văn,,Biện pháp tu từ & phong cách,3,6,Vượt ải,15,14,70%,90%,396,PL-VAN-RHE-L6-009,4,7,4,v.log.2 | v.rhe.2 | v.p1.2 | v.p1.3 | v.gra.3 | v.lit.3 | v.lit.4 | v.log.1 | v.rhe.1 | v.p1.1 | v.p2.1 | v.p2.4 | v.voc.2 | v.voc.3 | v.gra.2,Bài kiểm tra chốt cấp độ của tuyến chuyên đề. Tốc độ và độ chính xác của nhóm dẫn đầu phổ điểm.
PL-VAN-LOG-L1-001,Khởi động · Suy luận ngôn ngữ & liên kết ý · Cấp 1,Văn,,Suy luận ngôn ngữ & liên kết ý,1,1,Khởi động,8,10,70%,85%,28,,2,4,2,v.lit.1 | v.p1.1 | v.gra.1 | v.rhe.1 | v.lit.2 | v.log.1 | v.p1.5 | v.p2.2,Nhắc lại công thức và nhận diện dạng bài trước khi vào phần nặng. Nhận diện dạng bài và nhớ lại công thức nền.
PL-VAN-LOG-L1-002,Rèn kỹ năng · Suy luận ngôn ngữ & liên kết ý · Cấp 1,Văn,,Suy luận ngôn ngữ & liên kết ý,1,1,Rèn kỹ năng,8,8,70%,85%,40,PL-VAN-LOG-L1-001,2,4,2,v.voc.1 | v.gra.1 | v.p1.2 | v.p1.3 | v.p1.5 | v.p2.2 | v.lit.3 | v.lit.4,Làm chắc một kỹ năng lõi qua các biến thể liên tiếp của cùng một dạng. Nhận diện dạng bài và nhớ lại công thức nền.
PL-VAN-LOG-L1-003,Tốc độ · Suy luận ngôn ngữ & liên kết ý · Cấp 1,Văn,,Suy luận ngôn ngữ & liên kết ý,1,1,Tốc độ,8,6,70%,85%,44,PL-VAN-LOG-L1-002,2,4,2,v.lit.2 | v.log.1 | v.p1.5 | v.p2.2 | v.p2.4 | v.voc.2 | v.rhe.2 | v.lit.1,Rút ngắn thời gian trên mỗi câu mà vẫn giữ được độ chính xác. Nhận diện dạng bài và nhớ lại công thức nền.
PL-VAN-LOG-L1-004,Chính xác · Suy luận ngôn ngữ & liên kết ý · Cấp 1,Văn,,Suy luận ngôn ngữ & liên kết ý,1,1,Chính xác,8,9,70%,85%,44,PL-VAN-LOG-L1-003,2,4,2,v.p1.3 | v.p1.5 | v.voc.3 | v.gra.2 | v.gra.3 | v.rhe.2 | v.voc.1 | v.gra.1,Loại bỏ lỗi ẩu và các bẫy quen thuộc trong chuyên đề. Nhận diện dạng bài và nhớ lại công thức nền.
PL-VAN-LOG-L1-005,Tổng hợp · Suy luận ngôn ngữ & liên kết ý · Cấp 1,Văn,,Suy luận ngôn ngữ & liên kết ý,1,1,Tổng hợp,8,8,70%,85%,46,PL-VAN-LOG-L1-004,2,4,2,v.p2.4 | v.voc.2 | v.rhe.2 | v.lit.1 | v.lit.3 | v.lit.4 | v.rhe.1 | v.lit.2,Trộn nhiều dạng trong cùng chuyên đề để rèn phản xạ nhận diện. Nhận diện dạng bài và nhớ lại công thức nền.
PL-VAN-LOG-L1-006,Ôn lại · Suy luận ngôn ngữ & liên kết ý · Cấp 1,Văn,,Suy luận ngôn ngữ & liên kết ý,1,1,Ôn lại,8,9,70%,85%,36,PL-VAN-LOG-L1-005,2,4,2,v.gra.2 | v.gra.3 | v.lit.4 | v.log.2 | v.p1.4 | v.p2.3 | v.p1.2 | v.p1.3,Quay lại các câu từng sai để kiến thức không phai theo thời gian. Nhận diện dạng bài và nhớ lại công thức nền.
PL-VAN-LOG-L1-007,Khởi động · Suy luận ngôn ngữ & liên kết ý · Cấp 1,Văn,,Suy luận ngôn ngữ & liên kết ý,1,1,Khởi động,8,10,70%,85%,28,PL-VAN-LOG-L1-006,2,4,2,v.lit.3 | v.lit.4 | v.p2.3 | v.p2.5 | v.lit.1 | v.p1.1 | v.lit.2 | v.log.1,Nhắc lại công thức và nhận diện dạng bài trước khi vào phần nặng. Nhận diện dạng bài và nhớ lại công thức nền.
PL-VAN-LOG-L1-008,Rèn kỹ năng · Suy luận ngôn ngữ & liên kết ý · Cấp 1,Văn,,Suy luận ngôn ngữ & liên kết ý,1,1,Rèn kỹ năng,8,8,70%,85%,40,PL-VAN-LOG-L1-007,2,4,2,v.p1.4 | v.p2.3 | v.p2.1 | v.voc.1 | v.gra.1 | v.rhe.1 | v.voc.3 | v.gra.2,Làm chắc một kỹ năng lõi qua các biến thể liên tiếp của cùng một dạng. Nhận diện dạng bài và nhớ lại công thức nền.
PL-VAN-LOG-L1-009,Tốc độ · Suy luận ngôn ngữ & liên kết ý · Cấp 1,Văn,,Suy luận ngôn ngữ & liên kết ý,1,1,Tốc độ,8,6,70%,85%,44,PL-VAN-LOG-L1-008,2,4,2,v.lit.1 | v.p1.1 | v.lit.2 | v.log.1 | v.p1.2 | v.p1.3 | v.gra.3 | v.rhe.2,Rút ngắn thời gian trên mỗi câu mà vẫn giữ được độ chính xác. Nhận diện dạng bài và nhớ lại công thức nền.
PL-VAN-LOG-L1-010,Thử thách · Suy luận ngôn ngữ & liên kết ý · Cấp 1,Văn,,Suy luận ngôn ngữ & liên kết ý,1,1,Thử thách,8,8,70%,85%,56,PL-VAN-LOG-L1-009,2,4,2,v.gra.1 | v.rhe.1 | v.voc.3 | v.gra.2 | v.gra.3 | v.rhe.2 | v.p1.1 | v.p2.1,Đẩy lên mức khó hơn cấp hiện tại để chuẩn bị lên cấp. Nhận diện dạng bài và nhớ lại công thức nền.
PL-VAN-LOG-L1-011,Vượt ải · Suy luận ngôn ngữ & liên kết ý · Cấp 1,Văn,,Suy luận ngôn ngữ & liên kết ý,1,1,Vượt ải,8,8,70%,90%,72,PL-VAN-LOG-L1-010,2,4,2,v.log.1 | v.p1.2 | v.lit.4 | v.log.2 | v.p1.1 | v.p1.4 | v.lit.2 | v.lit.1,Bài kiểm tra chốt cấp độ của tuyến chuyên đề. Nhận diện dạng bài và nhớ lại công thức nền.
PL-VAN-LOG-L2-001,Khởi động · Suy luận ngôn ngữ & liên kết ý · Cấp 2,Văn,,Suy luận ngôn ngữ & liên kết ý,1,2,Khởi động,10,15,70%,85%,42,PL-VAN-LOG-L1-011,3,5,2,v.lit.1 | v.p1.1 | v.p2.1 | v.rhe.1 | v.lit.2 | v.log.1 | v.p1.2 | v.p1.3 | v.p2.4 | v.voc.2,Nhắc lại công thức và nhận diện dạng bài trước khi vào phần nặng. Làm đúng dạng chuẩn mà không cần nhìn gợi ý.
PL-VAN-LOG-L2-002,Rèn kỹ năng · Suy luận ngôn ngữ & liên kết ý · Cấp 2,Văn,,Suy luận ngôn ngữ & liên kết ý,1,2,Rèn kỹ năng,10,12,70%,85%,60,PL-VAN-LOG-L2-001,3,5,2,v.voc.1 | v.gra.1 | v.rhe.1 | v.p1.3 | v.p1.5 | v.p2.2 | v.p2.4 | v.voc.2 | v.lit.4 | v.log.2,Làm chắc một kỹ năng lõi qua các biến thể liên tiếp của cùng một dạng. Làm đúng dạng chuẩn mà không cần nhìn gợi ý.
PL-VAN-LOG-L2-003,Tốc độ · Suy luận ngôn ngữ & liên kết ý · Cấp 2,Văn,,Suy luận ngôn ngữ & liên kết ý,1,2,Tốc độ,10,9,70%,85%,66,PL-VAN-LOG-L2-002,3,5,2,v.lit.2 | v.log.1 | v.p1.2 | v.p2.2 | v.p2.4 | v.voc.2 | v.voc.3 | v.gra.2 | v.lit.3 | v.lit.4,Rút ngắn thời gian trên mỗi câu mà vẫn giữ được độ chính xác. Làm đúng dạng chuẩn mà không cần nhìn gợi ý.
PL-VAN-LOG-L2-004,Chính xác · Suy luận ngôn ngữ & liên kết ý · Cấp 2,Văn,,Suy luận ngôn ngữ & liên kết ý,1,2,Chính xác,10,13,70%,85%,66,PL-VAN-LOG-L2-003,3,5,2,v.p1.3 | v.p1.5 | v.p2.2 | v.gra.2 | v.gra.3 | v.rhe.2 | v.lit.1 | v.lit.3 | v.gra.1 | v.rhe.1,Loại bỏ lỗi ẩu và các bẫy quen thuộc trong chuyên đề. Làm đúng dạng chuẩn mà không cần nhìn gợi ý.
PL-VAN-LOG-L2-005,Tổng hợp · Suy luận ngôn ngữ & liên kết ý · Cấp 2,Văn,,Suy luận ngôn ngữ & liên kết ý,1,2,Tổng hợp,10,12,70%,85%,69,PL-VAN-LOG-L2-004,3,5,2,v.p2.4 | v.voc.2 | v.voc.3 | v.lit.1 | v.lit.3 | v.lit.4 | v.log.2 | v.p1.4 | v.log.1 | v.p1.2,Trộn nhiều dạng trong cùng chuyên đề để rèn phản xạ nhận diện. Làm đúng dạng chuẩn mà không cần nhìn gợi ý.
PL-VAN-LOG-L2-006,Ôn lại · Suy luận ngôn ngữ & liên kết ý · Cấp 2,Văn,,Suy luận ngôn ngữ & liên kết ý,1,2,Ôn lại,10,13,70%,85%,54,PL-VAN-LOG-L2-005,3,5,2,v.gra.2 | v.gra.3 | v.rhe.2 | v.log.2 | v.p1.4 | v.p2.3 | v.p2.5 | v.p1.1 | v.p1.5 | v.p2.2,Quay lại các câu từng sai để kiến thức không phai theo thời gian. Làm đúng dạng chuẩn mà không cần nhìn gợi ý.
PL-VAN-LOG-L2-007,Khởi động · Suy luận ngôn ngữ & liên kết ý · Cấp 2,Văn,,Suy luận ngôn ngữ & liên kết ý,1,2,Khởi động,10,15,70%,85%,42,PL-VAN-LOG-L2-006,3,5,2,v.lit.3 | v.lit.4 | v.log.2 | v.p2.5 | v.lit.1 | v.p1.1 | v.p2.1 | v.voc.1 | v.p1.5 | v.p2.2,Nhắc lại công thức và nhận diện dạng bài trước khi vào phần nặng. Làm đúng dạng chuẩn mà không cần nhìn gợi ý.
PL-VAN-LOG-L2-008,Rèn kỹ năng · Suy luận ngôn ngữ & liên kết ý · Cấp 2,Văn,,Suy luận ngôn ngữ & liên kết ý,1,2,Rèn kỹ năng,10,12,70%,85%,60,PL-VAN-LOG-L2-007,3,5,2,v.p1.4 | v.p2.3 | v.p2.5 | v.voc.1 | v.gra.1 | v.rhe.1 | v.lit.2 | v.log.1 | v.rhe.2 | v.lit.3,Làm chắc một kỹ năng lõi qua các biến thể liên tiếp của cùng một dạng. Làm đúng dạng chuẩn mà không cần nhìn gợi ý.
PL-VAN-LOG-L2-009,Tốc độ · Suy luận ngôn ngữ & liên kết ý · Cấp 2,Văn,,Suy luận ngôn ngữ & liên kết ý,1,2,Tốc độ,10,9,70%,85%,66,PL-VAN-LOG-L2-008,3,5,2,v.lit.1 | v.p1.1 | v.p2.1 | v.p1.2 | v.p1.3 | v.p1.5 | v.p2.2 | v.p2.4 | v.log.2 | v.p1.4,Rút ngắn thời gian trên mỗi câu mà vẫn giữ được độ chính xác. Làm đúng dạng chuẩn mà không cần nhìn gợi ý.
PL-VAN-LOG-L2-010,Chính xác · Suy luận ngôn ngữ & liên kết ý · Cấp 2,Văn,,Suy luận ngôn ngữ & liên kết ý,1,2,Chính xác,10,13,70%,85%,66,PL-VAN-LOG-L2-009,3,5,2,v.voc.1 | v.gra.1 | v.rhe.1 | v.p2.4 | v.voc.2 | v.voc.3 | v.gra.2 | v.gra.3 | v.lit.1 | v.log.1,Loại bỏ lỗi ẩu và các bẫy quen thuộc trong chuyên đề. Làm đúng dạng chuẩn mà không cần nhìn gợi ý.
PL-VAN-LOG-L2-011,Tổng hợp · Suy luận ngôn ngữ & liên kết ý · Cấp 2,Văn,,Suy luận ngôn ngữ & liên kết ý,1,2,Tổng hợp,10,12,70%,85%,69,PL-VAN-LOG-L2-010,3,5,2,v.lit.2 | v.log.1 | v.p1.2 | v.gra.2 | v.gra.3 | v.rhe.2 | v.lit.1 | v.lit.3 | v.p2.2 | v.p2.4,Trộn nhiều dạng trong cùng chuyên đề để rèn phản xạ nhận diện. Làm đúng dạng chuẩn mà không cần nhìn gợi ý.
PL-VAN-LOG-L2-012,Ôn lại · Suy luận ngôn ngữ & liên kết ý · Cấp 2,Văn,,Suy luận ngôn ngữ & liên kết ý,1,2,Ôn lại,10,13,70%,85%,54,PL-VAN-LOG-L2-011,3,5,2,v.p1.3 | v.p1.5 | v.p2.2 | v.lit.1 | v.lit.3 | v.lit.4 | v.log.2 | v.p1.4 | v.gra.2 | v.gra.3,Quay lại các câu từng sai để kiến thức không phai theo thời gian. Làm đúng dạng chuẩn mà không cần nhìn gợi ý.
PL-VAN-LOG-L2-013,Thử thách · Suy luận ngôn ngữ & liên kết ý · Cấp 2,Văn,,Suy luận ngôn ngữ & liên kết ý,1,2,Thử thách,10,12,70%,85%,84,PL-VAN-LOG-L2-012,3,5,2,v.voc.2 | v.voc.3 | v.gra.2 | v.gra.1 | v.rhe.1 | v.lit.2 | v.lit.1 | v.log.1 | v.p2.4 | v.gra.3,Đẩy lên mức khó hơn cấp hiện tại để chuẩn bị lên cấp. Làm đúng dạng chuẩn mà không cần nhìn gợi ý.
PL-VAN-LOG-L2-014,Vượt ải · Suy luận ngôn ngữ & liên kết ý · Cấp 2,Văn,,Suy luận ngôn ngữ & liên kết ý,1,2,Vượt ải,10,11,70%,90%,108,PL-VAN-LOG-L2-013,3,5,2,v.gra.3 | v.rhe.2 | v.lit.1 | v.lit.2 | v.log.1 | v.p1.2 | v.p1.3 | v.p1.5 | v.p1.1 | v.p2.1,Bài kiểm tra chốt cấp độ của tuyến chuyên đề. Làm đúng dạng chuẩn mà không cần nhìn gợi ý.
PL-VAN-LOG-L3-001,Khởi động · Suy luận ngôn ngữ & liên kết ý · Cấp 3,Văn,,Suy luận ngôn ngữ & liên kết ý,2,3,Khởi động,12,19,70%,85%,63,PL-VAN-LOG-L2-014,3,6,3,v.lit.1 | v.p1.1 | v.p2.1 | v.rhe.1 | v.lit.2 | v.log.1 | v.p1.2 | v.p1.3 | v.p1.5 | v.gra.2 | v.gra.3 | v.rhe.2,Nhắc lại công thức và nhận diện dạng bài trước khi vào phần nặng. Ghép nhiều bước và tránh các bẫy quen thuộc.
PL-VAN-LOG-L3-002,Rèn kỹ năng · Suy luận ngôn ngữ & liên kết ý · Cấp 3,Văn,,Suy luận ngôn ngữ & liên kết ý,2,3,Rèn kỹ năng,12,15,70%,85%,90,PL-VAN-LOG-L3-001,3,6,3,v.gra.1 | v.rhe.1 | v.lit.2 | v.p2.4 | v.voc.2 | v.voc.3 | v.gra.2 | v.gra.3 | v.rhe.2 | v.p1.5 | v.p2.2 | v.lit.3,Làm chắc một kỹ năng lõi qua các biến thể liên tiếp của cùng một dạng. Ghép nhiều bước và tránh các bẫy quen thuộc.
PL-VAN-LOG-L3-003,Tốc độ · Suy luận ngôn ngữ & liên kết ý · Cấp 3,Văn,,Suy luận ngôn ngữ & liên kết ý,2,3,Tốc độ,12,11,70%,85%,99,PL-VAN-LOG-L3-002,3,6,3,v.lit.2 | v.log.1 | v.p1.2 | v.p2.4 | v.voc.2 | v.voc.3 | v.gra.2 | v.gra.3 | v.rhe.2 | v.p2.5 | v.voc.1 | v.gra.1,Rút ngắn thời gian trên mỗi câu mà vẫn giữ được độ chính xác. Ghép nhiều bước và tránh các bẫy quen thuộc.
PL-VAN-LOG-L3-004,Chính xác · Suy luận ngôn ngữ & liên kết ý · Cấp 3,Văn,,Suy luận ngôn ngữ & liên kết ý,2,3,Chính xác,12,17,70%,85%,99,PL-VAN-LOG-L3-003,3,6,3,v.p1.5 | v.p2.2 | v.p2.4 | v.p1.1 | v.p1.4 | v.p2.1 | v.p2.3 | v.p2.5 | v.voc.1 | v.lit.2 | v.lit.1 | v.log.2,Loại bỏ lỗi ẩu và các bẫy quen thuộc trong chuyên đề. Ghép nhiều bước và tránh các bẫy quen thuộc.
PL-VAN-LOG-L3-005,Tổng hợp · Suy luận ngôn ngữ & liên kết ý · Cấp 3,Văn,,Suy luận ngôn ngữ & liên kết ý,2,3,Tổng hợp,12,15,70%,85%,103,PL-VAN-LOG-L3-004,3,6,3,v.voc.2 | v.voc.3 | v.gra.2 | v.p2.3 | v.p2.5 | v.voc.1 | v.gra.1 | v.rhe.1 | v.lit.2 | v.p1.4 | v.log.1 | v.p1.2,Trộn nhiều dạng trong cùng chuyên đề để rèn phản xạ nhận diện. Ghép nhiều bước và tránh các bẫy quen thuộc.
PL-VAN-LOG-L3-006,Ôn lại · Suy luận ngôn ngữ & liên kết ý · Cấp 3,Văn,,Suy luận ngôn ngữ & liên kết ý,2,3,Ôn lại,12,17,70%,85%,81,PL-VAN-LOG-L3-005,3,6,3,v.gra.3 | v.rhe.2 | v.lit.1 | v.voc.1 | v.gra.1 | v.rhe.1 | v.lit.2 | v.log.1 | v.p1.2 | v.p1.3 | v.p1.5 | v.p2.2,Quay lại các câu từng sai để kiến thức không phai theo thời gian. Ghép nhiều bước và tránh các bẫy quen thuộc.
PL-VAN-LOG-L3-007,Khởi động · Suy luận ngôn ngữ & liên kết ý · Cấp 3,Văn,,Suy luận ngôn ngữ & liên kết ý,2,3,Khởi động,12,19,70%,85%,63,PL-VAN-LOG-L3-006,3,6,3,v.lit.3 | v.lit.4 | v.log.2 | v.p2.5 | v.p1.1 | v.p2.1 | v.voc.1 | v.gra.1 | v.rhe.1 | v.voc.3 | v.gra.2 | v.gra.3,Nhắc lại công thức và nhận diện dạng bài trước khi vào phần nặng. Ghép nhiều bước và tránh các bẫy quen thuộc.
PL-VAN-LOG-L3-008,Rèn kỹ năng · Suy luận ngôn ngữ & liên kết ý · Cấp 3,Văn,,Suy luận ngôn ngữ & liên kết ý,2,3,Rèn kỹ năng,12,15,70%,85%,90,PL-VAN-LOG-L3-007,3,6,3,v.p1.4 | v.p2.3 | v.p2.5 | v.p1.3 | v.p1.5 | v.p2.2 | v.p2.4 | v.voc.2 | v.voc.3 | v.voc.1 | v.gra.1 | v.rhe.1,Làm chắc một kỹ năng lõi qua các biến thể liên tiếp của cùng một dạng. Ghép nhiều bước và tránh các bẫy quen thuộc.
PL-VAN-LOG-L3-009,Tốc độ · Suy luận ngôn ngữ & liên kết ý · Cấp 3,Văn,,Suy luận ngôn ngữ & liên kết ý,2,3,Tốc độ,12,11,70%,85%,99,PL-VAN-LOG-L3-008,3,6,3,v.lit.1 | v.p1.1 | v.p2.1 | v.p1.2 | v.p1.3 | v.p1.5 | v.p2.2 | v.p2.4 | v.voc.2 | v.rhe.1 | v.lit.2 | v.log.1,Rút ngắn thời gian trên mỗi câu mà vẫn giữ được độ chính xác. Ghép nhiều bước và tránh các bẫy quen thuộc.
PL-VAN-LOG-L3-010,Chính xác · Suy luận ngôn ngữ & liên kết ý · Cấp 3,Văn,,Suy luận ngôn ngữ & liên kết ý,2,3,Chính xác,12,17,70%,85%,99,PL-VAN-LOG-L3-009,3,6,3,v.gra.1 | v.rhe.1 | v.lit.2 | v.gra.2 | v.gra.3 | v.rhe.2 | v.lit.3 | v.lit.4 | v.log.2 | v.p2.3 | v.p2.5 | v.log.1,Loại bỏ lỗi ẩu và các bẫy quen thuộc trong chuyên đề. Ghép nhiều bước và tránh các bẫy quen thuộc.
PL-VAN-LOG-L3-011,Tổng hợp · Suy luận ngôn ngữ & liên kết ý · Cấp 3,Văn,,Suy luận ngôn ngữ & liên kết ý,2,3,Tổng hợp,12,15,70%,85%,103,PL-VAN-LOG-L3-010,3,6,3,v.log.1 | v.p1.2 | v.p1.3 | v.p1.1 | v.p1.4 | v.p2.1 | v.p2.3 | v.p2.5 | v.voc.1 | v.voc.2 | v.voc.3 | v.gra.2,Trộn nhiều dạng trong cùng chuyên đề để rèn phản xạ nhận diện. Ghép nhiều bước và tránh các bẫy quen thuộc.
PL-VAN-LOG-L3-012,Ôn lại · Suy luận ngôn ngữ & liên kết ý · Cấp 3,Văn,,Suy luận ngôn ngữ & liên kết ý,2,3,Ôn lại,12,17,70%,85%,81,PL-VAN-LOG-L3-011,3,6,3,v.p1.5 | v.p2.2 | v.p2.4 | v.p2.3 | v.p2.5 | v.voc.1 | v.gra.1 | v.rhe.1 | v.lit.2 | v.gra.2 | v.gra.3 | v.rhe.2,Quay lại các câu từng sai để kiến thức không phai theo thời gian. Ghép nhiều bước và tránh các bẫy quen thuộc.
PL-VAN-LOG-L3-013,Khởi động · Suy luận ngôn ngữ & liên kết ý · Cấp 3,Văn,,Suy luận ngôn ngữ & liên kết ý,2,3,Khởi động,12,19,70%,85%,63,PL-VAN-LOG-L3-012,3,6,3,v.p2.4 | v.voc.2 | v.voc.3 | v.log.2 | v.p1.4 | v.p2.3 | v.p2.5 | v.p1.1 | v.p2.1 | v.voc.1 | v.gra.1 | v.rhe.1,Nhắc lại công thức và nhận diện dạng bài trước khi vào phần nặng. Ghép nhiều bước và tránh các bẫy quen thuộc.
PL-VAN-LOG-L3-014,Rèn kỹ năng · Suy luận ngôn ngữ & liên kết ý · Cấp 3,Văn,,Suy luận ngôn ngữ & liên kết ý,2,3,Rèn kỹ năng,12,15,70%,85%,90,PL-VAN-LOG-L3-013,3,6,3,v.gra.3 | v.rhe.2 | v.lit.1 | v.lit.2 | v.log.1 | v.p1.2 | v.p1.3 | v.p1.5 | v.p2.2 | v.gra.1 | v.rhe.1 | v.log.2,Làm chắc một kỹ năng lõi qua các biến thể liên tiếp của cùng một dạng. Ghép nhiều bước và tránh các bẫy quen thuộc.
PL-VAN-LOG-L3-015,Thử thách · Suy luận ngôn ngữ & liên kết ý · Cấp 3,Văn,,Suy luận ngôn ngữ & liên kết ý,2,3,Thử thách,12,15,70%,85%,126,PL-VAN-LOG-L3-014,3,6,3,v.p2.5 | v.voc.1 | v.gra.1 | v.p2.3 | v.log.1 | v.p1.2 | v.p1.3 | v.p1.5 | v.p2.2 | v.p1.4 | v.p2.4 | v.voc.2,Đẩy lên mức khó hơn cấp hiện tại để chuẩn bị lên cấp. Ghép nhiều bước và tránh các bẫy quen thuộc.
PL-VAN-LOG-L3-016,Vượt ải · Suy luận ngôn ngữ & liên kết ý · Cấp 3,Văn,,Suy luận ngôn ngữ & liên kết ý,2,3,Vượt ải,12,14,70%,90%,162,PL-VAN-LOG-L3-015,3,6,3,v.rhe.1 | v.lit.2 | v.lit.1 | v.p1.2 | v.p1.3 | v.p1.5 | v.p2.2 | v.p2.4 | v.voc.2 | v.log.1 | v.voc.3 | v.gra.2,Bài kiểm tra chốt cấp độ của tuyến chuyên đề. Ghép nhiều bước và tránh các bẫy quen thuộc.
PL-VAN-LOG-L4-001,Khởi động · Suy luận ngôn ngữ & liên kết ý · Cấp 4,Văn,,Suy luận ngôn ngữ & liên kết ý,2,4,Khởi động,12,16,70%,85%,84,PL-VAN-LOG-L3-016,3,6,3,v.lit.1 | v.p1.1 | v.p2.1 | v.rhe.1 | v.lit.2 | v.log.1 | v.p1.2 | v.p1.3 | v.p1.5 | v.gra.2 | v.gra.3 | v.rhe.2,Nhắc lại công thức và nhận diện dạng bài trước khi vào phần nặng. Giữ độ chính xác khi thời gian bắt đầu siết lại.
PL-VAN-LOG-L4-002,Rèn kỹ năng · Suy luận ngôn ngữ & liên kết ý · Cấp 4,Văn,,Suy luận ngôn ngữ & liên kết ý,2,4,Rèn kỹ năng,12,13,70%,85%,120,PL-VAN-LOG-L4-001,3,6,3,v.gra.1 | v.rhe.1 | v.lit.2 | v.p2.4 | v.voc.2 | v.voc.3 | v.gra.2 | v.gra.3 | v.rhe.2 | v.p1.5 | v.p2.2 | v.lit.3,Làm chắc một kỹ năng lõi qua các biến thể liên tiếp của cùng một dạng. Giữ độ chính xác khi thời gian bắt đầu siết lại.
PL-VAN-LOG-L4-003,Tốc độ · Suy luận ngôn ngữ & liên kết ý · Cấp 4,Văn,,Suy luận ngôn ngữ & liên kết ý,2,4,Tốc độ,12,10,70%,85%,132,PL-VAN-LOG-L4-002,3,6,3,v.lit.2 | v.log.1 | v.p1.2 | v.p2.4 | v.voc.2 | v.voc.3 | v.gra.2 | v.gra.3 | v.rhe.2 | v.p2.5 | v.voc.1 | v.gra.1,Rút ngắn thời gian trên mỗi câu mà vẫn giữ được độ chính xác. Giữ độ chính xác khi thời gian bắt đầu siết lại.
PL-VAN-LOG-L4-004,Chính xác · Suy luận ngôn ngữ & liên kết ý · Cấp 4,Văn,,Suy luận ngôn ngữ & liên kết ý,2,4,Chính xác,12,15,70%,85%,132,PL-VAN-LOG-L4-003,3,6,3,v.p1.5 | v.p2.2 | v.p2.4 | v.p1.1 | v.p1.4 | v.p2.1 | v.p2.3 | v.p2.5 | v.voc.1 | v.lit.2 | v.lit.1 | v.log.2,Loại bỏ lỗi ẩu và các bẫy quen thuộc trong chuyên đề. Giữ độ chính xác khi thời gian bắt đầu siết lại.
PL-VAN-LOG-L4-005,Tổng hợp · Suy luận ngôn ngữ & liên kết ý · Cấp 4,Văn,,Suy luận ngôn ngữ & liên kết ý,2,4,Tổng hợp,12,13,70%,85%,138,PL-VAN-LOG-L4-004,3,6,3,v.voc.2 | v.voc.3 | v.gra.2 | v.p2.3 | v.p2.5 | v.voc.1 | v.gra.1 | v.rhe.1 | v.lit.2 | v.p1.4 | v.log.1 | v.p1.2,Trộn nhiều dạng trong cùng chuyên đề để rèn phản xạ nhận diện. Giữ độ chính xác khi thời gian bắt đầu siết lại.
PL-VAN-LOG-L4-006,Ôn lại · Suy luận ngôn ngữ & liên kết ý · Cấp 4,Văn,,Suy luận ngôn ngữ & liên kết ý,2,4,Ôn lại,12,14,70%,85%,108,PL-VAN-LOG-L4-005,3,6,3,v.gra.3 | v.rhe.2 | v.lit.1 | v.voc.1 | v.gra.1 | v.rhe.1 | v.lit.2 | v.log.1 | v.p1.2 | v.p1.3 | v.p1.5 | v.p2.2,Quay lại các câu từng sai để kiến thức không phai theo thời gian. Giữ độ chính xác khi thời gian bắt đầu siết lại.
PL-VAN-LOG-L4-007,Khởi động · Suy luận ngôn ngữ & liên kết ý · Cấp 4,Văn,,Suy luận ngôn ngữ & liên kết ý,2,4,Khởi động,12,16,70%,85%,84,PL-VAN-LOG-L4-006,3,6,3,v.lit.3 | v.lit.4 | v.log.2 | v.p2.5 | v.p1.1 | v.p2.1 | v.voc.1 | v.gra.1 | v.rhe.1 | v.voc.3 | v.gra.2 | v.gra.3,Nhắc lại công thức và nhận diện dạng bài trước khi vào phần nặng. Giữ độ chính xác khi thời gian bắt đầu siết lại.
PL-VAN-LOG-L4-008,Rèn kỹ năng · Suy luận ngôn ngữ & liên kết ý · Cấp 4,Văn,,Suy luận ngôn ngữ & liên kết ý,2,4,Rèn kỹ năng,12,13,70%,85%,120,PL-VAN-LOG-L4-007,3,6,3,v.p1.4 | v.p2.3 | v.p2.5 | v.p1.3 | v.p1.5 | v.p2.2 | v.p2.4 | v.voc.2 | v.voc.3 | v.voc.1 | v.gra.1 | v.rhe.1,Làm chắc một kỹ năng lõi qua các biến thể liên tiếp của cùng một dạng. Giữ độ chính xác khi thời gian bắt đầu siết lại.
PL-VAN-LOG-L4-009,Tốc độ · Suy luận ngôn ngữ & liên kết ý · Cấp 4,Văn,,Suy luận ngôn ngữ & liên kết ý,2,4,Tốc độ,12,10,70%,85%,132,PL-VAN-LOG-L4-008,3,6,3,v.lit.1 | v.p1.1 | v.p2.1 | v.p1.2 | v.p1.3 | v.p1.5 | v.p2.2 | v.p2.4 | v.voc.2 | v.rhe.1 | v.lit.2 | v.log.1,Rút ngắn thời gian trên mỗi câu mà vẫn giữ được độ chính xác. Giữ độ chính xác khi thời gian bắt đầu siết lại.
PL-VAN-LOG-L4-010,Chính xác · Suy luận ngôn ngữ & liên kết ý · Cấp 4,Văn,,Suy luận ngôn ngữ & liên kết ý,2,4,Chính xác,12,15,70%,85%,132,PL-VAN-LOG-L4-009,3,6,3,v.gra.1 | v.rhe.1 | v.lit.2 | v.gra.2 | v.gra.3 | v.rhe.2 | v.lit.3 | v.lit.4 | v.log.2 | v.p2.3 | v.p2.5 | v.log.1,Loại bỏ lỗi ẩu và các bẫy quen thuộc trong chuyên đề. Giữ độ chính xác khi thời gian bắt đầu siết lại.
PL-VAN-LOG-L4-011,Tổng hợp · Suy luận ngôn ngữ & liên kết ý · Cấp 4,Văn,,Suy luận ngôn ngữ & liên kết ý,2,4,Tổng hợp,12,13,70%,85%,138,PL-VAN-LOG-L4-010,3,6,3,v.log.1 | v.p1.2 | v.p1.3 | v.p1.1 | v.p1.4 | v.p2.1 | v.p2.3 | v.p2.5 | v.voc.1 | v.voc.2 | v.voc.3 | v.gra.2,Trộn nhiều dạng trong cùng chuyên đề để rèn phản xạ nhận diện. Giữ độ chính xác khi thời gian bắt đầu siết lại.
PL-VAN-LOG-L4-012,Ôn lại · Suy luận ngôn ngữ & liên kết ý · Cấp 4,Văn,,Suy luận ngôn ngữ & liên kết ý,2,4,Ôn lại,12,14,70%,85%,108,PL-VAN-LOG-L4-011,3,6,3,v.p1.5 | v.p2.2 | v.p2.4 | v.p2.3 | v.p2.5 | v.voc.1 | v.gra.1 | v.rhe.1 | v.lit.2 | v.gra.2 | v.gra.3 | v.rhe.2,Quay lại các câu từng sai để kiến thức không phai theo thời gian. Giữ độ chính xác khi thời gian bắt đầu siết lại.
PL-VAN-LOG-L4-013,Khởi động · Suy luận ngôn ngữ & liên kết ý · Cấp 4,Văn,,Suy luận ngôn ngữ & liên kết ý,2,4,Khởi động,12,16,70%,85%,84,PL-VAN-LOG-L4-012,3,6,3,v.p2.4 | v.voc.2 | v.voc.3 | v.log.2 | v.p1.4 | v.p2.3 | v.p2.5 | v.p1.1 | v.p2.1 | v.voc.1 | v.gra.1 | v.rhe.1,Nhắc lại công thức và nhận diện dạng bài trước khi vào phần nặng. Giữ độ chính xác khi thời gian bắt đầu siết lại.
PL-VAN-LOG-L4-014,Rèn kỹ năng · Suy luận ngôn ngữ & liên kết ý · Cấp 4,Văn,,Suy luận ngôn ngữ & liên kết ý,2,4,Rèn kỹ năng,12,13,70%,85%,120,PL-VAN-LOG-L4-013,3,6,3,v.gra.3 | v.rhe.2 | v.lit.1 | v.lit.2 | v.log.1 | v.p1.2 | v.p1.3 | v.p1.5 | v.p2.2 | v.gra.1 | v.rhe.1 | v.log.2,Làm chắc một kỹ năng lõi qua các biến thể liên tiếp của cùng một dạng. Giữ độ chính xác khi thời gian bắt đầu siết lại.
PL-VAN-LOG-L4-015,Thử thách · Suy luận ngôn ngữ & liên kết ý · Cấp 4,Văn,,Suy luận ngôn ngữ & liên kết ý,2,4,Thử thách,12,13,70%,85%,168,PL-VAN-LOG-L4-014,3,6,3,v.p2.5 | v.voc.1 | v.gra.1 | v.p2.3 | v.log.1 | v.p1.2 | v.p1.3 | v.p1.5 | v.p2.2 | v.p1.4 | v.p2.4 | v.voc.2,Đẩy lên mức khó hơn cấp hiện tại để chuẩn bị lên cấp. Giữ độ chính xác khi thời gian bắt đầu siết lại.
PL-VAN-LOG-L4-016,Vượt ải · Suy luận ngôn ngữ & liên kết ý · Cấp 4,Văn,,Suy luận ngôn ngữ & liên kết ý,2,4,Vượt ải,12,12,70%,90%,216,PL-VAN-LOG-L4-015,3,6,3,v.rhe.1 | v.lit.2 | v.lit.1 | v.p1.2 | v.p1.3 | v.p1.5 | v.p2.2 | v.p2.4 | v.voc.2 | v.log.1 | v.voc.3 | v.gra.2,Bài kiểm tra chốt cấp độ của tuyến chuyên đề. Giữ độ chính xác khi thời gian bắt đầu siết lại.
PL-VAN-LOG-L5-001,Khởi động · Suy luận ngôn ngữ & liên kết ý · Cấp 5,Văn,,Suy luận ngôn ngữ & liên kết ý,3,5,Khởi động,14,20,70%,85%,112,PL-VAN-LOG-L4-016,4,7,3,v.p1.1 | v.p2.1 | v.voc.1 | v.gra.1 | v.p1.3 | v.p1.5 | v.p2.2 | v.p2.4 | v.voc.2 | v.voc.3 | v.gra.2 | v.log.1 | v.p1.2 | v.gra.3,Nhắc lại công thức và nhận diện dạng bài trước khi vào phần nặng. Xử lý câu phân loại mà không mất nhịp.
PL-VAN-LOG-L5-002,Rèn kỹ năng · Suy luận ngôn ngữ & liên kết ý · Cấp 5,Văn,,Suy luận ngôn ngữ & liên kết ý,3,5,Rèn kỹ năng,14,16,70%,85%,160,PL-VAN-LOG-L5-001,4,7,3,v.p1.5 | v.p2.2 | v.p2.4 | v.voc.2 | v.p1.2 | v.p1.3 | v.voc.3 | v.gra.2 | v.gra.3 | v.rhe.2 | v.lit.3 | v.p2.1 | v.voc.1 | v.gra.1,Làm chắc một kỹ năng lõi qua các biến thể liên tiếp của cùng một dạng. Xử lý câu phân loại mà không mất nhịp.
PL-VAN-LOG-L5-003,Tốc độ · Suy luận ngôn ngữ & liên kết ý · Cấp 5,Văn,,Suy luận ngôn ngữ & liên kết ý,3,5,Tốc độ,14,12,70%,85%,176,PL-VAN-LOG-L5-002,4,7,3,v.log.1 | v.p1.2 | v.p1.3 | v.p1.5 | v.lit.4 | v.log.2 | v.p1.1 | v.p1.4 | v.p2.1 | v.p2.3 | v.p2.5 | v.rhe.1 | v.lit.2 | v.lit.1,Rút ngắn thời gian trên mỗi câu mà vẫn giữ được độ chính xác. Xử lý câu phân loại mà không mất nhịp.
PL-VAN-LOG-L5-004,Chính xác · Suy luận ngôn ngữ & liên kết ý · Cấp 5,Văn,,Suy luận ngôn ngữ & liên kết ý,3,5,Chính xác,14,19,70%,85%,176,PL-VAN-LOG-L5-003,4,7,3,v.gra.3 | v.rhe.2 | v.lit.3 | v.lit.4 | v.voc.3 | v.gra.2 | v.p1.1 | v.p2.1 | v.voc.1 | v.gra.1 | v.rhe.1 | v.log.2 | v.p1.4 | v.p2.3,Loại bỏ lỗi ẩu và các bẫy quen thuộc trong chuyên đề. Xử lý câu phân loại mà không mất nhịp.
PL-VAN-LOG-L5-005,Tổng hợp · Suy luận ngôn ngữ & liên kết ý · Cấp 5,Văn,,Suy luận ngôn ngữ & liên kết ý,3,5,Tổng hợp,14,16,70%,85%,184,PL-VAN-LOG-L5-004,4,7,3,v.lit.4 | v.log.2 | v.p1.1 | v.p1.4 | v.p2.1 | v.voc.1 | v.gra.1 | v.rhe.1 | v.lit.2 | v.lit.1 | v.p2.3 | v.p1.3 | v.p1.5 | v.p2.2,Trộn nhiều dạng trong cùng chuyên đề để rèn phản xạ nhận diện. Xử lý câu phân loại mà không mất nhịp.
PL-VAN-LOG-L5-006,Ôn lại · Suy luận ngôn ngữ & liên kết ý · Cấp 5,Văn,,Suy luận ngôn ngữ & liên kết ý,3,5,Ôn lại,14,18,70%,85%,144,PL-VAN-LOG-L5-005,4,7,3,v.p1.4 | v.p2.1 | v.p2.3 | v.p2.5 | v.rhe.1 | v.lit.2 | v.lit.1 | v.log.2 | v.log.1 | v.p1.2 | v.p1.3 | v.gra.3 | v.rhe.2 | v.lit.3,Quay lại các câu từng sai để kiến thức không phai theo thời gian. Xử lý câu phân loại mà không mất nhịp.
PL-VAN-LOG-L5-007,Khởi động · Suy luận ngôn ngữ & liên kết ý · Cấp 5,Văn,,Suy luận ngôn ngữ & liên kết ý,3,5,Khởi động,14,20,70%,85%,112,PL-VAN-LOG-L5-006,4,7,3,v.lit.3 | v.lit.4 | v.log.2 | v.p1.4 | v.log.1 | v.p1.2 | v.p1.3 | v.p1.5 | v.p2.2 | v.p2.4 | v.voc.2 | v.gra.1 | v.rhe.1 | v.lit.2,Nhắc lại công thức và nhận diện dạng bài trước khi vào phần nặng. Xử lý câu phân loại mà không mất nhịp.
PL-VAN-LOG-L5-008,Rèn kỹ năng · Suy luận ngôn ngữ & liên kết ý · Cấp 5,Văn,,Suy luận ngôn ngữ & liên kết ý,3,5,Rèn kỹ năng,14,16,70%,85%,160,PL-VAN-LOG-L5-007,4,7,3,v.rhe.1 | v.lit.2 | v.lit.1 | v.log.1 | v.p2.5 | v.p1.2 | v.p1.3 | v.p1.5 | v.p2.2 | v.p2.4 | v.voc.2 | v.gra.1 | v.log.2 | v.p1.4,Làm chắc một kỹ năng lõi qua các biến thể liên tiếp của cùng một dạng. Xử lý câu phân loại mà không mất nhịp.
PL-VAN-LOG-L5-009,Tốc độ · Suy luận ngôn ngữ & liên kết ý · Cấp 5,Văn,,Suy luận ngôn ngữ & liên kết ý,3,5,Tốc độ,14,12,70%,85%,176,PL-VAN-LOG-L5-008,4,7,3,v.p1.1 | v.p2.1 | v.voc.1 | v.gra.1 | v.voc.2 | v.voc.3 | v.gra.2 | v.gra.3 | v.rhe.2 | v.lit.3 | v.lit.4 | v.p2.3 | v.p2.5 | v.log.1,Rút ngắn thời gian trên mỗi câu mà vẫn giữ được độ chính xác. Xử lý câu phân loại mà không mất nhịp.
PL-VAN-LOG-L5-010,Chính xác · Suy luận ngôn ngữ & liên kết ý · Cấp 5,Văn,,Suy luận ngôn ngữ & liên kết ý,3,5,Chính xác,14,19,70%,85%,176,PL-VAN-LOG-L5-009,4,7,3,v.p1.5 | v.p2.2 | v.p2.4 | v.voc.2 | v.gra.3 | v.rhe.2 | v.lit.3 | v.lit.4 | v.p1.1 | v.p2.1 | v.voc.1 | v.p1.2 | v.p1.3 | v.voc.3,Loại bỏ lỗi ẩu và các bẫy quen thuộc trong chuyên đề. Xử lý câu phân loại mà không mất nhịp.
PL-VAN-LOG-L5-011,Tổng hợp · Suy luận ngôn ngữ & liên kết ý · Cấp 5,Văn,,Suy luận ngôn ngữ & liên kết ý,3,5,Tổng hợp,14,16,70%,85%,184,PL-VAN-LOG-L5-010,4,7,3,v.voc.2 | v.voc.3 | v.gra.2 | v.gra.3 | v.lit.4 | v.p1.1 | v.p2.1 | v.voc.1 | v.gra.1 | v.rhe.1 | v.lit.2 | v.p2.2 | v.p2.4 | v.rhe.2,Trộn nhiều dạng trong cùng chuyên đề để rèn phản xạ nhận diện. Xử lý câu phân loại mà không mất nhịp.
PL-VAN-LOG-L5-012,Thử thách · Suy luận ngôn ngữ & liên kết ý · Cấp 5,Văn,,Suy luận ngôn ngữ & liên kết ý,3,5,Thử thách,14,16,70%,85%,224,PL-VAN-LOG-L5-011,4,7,3,v.p2.4 | v.voc.2 | v.voc.3 | v.gra.2 | v.voc.1 | v.gra.1 | v.rhe.1 | v.lit.2 | v.lit.1 | v.log.2 | v.p1.4 | v.p1.1 | v.p2.1 | v.p2.3,Đẩy lên mức khó hơn cấp hiện tại để chuẩn bị lên cấp. Xử lý câu phân loại mà không mất nhịp.
PL-VAN-LOG-L5-013,Vượt ải · Suy luận ngôn ngữ & liên kết ý · Cấp 5,Văn,,Suy luận ngôn ngữ & liên kết ý,3,5,Vượt ải,14,16,70%,90%,288,PL-VAN-LOG-L5-012,4,7,3,v.gra.2 | v.gra.3 | v.rhe.2 | v.lit.3 | v.lit.2 | v.lit.1 | v.log.2 | v.p1.4 | v.p2.3 | v.p2.5 | v.log.1 | v.p1.3 | v.p1.5 | v.p2.2,Bài kiểm tra chốt cấp độ của tuyến chuyên đề. Xử lý câu phân loại mà không mất nhịp.
PL-VAN-LOG-L6-001,Khởi động · Suy luận ngôn ngữ & liên kết ý · Cấp 6,Văn,,Suy luận ngôn ngữ & liên kết ý,3,6,Khởi động,15,19,70%,85%,154,PL-VAN-LOG-L5-013,4,7,4,v.log.1 | v.p1.2 | v.p1.3 | v.p1.5 | v.p2.3 | v.p2.5 | v.p2.2 | v.p2.4 | v.voc.2 | v.voc.3 | v.gra.2 | v.lit.3 | v.lit.4 | v.p1.1 | v.p2.1,Nhắc lại công thức và nhận diện dạng bài trước khi vào phần nặng. Tốc độ và độ chính xác của nhóm dẫn đầu phổ điểm.
PL-VAN-LOG-L6-002,Rèn kỹ năng · Suy luận ngôn ngữ & liên kết ý · Cấp 6,Văn,,Suy luận ngôn ngữ & liên kết ý,3,6,Rèn kỹ năng,15,15,70%,85%,220,PL-VAN-LOG-L6-001,4,7,4,v.p2.5 | v.log.1 | v.p1.2 | v.p1.3 | v.p2.4 | v.voc.2 | v.voc.3 | v.gra.2 | v.gra.3 | v.rhe.2 | v.lit.3 | v.p2.1 | v.voc.1 | v.gra.1 | v.rhe.1,Làm chắc một kỹ năng lõi qua các biến thể liên tiếp của cùng một dạng. Tốc độ và độ chính xác của nhóm dẫn đầu phổ điểm.
PL-VAN-LOG-L6-003,Tốc độ · Suy luận ngôn ngữ & liên kết ý · Cấp 6,Văn,,Suy luận ngôn ngữ & liên kết ý,3,6,Tốc độ,15,11,70%,85%,242,PL-VAN-LOG-L6-002,4,7,4,v.voc.2 | v.voc.3 | v.gra.2 | v.gra.3 | v.p2.2 | v.p2.4 | v.rhe.2 | v.lit.3 | v.lit.4 | v.p1.1 | v.p2.1 | v.rhe.1 | v.lit.2 | v.lit.1 | v.log.2,Rút ngắn thời gian trên mỗi câu mà vẫn giữ được độ chính xác. Tốc độ và độ chính xác của nhóm dẫn đầu phổ điểm.
PL-VAN-LOG-L6-004,Chính xác · Suy luận ngôn ngữ & liên kết ý · Cấp 6,Văn,,Suy luận ngôn ngữ & liên kết ý,3,6,Chính xác,15,17,70%,85%,242,PL-VAN-LOG-L6-003,4,7,4,v.p2.4 | v.voc.2 | v.voc.3 | v.gra.2 | v.lit.3 | v.lit.4 | v.p1.1 | v.p2.1 | v.voc.1 | v.gra.1 | v.rhe.1 | v.log.2 | v.p1.4 | v.p2.3 | v.p2.5,Loại bỏ lỗi ẩu và các bẫy quen thuộc trong chuyên đề. Tốc độ và độ chính xác của nhóm dẫn đầu phổ điểm.
PL-VAN-LOG-L6-005,Tổng hợp · Suy luận ngôn ngữ & liên kết ý · Cấp 6,Văn,,Suy luận ngôn ngữ & liên kết ý,3,6,Tổng hợp,15,15,70%,85%,253,PL-VAN-LOG-L6-004,4,7,4,v.gra.2 | v.gra.3 | v.rhe.2 | v.lit.3 | v.p2.1 | v.voc.1 | v.gra.1 | v.rhe.1 | v.lit.2 | v.lit.1 | v.log.2 | v.log.1 | v.p1.2 | v.p1.3 | v.p1.5,Trộn nhiều dạng trong cùng chuyên đề để rèn phản xạ nhận diện. Tốc độ và độ chính xác của nhóm dẫn đầu phổ điểm.
PL-VAN-LOG-L6-006,Ôn lại · Suy luận ngôn ngữ & liên kết ý · Cấp 6,Văn,,Suy luận ngôn ngữ & liên kết ý,3,6,Ôn lại,15,17,70%,85%,198,PL-VAN-LOG-L6-005,4,7,4,v.lit.3 | v.lit.4 | v.p1.1 | v.p2.1 | v.rhe.1 | v.lit.2 | v.lit.1 | v.log.2 | v.p1.4 | v.p2.3 | v.p2.5 | v.voc.2 | v.voc.3 | v.gra.2 | v.gra.3,Quay lại các câu từng sai để kiến thức không phai theo thời gian. Tốc độ và độ chính xác của nhóm dẫn đầu phổ điểm.
PL-VAN-LOG-L6-007,Khởi động · Suy luận ngôn ngữ & liên kết ý · Cấp 6,Văn,,Suy luận ngôn ngữ & liên kết ý,3,6,Khởi động,15,19,70%,85%,154,PL-VAN-LOG-L6-006,4,7,4,v.p2.5 | v.voc.1 | v.gra.1 | v.rhe.1 | v.log.2 | v.p1.4 | v.p2.3 | v.log.1 | v.p1.2 | v.p1.3 | v.p1.5 | v.p1.1 | v.p2.1 | v.lit.2 | v.lit.1,Nhắc lại công thức và nhận diện dạng bài trước khi vào phần nặng. Tốc độ và độ chính xác của nhóm dẫn đầu phổ điểm.
PL-VAN-LOG-L6-008,Rèn kỹ năng · Suy luận ngôn ngữ & liên kết ý · Cấp 6,Văn,,Suy luận ngôn ngữ & liên kết ý,3,6,Rèn kỹ năng,15,15,70%,85%,220,PL-VAN-LOG-L6-007,4,7,4,v.rhe.1 | v.lit.2 | v.lit.1 | v.log.2 | v.log.1 | v.p1.2 | v.p1.3 | v.p1.5 | v.p2.2 | v.p2.4 | v.voc.2 | v.gra.1 | v.p1.4 | v.p2.3 | v.p2.5,Làm chắc một kỹ năng lõi qua các biến thể liên tiếp của cùng một dạng. Tốc độ và độ chính xác của nhóm dẫn đầu phổ điểm.
PL-VAN-LOG-L6-009,Thử thách · Suy luận ngôn ngữ & liên kết ý · Cấp 6,Văn,,Suy luận ngôn ngữ & liên kết ý,3,6,Thử thách,15,15,70%,85%,308,PL-VAN-LOG-L6-008,4,7,4,v.log.2 | v.p1.4 | v.p2.3 | v.p2.5 | v.voc.2 | v.voc.3 | v.gra.2 | v.gra.3 | v.rhe.2 | v.lit.3 | v.lit.4 | v.p1.3 | v.p1.5 | v.p2.2 | v.p2.4,Đẩy lên mức khó hơn cấp hiện tại để chuẩn bị lên cấp. Tốc độ và độ chính xác của nhóm dẫn đầu phổ điểm.
PL-VAN-LOG-L6-010,Vượt ải · Suy luận ngôn ngữ & liên kết ý · Cấp 6,Văn,,Suy luận ngôn ngữ & liên kết ý,3,6,Vượt ải,15,14,70%,90%,396,PL-VAN-LOG-L6-009,4,7,4,v.p2.5 | v.log.1 | v.p1.2 | v.p1.3 | v.gra.3 | v.rhe.2 | v.lit.3 | v.lit.4 | v.p1.1 | v.p2.1 | v.voc.1 | v.p2.4 | v.voc.2 | v.voc.3 | v.gra.2,Bài kiểm tra chốt cấp độ của tuyến chuyên đề. Tốc độ và độ chính xác của nhóm dẫn đầu phổ điểm.
PL-LY-MEC-L1-001,Khởi động · Cơ học · Cấp 1,Khoa học,Vật lý,Cơ học,1,1,Khởi động,8,10,70%,85%,28,,2,4,2,s.phy.2 | s.phy.1 | s.phy.5 | s.phy.6 | s.phy.8 | s.phy.10 | s.phy.3 | s.phy.4,Nhắc lại công thức và nhận diện dạng bài trước khi vào phần nặng. Nhận diện dạng bài và nhớ lại công thức nền.
PL-LY-MEC-L1-002,Rèn kỹ năng · Cơ học · Cấp 1,Khoa học,Vật lý,Cơ học,1,1,Rèn kỹ năng,8,8,70%,85%,40,PL-LY-MEC-L1-001,2,4,2,s.phy.4 | s.phy.5 | s.phy.2 | s.phy.7 | s.phy.9 | s.phy.1 | s.phy.10 | s.phy.3,Làm chắc một kỹ năng lõi qua các biến thể liên tiếp của cùng một dạng. Nhận diện dạng bài và nhớ lại công thức nền.
PL-LY-MEC-L1-003,Tốc độ · Cơ học · Cấp 1,Khoa học,Vật lý,Cơ học,1,1,Tốc độ,8,6,70%,85%,44,PL-LY-MEC-L1-002,2,4,2,s.phy.8 | s.phy.10 | s.phy.2 | s.phy.1 | s.phy.3 | s.phy.4 | s.phy.7 | s.phy.9,Rút ngắn thời gian trên mỗi câu mà vẫn giữ được độ chính xác. Nhận diện dạng bài và nhớ lại công thức nền.
PL-LY-MEC-L1-004,Chính xác · Cơ học · Cấp 1,Khoa học,Vật lý,Cơ học,1,1,Chính xác,8,9,70%,85%,44,PL-LY-MEC-L1-003,2,4,2,s.phy.9 | s.phy.2 | s.phy.5 | s.phy.6 | s.phy.8 | s.phy.10 | s.phy.1 | s.phy.3,Loại bỏ lỗi ẩu và các bẫy quen thuộc trong chuyên đề. Nhận diện dạng bài và nhớ lại công thức nền.
PL-LY-MEC-L1-005,Thử thách · Cơ học · Cấp 1,Khoa học,Vật lý,Cơ học,1,1,Thử thách,8,8,70%,85%,56,PL-LY-MEC-L1-004,2,4,2,s.phy.4 | s.phy.5 | s.phy.10 | s.phy.2 | s.phy.7 | s.phy.9 | s.phy.1 | s.phy.3,Đẩy lên mức khó hơn cấp hiện tại để chuẩn bị lên cấp. Nhận diện dạng bài và nhớ lại công thức nền.
PL-LY-MEC-L1-006,Vượt ải · Cơ học · Cấp 1,Khoa học,Vật lý,Cơ học,1,1,Vượt ải,8,8,70%,90%,72,PL-LY-MEC-L1-005,2,4,2,s.phy.8 | s.phy.10 | s.phy.9 | s.phy.1 | s.phy.3 | s.phy.4 | s.phy.2 | s.phy.7,Bài kiểm tra chốt cấp độ của tuyến chuyên đề. Nhận diện dạng bài và nhớ lại công thức nền.
PL-LY-MEC-L2-001,Khởi động · Cơ học · Cấp 2,Khoa học,Vật lý,Cơ học,1,2,Khởi động,10,15,70%,85%,42,PL-LY-MEC-L1-006,3,5,2,s.phy.2 | s.phy.1 | s.phy.3 | s.phy.6 | s.phy.8 | s.phy.10 | s.phy.7 | s.phy.9 | s.phy.4 | s.phy.5,Nhắc lại công thức và nhận diện dạng bài trước khi vào phần nặng. Làm đúng dạng chuẩn mà không cần nhìn gợi ý.
PL-LY-MEC-L2-002,Rèn kỹ năng · Cơ học · Cấp 2,Khoa học,Vật lý,Cơ học,1,2,Rèn kỹ năng,10,12,70%,85%,60,PL-LY-MEC-L2-001,3,5,2,s.phy.4 | s.phy.5 | s.phy.6 | s.phy.7 | s.phy.9 | s.phy.1 | s.phy.3 | s.phy.8 | s.phy.2 | s.phy.10,Làm chắc một kỹ năng lõi qua các biến thể liên tiếp của cùng một dạng. Làm đúng dạng chuẩn mà không cần nhìn gợi ý.
PL-LY-MEC-L2-003,Tốc độ · Cơ học · Cấp 2,Khoa học,Vật lý,Cơ học,1,2,Tốc độ,10,9,70%,85%,66,PL-LY-MEC-L2-002,3,5,2,s.phy.8 | s.phy.10 | s.phy.7 | s.phy.1 | s.phy.3 | s.phy.4 | s.phy.5 | s.phy.6 | s.phy.2 | s.phy.9,Rút ngắn thời gian trên mỗi câu mà vẫn giữ được độ chính xác. Làm đúng dạng chuẩn mà không cần nhìn gợi ý.
PL-LY-MEC-L2-004,Chính xác · Cơ học · Cấp 2,Khoa học,Vật lý,Cơ học,1,2,Chính xác,10,13,70%,85%,66,PL-LY-MEC-L2-003,3,5,2,s.phy.9 | s.phy.2 | s.phy.1 | s.phy.8 | s.phy.10 | s.phy.7 | s.phy.3 | s.phy.4 | s.phy.6 | s.phy.5,Loại bỏ lỗi ẩu và các bẫy quen thuộc trong chuyên đề. Làm đúng dạng chuẩn mà không cần nhìn gợi ý.
PL-LY-MEC-L2-005,Tổng hợp · Cơ học · Cấp 2,Khoa học,Vật lý,Cơ học,1,2,Tổng hợp,10,12,70%,85%,69,PL-LY-MEC-L2-004,3,5,2,s.phy.3 | s.phy.4 | s.phy.5 | s.phy.1 | s.phy.6 | s.phy.8 | s.phy.10 | s.phy.2 | s.phy.7 | s.phy.9,Trộn nhiều dạng trong cùng chuyên đề để rèn phản xạ nhận diện. Làm đúng dạng chuẩn mà không cần nhìn gợi ý.
PL-LY-MEC-L2-006,Thử thách · Cơ học · Cấp 2,Khoa học,Vật lý,Cơ học,1,2,Thử thách,10,12,70%,85%,84,PL-LY-MEC-L2-005,3,5,2,s.phy.8 | s.phy.10 | s.phy.2 | s.phy.3 | s.phy.4 | s.phy.5 | s.phy.6 | s.phy.7 | s.phy.1 | s.phy.9,Đẩy lên mức khó hơn cấp hiện tại để chuẩn bị lên cấp. Làm đúng dạng chuẩn mà không cần nhìn gợi ý.
PL-LY-MEC-L2-007,Vượt ải · Cơ học · Cấp 2,Khoa học,Vật lý,Cơ học,1,2,Vượt ải,10,11,70%,90%,108,PL-LY-MEC-L2-006,3,5,2,s.phy.7 | s.phy.9 | s.phy.1 | s.phy.2 | s.phy.3 | s.phy.4 | s.phy.5 | s.phy.6 | s.phy.8 | s.phy.10,Bài kiểm tra chốt cấp độ của tuyến chuyên đề. Làm đúng dạng chuẩn mà không cần nhìn gợi ý.
PL-LY-MEC-L3-001,Khởi động · Cơ học · Cấp 3,Khoa học,Vật lý,Cơ học,2,3,Khởi động,10,16,70%,85%,63,PL-LY-MEC-L2-007,2,6,2,s.phy.2 | s.phy.1 | s.phy.5 | s.phy.6 | s.phy.8 | s.phy.10 | s.phy.7 | s.phy.9 | s.phy.3 | s.phy.4,Nhắc lại công thức và nhận diện dạng bài trước khi vào phần nặng. Ghép nhiều bước và tránh các bẫy quen thuộc.
PL-LY-MEC-L3-002,Rèn kỹ năng · Cơ học · Cấp 3,Khoa học,Vật lý,Cơ học,2,3,Rèn kỹ năng,10,13,70%,85%,90,PL-LY-MEC-L3-001,2,6,2,s.phy.5 | s.phy.6 | s.phy.8 | s.phy.10 | s.phy.2 | s.phy.7 | s.phy.9 | s.phy.1 | s.phy.4 | s.phy.3,Làm chắc một kỹ năng lõi qua các biến thể liên tiếp của cùng một dạng. Ghép nhiều bước và tránh các bẫy quen thuộc.
PL-LY-MEC-L3-003,Tốc độ · Cơ học · Cấp 3,Khoa học,Vật lý,Cơ học,2,3,Tốc độ,10,9,70%,85%,99,PL-LY-MEC-L3-002,2,6,2,s.phy.8 | s.phy.10 | s.phy.1 | s.phy.3 | s.phy.4 | s.phy.5 | s.phy.6 | s.phy.2 | s.phy.7 | s.phy.9,Rút ngắn thời gian trên mỗi câu mà vẫn giữ được độ chính xác. Ghép nhiều bước và tránh các bẫy quen thuộc.
PL-LY-MEC-L3-004,Chính xác · Cơ học · Cấp 3,Khoa học,Vật lý,Cơ học,2,3,Chính xác,10,14,70%,85%,99,PL-LY-MEC-L3-003,2,6,2,s.phy.9 | s.phy.1 | s.phy.5 | s.phy.6 | s.phy.8 | s.phy.10 | s.phy.2 | s.phy.7 | s.phy.4 | s.phy.3,Loại bỏ lỗi ẩu và các bẫy quen thuộc trong chuyên đề. Ghép nhiều bước và tránh các bẫy quen thuộc.
PL-LY-MEC-L3-005,Tổng hợp · Cơ học · Cấp 3,Khoa học,Vật lý,Cơ học,2,3,Tổng hợp,10,13,70%,85%,103,PL-LY-MEC-L3-004,2,6,2,s.phy.4 | s.phy.5 | s.phy.10 | s.phy.2 | s.phy.7 | s.phy.9 | s.phy.1 | s.phy.3 | s.phy.6 | s.phy.8,Trộn nhiều dạng trong cùng chuyên đề để rèn phản xạ nhận diện. Ghép nhiều bước và tránh các bẫy quen thuộc.
PL-LY-MEC-L3-006,Ôn lại · Cơ học · Cấp 3,Khoa học,Vật lý,Cơ học,2,3,Ôn lại,10,14,70%,85%,81,PL-LY-MEC-L3-005,2,6,2,s.phy.8 | s.phy.10 | s.phy.9 | s.phy.1 | s.phy.3 | s.phy.4 | s.phy.5 | s.phy.6 | s.phy.2 | s.phy.7,Quay lại các câu từng sai để kiến thức không phai theo thời gian. Ghép nhiều bước và tránh các bẫy quen thuộc.
PL-LY-MEC-L3-007,Thử thách · Cơ học · Cấp 3,Khoa học,Vật lý,Cơ học,2,3,Thử thách,10,13,70%,85%,126,PL-LY-MEC-L3-006,2,6,2,s.phy.10 | s.phy.2 | s.phy.4 | s.phy.5 | s.phy.6 | s.phy.8 | s.phy.7 | s.phy.9 | s.phy.1 | s.phy.3,Đẩy lên mức khó hơn cấp hiện tại để chuẩn bị lên cấp. Ghép nhiều bước và tránh các bẫy quen thuộc.
PL-LY-MEC-L3-008,Vượt ải · Cơ học · Cấp 3,Khoa học,Vật lý,Cơ học,2,3,Vượt ải,10,12,70%,90%,162,PL-LY-MEC-L3-007,2,6,2,s.phy.9 | s.phy.1 | s.phy.2 | s.phy.7 | s.phy.3 | s.phy.4 | s.phy.5 | s.phy.6 | s.phy.10 | s.phy.8,Bài kiểm tra chốt cấp độ của tuyến chuyên đề. Ghép nhiều bước và tránh các bẫy quen thuộc.
PL-LY-MEC-L4-001,Khởi động · Cơ học · Cấp 4,Khoa học,Vật lý,Cơ học,2,4,Khởi động,10,14,70%,85%,84,PL-LY-MEC-L3-008,2,6,2,s.phy.2 | s.phy.1 | s.phy.5 | s.phy.6 | s.phy.8 | s.phy.10 | s.phy.7 | s.phy.9 | s.phy.3 | s.phy.4,Nhắc lại công thức và nhận diện dạng bài trước khi vào phần nặng. Giữ độ chính xác khi thời gian bắt đầu siết lại.
PL-LY-MEC-L4-002,Rèn kỹ năng · Cơ học · Cấp 4,Khoa học,Vật lý,Cơ học,2,4,Rèn kỹ năng,10,11,70%,85%,120,PL-LY-MEC-L4-001,2,6,2,s.phy.5 | s.phy.6 | s.phy.8 | s.phy.10 | s.phy.2 | s.phy.7 | s.phy.9 | s.phy.1 | s.phy.4 | s.phy.3,Làm chắc một kỹ năng lõi qua các biến thể liên tiếp của cùng một dạng. Giữ độ chính xác khi thời gian bắt đầu siết lại.
PL-LY-MEC-L4-003,Tốc độ · Cơ học · Cấp 4,Khoa học,Vật lý,Cơ học,2,4,Tốc độ,10,8,70%,85%,132,PL-LY-MEC-L4-002,2,6,2,s.phy.8 | s.phy.10 | s.phy.1 | s.phy.3 | s.phy.4 | s.phy.5 | s.phy.6 | s.phy.2 | s.phy.7 | s.phy.9,Rút ngắn thời gian trên mỗi câu mà vẫn giữ được độ chính xác. Giữ độ chính xác khi thời gian bắt đầu siết lại.
PL-LY-MEC-L4-004,Chính xác · Cơ học · Cấp 4,Khoa học,Vật lý,Cơ học,2,4,Chính xác,10,12,70%,85%,132,PL-LY-MEC-L4-003,2,6,2,s.phy.9 | s.phy.1 | s.phy.5 | s.phy.6 | s.phy.8 | s.phy.10 | s.phy.2 | s.phy.7 | s.phy.4 | s.phy.3,Loại bỏ lỗi ẩu và các bẫy quen thuộc trong chuyên đề. Giữ độ chính xác khi thời gian bắt đầu siết lại.
PL-LY-MEC-L4-005,Tổng hợp · Cơ học · Cấp 4,Khoa học,Vật lý,Cơ học,2,4,Tổng hợp,10,11,70%,85%,138,PL-LY-MEC-L4-004,2,6,2,s.phy.4 | s.phy.5 | s.phy.10 | s.phy.2 | s.phy.7 | s.phy.9 | s.phy.1 | s.phy.3 | s.phy.6 | s.phy.8,Trộn nhiều dạng trong cùng chuyên đề để rèn phản xạ nhận diện. Giữ độ chính xác khi thời gian bắt đầu siết lại.
PL-LY-MEC-L4-006,Ôn lại · Cơ học · Cấp 4,Khoa học,Vật lý,Cơ học,2,4,Ôn lại,10,12,70%,85%,108,PL-LY-MEC-L4-005,2,6,2,s.phy.8 | s.phy.10 | s.phy.9 | s.phy.1 | s.phy.3 | s.phy.4 | s.phy.5 | s.phy.6 | s.phy.2 | s.phy.7,Quay lại các câu từng sai để kiến thức không phai theo thời gian. Giữ độ chính xác khi thời gian bắt đầu siết lại.
PL-LY-MEC-L4-007,Thử thách · Cơ học · Cấp 4,Khoa học,Vật lý,Cơ học,2,4,Thử thách,10,11,70%,85%,168,PL-LY-MEC-L4-006,2,6,2,s.phy.10 | s.phy.2 | s.phy.4 | s.phy.5 | s.phy.6 | s.phy.8 | s.phy.7 | s.phy.9 | s.phy.1 | s.phy.3,Đẩy lên mức khó hơn cấp hiện tại để chuẩn bị lên cấp. Giữ độ chính xác khi thời gian bắt đầu siết lại.
PL-LY-MEC-L4-008,Vượt ải · Cơ học · Cấp 4,Khoa học,Vật lý,Cơ học,2,4,Vượt ải,10,10,70%,90%,216,PL-LY-MEC-L4-007,2,6,2,s.phy.9 | s.phy.1 | s.phy.2 | s.phy.7 | s.phy.3 | s.phy.4 | s.phy.5 | s.phy.6 | s.phy.10 | s.phy.8,Bài kiểm tra chốt cấp độ của tuyến chuyên đề. Giữ độ chính xác khi thời gian bắt đầu siết lại.
PL-LY-MEC-L5-001,Khởi động · Cơ học · Cấp 5,Khoa học,Vật lý,Cơ học,3,5,Khởi động,10,15,70%,85%,112,PL-LY-MEC-L4-008,2,6,2,s.phy.1 | s.phy.3 | s.phy.4 | s.phy.5 | s.phy.6 | s.phy.8 | s.phy.10 | s.phy.2 | s.phy.7 | s.phy.9,Nhắc lại công thức và nhận diện dạng bài trước khi vào phần nặng. Xử lý câu phân loại mà không mất nhịp.
PL-LY-MEC-L5-002,Rèn kỹ năng · Cơ học · Cấp 5,Khoa học,Vật lý,Cơ học,3,5,Rèn kỹ năng,10,12,70%,85%,160,PL-LY-MEC-L5-001,2,6,2,s.phy.3 | s.phy.4 | s.phy.8 | s.phy.10 | s.phy.2 | s.phy.7 | s.phy.9 | s.phy.1 | s.phy.6 | s.phy.5,Làm chắc một kỹ năng lõi qua các biến thể liên tiếp của cùng một dạng. Xử lý câu phân loại mà không mất nhịp.
PL-LY-MEC-L5-003,Tốc độ · Cơ học · Cấp 5,Khoa học,Vật lý,Cơ học,3,5,Tốc độ,10,9,70%,85%,176,PL-LY-MEC-L5-002,2,6,2,s.phy.10 | s.phy.2 | s.phy.7 | s.phy.9 | s.phy.1 | s.phy.3 | s.phy.4 | s.phy.5 | s.phy.6 | s.phy.8,Rút ngắn thời gian trên mỗi câu mà vẫn giữ được độ chính xác. Xử lý câu phân loại mà không mất nhịp.
PL-LY-MEC-L5-004,Chính xác · Cơ học · Cấp 5,Khoa học,Vật lý,Cơ học,3,5,Chính xác,10,13,70%,85%,176,PL-LY-MEC-L5-003,2,6,2,s.phy.2 | s.phy.7 | s.phy.4 | s.phy.5 | s.phy.6 | s.phy.8 | s.phy.10 | s.phy.9 | s.phy.3 | s.phy.1,Loại bỏ lỗi ẩu và các bẫy quen thuộc trong chuyên đề. Xử lý câu phân loại mà không mất nhịp.
PL-LY-MEC-L5-005,Thử thách · Cơ học · Cấp 5,Khoa học,Vật lý,Cơ học,3,5,Thử thách,10,12,70%,85%,224,PL-LY-MEC-L5-004,2,6,2,s.phy.1 | s.phy.3 | s.phy.10 | s.phy.2 | s.phy.7 | s.phy.9 | s.phy.4 | s.phy.5 | s.phy.6 | s.phy.8,Đẩy lên mức khó hơn cấp hiện tại để chuẩn bị lên cấp. Xử lý câu phân loại mà không mất nhịp.
PL-LY-MEC-L5-006,Vượt ải · Cơ học · Cấp 5,Khoa học,Vật lý,Cơ học,3,5,Vượt ải,10,11,70%,90%,288,PL-LY-MEC-L5-005,2,6,2,s.phy.5 | s.phy.6 | s.phy.9 | s.phy.1 | s.phy.3 | s.phy.4 | s.phy.8 | s.phy.10 | s.phy.2 | s.phy.7,Bài kiểm tra chốt cấp độ của tuyến chuyên đề. Xử lý câu phân loại mà không mất nhịp.
PL-LY-MEC-L6-001,Khởi động · Cơ học · Cấp 6,Khoa học,Vật lý,Cơ học,3,6,Khởi động,10,13,70%,85%,154,PL-LY-MEC-L5-006,2,5,3,s.phy.7 | s.phy.9 | s.phy.4 | s.phy.5 | s.phy.6 | s.phy.8 | s.phy.10 | s.phy.3 | s.phy.2 | s.phy.1,Nhắc lại công thức và nhận diện dạng bài trước khi vào phần nặng. Tốc độ và độ chính xác của nhóm dẫn đầu phổ điểm.
PL-LY-MEC-L6-002,Rèn kỹ năng · Cơ học · Cấp 6,Khoa học,Vật lý,Cơ học,3,6,Rèn kỹ năng,10,10,70%,85%,220,PL-LY-MEC-L6-001,2,5,3,s.phy.3 | s.phy.4 | s.phy.8 | s.phy.10 | s.phy.2 | s.phy.7 | s.phy.9 | s.phy.5 | s.phy.6 | s.phy.1,Làm chắc một kỹ năng lõi qua các biến thể liên tiếp của cùng một dạng. Tốc độ và độ chính xác của nhóm dẫn đầu phổ điểm.
PL-LY-MEC-L6-003,Tốc độ · Cơ học · Cấp 6,Khoa học,Vật lý,Cơ học,3,6,Tốc độ,10,8,70%,85%,242,PL-LY-MEC-L6-002,2,5,3,s.phy.6 | s.phy.8 | s.phy.7 | s.phy.9 | s.phy.1 | s.phy.3 | s.phy.4 | s.phy.10 | s.phy.2 | s.phy.5,Rút ngắn thời gian trên mỗi câu mà vẫn giữ được độ chính xác. Tốc độ và độ chính xác của nhóm dẫn đầu phổ điểm.
PL-LY-MEC-L6-004,Thử thách · Cơ học · Cấp 6,Khoa học,Vật lý,Cơ học,3,6,Thử thách,10,10,70%,85%,308,PL-LY-MEC-L6-003,2,5,3,s.phy.2 | s.phy.7 | s.phy.4 | s.phy.5 | s.phy.6 | s.phy.8 | s.phy.10 | s.phy.1 | s.phy.3 | s.phy.9,Đẩy lên mức khó hơn cấp hiện tại để chuẩn bị lên cấp. Tốc độ và độ chính xác của nhóm dẫn đầu phổ điểm.
PL-LY-MEC-L6-005,Vượt ải · Cơ học · Cấp 6,Khoa học,Vật lý,Cơ học,3,6,Vượt ải,10,10,70%,90%,396,PL-LY-MEC-L6-004,2,5,3,s.phy.1 | s.phy.3 | s.phy.10 | s.phy.2 | s.phy.7 | s.phy.9 | s.phy.4 | s.phy.6 | s.phy.8 | s.phy.5,Bài kiểm tra chốt cấp độ của tuyến chuyên đề. Tốc độ và độ chính xác của nhóm dẫn đầu phổ điểm.
PL-LY-OSC-L1-001,Khởi động · Dao động & sóng · Cấp 1,Khoa học,Vật lý,Dao động & sóng,1,1,Khởi động,8,10,70%,85%,28,,2,4,2,s.phy.2 | s.phy.5 | s.phy.3 | s.phy.4 | s.phy.8 | s.phy.10 | s.phy.6 | s.phy.1,Nhắc lại công thức và nhận diện dạng bài trước khi vào phần nặng. Nhận diện dạng bài và nhớ lại công thức nền.
PL-LY-OSC-L1-002,Rèn kỹ năng · Dao động & sóng · Cấp 1,Khoa học,Vật lý,Dao động & sóng,1,1,Rèn kỹ năng,8,8,70%,85%,40,PL-LY-OSC-L1-001,2,4,2,s.phy.1 | s.phy.3 | s.phy.7 | s.phy.2 | s.phy.9 | s.phy.5 | s.phy.10 | s.phy.6,Làm chắc một kỹ năng lõi qua các biến thể liên tiếp của cùng một dạng. Nhận diện dạng bài và nhớ lại công thức nền.
PL-LY-OSC-L1-003,Tốc độ · Dao động & sóng · Cấp 1,Khoa học,Vật lý,Dao động & sóng,1,1,Tốc độ,8,6,70%,85%,44,PL-LY-OSC-L1-002,2,4,2,s.phy.8 | s.phy.10 | s.phy.2 | s.phy.5 | s.phy.6 | s.phy.1 | s.phy.7 | s.phy.9,Rút ngắn thời gian trên mỗi câu mà vẫn giữ được độ chính xác. Nhận diện dạng bài và nhớ lại công thức nền.
PL-LY-OSC-L1-004,Thử thách · Dao động & sóng · Cấp 1,Khoa học,Vật lý,Dao động & sóng,1,1,Thử thách,8,8,70%,85%,56,PL-LY-OSC-L1-003,2,4,2,s.phy.9 | s.phy.5 | s.phy.3 | s.phy.4 | s.phy.8 | s.phy.10 | s.phy.6 | s.phy.1,Đẩy lên mức khó hơn cấp hiện tại để chuẩn bị lên cấp. Nhận diện dạng bài và nhớ lại công thức nền.
PL-LY-OSC-L1-005,Vượt ải · Dao động & sóng · Cấp 1,Khoa học,Vật lý,Dao động & sóng,1,1,Vượt ải,8,8,70%,90%,72,PL-LY-OSC-L1-004,2,4,2,s.phy.1 | s.phy.3 | s.phy.10 | s.phy.2 | s.phy.7 | s.phy.9 | s.phy.5 | s.phy.6,Bài kiểm tra chốt cấp độ của tuyến chuyên đề. Nhận diện dạng bài và nhớ lại công thức nền.
PL-LY-OSC-L2-001,Khởi động · Dao động & sóng · Cấp 2,Khoa học,Vật lý,Dao động & sóng,1,2,Khởi động,10,15,70%,85%,42,PL-LY-OSC-L1-005,3,5,2,s.phy.2 | s.phy.5 | s.phy.6 | s.phy.4 | s.phy.8 | s.phy.10 | s.phy.7 | s.phy.9 | s.phy.1 | s.phy.3,Nhắc lại công thức và nhận diện dạng bài trước khi vào phần nặng. Làm đúng dạng chuẩn mà không cần nhìn gợi ý.
PL-LY-OSC-L2-002,Rèn kỹ năng · Dao động & sóng · Cấp 2,Khoa học,Vật lý,Dao động & sóng,1,2,Rèn kỹ năng,10,12,70%,85%,60,PL-LY-OSC-L2-001,3,5,2,s.phy.1 | s.phy.3 | s.phy.4 | s.phy.2 | s.phy.9 | s.phy.5 | s.phy.6 | s.phy.8 | s.phy.10 | s.phy.7,Làm chắc một kỹ năng lõi qua các biến thể liên tiếp của cùng một dạng. Làm đúng dạng chuẩn mà không cần nhìn gợi ý.
PL-LY-OSC-L2-003,Tốc độ · Dao động & sóng · Cấp 2,Khoa học,Vật lý,Dao động & sóng,1,2,Tốc độ,10,9,70%,85%,66,PL-LY-OSC-L2-002,3,5,2,s.phy.8 | s.phy.10 | s.phy.7 | s.phy.5 | s.phy.6 | s.phy.1 | s.phy.3 | s.phy.4 | s.phy.2 | s.phy.9,Rút ngắn thời gian trên mỗi câu mà vẫn giữ được độ chính xác. Làm đúng dạng chuẩn mà không cần nhìn gợi ý.
PL-LY-OSC-L2-004,Chính xác · Dao động & sóng · Cấp 2,Khoa học,Vật lý,Dao động & sóng,1,2,Chính xác,10,13,70%,85%,66,PL-LY-OSC-L2-003,3,5,2,s.phy.9 | s.phy.2 | s.phy.5 | s.phy.8 | s.phy.10 | s.phy.7 | s.phy.6 | s.phy.1 | s.phy.4 | s.phy.3,Loại bỏ lỗi ẩu và các bẫy quen thuộc trong chuyên đề. Làm đúng dạng chuẩn mà không cần nhìn gợi ý.
PL-LY-OSC-L2-005,Tổng hợp · Dao động & sóng · Cấp 2,Khoa học,Vật lý,Dao động & sóng,1,2,Tổng hợp,10,12,70%,85%,69,PL-LY-OSC-L2-004,3,5,2,s.phy.6 | s.phy.1 | s.phy.3 | s.phy.5 | s.phy.4 | s.phy.8 | s.phy.10 | s.phy.7 | s.phy.9 | s.phy.2,Trộn nhiều dạng trong cùng chuyên đề để rèn phản xạ nhận diện. Làm đúng dạng chuẩn mà không cần nhìn gợi ý.
PL-LY-OSC-L2-006,Thử thách · Dao động & sóng · Cấp 2,Khoa học,Vật lý,Dao động & sóng,1,2,Thử thách,10,12,70%,85%,84,PL-LY-OSC-L2-005,3,5,2,s.phy.8 | s.phy.10 | s.phy.7 | s.phy.1 | s.phy.3 | s.phy.4 | s.phy.2 | s.phy.9 | s.phy.6 | s.phy.5,Đẩy lên mức khó hơn cấp hiện tại để chuẩn bị lên cấp. Làm đúng dạng chuẩn mà không cần nhìn gợi ý.
PL-LY-OSC-L2-007,Vượt ải · Dao động & sóng · Cấp 2,Khoa học,Vật lý,Dao động & sóng,1,2,Vượt ải,10,11,70%,90%,108,PL-LY-OSC-L2-006,3,5,2,s.phy.2 | s.phy.9 | s.phy.5 | s.phy.10 | s.phy.7 | s.phy.6 | s.phy.1 | s.phy.3 | s.phy.4 | s.phy.8,Bài kiểm tra chốt cấp độ của tuyến chuyên đề. Làm đúng dạng chuẩn mà không cần nhìn gợi ý.
PL-LY-OSC-L3-001,Khởi động · Dao động & sóng · Cấp 3,Khoa học,Vật lý,Dao động & sóng,2,3,Khởi động,10,16,70%,85%,63,PL-LY-OSC-L2-007,2,6,2,s.phy.2 | s.phy.5 | s.phy.3 | s.phy.4 | s.phy.8 | s.phy.10 | s.phy.7 | s.phy.9 | s.phy.6 | s.phy.1,Nhắc lại công thức và nhận diện dạng bài trước khi vào phần nặng. Ghép nhiều bước và tránh các bẫy quen thuộc.
PL-LY-OSC-L3-002,Rèn kỹ năng · Dao động & sóng · Cấp 3,Khoa học,Vật lý,Dao động & sóng,2,3,Rèn kỹ năng,10,13,70%,85%,90,PL-LY-OSC-L3-001,2,6,2,s.phy.3 | s.phy.4 | s.phy.8 | s.phy.10 | s.phy.2 | s.phy.7 | s.phy.9 | s.phy.5 | s.phy.1 | s.phy.6,Làm chắc một kỹ năng lõi qua các biến thể liên tiếp của cùng một dạng. Ghép nhiều bước và tránh các bẫy quen thuộc.
PL-LY-OSC-L3-003,Tốc độ · Dao động & sóng · Cấp 3,Khoa học,Vật lý,Dao động & sóng,2,3,Tốc độ,10,9,70%,85%,99,PL-LY-OSC-L3-002,2,6,2,s.phy.8 | s.phy.10 | s.phy.5 | s.phy.6 | s.phy.1 | s.phy.3 | s.phy.4 | s.phy.7 | s.phy.9 | s.phy.2,Rút ngắn thời gian trên mỗi câu mà vẫn giữ được độ chính xác. Ghép nhiều bước và tránh các bẫy quen thuộc.
PL-LY-OSC-L3-004,Chính xác · Dao động & sóng · Cấp 3,Khoa học,Vật lý,Dao động & sóng,2,3,Chính xác,10,14,70%,85%,99,PL-LY-OSC-L3-003,2,6,2,s.phy.9 | s.phy.5 | s.phy.3 | s.phy.4 | s.phy.8 | s.phy.10 | s.phy.2 | s.phy.7 | s.phy.1 | s.phy.6,Loại bỏ lỗi ẩu và các bẫy quen thuộc trong chuyên đề. Ghép nhiều bước và tránh các bẫy quen thuộc.
PL-LY-OSC-L3-005,Tổng hợp · Dao động & sóng · Cấp 3,Khoa học,Vật lý,Dao động & sóng,2,3,Tổng hợp,10,13,70%,85%,103,PL-LY-OSC-L3-004,2,6,2,s.phy.1 | s.phy.3 | s.phy.10 | s.phy.2 | s.phy.7 | s.phy.9 | s.phy.5 | s.phy.6 | s.phy.4 | s.phy.8,Trộn nhiều dạng trong cùng chuyên đề để rèn phản xạ nhận diện. Ghép nhiều bước và tránh các bẫy quen thuộc.
PL-LY-OSC-L3-006,Thử thách · Dao động & sóng · Cấp 3,Khoa học,Vật lý,Dao động & sóng,2,3,Thử thách,10,13,70%,85%,126,PL-LY-OSC-L3-005,2,6,2,s.phy.3 | s.phy.4 | s.phy.9 | s.phy.5 | s.phy.6 | s.phy.1 | s.phy.8 | s.phy.10 | s.phy.2 | s.phy.7,Đẩy lên mức khó hơn cấp hiện tại để chuẩn bị lên cấp. Ghép nhiều bước và tránh các bẫy quen thuộc.
PL-LY-OSC-L3-007,Vượt ải · Dao động & sóng · Cấp 3,Khoa học,Vật lý,Dao động & sóng,2,3,Vượt ải,10,12,70%,90%,162,PL-LY-OSC-L3-006,2,6,2,s.phy.10 | s.phy.2 | s.phy.1 | s.phy.3 | s.phy.4 | s.phy.8 | s.phy.7 | s.phy.9 | s.phy.5 | s.phy.6,Bài kiểm tra chốt cấp độ của tuyến chuyên đề. Ghép nhiều bước và tránh các bẫy quen thuộc.
PL-LY-OSC-L4-001,Khởi động · Dao động & sóng · Cấp 4,Khoa học,Vật lý,Dao động & sóng,2,4,Khởi động,10,14,70%,85%,84,PL-LY-OSC-L3-007,2,6,2,s.phy.2 | s.phy.5 | s.phy.3 | s.phy.4 | s.phy.8 | s.phy.10 | s.phy.7 | s.phy.9 | s.phy.6 | s.phy.1,Nhắc lại công thức và nhận diện dạng bài trước khi vào phần nặng. Giữ độ chính xác khi thời gian bắt đầu siết lại.
PL-LY-OSC-L4-002,Rèn kỹ năng · Dao động & sóng · Cấp 4,Khoa học,Vật lý,Dao động & sóng,2,4,Rèn kỹ năng,10,11,70%,85%,120,PL-LY-OSC-L4-001,2,6,2,s.phy.3 | s.phy.4 | s.phy.8 | s.phy.10 | s.phy.2 | s.phy.7 | s.phy.9 | s.phy.5 | s.phy.1 | s.phy.6,Làm chắc một kỹ năng lõi qua các biến thể liên tiếp của cùng một dạng. Giữ độ chính xác khi thời gian bắt đầu siết lại.
PL-LY-OSC-L4-003,Tốc độ · Dao động & sóng · Cấp 4,Khoa học,Vật lý,Dao động & sóng,2,4,Tốc độ,10,8,70%,85%,132,PL-LY-OSC-L4-002,2,6,2,s.phy.8 | s.phy.10 | s.phy.5 | s.phy.6 | s.phy.1 | s.phy.3 | s.phy.4 | s.phy.7 | s.phy.9 | s.phy.2,Rút ngắn thời gian trên mỗi câu mà vẫn giữ được độ chính xác. Giữ độ chính xác khi thời gian bắt đầu siết lại.
PL-LY-OSC-L4-004,Chính xác · Dao động & sóng · Cấp 4,Khoa học,Vật lý,Dao động & sóng,2,4,Chính xác,10,12,70%,85%,132,PL-LY-OSC-L4-003,2,6,2,s.phy.9 | s.phy.5 | s.phy.3 | s.phy.4 | s.phy.8 | s.phy.10 | s.phy.2 | s.phy.7 | s.phy.1 | s.phy.6,Loại bỏ lỗi ẩu và các bẫy quen thuộc trong chuyên đề. Giữ độ chính xác khi thời gian bắt đầu siết lại.
PL-LY-OSC-L4-005,Tổng hợp · Dao động & sóng · Cấp 4,Khoa học,Vật lý,Dao động & sóng,2,4,Tổng hợp,10,11,70%,85%,138,PL-LY-OSC-L4-004,2,6,2,s.phy.1 | s.phy.3 | s.phy.10 | s.phy.2 | s.phy.7 | s.phy.9 | s.phy.5 | s.phy.6 | s.phy.4 | s.phy.8,Trộn nhiều dạng trong cùng chuyên đề để rèn phản xạ nhận diện. Giữ độ chính xác khi thời gian bắt đầu siết lại.
PL-LY-OSC-L4-006,Thử thách · Dao động & sóng · Cấp 4,Khoa học,Vật lý,Dao động & sóng,2,4,Thử thách,10,11,70%,85%,168,PL-LY-OSC-L4-005,2,6,2,s.phy.3 | s.phy.4 | s.phy.9 | s.phy.5 | s.phy.6 | s.phy.1 | s.phy.8 | s.phy.10 | s.phy.2 | s.phy.7,Đẩy lên mức khó hơn cấp hiện tại để chuẩn bị lên cấp. Giữ độ chính xác khi thời gian bắt đầu siết lại.
PL-LY-OSC-L4-007,Vượt ải · Dao động & sóng · Cấp 4,Khoa học,Vật lý,Dao động & sóng,2,4,Vượt ải,10,10,70%,90%,216,PL-LY-OSC-L4-006,2,6,2,s.phy.10 | s.phy.2 | s.phy.1 | s.phy.3 | s.phy.4 | s.phy.8 | s.phy.7 | s.phy.9 | s.phy.5 | s.phy.6,Bài kiểm tra chốt cấp độ của tuyến chuyên đề. Giữ độ chính xác khi thời gian bắt đầu siết lại.
PL-LY-OSC-L5-001,Khởi động · Dao động & sóng · Cấp 5,Khoa học,Vật lý,Dao động & sóng,3,5,Khởi động,10,15,70%,85%,112,PL-LY-OSC-L4-007,2,6,2,s.phy.5 | s.phy.6 | s.phy.1 | s.phy.3 | s.phy.4 | s.phy.8 | s.phy.10 | s.phy.2 | s.phy.7 | s.phy.9,Nhắc lại công thức và nhận diện dạng bài trước khi vào phần nặng. Xử lý câu phân loại mà không mất nhịp.
PL-LY-OSC-L5-002,Rèn kỹ năng · Dao động & sóng · Cấp 5,Khoa học,Vật lý,Dao động & sóng,3,5,Rèn kỹ năng,10,12,70%,85%,160,PL-LY-OSC-L5-001,2,6,2,s.phy.6 | s.phy.1 | s.phy.8 | s.phy.10 | s.phy.2 | s.phy.7 | s.phy.9 | s.phy.5 | s.phy.4 | s.phy.3,Làm chắc một kỹ năng lõi qua các biến thể liên tiếp của cùng một dạng. Xử lý câu phân loại mà không mất nhịp.
PL-LY-OSC-L5-003,Tốc độ · Dao động & sóng · Cấp 5,Khoa học,Vật lý,Dao động & sóng,3,5,Tốc độ,10,9,70%,85%,176,PL-LY-OSC-L5-002,2,6,2,s.phy.10 | s.phy.7 | s.phy.9 | s.phy.5 | s.phy.6 | s.phy.1 | s.phy.3 | s.phy.4 | s.phy.8 | s.phy.2,Rút ngắn thời gian trên mỗi câu mà vẫn giữ được độ chính xác. Xử lý câu phân loại mà không mất nhịp.
PL-LY-OSC-L5-004,Chính xác · Dao động & sóng · Cấp 5,Khoa học,Vật lý,Dao động & sóng,3,5,Chính xác,10,13,70%,85%,176,PL-LY-OSC-L5-003,2,6,2,s.phy.2 | s.phy.7 | s.phy.1 | s.phy.3 | s.phy.4 | s.phy.8 | s.phy.10 | s.phy.9 | s.phy.6 | s.phy.5,Loại bỏ lỗi ẩu và các bẫy quen thuộc trong chuyên đề. Xử lý câu phân loại mà không mất nhịp.
PL-LY-OSC-L5-005,Thử thách · Dao động & sóng · Cấp 5,Khoa học,Vật lý,Dao động & sóng,3,5,Thử thách,10,12,70%,85%,224,PL-LY-OSC-L5-004,2,6,2,s.phy.5 | s.phy.6 | s.phy.10 | s.phy.2 | s.phy.7 | s.phy.9 | s.phy.1 | s.phy.3 | s.phy.4 | s.phy.8,Đẩy lên mức khó hơn cấp hiện tại để chuẩn bị lên cấp. Xử lý câu phân loại mà không mất nhịp.
PL-LY-OSC-L5-006,Vượt ải · Dao động & sóng · Cấp 5,Khoa học,Vật lý,Dao động & sóng,3,5,Vượt ải,10,11,70%,90%,288,PL-LY-OSC-L5-005,2,6,2,s.phy.3 | s.phy.4 | s.phy.9 | s.phy.5 | s.phy.6 | s.phy.1 | s.phy.8 | s.phy.10 | s.phy.2 | s.phy.7,Bài kiểm tra chốt cấp độ của tuyến chuyên đề. Xử lý câu phân loại mà không mất nhịp.
PL-LY-OSC-L6-001,Khởi động · Dao động & sóng · Cấp 6,Khoa học,Vật lý,Dao động & sóng,3,6,Khởi động,10,13,70%,85%,154,PL-LY-OSC-L5-006,2,5,3,s.phy.7 | s.phy.9 | s.phy.1 | s.phy.3 | s.phy.4 | s.phy.8 | s.phy.10 | s.phy.6 | s.phy.2 | s.phy.5,Nhắc lại công thức và nhận diện dạng bài trước khi vào phần nặng. Tốc độ và độ chính xác của nhóm dẫn đầu phổ điểm.
PL-LY-OSC-L6-002,Rèn kỹ năng · Dao động & sóng · Cấp 6,Khoa học,Vật lý,Dao động & sóng,3,6,Rèn kỹ năng,10,10,70%,85%,220,PL-LY-OSC-L6-001,2,5,3,s.phy.6 | s.phy.1 | s.phy.8 | s.phy.10 | s.phy.2 | s.phy.7 | s.phy.9 | s.phy.3 | s.phy.4 | s.phy.5,Làm chắc một kỹ năng lõi qua các biến thể liên tiếp của cùng một dạng. Tốc độ và độ chính xác của nhóm dẫn đầu phổ điểm.
PL-LY-OSC-L6-003,Thử thách · Dao động & sóng · Cấp 6,Khoa học,Vật lý,Dao động & sóng,3,6,Thử thách,10,10,70%,85%,308,PL-LY-OSC-L6-002,2,5,3,s.phy.4 | s.phy.8 | s.phy.7 | s.phy.9 | s.phy.5 | s.phy.6 | s.phy.1 | s.phy.10 | s.phy.2 | s.phy.3,Đẩy lên mức khó hơn cấp hiện tại để chuẩn bị lên cấp. Tốc độ và độ chính xác của nhóm dẫn đầu phổ điểm.
PL-LY-OSC-L6-004,Vượt ải · Dao động & sóng · Cấp 6,Khoa học,Vật lý,Dao động & sóng,3,6,Vượt ải,10,10,70%,90%,396,PL-LY-OSC-L6-003,2,5,3,s.phy.2 | s.phy.7 | s.phy.1 | s.phy.3 | s.phy.4 | s.phy.8 | s.phy.10 | s.phy.5 | s.phy.6 | s.phy.9,Bài kiểm tra chốt cấp độ của tuyến chuyên đề. Tốc độ và độ chính xác của nhóm dẫn đầu phổ điểm.
PL-LY-ELE-L1-001,Khởi động · Điện & từ · Cấp 1,Khoa học,Vật lý,Điện & từ,1,1,Khởi động,8,10,70%,85%,28,,2,4,2,s.phy.2 | s.phy.8 | s.phy.4 | s.phy.5 | s.phy.6 | s.phy.10 | s.phy.1 | s.phy.3,Nhắc lại công thức và nhận diện dạng bài trước khi vào phần nặng. Nhận diện dạng bài và nhớ lại công thức nền.
PL-LY-ELE-L1-002,Rèn kỹ năng · Điện & từ · Cấp 1,Khoa học,Vật lý,Điện & từ,1,1,Rèn kỹ năng,8,8,70%,85%,40,PL-LY-ELE-L1-001,2,4,2,s.phy.3 | s.phy.4 | s.phy.9 | s.phy.2 | s.phy.7 | s.phy.8 | s.phy.10 | s.phy.1,Làm chắc một kỹ năng lõi qua các biến thể liên tiếp của cùng một dạng. Nhận diện dạng bài và nhớ lại công thức nền.
PL-LY-ELE-L1-003,Tốc độ · Điện & từ · Cấp 1,Khoa học,Vật lý,Điện & từ,1,1,Tốc độ,8,6,70%,85%,44,PL-LY-ELE-L1-002,2,4,2,s.phy.6 | s.phy.10 | s.phy.2 | s.phy.8 | s.phy.1 | s.phy.3 | s.phy.9 | s.phy.7,Rút ngắn thời gian trên mỗi câu mà vẫn giữ được độ chính xác. Nhận diện dạng bài và nhớ lại công thức nền.
PL-LY-ELE-L1-004,Thử thách · Điện & từ · Cấp 1,Khoa học,Vật lý,Điện & từ,1,1,Thử thách,8,8,70%,85%,56,PL-LY-ELE-L1-003,2,4,2,s.phy.7 | s.phy.8 | s.phy.4 | s.phy.5 | s.phy.6 | s.phy.10 | s.phy.1 | s.phy.3,Đẩy lên mức khó hơn cấp hiện tại để chuẩn bị lên cấp. Nhận diện dạng bài và nhớ lại công thức nền.
PL-LY-ELE-L1-005,Vượt ải · Điện & từ · Cấp 1,Khoa học,Vật lý,Điện & từ,1,1,Vượt ải,8,8,70%,90%,72,PL-LY-ELE-L1-004,2,4,2,s.phy.3 | s.phy.4 | s.phy.10 | s.phy.2 | s.phy.9 | s.phy.7 | s.phy.8 | s.phy.1,Bài kiểm tra chốt cấp độ của tuyến chuyên đề. Nhận diện dạng bài và nhớ lại công thức nền.
PL-LY-ELE-L2-001,Khởi động · Điện & từ · Cấp 2,Khoa học,Vật lý,Điện & từ,1,2,Khởi động,10,15,70%,85%,42,PL-LY-ELE-L1-005,3,5,2,s.phy.2 | s.phy.8 | s.phy.1 | s.phy.5 | s.phy.6 | s.phy.10 | s.phy.9 | s.phy.7 | s.phy.3 | s.phy.4,Nhắc lại công thức và nhận diện dạng bài trước khi vào phần nặng. Làm đúng dạng chuẩn mà không cần nhìn gợi ý.
PL-LY-ELE-L2-002,Rèn kỹ năng · Điện & từ · Cấp 2,Khoa học,Vật lý,Điện & từ,1,2,Rèn kỹ năng,10,12,70%,85%,60,PL-LY-ELE-L2-001,3,5,2,s.phy.3 | s.phy.4 | s.phy.5 | s.phy.2 | s.phy.7 | s.phy.8 | s.phy.1 | s.phy.6 | s.phy.10 | s.phy.9,Làm chắc một kỹ năng lõi qua các biến thể liên tiếp của cùng một dạng. Làm đúng dạng chuẩn mà không cần nhìn gợi ý.
PL-LY-ELE-L2-003,Tốc độ · Điện & từ · Cấp 2,Khoa học,Vật lý,Điện & từ,1,2,Tốc độ,10,9,70%,85%,66,PL-LY-ELE-L2-002,3,5,2,s.phy.6 | s.phy.10 | s.phy.9 | s.phy.8 | s.phy.1 | s.phy.3 | s.phy.4 | s.phy.5 | s.phy.2 | s.phy.7,Rút ngắn thời gian trên mỗi câu mà vẫn giữ được độ chính xác. Làm đúng dạng chuẩn mà không cần nhìn gợi ý.
PL-LY-ELE-L2-004,Chính xác · Điện & từ · Cấp 2,Khoa học,Vật lý,Điện & từ,1,2,Chính xác,10,13,70%,85%,66,PL-LY-ELE-L2-003,3,5,2,s.phy.7 | s.phy.2 | s.phy.8 | s.phy.6 | s.phy.10 | s.phy.9 | s.phy.1 | s.phy.3 | s.phy.5 | s.phy.4,Loại bỏ lỗi ẩu và các bẫy quen thuộc trong chuyên đề. Làm đúng dạng chuẩn mà không cần nhìn gợi ý.
PL-LY-ELE-L2-005,Thử thách · Điện & từ · Cấp 2,Khoa học,Vật lý,Điện & từ,1,2,Thử thách,10,12,70%,85%,84,PL-LY-ELE-L2-004,3,5,2,s.phy.3 | s.phy.4 | s.phy.5 | s.phy.9 | s.phy.7 | s.phy.8 | s.phy.1 | s.phy.6 | s.phy.10 | s.phy.2,Đẩy lên mức khó hơn cấp hiện tại để chuẩn bị lên cấp. Làm đúng dạng chuẩn mà không cần nhìn gợi ý.
PL-LY-ELE-L2-006,Vượt ải · Điện & từ · Cấp 2,Khoa học,Vật lý,Điện & từ,1,2,Vượt ải,10,11,70%,90%,108,PL-LY-ELE-L2-005,3,5,2,s.phy.6 | s.phy.10 | s.phy.9 | s.phy.3 | s.phy.4 | s.phy.5 | s.phy.2 | s.phy.7 | s.phy.1 | s.phy.8,Bài kiểm tra chốt cấp độ của tuyến chuyên đề. Làm đúng dạng chuẩn mà không cần nhìn gợi ý.
PL-LY-ELE-L3-001,Khởi động · Điện & từ · Cấp 3,Khoa học,Vật lý,Điện & từ,2,3,Khởi động,10,16,70%,85%,63,PL-LY-ELE-L2-006,2,6,2,s.phy.2 | s.phy.8 | s.phy.4 | s.phy.5 | s.phy.6 | s.phy.10 | s.phy.9 | s.phy.7 | s.phy.1 | s.phy.3,Nhắc lại công thức và nhận diện dạng bài trước khi vào phần nặng. Ghép nhiều bước và tránh các bẫy quen thuộc.
PL-LY-ELE-L3-002,Rèn kỹ năng · Điện & từ · Cấp 3,Khoa học,Vật lý,Điện & từ,2,3,Rèn kỹ năng,10,13,70%,85%,90,PL-LY-ELE-L3-001,2,6,2,s.phy.4 | s.phy.5 | s.phy.6 | s.phy.10 | s.phy.2 | s.phy.9 | s.phy.7 | s.phy.8 | s.phy.3 | s.phy.1,Làm chắc một kỹ năng lõi qua các biến thể liên tiếp của cùng một dạng. Ghép nhiều bước và tránh các bẫy quen thuộc.
PL-LY-ELE-L3-003,Tốc độ · Điện & từ · Cấp 3,Khoa học,Vật lý,Điện & từ,2,3,Tốc độ,10,9,70%,85%,99,PL-LY-ELE-L3-002,2,6,2,s.phy.6 | s.phy.10 | s.phy.8 | s.phy.1 | s.phy.3 | s.phy.4 | s.phy.5 | s.phy.9 | s.phy.7 | s.phy.2,Rút ngắn thời gian trên mỗi câu mà vẫn giữ được độ chính xác. Ghép nhiều bước và tránh các bẫy quen thuộc.
PL-LY-ELE-L3-004,Chính xác · Điện & từ · Cấp 3,Khoa học,Vật lý,Điện & từ,2,3,Chính xác,10,14,70%,85%,99,PL-LY-ELE-L3-003,2,6,2,s.phy.7 | s.phy.8 | s.phy.4 | s.phy.5 | s.phy.6 | s.phy.10 | s.phy.2 | s.phy.9 | s.phy.3 | s.phy.1,Loại bỏ lỗi ẩu và các bẫy quen thuộc trong chuyên đề. Ghép nhiều bước và tránh các bẫy quen thuộc.
PL-LY-ELE-L3-005,Tổng hợp · Điện & từ · Cấp 3,Khoa học,Vật lý,Điện & từ,2,3,Tổng hợp,10,13,70%,85%,103,PL-LY-ELE-L3-004,2,6,2,s.phy.3 | s.phy.4 | s.phy.10 | s.phy.2 | s.phy.9 | s.phy.7 | s.phy.8 | s.phy.1 | s.phy.5 | s.phy.6,Trộn nhiều dạng trong cùng chuyên đề để rèn phản xạ nhận diện. Ghép nhiều bước và tránh các bẫy quen thuộc.
PL-LY-ELE-L3-006,Thử thách · Điện & từ · Cấp 3,Khoa học,Vật lý,Điện & từ,2,3,Thử thách,10,13,70%,85%,126,PL-LY-ELE-L3-005,2,6,2,s.phy.4 | s.phy.5 | s.phy.7 | s.phy.8 | s.phy.1 | s.phy.3 | s.phy.6 | s.phy.10 | s.phy.2 | s.phy.9,Đẩy lên mức khó hơn cấp hiện tại để chuẩn bị lên cấp. Ghép nhiều bước và tránh các bẫy quen thuộc.
PL-LY-ELE-L3-007,Vượt ải · Điện & từ · Cấp 3,Khoa học,Vật lý,Điện & từ,2,3,Vượt ải,10,12,70%,90%,162,PL-LY-ELE-L3-006,2,6,2,s.phy.10 | s.phy.2 | s.phy.3 | s.phy.4 | s.phy.5 | s.phy.6 | s.phy.9 | s.phy.7 | s.phy.8 | s.phy.1,Bài kiểm tra chốt cấp độ của tuyến chuyên đề. Ghép nhiều bước và tránh các bẫy quen thuộc.
PL-LY-ELE-L4-001,Khởi động · Điện & từ · Cấp 4,Khoa học,Vật lý,Điện & từ,2,4,Khởi động,10,14,70%,85%,84,PL-LY-ELE-L3-007,2,6,2,s.phy.2 | s.phy.8 | s.phy.4 | s.phy.5 | s.phy.6 | s.phy.10 | s.phy.9 | s.phy.7 | s.phy.1 | s.phy.3,Nhắc lại công thức và nhận diện dạng bài trước khi vào phần nặng. Giữ độ chính xác khi thời gian bắt đầu siết lại.
PL-LY-ELE-L4-002,Rèn kỹ năng · Điện & từ · Cấp 4,Khoa học,Vật lý,Điện & từ,2,4,Rèn kỹ năng,10,11,70%,85%,120,PL-LY-ELE-L4-001,2,6,2,s.phy.4 | s.phy.5 | s.phy.6 | s.phy.10 | s.phy.2 | s.phy.9 | s.phy.7 | s.phy.8 | s.phy.3 | s.phy.1,Làm chắc một kỹ năng lõi qua các biến thể liên tiếp của cùng một dạng. Giữ độ chính xác khi thời gian bắt đầu siết lại.
PL-LY-ELE-L4-003,Tốc độ · Điện & từ · Cấp 4,Khoa học,Vật lý,Điện & từ,2,4,Tốc độ,10,8,70%,85%,132,PL-LY-ELE-L4-002,2,6,2,s.phy.6 | s.phy.10 | s.phy.8 | s.phy.1 | s.phy.3 | s.phy.4 | s.phy.5 | s.phy.9 | s.phy.7 | s.phy.2,Rút ngắn thời gian trên mỗi câu mà vẫn giữ được độ chính xác. Giữ độ chính xác khi thời gian bắt đầu siết lại.
PL-LY-ELE-L4-004,Chính xác · Điện & từ · Cấp 4,Khoa học,Vật lý,Điện & từ,2,4,Chính xác,10,12,70%,85%,132,PL-LY-ELE-L4-003,2,6,2,s.phy.7 | s.phy.8 | s.phy.4 | s.phy.5 | s.phy.6 | s.phy.10 | s.phy.2 | s.phy.9 | s.phy.3 | s.phy.1,Loại bỏ lỗi ẩu và các bẫy quen thuộc trong chuyên đề. Giữ độ chính xác khi thời gian bắt đầu siết lại.
PL-LY-ELE-L4-005,Tổng hợp · Điện & từ · Cấp 4,Khoa học,Vật lý,Điện & từ,2,4,Tổng hợp,10,11,70%,85%,138,PL-LY-ELE-L4-004,2,6,2,s.phy.3 | s.phy.4 | s.phy.10 | s.phy.2 | s.phy.9 | s.phy.7 | s.phy.8 | s.phy.1 | s.phy.5 | s.phy.6,Trộn nhiều dạng trong cùng chuyên đề để rèn phản xạ nhận diện. Giữ độ chính xác khi thời gian bắt đầu siết lại.
PL-LY-ELE-L4-006,Thử thách · Điện & từ · Cấp 4,Khoa học,Vật lý,Điện & từ,2,4,Thử thách,10,11,70%,85%,168,PL-LY-ELE-L4-005,2,6,2,s.phy.4 | s.phy.5 | s.phy.7 | s.phy.8 | s.phy.1 | s.phy.3 | s.phy.6 | s.phy.10 | s.phy.2 | s.phy.9,Đẩy lên mức khó hơn cấp hiện tại để chuẩn bị lên cấp. Giữ độ chính xác khi thời gian bắt đầu siết lại.
PL-LY-ELE-L4-007,Vượt ải · Điện & từ · Cấp 4,Khoa học,Vật lý,Điện & từ,2,4,Vượt ải,10,10,70%,90%,216,PL-LY-ELE-L4-006,2,6,2,s.phy.10 | s.phy.2 | s.phy.3 | s.phy.4 | s.phy.5 | s.phy.6 | s.phy.9 | s.phy.7 | s.phy.8 | s.phy.1,Bài kiểm tra chốt cấp độ của tuyến chuyên đề. Giữ độ chính xác khi thời gian bắt đầu siết lại.
PL-LY-ELE-L5-001,Khởi động · Điện & từ · Cấp 5,Khoa học,Vật lý,Điện & từ,3,5,Khởi động,10,15,70%,85%,112,PL-LY-ELE-L4-007,2,6,2,s.phy.8 | s.phy.1 | s.phy.3 | s.phy.4 | s.phy.5 | s.phy.6 | s.phy.10 | s.phy.2 | s.phy.9 | s.phy.7,Nhắc lại công thức và nhận diện dạng bài trước khi vào phần nặng. Xử lý câu phân loại mà không mất nhịp.
PL-LY-ELE-L5-002,Rèn kỹ năng · Điện & từ · Cấp 5,Khoa học,Vật lý,Điện & từ,3,5,Rèn kỹ năng,10,12,70%,85%,160,PL-LY-ELE-L5-001,2,6,2,s.phy.1 | s.phy.3 | s.phy.6 | s.phy.10 | s.phy.2 | s.phy.9 | s.phy.7 | s.phy.8 | s.phy.5 | s.phy.4,Làm chắc một kỹ năng lõi qua các biến thể liên tiếp của cùng một dạng. Xử lý câu phân loại mà không mất nhịp.
PL-LY-ELE-L5-003,Tốc độ · Điện & từ · Cấp 5,Khoa học,Vật lý,Điện & từ,3,5,Tốc độ,10,9,70%,85%,176,PL-LY-ELE-L5-002,2,6,2,s.phy.10 | s.phy.9 | s.phy.7 | s.phy.8 | s.phy.1 | s.phy.3 | s.phy.4 | s.phy.5 | s.phy.6 | s.phy.2,Rút ngắn thời gian trên mỗi câu mà vẫn giữ được độ chính xác. Xử lý câu phân loại mà không mất nhịp.
PL-LY-ELE-L5-004,Chính xác · Điện & từ · Cấp 5,Khoa học,Vật lý,Điện & từ,3,5,Chính xác,10,13,70%,85%,176,PL-LY-ELE-L5-003,2,6,2,s.phy.2 | s.phy.9 | s.phy.3 | s.phy.4 | s.phy.5 | s.phy.6 | s.phy.10 | s.phy.7 | s.phy.1 | s.phy.8,Loại bỏ lỗi ẩu và các bẫy quen thuộc trong chuyên đề. Xử lý câu phân loại mà không mất nhịp.
PL-LY-ELE-L5-005,Thử thách · Điện & từ · Cấp 5,Khoa học,Vật lý,Điện & từ,3,5,Thử thách,10,12,70%,85%,224,PL-LY-ELE-L5-004,2,6,2,s.phy.8 | s.phy.1 | s.phy.10 | s.phy.2 | s.phy.9 | s.phy.7 | s.phy.3 | s.phy.4 | s.phy.5 | s.phy.6,Đẩy lên mức khó hơn cấp hiện tại để chuẩn bị lên cấp. Xử lý câu phân loại mà không mất nhịp.
PL-LY-ELE-L5-006,Vượt ải · Điện & từ · Cấp 5,Khoa học,Vật lý,Điện & từ,3,5,Vượt ải,10,11,70%,90%,288,PL-LY-ELE-L5-005,2,6,2,s.phy.4 | s.phy.5 | s.phy.7 | s.phy.8 | s.phy.1 | s.phy.3 | s.phy.6 | s.phy.10 | s.phy.2 | s.phy.9,Bài kiểm tra chốt cấp độ của tuyến chuyên đề. Xử lý câu phân loại mà không mất nhịp.
PL-LY-ELE-L6-001,Khởi động · Điện & từ · Cấp 6,Khoa học,Vật lý,Điện & từ,3,6,Khởi động,10,13,70%,85%,154,PL-LY-ELE-L5-006,2,5,3,s.phy.9 | s.phy.7 | s.phy.3 | s.phy.4 | s.phy.5 | s.phy.6 | s.phy.10 | s.phy.1 | s.phy.2 | s.phy.8,Nhắc lại công thức và nhận diện dạng bài trước khi vào phần nặng. Tốc độ và độ chính xác của nhóm dẫn đầu phổ điểm.
PL-LY-ELE-L6-002,Rèn kỹ năng · Điện & từ · Cấp 6,Khoa học,Vật lý,Điện & từ,3,6,Rèn kỹ năng,10,10,70%,85%,220,PL-LY-ELE-L6-001,2,5,3,s.phy.1 | s.phy.3 | s.phy.6 | s.phy.10 | s.phy.2 | s.phy.9 | s.phy.7 | s.phy.4 | s.phy.5 | s.phy.8,Làm chắc một kỹ năng lõi qua các biến thể liên tiếp của cùng một dạng. Tốc độ và độ chính xác của nhóm dẫn đầu phổ điểm.
PL-LY-ELE-L6-003,Thử thách · Điện & từ · Cấp 6,Khoa học,Vật lý,Điện & từ,3,6,Thử thách,10,10,70%,85%,308,PL-LY-ELE-L6-002,2,5,3,s.phy.5 | s.phy.6 | s.phy.9 | s.phy.7 | s.phy.8 | s.phy.1 | s.phy.3 | s.phy.10 | s.phy.2 | s.phy.4,Đẩy lên mức khó hơn cấp hiện tại để chuẩn bị lên cấp. Tốc độ và độ chính xác của nhóm dẫn đầu phổ điểm.
PL-LY-ELE-L6-004,Vượt ải · Điện & từ · Cấp 6,Khoa học,Vật lý,Điện & từ,3,6,Vượt ải,10,10,70%,90%,396,PL-LY-ELE-L6-003,2,5,3,s.phy.2 | s.phy.9 | s.phy.3 | s.phy.4 | s.phy.5 | s.phy.6 | s.phy.10 | s.phy.8 | s.phy.1 | s.phy.7,Bài kiểm tra chốt cấp độ của tuyến chuyên đề. Tốc độ và độ chính xác của nhóm dẫn đầu phổ điểm.
PL-LY-MOD-L1-001,Khởi động · Lượng tử & hạt nhân · Cấp 1,Khoa học,Vật lý,Lượng tử & hạt nhân,1,1,Khởi động,8,10,70%,85%,28,,2,4,2,s.phy.2 | s.phy.10 | s.phy.4 | s.phy.5 | s.phy.6 | s.phy.8 | s.phy.1 | s.phy.3,Nhắc lại công thức và nhận diện dạng bài trước khi vào phần nặng. Nhận diện dạng bài và nhớ lại công thức nền.
PL-LY-MOD-L1-002,Thử thách · Lượng tử & hạt nhân · Cấp 1,Khoa học,Vật lý,Lượng tử & hạt nhân,1,1,Thử thách,8,8,70%,85%,56,PL-LY-MOD-L1-001,2,4,2,s.phy.4 | s.phy.5 | s.phy.6 | s.phy.8 | s.phy.2 | s.phy.7 | s.phy.3 | s.phy.9,Đẩy lên mức khó hơn cấp hiện tại để chuẩn bị lên cấp. Nhận diện dạng bài và nhớ lại công thức nền.
PL-LY-MOD-L1-003,Vượt ải · Lượng tử & hạt nhân · Cấp 1,Khoa học,Vật lý,Lượng tử & hạt nhân,1,1,Vượt ải,8,8,70%,90%,72,PL-LY-MOD-L1-002,2,4,2,s.phy.8 | s.phy.2 | s.phy.7 | s.phy.9 | s.phy.10 | s.phy.1 | s.phy.5 | s.phy.6,Bài kiểm tra chốt cấp độ của tuyến chuyên đề. Nhận diện dạng bài và nhớ lại công thức nền.
PL-LY-MOD-L2-001,Khởi động · Lượng tử & hạt nhân · Cấp 2,Khoa học,Vật lý,Lượng tử & hạt nhân,1,2,Khởi động,10,15,70%,85%,42,PL-LY-MOD-L1-003,3,5,2,s.phy.2 | s.phy.10 | s.phy.1 | s.phy.5 | s.phy.6 | s.phy.8 | s.phy.7 | s.phy.9 | s.phy.3 | s.phy.4,Nhắc lại công thức và nhận diện dạng bài trước khi vào phần nặng. Làm đúng dạng chuẩn mà không cần nhìn gợi ý.
PL-LY-MOD-L2-002,Rèn kỹ năng · Lượng tử & hạt nhân · Cấp 2,Khoa học,Vật lý,Lượng tử & hạt nhân,1,2,Rèn kỹ năng,10,12,70%,85%,60,PL-LY-MOD-L2-001,3,5,2,s.phy.3 | s.phy.4 | s.phy.5 | s.phy.7 | s.phy.9 | s.phy.10 | s.phy.1 | s.phy.6 | s.phy.2 | s.phy.8,Làm chắc một kỹ năng lõi qua các biến thể liên tiếp của cùng một dạng. Làm đúng dạng chuẩn mà không cần nhìn gợi ý.
PL-LY-MOD-L2-003,Thử thách · Lượng tử & hạt nhân · Cấp 2,Khoa học,Vật lý,Lượng tử & hạt nhân,1,2,Thử thách,10,12,70%,85%,84,PL-LY-MOD-L2-002,3,5,2,s.phy.8 | s.phy.2 | s.phy.7 | s.phy.10 | s.phy.1 | s.phy.3 | s.phy.4 | s.phy.5 | s.phy.9 | s.phy.6,Đẩy lên mức khó hơn cấp hiện tại để chuẩn bị lên cấp. Làm đúng dạng chuẩn mà không cần nhìn gợi ý.
PL-LY-MOD-L2-004,Vượt ải · Lượng tử & hạt nhân · Cấp 2,Khoa học,Vật lý,Lượng tử & hạt nhân,1,2,Vượt ải,10,11,70%,90%,108,PL-LY-MOD-L2-003,3,5,2,s.phy.9 | s.phy.10 | s.phy.1 | s.phy.6 | s.phy.8 | s.phy.2 | s.phy.7 | s.phy.3 | s.phy.5 | s.phy.4,Bài kiểm tra chốt cấp độ của tuyến chuyên đề. Làm đúng dạng chuẩn mà không cần nhìn gợi ý.
PL-LY-MOD-L3-001,Khởi động · Lượng tử & hạt nhân · Cấp 3,Khoa học,Vật lý,Lượng tử & hạt nhân,2,3,Khởi động,10,16,70%,85%,63,PL-LY-MOD-L2-004,2,6,2,s.phy.2 | s.phy.10 | s.phy.4 | s.phy.5 | s.phy.6 | s.phy.8 | s.phy.7 | s.phy.9 | s.phy.1 | s.phy.3,Nhắc lại công thức và nhận diện dạng bài trước khi vào phần nặng. Ghép nhiều bước và tránh các bẫy quen thuộc.
PL-LY-MOD-L3-002,Rèn kỹ năng · Lượng tử & hạt nhân · Cấp 3,Khoa học,Vật lý,Lượng tử & hạt nhân,2,3,Rèn kỹ năng,10,13,70%,85%,90,PL-LY-MOD-L3-001,2,6,2,s.phy.4 | s.phy.5 | s.phy.6 | s.phy.8 | s.phy.2 | s.phy.7 | s.phy.9 | s.phy.10 | s.phy.3 | s.phy.1,Làm chắc một kỹ năng lõi qua các biến thể liên tiếp của cùng một dạng. Ghép nhiều bước và tránh các bẫy quen thuộc.
PL-LY-MOD-L3-003,Thử thách · Lượng tử & hạt nhân · Cấp 3,Khoa học,Vật lý,Lượng tử & hạt nhân,2,3,Thử thách,10,13,70%,85%,126,PL-LY-MOD-L3-002,2,6,2,s.phy.5 | s.phy.6 | s.phy.7 | s.phy.9 | s.phy.10 | s.phy.1 | s.phy.3 | s.phy.4 | s.phy.8 | s.phy.2,Đẩy lên mức khó hơn cấp hiện tại để chuẩn bị lên cấp. Ghép nhiều bước và tránh các bẫy quen thuộc.
PL-LY-MOD-L3-004,Vượt ải · Lượng tử & hạt nhân · Cấp 3,Khoa học,Vật lý,Lượng tử & hạt nhân,2,3,Vượt ải,10,12,70%,90%,162,PL-LY-MOD-L3-003,2,6,2,s.phy.2 | s.phy.7 | s.phy.3 | s.phy.4 | s.phy.5 | s.phy.6 | s.phy.8 | s.phy.9 | s.phy.1 | s.phy.10,Bài kiểm tra chốt cấp độ của tuyến chuyên đề. Ghép nhiều bước và tránh các bẫy quen thuộc.
PL-LY-MOD-L4-001,Khởi động · Lượng tử & hạt nhân · Cấp 4,Khoa học,Vật lý,Lượng tử & hạt nhân,2,4,Khởi động,10,14,70%,85%,84,PL-LY-MOD-L3-004,2,6,2,s.phy.2 | s.phy.10 | s.phy.4 | s.phy.5 | s.phy.6 | s.phy.8 | s.phy.7 | s.phy.9 | s.phy.1 | s.phy.3,Nhắc lại công thức và nhận diện dạng bài trước khi vào phần nặng. Giữ độ chính xác khi thời gian bắt đầu siết lại.
PL-LY-MOD-L4-002,Rèn kỹ năng · Lượng tử & hạt nhân · Cấp 4,Khoa học,Vật lý,Lượng tử & hạt nhân,2,4,Rèn kỹ năng,10,11,70%,85%,120,PL-LY-MOD-L4-001,2,6,2,s.phy.4 | s.phy.5 | s.phy.6 | s.phy.8 | s.phy.2 | s.phy.7 | s.phy.9 | s.phy.10 | s.phy.3 | s.phy.1,Làm chắc một kỹ năng lõi qua các biến thể liên tiếp của cùng một dạng. Giữ độ chính xác khi thời gian bắt đầu siết lại.
PL-LY-MOD-L4-003,Thử thách · Lượng tử & hạt nhân · Cấp 4,Khoa học,Vật lý,Lượng tử & hạt nhân,2,4,Thử thách,10,11,70%,85%,168,PL-LY-MOD-L4-002,2,6,2,s.phy.5 | s.phy.6 | s.phy.7 | s.phy.9 | s.phy.10 | s.phy.1 | s.phy.3 | s.phy.4 | s.phy.8 | s.phy.2,Đẩy lên mức khó hơn cấp hiện tại để chuẩn bị lên cấp. Giữ độ chính xác khi thời gian bắt đầu siết lại.
PL-LY-MOD-L4-004,Vượt ải · Lượng tử & hạt nhân · Cấp 4,Khoa học,Vật lý,Lượng tử & hạt nhân,2,4,Vượt ải,10,10,70%,90%,216,PL-LY-MOD-L4-003,2,6,2,s.phy.2 | s.phy.7 | s.phy.3 | s.phy.4 | s.phy.5 | s.phy.6 | s.phy.8 | s.phy.9 | s.phy.1 | s.phy.10,Bài kiểm tra chốt cấp độ của tuyến chuyên đề. Giữ độ chính xác khi thời gian bắt đầu siết lại.
PL-LY-MOD-L5-001,Khởi động · Lượng tử & hạt nhân · Cấp 5,Khoa học,Vật lý,Lượng tử & hạt nhân,3,5,Khởi động,10,15,70%,85%,112,PL-LY-MOD-L4-004,2,6,2,s.phy.10 | s.phy.1 | s.phy.3 | s.phy.4 | s.phy.5 | s.phy.6 | s.phy.8 | s.phy.2 | s.phy.7 | s.phy.9,Nhắc lại công thức và nhận diện dạng bài trước khi vào phần nặng. Xử lý câu phân loại mà không mất nhịp.
PL-LY-MOD-L5-002,Thử thách · Lượng tử & hạt nhân · Cấp 5,Khoa học,Vật lý,Lượng tử & hạt nhân,3,5,Thử thách,10,12,70%,85%,224,PL-LY-MOD-L5-001,2,6,2,s.phy.1 | s.phy.3 | s.phy.6 | s.phy.8 | s.phy.2 | s.phy.7 | s.phy.9 | s.phy.10 | s.phy.5 | s.phy.4,Đẩy lên mức khó hơn cấp hiện tại để chuẩn bị lên cấp. Xử lý câu phân loại mà không mất nhịp.
PL-LY-MOD-L5-003,Vượt ải · Lượng tử & hạt nhân · Cấp 5,Khoa học,Vật lý,Lượng tử & hạt nhân,3,5,Vượt ải,10,11,70%,90%,288,PL-LY-MOD-L5-002,2,6,2,s.phy.5 | s.phy.6 | s.phy.7 | s.phy.9 | s.phy.10 | s.phy.1 | s.phy.3 | s.phy.4 | s.phy.8 | s.phy.2,Bài kiểm tra chốt cấp độ của tuyến chuyên đề. Xử lý câu phân loại mà không mất nhịp.
PL-LY-MOD-L6-001,Khởi động · Lượng tử & hạt nhân · Cấp 6,Khoa học,Vật lý,Lượng tử & hạt nhân,3,6,Khởi động,10,13,70%,85%,154,PL-LY-MOD-L5-003,2,5,3,s.phy.7 | s.phy.9 | s.phy.3 | s.phy.4 | s.phy.5 | s.phy.6 | s.phy.8 | s.phy.1 | s.phy.2 | s.phy.10,Nhắc lại công thức và nhận diện dạng bài trước khi vào phần nặng. Tốc độ và độ chính xác của nhóm dẫn đầu phổ điểm.
PL-LY-MOD-L6-002,Vượt ải · Lượng tử & hạt nhân · Cấp 6,Khoa học,Vật lý,Lượng tử & hạt nhân,3,6,Vượt ải,10,10,70%,90%,396,PL-LY-MOD-L6-001,2,5,3,s.phy.1 | s.phy.3 | s.phy.6 | s.phy.8 | s.phy.2 | s.phy.7 | s.phy.9 | s.phy.4 | s.phy.5 | s.phy.10,Bài kiểm tra chốt cấp độ của tuyến chuyên đề. Tốc độ và độ chính xác của nhóm dẫn đầu phổ điểm.
PL-HOA-GEN-L1-001,Khởi động · Hóa đại cương · Cấp 1,Khoa học,Hóa học,Hóa đại cương,1,1,Khởi động,8,10,70%,85%,28,,2,4,2,s.che.1 | s.che.7 | s.che.6 | s.che.8 | s.che.3 | s.che.5 | s.che.2 | s.che.4,Nhắc lại công thức và nhận diện dạng bài trước khi vào phần nặng. Nhận diện dạng bài và nhớ lại công thức nền.
PL-HOA-GEN-L1-002,Rèn kỹ năng · Hóa đại cương · Cấp 1,Khoa học,Hóa học,Hóa đại cương,1,1,Rèn kỹ năng,8,8,70%,85%,40,PL-HOA-GEN-L1-001,2,4,2,s.che.4 | s.che.6 | s.che.7 | s.che.9 | s.che.10 | s.che.2 | s.che.1 | s.che.3,Làm chắc một kỹ năng lõi qua các biến thể liên tiếp của cùng một dạng. Nhận diện dạng bài và nhớ lại công thức nền.
PL-HOA-GEN-L1-003,Tốc độ · Hóa đại cương · Cấp 1,Khoa học,Hóa học,Hóa đại cương,1,1,Tốc độ,8,6,70%,85%,44,PL-HOA-GEN-L1-002,2,4,2,s.che.3 | s.che.5 | s.che.1 | s.che.7 | s.che.2 | s.che.4 | s.che.9 | s.che.10,Rút ngắn thời gian trên mỗi câu mà vẫn giữ được độ chính xác. Nhận diện dạng bài và nhớ lại công thức nền.
PL-HOA-GEN-L1-004,Chính xác · Hóa đại cương · Cấp 1,Khoa học,Hóa học,Hóa đại cương,1,1,Chính xác,8,9,70%,85%,44,PL-HOA-GEN-L1-003,2,4,2,s.che.10 | s.che.1 | s.che.8 | s.che.3 | s.che.5 | s.che.7 | s.che.2 | s.che.4,Loại bỏ lỗi ẩu và các bẫy quen thuộc trong chuyên đề. Nhận diện dạng bài và nhớ lại công thức nền.
PL-HOA-GEN-L1-005,Thử thách · Hóa đại cương · Cấp 1,Khoa học,Hóa học,Hóa đại cương,1,1,Thử thách,8,8,70%,85%,56,PL-HOA-GEN-L1-004,2,4,2,s.che.6 | s.che.8 | s.che.1 | s.che.7 | s.che.3 | s.che.5 | s.che.10 | s.che.9,Đẩy lên mức khó hơn cấp hiện tại để chuẩn bị lên cấp. Nhận diện dạng bài và nhớ lại công thức nền.
PL-HOA-GEN-L1-006,Vượt ải · Hóa đại cương · Cấp 1,Khoa học,Hóa học,Hóa đại cương,1,1,Vượt ải,8,8,70%,90%,72,PL-HOA-GEN-L1-005,2,4,2,s.che.3 | s.che.5 | s.che.2 | s.che.4 | s.che.6 | s.che.8 | s.che.7 | s.che.10,Bài kiểm tra chốt cấp độ của tuyến chuyên đề. Nhận diện dạng bài và nhớ lại công thức nền.
PL-HOA-GEN-L2-001,Khởi động · Hóa đại cương · Cấp 2,Khoa học,Hóa học,Hóa đại cương,1,2,Khởi động,10,15,70%,85%,42,PL-HOA-GEN-L1-006,3,5,2,s.che.1 | s.che.7 | s.che.2 | s.che.8 | s.che.3 | s.che.5 | s.che.9 | s.che.10 | s.che.4 | s.che.6,Nhắc lại công thức và nhận diện dạng bài trước khi vào phần nặng. Làm đúng dạng chuẩn mà không cần nhìn gợi ý.
PL-HOA-GEN-L2-002,Rèn kỹ năng · Hóa đại cương · Cấp 2,Khoa học,Hóa học,Hóa đại cương,1,2,Rèn kỹ năng,10,12,70%,85%,60,PL-HOA-GEN-L2-001,3,5,2,s.che.4 | s.che.6 | s.che.8 | s.che.9 | s.che.10 | s.che.2 | s.che.1 | s.che.3 | s.che.7 | s.che.5,Làm chắc một kỹ năng lõi qua các biến thể liên tiếp của cùng một dạng. Làm đúng dạng chuẩn mà không cần nhìn gợi ý.
PL-HOA-GEN-L2-003,Tốc độ · Hóa đại cương · Cấp 2,Khoa học,Hóa học,Hóa đại cương,1,2,Tốc độ,10,9,70%,85%,66,PL-HOA-GEN-L2-002,3,5,2,s.che.3 | s.che.5 | s.che.9 | s.che.7 | s.che.2 | s.che.4 | s.che.6 | s.che.8 | s.che.1 | s.che.10,Rút ngắn thời gian trên mỗi câu mà vẫn giữ được độ chính xác. Làm đúng dạng chuẩn mà không cần nhìn gợi ý.
PL-HOA-GEN-L2-004,Chính xác · Hóa đại cương · Cấp 2,Khoa học,Hóa học,Hóa đại cương,1,2,Chính xác,10,13,70%,85%,66,PL-HOA-GEN-L2-003,3,5,2,s.che.10 | s.che.1 | s.che.7 | s.che.3 | s.che.5 | s.che.9 | s.che.2 | s.che.4 | s.che.8 | s.che.6,Loại bỏ lỗi ẩu và các bẫy quen thuộc trong chuyên đề. Làm đúng dạng chuẩn mà không cần nhìn gợi ý.
PL-HOA-GEN-L2-005,Tổng hợp · Hóa đại cương · Cấp 2,Khoa học,Hóa học,Hóa đại cương,1,2,Tổng hợp,10,12,70%,85%,69,PL-HOA-GEN-L2-004,3,5,2,s.che.2 | s.che.4 | s.che.6 | s.che.8 | s.che.1 | s.che.3 | s.che.5 | s.che.7 | s.che.9 | s.che.10,Trộn nhiều dạng trong cùng chuyên đề để rèn phản xạ nhận diện. Làm đúng dạng chuẩn mà không cần nhìn gợi ý.
PL-HOA-GEN-L2-006,Thử thách · Hóa đại cương · Cấp 2,Khoa học,Hóa học,Hóa đại cương,1,2,Thử thách,10,12,70%,85%,84,PL-HOA-GEN-L2-005,3,5,2,s.che.3 | s.che.5 | s.che.7 | s.che.6 | s.che.8 | s.che.10 | s.che.1 | s.che.9 | s.che.4 | s.che.2,Đẩy lên mức khó hơn cấp hiện tại để chuẩn bị lên cấp. Làm đúng dạng chuẩn mà không cần nhìn gợi ý.
PL-HOA-GEN-L2-007,Vượt ải · Hóa đại cương · Cấp 2,Khoa học,Hóa học,Hóa đại cương,1,2,Vượt ải,10,11,70%,90%,108,PL-HOA-GEN-L2-006,3,5,2,s.che.9 | s.che.10 | s.che.2 | s.che.7 | s.che.3 | s.che.5 | s.che.4 | s.che.6 | s.che.8 | s.che.1,Bài kiểm tra chốt cấp độ của tuyến chuyên đề. Làm đúng dạng chuẩn mà không cần nhìn gợi ý.
PL-HOA-GEN-L3-001,Khởi động · Hóa đại cương · Cấp 3,Khoa học,Hóa học,Hóa đại cương,2,3,Khởi động,10,16,70%,85%,63,PL-HOA-GEN-L2-007,2,6,2,s.che.1 | s.che.7 | s.che.6 | s.che.8 | s.che.3 | s.che.5 | s.che.9 | s.che.10 | s.che.2 | s.che.4,Nhắc lại công thức và nhận diện dạng bài trước khi vào phần nặng. Ghép nhiều bước và tránh các bẫy quen thuộc.
PL-HOA-GEN-L3-002,Rèn kỹ năng · Hóa đại cương · Cấp 3,Khoa học,Hóa học,Hóa đại cương,2,3,Rèn kỹ năng,10,13,70%,85%,90,PL-HOA-GEN-L3-001,2,6,2,s.che.8 | s.che.1 | s.che.6 | s.che.10 | s.che.7 | s.che.3 | s.che.5 | s.che.9 | s.che.4 | s.che.2,Làm chắc một kỹ năng lõi qua các biến thể liên tiếp của cùng một dạng. Ghép nhiều bước và tránh các bẫy quen thuộc.
PL-HOA-GEN-L3-003,Tốc độ · Hóa đại cương · Cấp 3,Khoa học,Hóa học,Hóa đại cương,2,3,Tốc độ,10,9,70%,85%,99,PL-HOA-GEN-L3-002,2,6,2,s.che.3 | s.che.5 | s.che.2 | s.che.4 | s.che.6 | s.che.8 | s.che.1 | s.che.7 | s.che.9 | s.che.10,Rút ngắn thời gian trên mỗi câu mà vẫn giữ được độ chính xác. Ghép nhiều bước và tránh các bẫy quen thuộc.
PL-HOA-GEN-L3-004,Chính xác · Hóa đại cương · Cấp 3,Khoa học,Hóa học,Hóa đại cương,2,3,Chính xác,10,14,70%,85%,99,PL-HOA-GEN-L3-003,2,6,2,s.che.10 | s.che.2 | s.che.4 | s.che.6 | s.che.8 | s.che.1 | s.che.7 | s.che.3 | s.che.9 | s.che.5,Loại bỏ lỗi ẩu và các bẫy quen thuộc trong chuyên đề. Ghép nhiều bước và tránh các bẫy quen thuộc.
PL-HOA-GEN-L3-005,Tổng hợp · Hóa đại cương · Cấp 3,Khoa học,Hóa học,Hóa đại cương,2,3,Tổng hợp,10,13,70%,85%,103,PL-HOA-GEN-L3-004,2,6,2,s.che.6 | s.che.8 | s.che.1 | s.che.7 | s.che.3 | s.che.5 | s.che.9 | s.che.2 | s.che.10 | s.che.4,Trộn nhiều dạng trong cùng chuyên đề để rèn phản xạ nhận diện. Ghép nhiều bước và tránh các bẫy quen thuộc.
PL-HOA-GEN-L3-006,Ôn lại · Hóa đại cương · Cấp 3,Khoa học,Hóa học,Hóa đại cương,2,3,Ôn lại,10,14,70%,85%,81,PL-HOA-GEN-L3-005,2,6,2,s.che.3 | s.che.5 | s.che.2 | s.che.4 | s.che.6 | s.che.8 | s.che.10 | s.che.1 | s.che.7 | s.che.9,Quay lại các câu từng sai để kiến thức không phai theo thời gian. Ghép nhiều bước và tránh các bẫy quen thuộc.
PL-HOA-GEN-L3-007,Thử thách · Hóa đại cương · Cấp 3,Khoa học,Hóa học,Hóa đại cương,2,3,Thử thách,10,13,70%,85%,126,PL-HOA-GEN-L3-006,2,6,2,s.che.1 | s.che.7 | s.che.2 | s.che.4 | s.che.6 | s.che.8 | s.che.10 | s.che.3 | s.che.5 | s.che.9,Đẩy lên mức khó hơn cấp hiện tại để chuẩn bị lên cấp. Ghép nhiều bước và tránh các bẫy quen thuộc.
PL-HOA-GEN-L3-008,Vượt ải · Hóa đại cương · Cấp 3,Khoa học,Hóa học,Hóa đại cương,2,3,Vượt ải,10,12,70%,90%,162,PL-HOA-GEN-L3-007,2,6,2,s.che.5 | s.che.9 | s.che.7 | s.che.10 | s.che.3 | s.che.2 | s.che.4 | s.che.6 | s.che.1 | s.che.8,Bài kiểm tra chốt cấp độ của tuyến chuyên đề. Ghép nhiều bước và tránh các bẫy quen thuộc.
PL-HOA-GEN-L4-001,Khởi động · Hóa đại cương · Cấp 4,Khoa học,Hóa học,Hóa đại cương,2,4,Khởi động,10,14,70%,85%,84,PL-HOA-GEN-L3-008,2,6,2,s.che.1 | s.che.7 | s.che.6 | s.che.8 | s.che.3 | s.che.5 | s.che.9 | s.che.10 | s.che.2 | s.che.4,Nhắc lại công thức và nhận diện dạng bài trước khi vào phần nặng. Giữ độ chính xác khi thời gian bắt đầu siết lại.
PL-HOA-GEN-L4-002,Rèn kỹ năng · Hóa đại cương · Cấp 4,Khoa học,Hóa học,Hóa đại cương,2,4,Rèn kỹ năng,10,11,70%,85%,120,PL-HOA-GEN-L4-001,2,6,2,s.che.8 | s.che.1 | s.che.6 | s.che.10 | s.che.7 | s.che.3 | s.che.5 | s.che.9 | s.che.4 | s.che.2,Làm chắc một kỹ năng lõi qua các biến thể liên tiếp của cùng một dạng. Giữ độ chính xác khi thời gian bắt đầu siết lại.
PL-HOA-GEN-L4-003,Tốc độ · Hóa đại cương · Cấp 4,Khoa học,Hóa học,Hóa đại cương,2,4,Tốc độ,10,8,70%,85%,132,PL-HOA-GEN-L4-002,2,6,2,s.che.3 | s.che.5 | s.che.2 | s.che.4 | s.che.6 | s.che.8 | s.che.1 | s.che.7 | s.che.9 | s.che.10,Rút ngắn thời gian trên mỗi câu mà vẫn giữ được độ chính xác. Giữ độ chính xác khi thời gian bắt đầu siết lại.
PL-HOA-GEN-L4-004,Chính xác · Hóa đại cương · Cấp 4,Khoa học,Hóa học,Hóa đại cương,2,4,Chính xác,10,12,70%,85%,132,PL-HOA-GEN-L4-003,2,6,2,s.che.10 | s.che.2 | s.che.4 | s.che.6 | s.che.8 | s.che.1 | s.che.7 | s.che.3 | s.che.9 | s.che.5,Loại bỏ lỗi ẩu và các bẫy quen thuộc trong chuyên đề. Giữ độ chính xác khi thời gian bắt đầu siết lại.
PL-HOA-GEN-L4-005,Tổng hợp · Hóa đại cương · Cấp 4,Khoa học,Hóa học,Hóa đại cương,2,4,Tổng hợp,10,11,70%,85%,138,PL-HOA-GEN-L4-004,2,6,2,s.che.6 | s.che.8 | s.che.1 | s.che.7 | s.che.3 | s.che.5 | s.che.9 | s.che.2 | s.che.10 | s.che.4,Trộn nhiều dạng trong cùng chuyên đề để rèn phản xạ nhận diện. Giữ độ chính xác khi thời gian bắt đầu siết lại.
PL-HOA-GEN-L4-006,Ôn lại · Hóa đại cương · Cấp 4,Khoa học,Hóa học,Hóa đại cương,2,4,Ôn lại,10,12,70%,85%,108,PL-HOA-GEN-L4-005,2,6,2,s.che.3 | s.che.5 | s.che.2 | s.che.4 | s.che.6 | s.che.8 | s.che.10 | s.che.1 | s.che.7 | s.che.9,Quay lại các câu từng sai để kiến thức không phai theo thời gian. Giữ độ chính xác khi thời gian bắt đầu siết lại.
PL-HOA-GEN-L4-007,Thử thách · Hóa đại cương · Cấp 4,Khoa học,Hóa học,Hóa đại cương,2,4,Thử thách,10,11,70%,85%,168,PL-HOA-GEN-L4-006,2,6,2,s.che.1 | s.che.7 | s.che.2 | s.che.4 | s.che.6 | s.che.8 | s.che.10 | s.che.3 | s.che.5 | s.che.9,Đẩy lên mức khó hơn cấp hiện tại để chuẩn bị lên cấp. Giữ độ chính xác khi thời gian bắt đầu siết lại.
PL-HOA-GEN-L4-008,Vượt ải · Hóa đại cương · Cấp 4,Khoa học,Hóa học,Hóa đại cương,2,4,Vượt ải,10,10,70%,90%,216,PL-HOA-GEN-L4-007,2,6,2,s.che.5 | s.che.9 | s.che.7 | s.che.10 | s.che.3 | s.che.2 | s.che.4 | s.che.6 | s.che.1 | s.che.8,Bài kiểm tra chốt cấp độ của tuyến chuyên đề. Giữ độ chính xác khi thời gian bắt đầu siết lại.
PL-HOA-GEN-L5-001,Khởi động · Hóa đại cương · Cấp 5,Khoa học,Hóa học,Hóa đại cương,3,5,Khởi động,10,15,70%,85%,112,PL-HOA-GEN-L4-008,2,6,2,s.che.2 | s.che.4 | s.che.9 | s.che.6 | s.che.8 | s.che.10 | s.che.1 | s.che.7 | s.che.3 | s.che.5,Nhắc lại công thức và nhận diện dạng bài trước khi vào phần nặng. Xử lý câu phân loại mà không mất nhịp.
PL-HOA-GEN-L5-002,Rèn kỹ năng · Hóa đại cương · Cấp 5,Khoa học,Hóa học,Hóa đại cương,3,5,Rèn kỹ năng,10,12,70%,85%,160,PL-HOA-GEN-L5-001,2,6,2,s.che.2 | s.che.4 | s.che.8 | s.che.1 | s.che.7 | s.che.10 | s.che.3 | s.che.5 | s.che.6 | s.che.9,Làm chắc một kỹ năng lõi qua các biến thể liên tiếp của cùng một dạng. Xử lý câu phân loại mà không mất nhịp.
PL-HOA-GEN-L5-003,Tốc độ · Hóa đại cương · Cấp 5,Khoa học,Hóa học,Hóa đại cương,3,5,Tốc độ,10,9,70%,85%,176,PL-HOA-GEN-L5-002,2,6,2,s.che.5 | s.che.7 | s.che.3 | s.che.9 | s.che.2 | s.che.4 | s.che.6 | s.che.8 | s.che.10 | s.che.1,Rút ngắn thời gian trên mỗi câu mà vẫn giữ được độ chính xác. Xử lý câu phân loại mà không mất nhịp.
PL-HOA-GEN-L5-004,Chính xác · Hóa đại cương · Cấp 5,Khoa học,Hóa học,Hóa đại cương,3,5,Chính xác,10,13,70%,85%,176,PL-HOA-GEN-L5-003,2,6,2,s.che.7 | s.che.3 | s.che.2 | s.che.4 | s.che.6 | s.che.8 | s.che.1 | s.che.10 | s.che.9 | s.che.5,Loại bỏ lỗi ẩu và các bẫy quen thuộc trong chuyên đề. Xử lý câu phân loại mà không mất nhịp.
PL-HOA-GEN-L5-005,Thử thách · Hóa đại cương · Cấp 5,Khoa học,Hóa học,Hóa đại cương,3,5,Thử thách,10,12,70%,85%,224,PL-HOA-GEN-L5-004,2,6,2,s.che.5 | s.che.9 | s.che.1 | s.che.7 | s.che.10 | s.che.3 | s.che.2 | s.che.4 | s.che.6 | s.che.8,Đẩy lên mức khó hơn cấp hiện tại để chuẩn bị lên cấp. Xử lý câu phân loại mà không mất nhịp.
PL-HOA-GEN-L5-006,Vượt ải · Hóa đại cương · Cấp 5,Khoa học,Hóa học,Hóa đại cương,3,5,Vượt ải,10,11,70%,90%,288,PL-HOA-GEN-L5-005,2,6,2,s.che.4 | s.che.6 | s.che.3 | s.che.5 | s.che.9 | s.che.2 | s.che.8 | s.che.1 | s.che.7 | s.che.10,Bài kiểm tra chốt cấp độ của tuyến chuyên đề. Xử lý câu phân loại mà không mất nhịp.
PL-HOA-GEN-L6-001,Khởi động · Hóa đại cương · Cấp 6,Khoa học,Hóa học,Hóa đại cương,3,6,Khởi động,10,13,70%,85%,154,PL-HOA-GEN-L5-006,2,5,3,s.che.3 | s.che.5 | s.che.2 | s.che.4 | s.che.6 | s.che.8 | s.che.1 | s.che.9 | s.che.7 | s.che.10,Nhắc lại công thức và nhận diện dạng bài trước khi vào phần nặng. Tốc độ và độ chính xác của nhóm dẫn đầu phổ điểm.
PL-HOA-GEN-L6-002,Rèn kỹ năng · Hóa đại cương · Cấp 6,Khoa học,Hóa học,Hóa đại cương,3,6,Rèn kỹ năng,10,10,70%,85%,220,PL-HOA-GEN-L6-001,2,5,3,s.che.9 | s.che.2 | s.che.8 | s.che.1 | s.che.7 | s.che.10 | s.che.3 | s.che.4 | s.che.6 | s.che.5,Làm chắc một kỹ năng lõi qua các biến thể liên tiếp của cùng một dạng. Tốc độ và độ chính xác của nhóm dẫn đầu phổ điểm.
PL-HOA-GEN-L6-003,Tốc độ · Hóa đại cương · Cấp 6,Khoa học,Hóa học,Hóa đại cương,3,6,Tốc độ,10,8,70%,85%,242,PL-HOA-GEN-L6-002,2,5,3,s.che.8 | s.che.10 | s.che.3 | s.che.5 | s.che.9 | s.che.2 | s.che.4 | s.che.1 | s.che.7 | s.che.6,Rút ngắn thời gian trên mỗi câu mà vẫn giữ được độ chính xác. Tốc độ và độ chính xác của nhóm dẫn đầu phổ điểm.
PL-HOA-GEN-L6-004,Thử thách · Hóa đại cương · Cấp 6,Khoa học,Hóa học,Hóa đại cương,3,6,Thử thách,10,10,70%,85%,308,PL-HOA-GEN-L6-003,2,5,3,s.che.7 | s.che.10 | s.che.2 | s.che.4 | s.che.6 | s.che.8 | s.che.1 | s.che.5 | s.che.9 | s.che.3,Đẩy lên mức khó hơn cấp hiện tại để chuẩn bị lên cấp. Tốc độ và độ chính xác của nhóm dẫn đầu phổ điểm.
PL-HOA-GEN-L6-005,Vượt ải · Hóa đại cương · Cấp 6,Khoa học,Hóa học,Hóa đại cương,3,6,Vượt ải,10,10,70%,90%,396,PL-HOA-GEN-L6-004,2,5,3,s.che.5 | s.che.9 | s.che.1 | s.che.7 | s.che.10 | s.che.3 | s.che.2 | s.che.6 | s.che.8 | s.che.4,Bài kiểm tra chốt cấp độ của tuyến chuyên đề. Tốc độ và độ chính xác của nhóm dẫn đầu phổ điểm.
PL-HOA-INO-L1-001,Khởi động · Hóa vô cơ · Cấp 1,Khoa học,Hóa học,Hóa vô cơ,1,1,Khởi động,8,10,70%,85%,28,,2,4,2,s.che.1 | s.che.7 | s.che.2 | s.che.8 | s.che.5 | s.che.3 | s.che.4 | s.che.6,Nhắc lại công thức và nhận diện dạng bài trước khi vào phần nặng. Nhận diện dạng bài và nhớ lại công thức nền.
PL-HOA-INO-L1-002,Rèn kỹ năng · Hóa vô cơ · Cấp 1,Khoa học,Hóa học,Hóa vô cơ,1,1,Rèn kỹ năng,8,8,70%,85%,40,PL-HOA-INO-L1-001,2,4,2,s.che.6 | s.che.2 | s.che.7 | s.che.9 | s.che.10 | s.che.4 | s.che.1 | s.che.5,Làm chắc một kỹ năng lõi qua các biến thể liên tiếp của cùng một dạng. Nhận diện dạng bài và nhớ lại công thức nền.
PL-HOA-INO-L1-003,Tốc độ · Hóa vô cơ · Cấp 1,Khoa học,Hóa học,Hóa vô cơ,1,1,Tốc độ,8,6,70%,85%,44,PL-HOA-INO-L1-002,2,4,2,s.che.5 | s.che.3 | s.che.1 | s.che.7 | s.che.4 | s.che.6 | s.che.9 | s.che.10,Rút ngắn thời gian trên mỗi câu mà vẫn giữ được độ chính xác. Nhận diện dạng bài và nhớ lại công thức nền.
PL-HOA-INO-L1-004,Chính xác · Hóa vô cơ · Cấp 1,Khoa học,Hóa học,Hóa vô cơ,1,1,Chính xác,8,9,70%,85%,44,PL-HOA-INO-L1-003,2,4,2,s.che.10 | s.che.1 | s.che.8 | s.che.5 | s.che.3 | s.che.7 | s.che.4 | s.che.6,Loại bỏ lỗi ẩu và các bẫy quen thuộc trong chuyên đề. Nhận diện dạng bài và nhớ lại công thức nền.
PL-HOA-INO-L1-005,Thử thách · Hóa vô cơ · Cấp 1,Khoa học,Hóa học,Hóa vô cơ,1,1,Thử thách,8,8,70%,85%,56,PL-HOA-INO-L1-004,2,4,2,s.che.2 | s.che.8 | s.che.1 | s.che.7 | s.che.5 | s.che.3 | s.che.10 | s.che.9,Đẩy lên mức khó hơn cấp hiện tại để chuẩn bị lên cấp. Nhận diện dạng bài và nhớ lại công thức nền.
PL-HOA-INO-L1-006,Vượt ải · Hóa vô cơ · Cấp 1,Khoa học,Hóa học,Hóa vô cơ,1,1,Vượt ải,8,8,70%,90%,72,PL-HOA-INO-L1-005,2,4,2,s.che.1 | s.che.3 | s.che.9 | s.che.4 | s.che.6 | s.che.2 | s.che.7 | s.che.10,Bài kiểm tra chốt cấp độ của tuyến chuyên đề. Nhận diện dạng bài và nhớ lại công thức nền.
PL-HOA-INO-L2-001,Khởi động · Hóa vô cơ · Cấp 2,Khoa học,Hóa học,Hóa vô cơ,1,2,Khởi động,10,15,70%,85%,42,PL-HOA-INO-L1-006,3,5,2,s.che.1 | s.che.7 | s.che.4 | s.che.8 | s.che.5 | s.che.3 | s.che.9 | s.che.10 | s.che.6 | s.che.2,Nhắc lại công thức và nhận diện dạng bài trước khi vào phần nặng. Làm đúng dạng chuẩn mà không cần nhìn gợi ý.
PL-HOA-INO-L2-002,Rèn kỹ năng · Hóa vô cơ · Cấp 2,Khoa học,Hóa học,Hóa vô cơ,1,2,Rèn kỹ năng,10,12,70%,85%,60,PL-HOA-INO-L2-001,3,5,2,s.che.6 | s.che.2 | s.che.8 | s.che.9 | s.che.10 | s.che.4 | s.che.5 | s.che.1 | s.che.7 | s.che.3,Làm chắc một kỹ năng lõi qua các biến thể liên tiếp của cùng một dạng. Làm đúng dạng chuẩn mà không cần nhìn gợi ý.
PL-HOA-INO-L2-003,Tốc độ · Hóa vô cơ · Cấp 2,Khoa học,Hóa học,Hóa vô cơ,1,2,Tốc độ,10,9,70%,85%,66,PL-HOA-INO-L2-002,3,5,2,s.che.5 | s.che.3 | s.che.9 | s.che.7 | s.che.4 | s.che.6 | s.che.2 | s.che.8 | s.che.1 | s.che.10,Rút ngắn thời gian trên mỗi câu mà vẫn giữ được độ chính xác. Làm đúng dạng chuẩn mà không cần nhìn gợi ý.
PL-HOA-INO-L2-004,Chính xác · Hóa vô cơ · Cấp 2,Khoa học,Hóa học,Hóa vô cơ,1,2,Chính xác,10,13,70%,85%,66,PL-HOA-INO-L2-003,3,5,2,s.che.10 | s.che.1 | s.che.7 | s.che.5 | s.che.3 | s.che.9 | s.che.4 | s.che.6 | s.che.8 | s.che.2,Loại bỏ lỗi ẩu và các bẫy quen thuộc trong chuyên đề. Làm đúng dạng chuẩn mà không cần nhìn gợi ý.
PL-HOA-INO-L2-005,Tổng hợp · Hóa vô cơ · Cấp 2,Khoa học,Hóa học,Hóa vô cơ,1,2,Tổng hợp,10,12,70%,85%,69,PL-HOA-INO-L2-004,3,5,2,s.che.4 | s.che.6 | s.che.2 | s.che.8 | s.che.5 | s.che.1 | s.che.3 | s.che.7 | s.che.9 | s.che.10,Trộn nhiều dạng trong cùng chuyên đề để rèn phản xạ nhận diện. Làm đúng dạng chuẩn mà không cần nhìn gợi ý.
PL-HOA-INO-L2-006,Ôn lại · Hóa vô cơ · Cấp 2,Khoa học,Hóa học,Hóa vô cơ,1,2,Ôn lại,10,13,70%,85%,54,PL-HOA-INO-L2-005,3,5,2,s.che.8 | s.che.5 | s.che.3 | s.che.1 | s.che.7 | s.che.9 | s.che.10 | s.che.4 | s.che.2 | s.che.6,Quay lại các câu từng sai để kiến thức không phai theo thời gian. Làm đúng dạng chuẩn mà không cần nhìn gợi ý.
PL-HOA-INO-L2-007,Thử thách · Hóa vô cơ · Cấp 2,Khoa học,Hóa học,Hóa vô cơ,1,2,Thử thách,10,12,70%,85%,84,PL-HOA-INO-L2-006,3,5,2,s.che.9 | s.che.10 | s.che.4 | s.che.7 | s.che.5 | s.che.3 | s.che.6 | s.che.2 | s.che.8 | s.che.1,Đẩy lên mức khó hơn cấp hiện tại để chuẩn bị lên cấp. Làm đúng dạng chuẩn mà không cần nhìn gợi ý.
PL-HOA-INO-L2-008,Vượt ải · Hóa vô cơ · Cấp 2,Khoa học,Hóa học,Hóa vô cơ,1,2,Vượt ải,10,11,70%,90%,108,PL-HOA-INO-L2-007,3,5,2,s.che.6 | s.che.2 | s.che.8 | s.che.9 | s.che.4 | s.che.10 | s.che.1 | s.che.7 | s.che.3 | s.che.5,Bài kiểm tra chốt cấp độ của tuyến chuyên đề. Làm đúng dạng chuẩn mà không cần nhìn gợi ý.
PL-HOA-INO-L3-001,Khởi động · Hóa vô cơ · Cấp 3,Khoa học,Hóa học,Hóa vô cơ,2,3,Khởi động,10,16,70%,85%,63,PL-HOA-INO-L2-008,2,6,2,s.che.1 | s.che.7 | s.che.2 | s.che.8 | s.che.5 | s.che.3 | s.che.9 | s.che.10 | s.che.4 | s.che.6,Nhắc lại công thức và nhận diện dạng bài trước khi vào phần nặng. Ghép nhiều bước và tránh các bẫy quen thuộc.
PL-HOA-INO-L3-002,Rèn kỹ năng · Hóa vô cơ · Cấp 3,Khoa học,Hóa học,Hóa vô cơ,2,3,Rèn kỹ năng,10,13,70%,85%,90,PL-HOA-INO-L3-001,2,6,2,s.che.8 | s.che.5 | s.che.10 | s.che.1 | s.che.7 | s.che.3 | s.che.9 | s.che.4 | s.che.2 | s.che.6,Làm chắc một kỹ năng lõi qua các biến thể liên tiếp của cùng một dạng. Ghép nhiều bước và tránh các bẫy quen thuộc.
PL-HOA-INO-L3-003,Tốc độ · Hóa vô cơ · Cấp 3,Khoa học,Hóa học,Hóa vô cơ,2,3,Tốc độ,10,9,70%,85%,99,PL-HOA-INO-L3-002,2,6,2,s.che.5 | s.che.3 | s.che.4 | s.che.6 | s.che.2 | s.che.8 | s.che.1 | s.che.7 | s.che.9 | s.che.10,Rút ngắn thời gian trên mỗi câu mà vẫn giữ được độ chính xác. Ghép nhiều bước và tránh các bẫy quen thuộc.
PL-HOA-INO-L3-004,Chính xác · Hóa vô cơ · Cấp 3,Khoa học,Hóa học,Hóa vô cơ,2,3,Chính xác,10,14,70%,85%,99,PL-HOA-INO-L3-003,2,6,2,s.che.10 | s.che.4 | s.che.6 | s.che.2 | s.che.8 | s.che.1 | s.che.7 | s.che.5 | s.che.9 | s.che.3,Loại bỏ lỗi ẩu và các bẫy quen thuộc trong chuyên đề. Ghép nhiều bước và tránh các bẫy quen thuộc.
PL-HOA-INO-L3-005,Tổng hợp · Hóa vô cơ · Cấp 3,Khoa học,Hóa học,Hóa vô cơ,2,3,Tổng hợp,10,13,70%,85%,103,PL-HOA-INO-L3-004,2,6,2,s.che.2 | s.che.8 | s.che.1 | s.che.7 | s.che.5 | s.che.3 | s.che.9 | s.che.4 | s.che.10 | s.che.6,Trộn nhiều dạng trong cùng chuyên đề để rèn phản xạ nhận diện. Ghép nhiều bước và tránh các bẫy quen thuộc.
PL-HOA-INO-L3-006,Ôn lại · Hóa vô cơ · Cấp 3,Khoa học,Hóa học,Hóa vô cơ,2,3,Ôn lại,10,14,70%,85%,81,PL-HOA-INO-L3-005,2,6,2,s.che.1 | s.che.3 | s.che.9 | s.che.4 | s.che.6 | s.che.2 | s.che.8 | s.che.10 | s.che.7 | s.che.5,Quay lại các câu từng sai để kiến thức không phai theo thời gian. Ghép nhiều bước và tránh các bẫy quen thuộc.
PL-HOA-INO-L3-007,Khởi động · Hóa vô cơ · Cấp 3,Khoa học,Hóa học,Hóa vô cơ,2,3,Khởi động,10,16,70%,85%,63,PL-HOA-INO-L3-006,2,6,2,s.che.9 | s.che.10 | s.che.5 | s.che.1 | s.che.3 | s.che.7 | s.che.4 | s.che.6 | s.che.2 | s.che.8,Nhắc lại công thức và nhận diện dạng bài trước khi vào phần nặng. Ghép nhiều bước và tránh các bẫy quen thuộc.
PL-HOA-INO-L3-008,Thử thách · Hóa vô cơ · Cấp 3,Khoa học,Hóa học,Hóa vô cơ,2,3,Thử thách,10,13,70%,85%,126,PL-HOA-INO-L3-007,2,6,2,s.che.3 | s.che.9 | s.che.7 | s.che.10 | s.che.5 | s.che.4 | s.che.6 | s.che.2 | s.che.1 | s.che.8,Đẩy lên mức khó hơn cấp hiện tại để chuẩn bị lên cấp. Ghép nhiều bước và tránh các bẫy quen thuộc.
PL-HOA-INO-L3-009,Vượt ải · Hóa vô cơ · Cấp 3,Khoa học,Hóa học,Hóa vô cơ,2,3,Vượt ải,10,12,70%,90%,162,PL-HOA-INO-L3-008,2,6,2,s.che.6 | s.che.2 | s.che.3 | s.che.9 | s.che.4 | s.che.8 | s.che.1 | s.che.7 | s.che.10 | s.che.5,Bài kiểm tra chốt cấp độ của tuyến chuyên đề. Ghép nhiều bước và tránh các bẫy quen thuộc.
PL-HOA-INO-L4-001,Khởi động · Hóa vô cơ · Cấp 4,Khoa học,Hóa học,Hóa vô cơ,2,4,Khởi động,10,14,70%,85%,84,PL-HOA-INO-L3-009,2,6,2,s.che.1 | s.che.7 | s.che.2 | s.che.8 | s.che.5 | s.che.3 | s.che.9 | s.che.10 | s.che.4 | s.che.6,Nhắc lại công thức và nhận diện dạng bài trước khi vào phần nặng. Giữ độ chính xác khi thời gian bắt đầu siết lại.
PL-HOA-INO-L4-002,Rèn kỹ năng · Hóa vô cơ · Cấp 4,Khoa học,Hóa học,Hóa vô cơ,2,4,Rèn kỹ năng,10,11,70%,85%,120,PL-HOA-INO-L4-001,2,6,2,s.che.8 | s.che.5 | s.che.10 | s.che.1 | s.che.7 | s.che.3 | s.che.9 | s.che.4 | s.che.2 | s.che.6,Làm chắc một kỹ năng lõi qua các biến thể liên tiếp của cùng một dạng. Giữ độ chính xác khi thời gian bắt đầu siết lại.
PL-HOA-INO-L4-003,Tốc độ · Hóa vô cơ · Cấp 4,Khoa học,Hóa học,Hóa vô cơ,2,4,Tốc độ,10,8,70%,85%,132,PL-HOA-INO-L4-002,2,6,2,s.che.5 | s.che.3 | s.che.4 | s.che.6 | s.che.2 | s.che.8 | s.che.1 | s.che.7 | s.che.9 | s.che.10,Rút ngắn thời gian trên mỗi câu mà vẫn giữ được độ chính xác. Giữ độ chính xác khi thời gian bắt đầu siết lại.
PL-HOA-INO-L4-004,Chính xác · Hóa vô cơ · Cấp 4,Khoa học,Hóa học,Hóa vô cơ,2,4,Chính xác,10,12,70%,85%,132,PL-HOA-INO-L4-003,2,6,2,s.che.10 | s.che.4 | s.che.6 | s.che.2 | s.che.8 | s.che.1 | s.che.7 | s.che.5 | s.che.9 | s.che.3,Loại bỏ lỗi ẩu và các bẫy quen thuộc trong chuyên đề. Giữ độ chính xác khi thời gian bắt đầu siết lại.
PL-HOA-INO-L4-005,Tổng hợp · Hóa vô cơ · Cấp 4,Khoa học,Hóa học,Hóa vô cơ,2,4,Tổng hợp,10,11,70%,85%,138,PL-HOA-INO-L4-004,2,6,2,s.che.2 | s.che.8 | s.che.1 | s.che.7 | s.che.5 | s.che.3 | s.che.9 | s.che.4 | s.che.10 | s.che.6,Trộn nhiều dạng trong cùng chuyên đề để rèn phản xạ nhận diện. Giữ độ chính xác khi thời gian bắt đầu siết lại.
PL-HOA-INO-L4-006,Ôn lại · Hóa vô cơ · Cấp 4,Khoa học,Hóa học,Hóa vô cơ,2,4,Ôn lại,10,12,70%,85%,108,PL-HOA-INO-L4-005,2,6,2,s.che.1 | s.che.3 | s.che.9 | s.che.4 | s.che.6 | s.che.2 | s.che.8 | s.che.10 | s.che.7 | s.che.5,Quay lại các câu từng sai để kiến thức không phai theo thời gian. Giữ độ chính xác khi thời gian bắt đầu siết lại.
PL-HOA-INO-L4-007,Khởi động · Hóa vô cơ · Cấp 4,Khoa học,Hóa học,Hóa vô cơ,2,4,Khởi động,10,14,70%,85%,84,PL-HOA-INO-L4-006,2,6,2,s.che.9 | s.che.10 | s.che.5 | s.che.1 | s.che.3 | s.che.7 | s.che.4 | s.che.6 | s.che.2 | s.che.8,Nhắc lại công thức và nhận diện dạng bài trước khi vào phần nặng. Giữ độ chính xác khi thời gian bắt đầu siết lại.
PL-HOA-INO-L4-008,Thử thách · Hóa vô cơ · Cấp 4,Khoa học,Hóa học,Hóa vô cơ,2,4,Thử thách,10,11,70%,85%,168,PL-HOA-INO-L4-007,2,6,2,s.che.3 | s.che.9 | s.che.7 | s.che.10 | s.che.5 | s.che.4 | s.che.6 | s.che.2 | s.che.1 | s.che.8,Đẩy lên mức khó hơn cấp hiện tại để chuẩn bị lên cấp. Giữ độ chính xác khi thời gian bắt đầu siết lại.
PL-HOA-INO-L4-009,Vượt ải · Hóa vô cơ · Cấp 4,Khoa học,Hóa học,Hóa vô cơ,2,4,Vượt ải,10,10,70%,90%,216,PL-HOA-INO-L4-008,2,6,2,s.che.6 | s.che.2 | s.che.3 | s.che.9 | s.che.4 | s.che.8 | s.che.1 | s.che.7 | s.che.10 | s.che.5,Bài kiểm tra chốt cấp độ của tuyến chuyên đề. Giữ độ chính xác khi thời gian bắt đầu siết lại.
PL-HOA-INO-L5-001,Khởi động · Hóa vô cơ · Cấp 5,Khoa học,Hóa học,Hóa vô cơ,3,5,Khởi động,10,15,70%,85%,112,PL-HOA-INO-L4-009,2,6,2,s.che.4 | s.che.6 | s.che.9 | s.che.2 | s.che.8 | s.che.10 | s.che.1 | s.che.7 | s.che.5 | s.che.3,Nhắc lại công thức và nhận diện dạng bài trước khi vào phần nặng. Xử lý câu phân loại mà không mất nhịp.
PL-HOA-INO-L5-002,Rèn kỹ năng · Hóa vô cơ · Cấp 5,Khoa học,Hóa học,Hóa vô cơ,3,5,Rèn kỹ năng,10,12,70%,85%,160,PL-HOA-INO-L5-001,2,6,2,s.che.4 | s.che.6 | s.che.8 | s.che.1 | s.che.7 | s.che.10 | s.che.5 | s.che.3 | s.che.2 | s.che.9,Làm chắc một kỹ năng lõi qua các biến thể liên tiếp của cùng một dạng. Xử lý câu phân loại mà không mất nhịp.
PL-HOA-INO-L5-003,Tốc độ · Hóa vô cơ · Cấp 5,Khoa học,Hóa học,Hóa vô cơ,3,5,Tốc độ,10,9,70%,85%,176,PL-HOA-INO-L5-002,2,6,2,s.che.3 | s.che.7 | s.che.5 | s.che.9 | s.che.4 | s.che.6 | s.che.2 | s.che.8 | s.che.10 | s.che.1,Rút ngắn thời gian trên mỗi câu mà vẫn giữ được độ chính xác. Xử lý câu phân loại mà không mất nhịp.
PL-HOA-INO-L5-004,Chính xác · Hóa vô cơ · Cấp 5,Khoa học,Hóa học,Hóa vô cơ,3,5,Chính xác,10,13,70%,85%,176,PL-HOA-INO-L5-003,2,6,2,s.che.7 | s.che.5 | s.che.4 | s.che.6 | s.che.2 | s.che.8 | s.che.1 | s.che.10 | s.che.9 | s.che.3,Loại bỏ lỗi ẩu và các bẫy quen thuộc trong chuyên đề. Xử lý câu phân loại mà không mất nhịp.
PL-HOA-INO-L5-005,Tổng hợp · Hóa vô cơ · Cấp 5,Khoa học,Hóa học,Hóa vô cơ,3,5,Tổng hợp,10,12,70%,85%,184,PL-HOA-INO-L5-004,2,6,2,s.che.9 | s.che.4 | s.che.1 | s.che.7 | s.che.10 | s.che.5 | s.che.3 | s.che.6 | s.che.2 | s.che.8,Trộn nhiều dạng trong cùng chuyên đề để rèn phản xạ nhận diện. Xử lý câu phân loại mà không mất nhịp.
PL-HOA-INO-L5-006,Thử thách · Hóa vô cơ · Cấp 5,Khoa học,Hóa học,Hóa vô cơ,3,5,Thử thách,10,12,70%,85%,224,PL-HOA-INO-L5-005,2,6,2,s.che.6 | s.che.2 | s.che.5 | s.che.3 | s.che.9 | s.che.4 | s.che.8 | s.che.1 | s.che.7 | s.che.10,Đẩy lên mức khó hơn cấp hiện tại để chuẩn bị lên cấp. Xử lý câu phân loại mà không mất nhịp.
PL-HOA-INO-L5-007,Vượt ải · Hóa vô cơ · Cấp 5,Khoa học,Hóa học,Hóa vô cơ,3,5,Vượt ải,10,11,70%,90%,288,PL-HOA-INO-L5-006,2,6,2,s.che.1 | s.che.7 | s.che.4 | s.che.6 | s.che.2 | s.che.8 | s.che.10 | s.che.5 | s.che.3 | s.che.9,Bài kiểm tra chốt cấp độ của tuyến chuyên đề. Xử lý câu phân loại mà không mất nhịp.
PL-HOA-INO-L6-001,Khởi động · Hóa vô cơ · Cấp 6,Khoa học,Hóa học,Hóa vô cơ,3,6,Khởi động,10,13,70%,85%,154,PL-HOA-INO-L5-007,2,5,3,s.che.5 | s.che.3 | s.che.4 | s.che.6 | s.che.2 | s.che.8 | s.che.1 | s.che.9 | s.che.7 | s.che.10,Nhắc lại công thức và nhận diện dạng bài trước khi vào phần nặng. Tốc độ và độ chính xác của nhóm dẫn đầu phổ điểm.
PL-HOA-INO-L6-002,Rèn kỹ năng · Hóa vô cơ · Cấp 6,Khoa học,Hóa học,Hóa vô cơ,3,6,Rèn kỹ năng,10,10,70%,85%,220,PL-HOA-INO-L6-001,2,5,3,s.che.9 | s.che.4 | s.che.8 | s.che.1 | s.che.7 | s.che.10 | s.che.5 | s.che.6 | s.che.2 | s.che.3,Làm chắc một kỹ năng lõi qua các biến thể liên tiếp của cùng một dạng. Tốc độ và độ chính xác của nhóm dẫn đầu phổ điểm.
PL-HOA-INO-L6-003,Tốc độ · Hóa vô cơ · Cấp 6,Khoa học,Hóa học,Hóa vô cơ,3,6,Tốc độ,10,8,70%,85%,242,PL-HOA-INO-L6-002,2,5,3,s.che.8 | s.che.10 | s.che.5 | s.che.3 | s.che.9 | s.che.4 | s.che.6 | s.che.1 | s.che.7 | s.che.2,Rút ngắn thời gian trên mỗi câu mà vẫn giữ được độ chính xác. Tốc độ và độ chính xác của nhóm dẫn đầu phổ điểm.
PL-HOA-INO-L6-004,Thử thách · Hóa vô cơ · Cấp 6,Khoa học,Hóa học,Hóa vô cơ,3,6,Thử thách,10,10,70%,85%,308,PL-HOA-INO-L6-003,2,5,3,s.che.7 | s.che.10 | s.che.4 | s.che.6 | s.che.2 | s.che.8 | s.che.1 | s.che.3 | s.che.9 | s.che.5,Đẩy lên mức khó hơn cấp hiện tại để chuẩn bị lên cấp. Tốc độ và độ chính xác của nhóm dẫn đầu phổ điểm.
PL-HOA-INO-L6-005,Vượt ải · Hóa vô cơ · Cấp 6,Khoa học,Hóa học,Hóa vô cơ,3,6,Vượt ải,10,10,70%,90%,396,PL-HOA-INO-L6-004,2,5,3,s.che.3 | s.che.9 | s.che.1 | s.che.7 | s.che.10 | s.che.5 | s.che.4 | s.che.2 | s.che.8 | s.che.6,Bài kiểm tra chốt cấp độ của tuyến chuyên đề. Tốc độ và độ chính xác của nhóm dẫn đầu phổ điểm.
PL-HOA-ORG-L1-001,Khởi động · Hóa hữu cơ · Cấp 1,Khoa học,Hóa học,Hóa hữu cơ,1,1,Khởi động,8,10,70%,85%,28,,2,4,2,s.che.7 | s.che.1 | s.che.4 | s.che.6 | s.che.9 | s.che.3 | s.che.8 | s.che.2,Nhắc lại công thức và nhận diện dạng bài trước khi vào phần nặng. Nhận diện dạng bài và nhớ lại công thức nền.
PL-HOA-ORG-L1-002,Rèn kỹ năng · Hóa hữu cơ · Cấp 1,Khoa học,Hóa học,Hóa hữu cơ,1,1,Rèn kỹ năng,8,8,70%,85%,40,PL-HOA-ORG-L1-001,2,4,2,s.che.2 | s.che.4 | s.che.3 | s.che.5 | s.che.10 | s.che.8 | s.che.1 | s.che.9,Làm chắc một kỹ năng lõi qua các biến thể liên tiếp của cùng một dạng. Nhận diện dạng bài và nhớ lại công thức nền.
PL-HOA-ORG-L1-003,Tốc độ · Hóa hữu cơ · Cấp 1,Khoa học,Hóa học,Hóa hữu cơ,1,1,Tốc độ,8,6,70%,85%,44,PL-HOA-ORG-L1-002,2,4,2,s.che.9 | s.che.3 | s.che.7 | s.che.1 | s.che.8 | s.che.2 | s.che.5 | s.che.10,Rút ngắn thời gian trên mỗi câu mà vẫn giữ được độ chính xác. Nhận diện dạng bài và nhớ lại công thức nền.
PL-HOA-ORG-L1-004,Chính xác · Hóa hữu cơ · Cấp 1,Khoa học,Hóa học,Hóa hữu cơ,1,1,Chính xác,8,9,70%,85%,44,PL-HOA-ORG-L1-003,2,4,2,s.che.10 | s.che.7 | s.che.6 | s.che.9 | s.che.1 | s.che.3 | s.che.8 | s.che.2,Loại bỏ lỗi ẩu và các bẫy quen thuộc trong chuyên đề. Nhận diện dạng bài và nhớ lại công thức nền.
PL-HOA-ORG-L1-005,Tổng hợp · Hóa hữu cơ · Cấp 1,Khoa học,Hóa học,Hóa hữu cơ,1,1,Tổng hợp,8,8,70%,85%,46,PL-HOA-ORG-L1-004,2,4,2,s.che.8 | s.che.2 | s.che.5 | s.che.10 | s.che.4 | s.che.6 | s.che.9 | s.che.3,Trộn nhiều dạng trong cùng chuyên đề để rèn phản xạ nhận diện. Nhận diện dạng bài và nhớ lại công thức nền.
PL-HOA-ORG-L1-006,Thử thách · Hóa hữu cơ · Cấp 1,Khoa học,Hóa học,Hóa hữu cơ,1,1,Thử thách,8,8,70%,85%,56,PL-HOA-ORG-L1-005,2,4,2,s.che.9 | s.che.1 | s.che.5 | s.che.8 | s.che.10 | s.che.2 | s.che.7 | s.che.3,Đẩy lên mức khó hơn cấp hiện tại để chuẩn bị lên cấp. Nhận diện dạng bài và nhớ lại công thức nền.
PL-HOA-ORG-L1-007,Vượt ải · Hóa hữu cơ · Cấp 1,Khoa học,Hóa học,Hóa hữu cơ,1,1,Vượt ải,8,8,70%,90%,72,PL-HOA-ORG-L1-006,2,4,2,s.che.5 | s.che.10 | s.che.4 | s.che.6 | s.che.7 | s.che.1 | s.che.8 | s.che.2,Bài kiểm tra chốt cấp độ của tuyến chuyên đề. Nhận diện dạng bài và nhớ lại công thức nền.
PL-HOA-ORG-L2-001,Khởi động · Hóa hữu cơ · Cấp 2,Khoa học,Hóa học,Hóa hữu cơ,1,2,Khởi động,10,15,70%,85%,42,PL-HOA-ORG-L1-007,3,5,2,s.che.7 | s.che.1 | s.che.8 | s.che.6 | s.che.9 | s.che.3 | s.che.5 | s.che.10 | s.che.2 | s.che.4,Nhắc lại công thức và nhận diện dạng bài trước khi vào phần nặng. Làm đúng dạng chuẩn mà không cần nhìn gợi ý.
PL-HOA-ORG-L2-002,Rèn kỹ năng · Hóa hữu cơ · Cấp 2,Khoa học,Hóa học,Hóa hữu cơ,1,2,Rèn kỹ năng,10,12,70%,85%,60,PL-HOA-ORG-L2-001,3,5,2,s.che.2 | s.che.4 | s.che.6 | s.che.5 | s.che.10 | s.che.8 | s.che.7 | s.che.9 | s.che.1 | s.che.3,Làm chắc một kỹ năng lõi qua các biến thể liên tiếp của cùng một dạng. Làm đúng dạng chuẩn mà không cần nhìn gợi ý.
PL-HOA-ORG-L2-003,Tốc độ · Hóa hữu cơ · Cấp 2,Khoa học,Hóa học,Hóa hữu cơ,1,2,Tốc độ,10,9,70%,85%,66,PL-HOA-ORG-L2-002,3,5,2,s.che.9 | s.che.3 | s.che.5 | s.che.1 | s.che.8 | s.che.2 | s.che.4 | s.che.6 | s.che.7 | s.che.10,Rút ngắn thời gian trên mỗi câu mà vẫn giữ được độ chính xác. Làm đúng dạng chuẩn mà không cần nhìn gợi ý.
PL-HOA-ORG-L2-004,Chính xác · Hóa hữu cơ · Cấp 2,Khoa học,Hóa học,Hóa hữu cơ,1,2,Chính xác,10,13,70%,85%,66,PL-HOA-ORG-L2-003,3,5,2,s.che.10 | s.che.7 | s.che.1 | s.che.9 | s.che.3 | s.che.5 | s.che.8 | s.che.2 | s.che.6 | s.che.4,Loại bỏ lỗi ẩu và các bẫy quen thuộc trong chuyên đề. Làm đúng dạng chuẩn mà không cần nhìn gợi ý.
PL-HOA-ORG-L2-005,Tổng hợp · Hóa hữu cơ · Cấp 2,Khoa học,Hóa học,Hóa hữu cơ,1,2,Tổng hợp,10,12,70%,85%,69,PL-HOA-ORG-L2-004,3,5,2,s.che.8 | s.che.2 | s.che.4 | s.che.6 | s.che.7 | s.che.9 | s.che.1 | s.che.3 | s.che.5 | s.che.10,Trộn nhiều dạng trong cùng chuyên đề để rèn phản xạ nhận diện. Làm đúng dạng chuẩn mà không cần nhìn gợi ý.
PL-HOA-ORG-L2-006,Ôn lại · Hóa hữu cơ · Cấp 2,Khoa học,Hóa học,Hóa hữu cơ,1,2,Ôn lại,10,13,70%,85%,54,PL-HOA-ORG-L2-005,3,5,2,s.che.6 | s.che.9 | s.che.3 | s.che.7 | s.che.1 | s.che.5 | s.che.10 | s.che.8 | s.che.4 | s.che.2,Quay lại các câu từng sai để kiến thức không phai theo thời gian. Làm đúng dạng chuẩn mà không cần nhìn gợi ý.
PL-HOA-ORG-L2-007,Khởi động · Hóa hữu cơ · Cấp 2,Khoa học,Hóa học,Hóa hữu cơ,1,2,Khởi động,10,15,70%,85%,42,PL-HOA-ORG-L2-006,3,5,2,s.che.5 | s.che.10 | s.che.7 | s.che.3 | s.che.1 | s.che.8 | s.che.2 | s.che.4 | s.che.6 | s.che.9,Nhắc lại công thức và nhận diện dạng bài trước khi vào phần nặng. Làm đúng dạng chuẩn mà không cần nhìn gợi ý.
PL-HOA-ORG-L2-008,Thử thách · Hóa hữu cơ · Cấp 2,Khoa học,Hóa học,Hóa hữu cơ,1,2,Thử thách,10,12,70%,85%,84,PL-HOA-ORG-L2-007,3,5,2,s.che.2 | s.che.4 | s.che.6 | s.che.5 | s.che.8 | s.che.10 | s.che.7 | s.che.1 | s.che.3 | s.che.9,Đẩy lên mức khó hơn cấp hiện tại để chuẩn bị lên cấp. Làm đúng dạng chuẩn mà không cần nhìn gợi ý.
PL-HOA-ORG-L2-009,Vượt ải · Hóa hữu cơ · Cấp 2,Khoa học,Hóa học,Hóa hữu cơ,1,2,Vượt ải,10,11,70%,90%,108,PL-HOA-ORG-L2-008,3,5,2,s.che.7 | s.che.9 | s.che.1 | s.che.4 | s.che.6 | s.che.3 | s.che.5 | s.che.8 | s.che.10 | s.che.2,Bài kiểm tra chốt cấp độ của tuyến chuyên đề. Làm đúng dạng chuẩn mà không cần nhìn gợi ý.
PL-HOA-ORG-L3-001,Khởi động · Hóa hữu cơ · Cấp 3,Khoa học,Hóa học,Hóa hữu cơ,2,3,Khởi động,10,16,70%,85%,63,PL-HOA-ORG-L2-009,2,6,2,s.che.7 | s.che.1 | s.che.4 | s.che.6 | s.che.9 | s.che.3 | s.che.5 | s.che.10 | s.che.8 | s.che.2,Nhắc lại công thức và nhận diện dạng bài trước khi vào phần nặng. Ghép nhiều bước và tránh các bẫy quen thuộc.
PL-HOA-ORG-L3-002,Rèn kỹ năng · Hóa hữu cơ · Cấp 3,Khoa học,Hóa học,Hóa hữu cơ,2,3,Rèn kỹ năng,10,13,70%,85%,90,PL-HOA-ORG-L3-001,2,6,2,s.che.6 | s.che.7 | s.che.2 | s.che.4 | s.che.1 | s.che.9 | s.che.3 | s.che.5 | s.che.8 | s.che.10,Làm chắc một kỹ năng lõi qua các biến thể liên tiếp của cùng một dạng. Ghép nhiều bước và tránh các bẫy quen thuộc.
PL-HOA-ORG-L3-003,Tốc độ · Hóa hữu cơ · Cấp 3,Khoa học,Hóa học,Hóa hữu cơ,2,3,Tốc độ,10,9,70%,85%,99,PL-HOA-ORG-L3-002,2,6,2,s.che.9 | s.che.3 | s.che.8 | s.che.2 | s.che.4 | s.che.6 | s.che.7 | s.che.1 | s.che.5 | s.che.10,Rút ngắn thời gian trên mỗi câu mà vẫn giữ được độ chính xác. Ghép nhiều bước và tránh các bẫy quen thuộc.
PL-HOA-ORG-L3-004,Chính xác · Hóa hữu cơ · Cấp 3,Khoa học,Hóa học,Hóa hữu cơ,2,3,Chính xác,10,14,70%,85%,99,PL-HOA-ORG-L3-003,2,6,2,s.che.10 | s.che.8 | s.che.2 | s.che.4 | s.che.6 | s.che.7 | s.che.1 | s.che.9 | s.che.5 | s.che.3,Loại bỏ lỗi ẩu và các bẫy quen thuộc trong chuyên đề. Ghép nhiều bước và tránh các bẫy quen thuộc.
PL-HOA-ORG-L3-005,Tổng hợp · Hóa hữu cơ · Cấp 3,Khoa học,Hóa học,Hóa hữu cơ,2,3,Tổng hợp,10,13,70%,85%,103,PL-HOA-ORG-L3-004,2,6,2,s.che.4 | s.che.6 | s.che.7 | s.che.1 | s.che.9 | s.che.3 | s.che.5 | s.che.8 | s.che.10 | s.che.2,Trộn nhiều dạng trong cùng chuyên đề để rèn phản xạ nhận diện. Ghép nhiều bước và tránh các bẫy quen thuộc.
PL-HOA-ORG-L3-006,Ôn lại · Hóa hữu cơ · Cấp 3,Khoa học,Hóa học,Hóa hữu cơ,2,3,Ôn lại,10,14,70%,85%,81,PL-HOA-ORG-L3-005,2,6,2,s.che.9 | s.che.1 | s.che.5 | s.che.8 | s.che.10 | s.che.2 | s.che.4 | s.che.6 | s.che.7 | s.che.3,Quay lại các câu từng sai để kiến thức không phai theo thời gian. Ghép nhiều bước và tránh các bẫy quen thuộc.
PL-HOA-ORG-L3-007,Khởi động · Hóa hữu cơ · Cấp 3,Khoa học,Hóa học,Hóa hữu cơ,2,3,Khởi động,10,16,70%,85%,63,PL-HOA-ORG-L3-006,2,6,2,s.che.5 | s.che.10 | s.che.7 | s.che.9 | s.che.1 | s.che.3 | s.che.8 | s.che.2 | s.che.4 | s.che.6,Nhắc lại công thức và nhận diện dạng bài trước khi vào phần nặng. Ghép nhiều bước và tránh các bẫy quen thuộc.
PL-HOA-ORG-L3-008,Rèn kỹ năng · Hóa hữu cơ · Cấp 3,Khoa học,Hóa học,Hóa hữu cơ,2,3,Rèn kỹ năng,10,13,70%,85%,90,PL-HOA-ORG-L3-007,2,6,2,s.che.2 | s.che.4 | s.che.1 | s.che.9 | s.che.3 | s.che.5 | s.che.8 | s.che.10 | s.che.7 | s.che.6,Làm chắc một kỹ năng lõi qua các biến thể liên tiếp của cùng một dạng. Ghép nhiều bước và tránh các bẫy quen thuộc.
PL-HOA-ORG-L3-009,Thử thách · Hóa hữu cơ · Cấp 3,Khoa học,Hóa học,Hóa hữu cơ,2,3,Thử thách,10,13,70%,85%,126,PL-HOA-ORG-L3-008,2,6,2,s.che.10 | s.che.2 | s.che.5 | s.che.8 | s.che.4 | s.che.6 | s.che.7 | s.che.1 | s.che.9 | s.che.3,Đẩy lên mức khó hơn cấp hiện tại để chuẩn bị lên cấp. Ghép nhiều bước và tránh các bẫy quen thuộc.
PL-HOA-ORG-L3-010,Vượt ải · Hóa hữu cơ · Cấp 3,Khoa học,Hóa học,Hóa hữu cơ,2,3,Vượt ải,10,12,70%,90%,162,PL-HOA-ORG-L3-009,2,6,2,s.che.6 | s.che.7 | s.che.2 | s.che.4 | s.che.1 | s.che.10 | s.che.9 | s.che.3 | s.che.8 | s.che.5,Bài kiểm tra chốt cấp độ của tuyến chuyên đề. Ghép nhiều bước và tránh các bẫy quen thuộc.
PL-HOA-ORG-L4-001,Khởi động · Hóa hữu cơ · Cấp 4,Khoa học,Hóa học,Hóa hữu cơ,2,4,Khởi động,10,14,70%,85%,84,PL-HOA-ORG-L3-010,2,6,2,s.che.7 | s.che.1 | s.che.4 | s.che.6 | s.che.9 | s.che.3 | s.che.5 | s.che.10 | s.che.8 | s.che.2,Nhắc lại công thức và nhận diện dạng bài trước khi vào phần nặng. Giữ độ chính xác khi thời gian bắt đầu siết lại.
PL-HOA-ORG-L4-002,Rèn kỹ năng · Hóa hữu cơ · Cấp 4,Khoa học,Hóa học,Hóa hữu cơ,2,4,Rèn kỹ năng,10,11,70%,85%,120,PL-HOA-ORG-L4-001,2,6,2,s.che.6 | s.che.7 | s.che.2 | s.che.4 | s.che.1 | s.che.9 | s.che.3 | s.che.5 | s.che.8 | s.che.10,Làm chắc một kỹ năng lõi qua các biến thể liên tiếp của cùng một dạng. Giữ độ chính xác khi thời gian bắt đầu siết lại.
PL-HOA-ORG-L4-003,Tốc độ · Hóa hữu cơ · Cấp 4,Khoa học,Hóa học,Hóa hữu cơ,2,4,Tốc độ,10,8,70%,85%,132,PL-HOA-ORG-L4-002,2,6,2,s.che.9 | s.che.3 | s.che.8 | s.che.2 | s.che.4 | s.che.6 | s.che.7 | s.che.1 | s.che.5 | s.che.10,Rút ngắn thời gian trên mỗi câu mà vẫn giữ được độ chính xác. Giữ độ chính xác khi thời gian bắt đầu siết lại.
PL-HOA-ORG-L4-004,Chính xác · Hóa hữu cơ · Cấp 4,Khoa học,Hóa học,Hóa hữu cơ,2,4,Chính xác,10,12,70%,85%,132,PL-HOA-ORG-L4-003,2,6,2,s.che.10 | s.che.8 | s.che.2 | s.che.4 | s.che.6 | s.che.7 | s.che.1 | s.che.9 | s.che.5 | s.che.3,Loại bỏ lỗi ẩu và các bẫy quen thuộc trong chuyên đề. Giữ độ chính xác khi thời gian bắt đầu siết lại.
PL-HOA-ORG-L4-005,Tổng hợp · Hóa hữu cơ · Cấp 4,Khoa học,Hóa học,Hóa hữu cơ,2,4,Tổng hợp,10,11,70%,85%,138,PL-HOA-ORG-L4-004,2,6,2,s.che.4 | s.che.6 | s.che.7 | s.che.1 | s.che.9 | s.che.3 | s.che.5 | s.che.8 | s.che.10 | s.che.2,Trộn nhiều dạng trong cùng chuyên đề để rèn phản xạ nhận diện. Giữ độ chính xác khi thời gian bắt đầu siết lại.
PL-HOA-ORG-L4-006,Ôn lại · Hóa hữu cơ · Cấp 4,Khoa học,Hóa học,Hóa hữu cơ,2,4,Ôn lại,10,12,70%,85%,108,PL-HOA-ORG-L4-005,2,6,2,s.che.9 | s.che.1 | s.che.5 | s.che.8 | s.che.10 | s.che.2 | s.che.4 | s.che.6 | s.che.7 | s.che.3,Quay lại các câu từng sai để kiến thức không phai theo thời gian. Giữ độ chính xác khi thời gian bắt đầu siết lại.
PL-HOA-ORG-L4-007,Khởi động · Hóa hữu cơ · Cấp 4,Khoa học,Hóa học,Hóa hữu cơ,2,4,Khởi động,10,14,70%,85%,84,PL-HOA-ORG-L4-006,2,6,2,s.che.5 | s.che.10 | s.che.7 | s.che.9 | s.che.1 | s.che.3 | s.che.8 | s.che.2 | s.che.4 | s.che.6,Nhắc lại công thức và nhận diện dạng bài trước khi vào phần nặng. Giữ độ chính xác khi thời gian bắt đầu siết lại.
PL-HOA-ORG-L4-008,Rèn kỹ năng · Hóa hữu cơ · Cấp 4,Khoa học,Hóa học,Hóa hữu cơ,2,4,Rèn kỹ năng,10,11,70%,85%,120,PL-HOA-ORG-L4-007,2,6,2,s.che.2 | s.che.4 | s.che.1 | s.che.9 | s.che.3 | s.che.5 | s.che.8 | s.che.10 | s.che.7 | s.che.6,Làm chắc một kỹ năng lõi qua các biến thể liên tiếp của cùng một dạng. Giữ độ chính xác khi thời gian bắt đầu siết lại.
PL-HOA-ORG-L4-009,Thử thách · Hóa hữu cơ · Cấp 4,Khoa học,Hóa học,Hóa hữu cơ,2,4,Thử thách,10,11,70%,85%,168,PL-HOA-ORG-L4-008,2,6,2,s.che.10 | s.che.2 | s.che.5 | s.che.8 | s.che.4 | s.che.6 | s.che.7 | s.che.1 | s.che.9 | s.che.3,Đẩy lên mức khó hơn cấp hiện tại để chuẩn bị lên cấp. Giữ độ chính xác khi thời gian bắt đầu siết lại.
PL-HOA-ORG-L4-010,Vượt ải · Hóa hữu cơ · Cấp 4,Khoa học,Hóa học,Hóa hữu cơ,2,4,Vượt ải,10,10,70%,90%,216,PL-HOA-ORG-L4-009,2,6,2,s.che.6 | s.che.7 | s.che.2 | s.che.4 | s.che.1 | s.che.10 | s.che.9 | s.che.3 | s.che.8 | s.che.5,Bài kiểm tra chốt cấp độ của tuyến chuyên đề. Giữ độ chính xác khi thời gian bắt đầu siết lại.
PL-HOA-ORG-L5-001,Khởi động · Hóa hữu cơ · Cấp 5,Khoa học,Hóa học,Hóa hữu cơ,3,5,Khởi động,10,15,70%,85%,112,PL-HOA-ORG-L4-010,2,6,2,s.che.8 | s.che.2 | s.che.5 | s.che.10 | s.che.4 | s.che.6 | s.che.7 | s.che.1 | s.che.9 | s.che.3,Nhắc lại công thức và nhận diện dạng bài trước khi vào phần nặng. Xử lý câu phân loại mà không mất nhịp.
PL-HOA-ORG-L5-002,Rèn kỹ năng · Hóa hữu cơ · Cấp 5,Khoa học,Hóa học,Hóa hữu cơ,3,5,Rèn kỹ năng,10,12,70%,85%,160,PL-HOA-ORG-L5-001,2,6,2,s.che.8 | s.che.10 | s.che.6 | s.che.7 | s.che.1 | s.che.9 | s.che.3 | s.che.5 | s.che.4 | s.che.2,Làm chắc một kỹ năng lõi qua các biến thể liên tiếp của cùng một dạng. Xử lý câu phân loại mà không mất nhịp.
PL-HOA-ORG-L5-003,Tốc độ · Hóa hữu cơ · Cấp 5,Khoa học,Hóa học,Hóa hữu cơ,3,5,Tốc độ,10,9,70%,85%,176,PL-HOA-ORG-L5-002,2,6,2,s.che.1 | s.che.3 | s.che.9 | s.che.5 | s.che.8 | s.che.10 | s.che.2 | s.che.4 | s.che.6 | s.che.7,Rút ngắn thời gian trên mỗi câu mà vẫn giữ được độ chính xác. Xử lý câu phân loại mà không mất nhịp.
PL-HOA-ORG-L5-004,Chính xác · Hóa hữu cơ · Cấp 5,Khoa học,Hóa học,Hóa hữu cơ,3,5,Chính xác,10,13,70%,85%,176,PL-HOA-ORG-L5-003,2,6,2,s.che.1 | s.che.9 | s.che.8 | s.che.2 | s.che.4 | s.che.6 | s.che.7 | s.che.10 | s.che.5 | s.che.3,Loại bỏ lỗi ẩu và các bẫy quen thuộc trong chuyên đề. Xử lý câu phân loại mà không mất nhịp.
PL-HOA-ORG-L5-005,Tổng hợp · Hóa hữu cơ · Cấp 5,Khoa học,Hóa học,Hóa hữu cơ,3,5,Tổng hợp,10,12,70%,85%,184,PL-HOA-ORG-L5-004,2,6,2,s.che.5 | s.che.8 | s.che.7 | s.che.1 | s.che.10 | s.che.9 | s.che.3 | s.che.2 | s.che.4 | s.che.6,Trộn nhiều dạng trong cùng chuyên đề để rèn phản xạ nhận diện. Xử lý câu phân loại mà không mất nhịp.
PL-HOA-ORG-L5-006,Ôn lại · Hóa hữu cơ · Cấp 5,Khoa học,Hóa học,Hóa hữu cơ,3,5,Ôn lại,10,13,70%,85%,144,PL-HOA-ORG-L5-005,2,6,2,s.che.2 | s.che.4 | s.che.9 | s.che.3 | s.che.5 | s.che.8 | s.che.6 | s.che.7 | s.che.1 | s.che.10,Quay lại các câu từng sai để kiến thức không phai theo thời gian. Xử lý câu phân loại mà không mất nhịp.
PL-HOA-ORG-L5-007,Thử thách · Hóa hữu cơ · Cấp 5,Khoa học,Hóa học,Hóa hữu cơ,3,5,Thử thách,10,12,70%,85%,224,PL-HOA-ORG-L5-006,2,6,2,s.che.7 | s.che.1 | s.che.8 | s.che.2 | s.che.4 | s.che.6 | s.che.10 | s.che.9 | s.che.3 | s.che.5,Đẩy lên mức khó hơn cấp hiện tại để chuẩn bị lên cấp. Xử lý câu phân loại mà không mất nhịp.
PL-HOA-ORG-L5-008,Vượt ải · Hóa hữu cơ · Cấp 5,Khoa học,Hóa học,Hóa hữu cơ,3,5,Vượt ải,10,11,70%,90%,288,PL-HOA-ORG-L5-007,2,6,2,s.che.9 | s.che.3 | s.che.1 | s.che.10 | s.che.5 | s.che.8 | s.che.2 | s.che.4 | s.che.7 | s.che.6,Bài kiểm tra chốt cấp độ của tuyến chuyên đề. Xử lý câu phân loại mà không mất nhịp.
PL-HOA-ORG-L6-001,Khởi động · Hóa hữu cơ · Cấp 6,Khoa học,Hóa học,Hóa hữu cơ,3,6,Khởi động,10,13,70%,85%,154,PL-HOA-ORG-L5-008,2,5,3,s.che.9 | s.che.3 | s.che.8 | s.che.2 | s.che.4 | s.che.6 | s.che.7 | s.che.5 | s.che.1 | s.che.10,Nhắc lại công thức và nhận diện dạng bài trước khi vào phần nặng. Tốc độ và độ chính xác của nhóm dẫn đầu phổ điểm.
PL-HOA-ORG-L6-002,Rèn kỹ năng · Hóa hữu cơ · Cấp 6,Khoa học,Hóa học,Hóa hữu cơ,3,6,Rèn kỹ năng,10,10,70%,85%,220,PL-HOA-ORG-L6-001,2,5,3,s.che.5 | s.che.8 | s.che.6 | s.che.7 | s.che.1 | s.che.10 | s.che.9 | s.che.2 | s.che.4 | s.che.3,Làm chắc một kỹ năng lõi qua các biến thể liên tiếp của cùng một dạng. Tốc độ và độ chính xác của nhóm dẫn đầu phổ điểm.
PL-HOA-ORG-L6-003,Tốc độ · Hóa hữu cơ · Cấp 6,Khoa học,Hóa học,Hóa hữu cơ,3,6,Tốc độ,10,8,70%,85%,242,PL-HOA-ORG-L6-002,2,5,3,s.che.4 | s.che.6 | s.che.10 | s.che.9 | s.che.3 | s.che.5 | s.che.8 | s.che.7 | s.che.1 | s.che.2,Rút ngắn thời gian trên mỗi câu mà vẫn giữ được độ chính xác. Tốc độ và độ chính xác của nhóm dẫn đầu phổ điểm.
PL-HOA-ORG-L6-004,Chính xác · Hóa hữu cơ · Cấp 6,Khoa học,Hóa học,Hóa hữu cơ,3,6,Chính xác,10,12,70%,85%,242,PL-HOA-ORG-L6-003,2,5,3,s.che.1 | s.che.10 | s.che.8 | s.che.2 | s.che.4 | s.che.6 | s.che.7 | s.che.3 | s.che.5 | s.che.9,Loại bỏ lỗi ẩu và các bẫy quen thuộc trong chuyên đề. Tốc độ và độ chính xác của nhóm dẫn đầu phổ điểm.
PL-HOA-ORG-L6-005,Thử thách · Hóa hữu cơ · Cấp 6,Khoa học,Hóa học,Hóa hữu cơ,3,6,Thử thách,10,10,70%,85%,308,PL-HOA-ORG-L6-004,2,5,3,s.che.3 | s.che.5 | s.che.7 | s.che.1 | s.che.10 | s.che.9 | s.che.8 | s.che.4 | s.che.6 | s.che.2,Đẩy lên mức khó hơn cấp hiện tại để chuẩn bị lên cấp. Tốc độ và độ chính xác của nhóm dẫn đầu phổ điểm.
PL-HOA-ORG-L6-006,Vượt ải · Hóa hữu cơ · Cấp 6,Khoa học,Hóa học,Hóa hữu cơ,3,6,Vượt ải,10,10,70%,90%,396,PL-HOA-ORG-L6-005,2,5,3,s.che.2 | s.che.4 | s.che.9 | s.che.3 | s.che.5 | s.che.8 | s.che.6 | s.che.7 | s.che.1 | s.che.10,Bài kiểm tra chốt cấp độ của tuyến chuyên đề. Tốc độ và độ chính xác của nhóm dẫn đầu phổ điểm.
PL-SU-VIE-L1-001,Khởi động · Lịch sử Việt Nam · Cấp 1,Khoa học,Lịch sử,Lịch sử Việt Nam,1,1,Khởi động,8,10,70%,85%,28,,2,4,2,s.his.1 | s.his.2 | s.his.4 | s.his.5 | s.his.7 | s.his.8 | s.his.3 | s.his.6,Nhắc lại công thức và nhận diện dạng bài trước khi vào phần nặng. Nhận diện dạng bài và nhớ lại công thức nền.
PL-SU-VIE-L1-002,Rèn kỹ năng · Lịch sử Việt Nam · Cấp 1,Khoa học,Lịch sử,Lịch sử Việt Nam,1,1,Rèn kỹ năng,8,8,70%,85%,40,PL-SU-VIE-L1-001,2,4,2,s.his.3 | s.his.4 | s.his.6 | s.his.5 | s.his.7 | s.his.8 | s.his.2 | s.his.1,Làm chắc một kỹ năng lõi qua các biến thể liên tiếp của cùng một dạng. Nhận diện dạng bài và nhớ lại công thức nền.
PL-SU-VIE-L1-003,Tốc độ · Lịch sử Việt Nam · Cấp 1,Khoa học,Lịch sử,Lịch sử Việt Nam,1,1,Tốc độ,8,6,70%,85%,44,PL-SU-VIE-L1-002,2,4,2,s.his.7 | s.his.8 | s.his.6 | s.his.3 | s.his.4 | s.his.5 | s.his.1 | s.his.2,Rút ngắn thời gian trên mỗi câu mà vẫn giữ được độ chính xác. Nhận diện dạng bài và nhớ lại công thức nền.
PL-SU-VIE-L1-004,Chính xác · Lịch sử Việt Nam · Cấp 1,Khoa học,Lịch sử,Lịch sử Việt Nam,1,1,Chính xác,8,9,70%,85%,44,PL-SU-VIE-L1-003,2,4,2,s.his.2 | s.his.6 | s.his.1 | s.his.3 | s.his.4 | s.his.5 | s.his.8 | s.his.7,Loại bỏ lỗi ẩu và các bẫy quen thuộc trong chuyên đề. Nhận diện dạng bài và nhớ lại công thức nền.
PL-SU-VIE-L1-005,Tổng hợp · Lịch sử Việt Nam · Cấp 1,Khoa học,Lịch sử,Lịch sử Việt Nam,1,1,Tổng hợp,8,8,70%,85%,46,PL-SU-VIE-L1-004,2,4,2,s.his.4 | s.his.5 | s.his.8 | s.his.1 | s.his.2 | s.his.6 | s.his.3 | s.his.7,Trộn nhiều dạng trong cùng chuyên đề để rèn phản xạ nhận diện. Nhận diện dạng bài và nhớ lại công thức nền.
PL-SU-VIE-L1-006,Ôn lại · Lịch sử Việt Nam · Cấp 1,Khoa học,Lịch sử,Lịch sử Việt Nam,1,1,Ôn lại,8,9,70%,85%,36,PL-SU-VIE-L1-005,2,4,2,s.his.8 | s.his.1 | s.his.6 | s.his.3 | s.his.4 | s.his.5 | s.his.2 | s.his.7,Quay lại các câu từng sai để kiến thức không phai theo thời gian. Nhận diện dạng bài và nhớ lại công thức nền.
PL-SU-VIE-L1-007,Khởi động · Lịch sử Việt Nam · Cấp 1,Khoa học,Lịch sử,Lịch sử Việt Nam,1,1,Khởi động,8,10,70%,85%,28,PL-SU-VIE-L1-006,2,4,2,s.his.6 | s.his.3 | s.his.4 | s.his.5 | s.his.7 | s.his.8 | s.his.1 | s.his.2,Nhắc lại công thức và nhận diện dạng bài trước khi vào phần nặng. Nhận diện dạng bài và nhớ lại công thức nền.
PL-SU-VIE-L1-008,Rèn kỹ năng · Lịch sử Việt Nam · Cấp 1,Khoa học,Lịch sử,Lịch sử Việt Nam,1,1,Rèn kỹ năng,8,8,70%,85%,40,PL-SU-VIE-L1-007,2,4,2,s.his.5 | s.his.7 | s.his.6 | s.his.3 | s.his.4 | s.his.8 | s.his.2 | s.his.1,Làm chắc một kỹ năng lõi qua các biến thể liên tiếp của cùng một dạng. Nhận diện dạng bài và nhớ lại công thức nền.
PL-SU-VIE-L1-009,Tốc độ · Lịch sử Việt Nam · Cấp 1,Khoa học,Lịch sử,Lịch sử Việt Nam,1,1,Tốc độ,8,6,70%,85%,44,PL-SU-VIE-L1-008,2,4,2,s.his.1 | s.his.2 | s.his.4 | s.his.5 | s.his.7 | s.his.8 | s.his.3 | s.his.6,Rút ngắn thời gian trên mỗi câu mà vẫn giữ được độ chính xác. Nhận diện dạng bài và nhớ lại công thức nền.
PL-SU-VIE-L1-010,Chính xác · Lịch sử Việt Nam · Cấp 1,Khoa học,Lịch sử,Lịch sử Việt Nam,1,1,Chính xác,8,9,70%,85%,44,PL-SU-VIE-L1-009,2,4,2,s.his.3 | s.his.4 | s.his.6 | s.his.5 | s.his.7 | s.his.8 | s.his.2 | s.his.1,Loại bỏ lỗi ẩu và các bẫy quen thuộc trong chuyên đề. Nhận diện dạng bài và nhớ lại công thức nền.
PL-SU-VIE-L1-011,Thử thách · Lịch sử Việt Nam · Cấp 1,Khoa học,Lịch sử,Lịch sử Việt Nam,1,1,Thử thách,8,8,70%,85%,56,PL-SU-VIE-L1-010,2,4,2,s.his.2 | s.his.6 | s.his.5 | s.his.7 | s.his.8 | s.his.1 | s.his.3 | s.his.4,Đẩy lên mức khó hơn cấp hiện tại để chuẩn bị lên cấp. Nhận diện dạng bài và nhớ lại công thức nền.
PL-SU-VIE-L1-012,Vượt ải · Lịch sử Việt Nam · Cấp 1,Khoa học,Lịch sử,Lịch sử Việt Nam,1,1,Vượt ải,8,8,70%,90%,72,PL-SU-VIE-L1-011,2,4,2,s.his.4 | s.his.5 | s.his.6 | s.his.3 | s.his.7 | s.his.8 | s.his.2 | s.his.1,Bài kiểm tra chốt cấp độ của tuyến chuyên đề. Nhận diện dạng bài và nhớ lại công thức nền.
PL-SU-VIE-L2-001,Khởi động · Lịch sử Việt Nam · Cấp 2,Khoa học,Lịch sử,Lịch sử Việt Nam,1,2,Khởi động,8,12,70%,85%,42,PL-SU-VIE-L1-012,2,5,1,s.his.1 | s.his.2 | s.his.4 | s.his.5 | s.his.7 | s.his.8 | s.his.6 | s.his.3,Nhắc lại công thức và nhận diện dạng bài trước khi vào phần nặng. Làm đúng dạng chuẩn mà không cần nhìn gợi ý.
PL-SU-VIE-L2-002,Rèn kỹ năng · Lịch sử Việt Nam · Cấp 2,Khoa học,Lịch sử,Lịch sử Việt Nam,1,2,Rèn kỹ năng,8,9,70%,85%,60,PL-SU-VIE-L2-001,2,5,1,s.his.3 | s.his.4 | s.his.6 | s.his.5 | s.his.7 | s.his.8 | s.his.1 | s.his.2,Làm chắc một kỹ năng lõi qua các biến thể liên tiếp của cùng một dạng. Làm đúng dạng chuẩn mà không cần nhìn gợi ý.
PL-SU-VIE-L2-003,Tốc độ · Lịch sử Việt Nam · Cấp 2,Khoa học,Lịch sử,Lịch sử Việt Nam,1,2,Tốc độ,8,7,70%,85%,66,PL-SU-VIE-L2-002,2,5,1,s.his.7 | s.his.8 | s.his.6 | s.his.3 | s.his.4 | s.his.5 | s.his.1 | s.his.2,Rút ngắn thời gian trên mỗi câu mà vẫn giữ được độ chính xác. Làm đúng dạng chuẩn mà không cần nhìn gợi ý.
PL-SU-VIE-L2-004,Chính xác · Lịch sử Việt Nam · Cấp 2,Khoa học,Lịch sử,Lịch sử Việt Nam,1,2,Chính xác,8,11,70%,85%,66,PL-SU-VIE-L2-003,2,5,1,s.his.2 | s.his.6 | s.his.1 | s.his.3 | s.his.4 | s.his.5 | s.his.7 | s.his.8,Loại bỏ lỗi ẩu và các bẫy quen thuộc trong chuyên đề. Làm đúng dạng chuẩn mà không cần nhìn gợi ý.
PL-SU-VIE-L2-005,Tổng hợp · Lịch sử Việt Nam · Cấp 2,Khoa học,Lịch sử,Lịch sử Việt Nam,1,2,Tổng hợp,8,9,70%,85%,69,PL-SU-VIE-L2-004,2,5,1,s.his.4 | s.his.5 | s.his.8 | s.his.1 | s.his.2 | s.his.6 | s.his.3 | s.his.7,Trộn nhiều dạng trong cùng chuyên đề để rèn phản xạ nhận diện. Làm đúng dạng chuẩn mà không cần nhìn gợi ý.
PL-SU-VIE-L2-006,Ôn lại · Lịch sử Việt Nam · Cấp 2,Khoa học,Lịch sử,Lịch sử Việt Nam,1,2,Ôn lại,8,10,70%,85%,54,PL-SU-VIE-L2-005,2,5,1,s.his.8 | s.his.1 | s.his.6 | s.his.3 | s.his.4 | s.his.5 | s.his.7 | s.his.2,Quay lại các câu từng sai để kiến thức không phai theo thời gian. Làm đúng dạng chuẩn mà không cần nhìn gợi ý.
PL-SU-VIE-L2-007,Khởi động · Lịch sử Việt Nam · Cấp 2,Khoa học,Lịch sử,Lịch sử Việt Nam,1,2,Khởi động,8,12,70%,85%,42,PL-SU-VIE-L2-006,2,5,1,s.his.6 | s.his.3 | s.his.4 | s.his.5 | s.his.7 | s.his.8 | s.his.1 | s.his.2,Nhắc lại công thức và nhận diện dạng bài trước khi vào phần nặng. Làm đúng dạng chuẩn mà không cần nhìn gợi ý.
PL-SU-VIE-L2-008,Rèn kỹ năng · Lịch sử Việt Nam · Cấp 2,Khoa học,Lịch sử,Lịch sử Việt Nam,1,2,Rèn kỹ năng,8,9,70%,85%,60,PL-SU-VIE-L2-007,2,5,1,s.his.5 | s.his.7 | s.his.6 | s.his.3 | s.his.4 | s.his.8 | s.his.1 | s.his.2,Làm chắc một kỹ năng lõi qua các biến thể liên tiếp của cùng một dạng. Làm đúng dạng chuẩn mà không cần nhìn gợi ý.
PL-SU-VIE-L2-009,Tốc độ · Lịch sử Việt Nam · Cấp 2,Khoa học,Lịch sử,Lịch sử Việt Nam,1,2,Tốc độ,8,7,70%,85%,66,PL-SU-VIE-L2-008,2,5,1,s.his.1 | s.his.2 | s.his.4 | s.his.5 | s.his.7 | s.his.8 | s.his.6 | s.his.3,Rút ngắn thời gian trên mỗi câu mà vẫn giữ được độ chính xác. Làm đúng dạng chuẩn mà không cần nhìn gợi ý.
PL-SU-VIE-L2-010,Chính xác · Lịch sử Việt Nam · Cấp 2,Khoa học,Lịch sử,Lịch sử Việt Nam,1,2,Chính xác,8,11,70%,85%,66,PL-SU-VIE-L2-009,2,5,1,s.his.3 | s.his.4 | s.his.6 | s.his.5 | s.his.7 | s.his.8 | s.his.1 | s.his.2,Loại bỏ lỗi ẩu và các bẫy quen thuộc trong chuyên đề. Làm đúng dạng chuẩn mà không cần nhìn gợi ý.
PL-SU-VIE-L2-011,Tổng hợp · Lịch sử Việt Nam · Cấp 2,Khoa học,Lịch sử,Lịch sử Việt Nam,1,2,Tổng hợp,8,9,70%,85%,69,PL-SU-VIE-L2-010,2,5,1,s.his.7 | s.his.8 | s.his.5 | s.his.1 | s.his.2 | s.his.6 | s.his.3 | s.his.4,Trộn nhiều dạng trong cùng chuyên đề để rèn phản xạ nhận diện. Làm đúng dạng chuẩn mà không cần nhìn gợi ý.
PL-SU-VIE-L2-012,Ôn lại · Lịch sử Việt Nam · Cấp 2,Khoa học,Lịch sử,Lịch sử Việt Nam,1,2,Ôn lại,8,10,70%,85%,54,PL-SU-VIE-L2-011,2,5,1,s.his.2 | s.his.6 | s.his.1 | s.his.3 | s.his.4 | s.his.5 | s.his.7 | s.his.8,Quay lại các câu từng sai để kiến thức không phai theo thời gian. Làm đúng dạng chuẩn mà không cần nhìn gợi ý.
PL-SU-VIE-L2-013,Khởi động · Lịch sử Việt Nam · Cấp 2,Khoa học,Lịch sử,Lịch sử Việt Nam,1,2,Khởi động,8,12,70%,85%,42,PL-SU-VIE-L2-012,2,5,1,s.his.4 | s.his.5 | s.his.6 | s.his.3 | s.his.7 | s.his.8 | s.his.1 | s.his.2,Nhắc lại công thức và nhận diện dạng bài trước khi vào phần nặng. Làm đúng dạng chuẩn mà không cần nhìn gợi ý.
PL-SU-VIE-L2-014,Thử thách · Lịch sử Việt Nam · Cấp 2,Khoa học,Lịch sử,Lịch sử Việt Nam,1,2,Thử thách,8,9,70%,85%,84,PL-SU-VIE-L2-013,2,5,1,s.his.6 | s.his.3 | s.his.2 | s.his.4 | s.his.5 | s.his.7 | s.his.8 | s.his.1,Đẩy lên mức khó hơn cấp hiện tại để chuẩn bị lên cấp. Làm đúng dạng chuẩn mà không cần nhìn gợi ý.
PL-SU-VIE-L2-015,Vượt ải · Lịch sử Việt Nam · Cấp 2,Khoa học,Lịch sử,Lịch sử Việt Nam,1,2,Vượt ải,8,9,70%,90%,108,PL-SU-VIE-L2-014,2,5,1,s.his.5 | s.his.7 | s.his.8 | s.his.1 | s.his.2 | s.his.6 | s.his.3 | s.his.4,Bài kiểm tra chốt cấp độ của tuyến chuyên đề. Làm đúng dạng chuẩn mà không cần nhìn gợi ý.
PL-SU-VIE-L3-001,Khởi động · Lịch sử Việt Nam · Cấp 3,Khoa học,Lịch sử,Lịch sử Việt Nam,2,3,Khởi động,8,13,70%,85%,63,PL-SU-VIE-L2-015,2,4,2,s.his.1 | s.his.2 | s.his.5 | s.his.7 | s.his.8 | s.his.6 | s.his.3 | s.his.4,Nhắc lại công thức và nhận diện dạng bài trước khi vào phần nặng. Ghép nhiều bước và tránh các bẫy quen thuộc.
PL-SU-VIE-L3-002,Rèn kỹ năng · Lịch sử Việt Nam · Cấp 3,Khoa học,Lịch sử,Lịch sử Việt Nam,2,3,Rèn kỹ năng,8,10,70%,85%,90,PL-SU-VIE-L3-001,2,4,2,s.his.7 | s.his.8 | s.his.6 | s.his.3 | s.his.4 | s.his.5 | s.his.2 | s.his.1,Làm chắc một kỹ năng lõi qua các biến thể liên tiếp của cùng một dạng. Ghép nhiều bước và tránh các bẫy quen thuộc.
PL-SU-VIE-L3-003,Tốc độ · Lịch sử Việt Nam · Cấp 3,Khoa học,Lịch sử,Lịch sử Việt Nam,2,3,Tốc độ,8,8,70%,85%,99,PL-SU-VIE-L3-002,2,4,2,s.his.7 | s.his.8 | s.his.5 | s.his.1 | s.his.2 | s.his.6 | s.his.3 | s.his.4,Rút ngắn thời gian trên mỗi câu mà vẫn giữ được độ chính xác. Ghép nhiều bước và tránh các bẫy quen thuộc.
PL-SU-VIE-L3-004,Chính xác · Lịch sử Việt Nam · Cấp 3,Khoa học,Lịch sử,Lịch sử Việt Nam,2,3,Chính xác,8,12,70%,85%,99,PL-SU-VIE-L3-003,2,4,2,s.his.4 | s.his.5 | s.his.6 | s.his.3 | s.his.7 | s.his.8 | s.his.2 | s.his.1,Loại bỏ lỗi ẩu và các bẫy quen thuộc trong chuyên đề. Ghép nhiều bước và tránh các bẫy quen thuộc.
PL-SU-VIE-L3-005,Tổng hợp · Lịch sử Việt Nam · Cấp 3,Khoa học,Lịch sử,Lịch sử Việt Nam,2,3,Tổng hợp,8,10,70%,85%,103,PL-SU-VIE-L3-004,2,4,2,s.his.8 | s.his.1 | s.his.5 | s.his.7 | s.his.2 | s.his.6 | s.his.3 | s.his.4,Trộn nhiều dạng trong cùng chuyên đề để rèn phản xạ nhận diện. Ghép nhiều bước và tránh các bẫy quen thuộc.
PL-SU-VIE-L3-006,Ôn lại · Lịch sử Việt Nam · Cấp 3,Khoa học,Lịch sử,Lịch sử Việt Nam,2,3,Ôn lại,8,11,70%,85%,81,PL-SU-VIE-L3-005,2,4,2,s.his.6 | s.his.3 | s.his.2 | s.his.4 | s.his.5 | s.his.7 | s.his.1 | s.his.8,Quay lại các câu từng sai để kiến thức không phai theo thời gian. Ghép nhiều bước và tránh các bẫy quen thuộc.
PL-SU-VIE-L3-007,Khởi động · Lịch sử Việt Nam · Cấp 3,Khoa học,Lịch sử,Lịch sử Việt Nam,2,3,Khởi động,8,13,70%,85%,63,PL-SU-VIE-L3-006,2,4,2,s.his.6 | s.his.3 | s.his.7 | s.his.8 | s.his.1 | s.his.2 | s.his.4 | s.his.5,Nhắc lại công thức và nhận diện dạng bài trước khi vào phần nặng. Ghép nhiều bước và tránh các bẫy quen thuộc.
PL-SU-VIE-L3-008,Rèn kỹ năng · Lịch sử Việt Nam · Cấp 3,Khoa học,Lịch sử,Lịch sử Việt Nam,2,3,Rèn kỹ năng,8,10,70%,85%,90,PL-SU-VIE-L3-007,2,4,2,s.his.1 | s.his.2 | s.his.6 | s.his.3 | s.his.4 | s.his.5 | s.his.8 | s.his.7,Làm chắc một kỹ năng lõi qua các biến thể liên tiếp của cùng một dạng. Ghép nhiều bước và tránh các bẫy quen thuộc.
PL-SU-VIE-L3-009,Tốc độ · Lịch sử Việt Nam · Cấp 3,Khoa học,Lịch sử,Lịch sử Việt Nam,2,3,Tốc độ,8,8,70%,85%,99,PL-SU-VIE-L3-008,2,4,2,s.his.1 | s.his.2 | s.his.5 | s.his.7 | s.his.8 | s.his.6 | s.his.3 | s.his.4,Rút ngắn thời gian trên mỗi câu mà vẫn giữ được độ chính xác. Ghép nhiều bước và tránh các bẫy quen thuộc.
PL-SU-VIE-L3-010,Chính xác · Lịch sử Việt Nam · Cấp 3,Khoa học,Lịch sử,Lịch sử Việt Nam,2,3,Chính xác,8,12,70%,85%,99,PL-SU-VIE-L3-009,2,4,2,s.his.7 | s.his.8 | s.his.6 | s.his.3 | s.his.4 | s.his.5 | s.his.2 | s.his.1,Loại bỏ lỗi ẩu và các bẫy quen thuộc trong chuyên đề. Ghép nhiều bước và tránh các bẫy quen thuộc.
PL-SU-VIE-L3-011,Tổng hợp · Lịch sử Việt Nam · Cấp 3,Khoa học,Lịch sử,Lịch sử Việt Nam,2,3,Tổng hợp,8,10,70%,85%,103,PL-SU-VIE-L3-010,2,4,2,s.his.2 | s.his.6 | s.his.5 | s.his.7 | s.his.8 | s.his.1 | s.his.3 | s.his.4,Trộn nhiều dạng trong cùng chuyên đề để rèn phản xạ nhận diện. Ghép nhiều bước và tránh các bẫy quen thuộc.
PL-SU-VIE-L3-012,Ôn lại · Lịch sử Việt Nam · Cấp 3,Khoa học,Lịch sử,Lịch sử Việt Nam,2,3,Ôn lại,8,11,70%,85%,81,PL-SU-VIE-L3-011,2,4,2,s.his.4 | s.his.5 | s.his.6 | s.his.3 | s.his.7 | s.his.8 | s.his.2 | s.his.1,Quay lại các câu từng sai để kiến thức không phai theo thời gian. Ghép nhiều bước và tránh các bẫy quen thuộc.
PL-SU-VIE-L3-013,Khởi động · Lịch sử Việt Nam · Cấp 3,Khoa học,Lịch sử,Lịch sử Việt Nam,2,3,Khởi động,8,13,70%,85%,63,PL-SU-VIE-L3-012,2,4,2,s.his.4 | s.his.5 | s.his.8 | s.his.1 | s.his.2 | s.his.6 | s.his.3 | s.his.7,Nhắc lại công thức và nhận diện dạng bài trước khi vào phần nặng. Ghép nhiều bước và tránh các bẫy quen thuộc.
PL-SU-VIE-L3-014,Rèn kỹ năng · Lịch sử Việt Nam · Cấp 3,Khoa học,Lịch sử,Lịch sử Việt Nam,2,3,Rèn kỹ năng,8,10,70%,85%,90,PL-SU-VIE-L3-013,2,4,2,s.his.6 | s.his.3 | s.his.2 | s.his.4 | s.his.5 | s.his.7 | s.his.1 | s.his.8,Làm chắc một kỹ năng lõi qua các biến thể liên tiếp của cùng một dạng. Ghép nhiều bước và tránh các bẫy quen thuộc.
PL-SU-VIE-L3-015,Tốc độ · Lịch sử Việt Nam · Cấp 3,Khoa học,Lịch sử,Lịch sử Việt Nam,2,3,Tốc độ,8,8,70%,85%,99,PL-SU-VIE-L3-014,2,4,2,s.his.6 | s.his.3 | s.his.7 | s.his.8 | s.his.1 | s.his.2 | s.his.4 | s.his.5,Rút ngắn thời gian trên mỗi câu mà vẫn giữ được độ chính xác. Ghép nhiều bước và tránh các bẫy quen thuộc.
PL-SU-VIE-L3-016,Thử thách · Lịch sử Việt Nam · Cấp 3,Khoa học,Lịch sử,Lịch sử Việt Nam,2,3,Thử thách,8,10,70%,85%,126,PL-SU-VIE-L3-015,2,4,2,s.his.1 | s.his.2 | s.his.6 | s.his.3 | s.his.4 | s.his.5 | s.his.8 | s.his.7,Đẩy lên mức khó hơn cấp hiện tại để chuẩn bị lên cấp. Ghép nhiều bước và tránh các bẫy quen thuộc.
PL-SU-VIE-L3-017,Vượt ải · Lịch sử Việt Nam · Cấp 3,Khoa học,Lịch sử,Lịch sử Việt Nam,2,3,Vượt ải,8,10,70%,90%,162,PL-SU-VIE-L3-016,2,4,2,s.his.3 | s.his.4 | s.his.8 | s.his.1 | s.his.2 | s.his.6 | s.his.5 | s.his.7,Bài kiểm tra chốt cấp độ của tuyến chuyên đề. Ghép nhiều bước và tránh các bẫy quen thuộc.
PL-SU-VIE-L4-001,Khởi động · Lịch sử Việt Nam · Cấp 4,Khoa học,Lịch sử,Lịch sử Việt Nam,2,4,Khởi động,8,11,70%,85%,84,PL-SU-VIE-L3-017,2,4,2,s.his.1 | s.his.2 | s.his.5 | s.his.7 | s.his.8 | s.his.6 | s.his.3 | s.his.4,Nhắc lại công thức và nhận diện dạng bài trước khi vào phần nặng. Giữ độ chính xác khi thời gian bắt đầu siết lại.
PL-SU-VIE-L4-002,Rèn kỹ năng · Lịch sử Việt Nam · Cấp 4,Khoa học,Lịch sử,Lịch sử Việt Nam,2,4,Rèn kỹ năng,8,9,70%,85%,120,PL-SU-VIE-L4-001,2,4,2,s.his.7 | s.his.8 | s.his.6 | s.his.3 | s.his.4 | s.his.5 | s.his.2 | s.his.1,Làm chắc một kỹ năng lõi qua các biến thể liên tiếp của cùng một dạng. Giữ độ chính xác khi thời gian bắt đầu siết lại.
PL-SU-VIE-L4-003,Tốc độ · Lịch sử Việt Nam · Cấp 4,Khoa học,Lịch sử,Lịch sử Việt Nam,2,4,Tốc độ,8,7,70%,85%,132,PL-SU-VIE-L4-002,2,4,2,s.his.7 | s.his.8 | s.his.5 | s.his.1 | s.his.2 | s.his.6 | s.his.3 | s.his.4,Rút ngắn thời gian trên mỗi câu mà vẫn giữ được độ chính xác. Giữ độ chính xác khi thời gian bắt đầu siết lại.
PL-SU-VIE-L4-004,Chính xác · Lịch sử Việt Nam · Cấp 4,Khoa học,Lịch sử,Lịch sử Việt Nam,2,4,Chính xác,8,10,70%,85%,132,PL-SU-VIE-L4-003,2,4,2,s.his.4 | s.his.5 | s.his.6 | s.his.3 | s.his.7 | s.his.8 | s.his.2 | s.his.1,Loại bỏ lỗi ẩu và các bẫy quen thuộc trong chuyên đề. Giữ độ chính xác khi thời gian bắt đầu siết lại.
PL-SU-VIE-L4-005,Tổng hợp · Lịch sử Việt Nam · Cấp 4,Khoa học,Lịch sử,Lịch sử Việt Nam,2,4,Tổng hợp,8,9,70%,85%,138,PL-SU-VIE-L4-004,2,4,2,s.his.8 | s.his.1 | s.his.5 | s.his.7 | s.his.2 | s.his.6 | s.his.3 | s.his.4,Trộn nhiều dạng trong cùng chuyên đề để rèn phản xạ nhận diện. Giữ độ chính xác khi thời gian bắt đầu siết lại.
PL-SU-VIE-L4-006,Ôn lại · Lịch sử Việt Nam · Cấp 4,Khoa học,Lịch sử,Lịch sử Việt Nam,2,4,Ôn lại,8,10,70%,85%,108,PL-SU-VIE-L4-005,2,4,2,s.his.6 | s.his.3 | s.his.2 | s.his.4 | s.his.5 | s.his.7 | s.his.1 | s.his.8,Quay lại các câu từng sai để kiến thức không phai theo thời gian. Giữ độ chính xác khi thời gian bắt đầu siết lại.
PL-SU-VIE-L4-007,Khởi động · Lịch sử Việt Nam · Cấp 4,Khoa học,Lịch sử,Lịch sử Việt Nam,2,4,Khởi động,8,11,70%,85%,84,PL-SU-VIE-L4-006,2,4,2,s.his.6 | s.his.3 | s.his.7 | s.his.8 | s.his.1 | s.his.2 | s.his.4 | s.his.5,Nhắc lại công thức và nhận diện dạng bài trước khi vào phần nặng. Giữ độ chính xác khi thời gian bắt đầu siết lại.
PL-SU-VIE-L4-008,Rèn kỹ năng · Lịch sử Việt Nam · Cấp 4,Khoa học,Lịch sử,Lịch sử Việt Nam,2,4,Rèn kỹ năng,8,9,70%,85%,120,PL-SU-VIE-L4-007,2,4,2,s.his.1 | s.his.2 | s.his.6 | s.his.3 | s.his.4 | s.his.5 | s.his.8 | s.his.7,Làm chắc một kỹ năng lõi qua các biến thể liên tiếp của cùng một dạng. Giữ độ chính xác khi thời gian bắt đầu siết lại.
PL-SU-VIE-L4-009,Tốc độ · Lịch sử Việt Nam · Cấp 4,Khoa học,Lịch sử,Lịch sử Việt Nam,2,4,Tốc độ,8,7,70%,85%,132,PL-SU-VIE-L4-008,2,4,2,s.his.1 | s.his.2 | s.his.5 | s.his.7 | s.his.8 | s.his.6 | s.his.3 | s.his.4,Rút ngắn thời gian trên mỗi câu mà vẫn giữ được độ chính xác. Giữ độ chính xác khi thời gian bắt đầu siết lại.
PL-SU-VIE-L4-010,Chính xác · Lịch sử Việt Nam · Cấp 4,Khoa học,Lịch sử,Lịch sử Việt Nam,2,4,Chính xác,8,10,70%,85%,132,PL-SU-VIE-L4-009,2,4,2,s.his.7 | s.his.8 | s.his.6 | s.his.3 | s.his.4 | s.his.5 | s.his.2 | s.his.1,Loại bỏ lỗi ẩu và các bẫy quen thuộc trong chuyên đề. Giữ độ chính xác khi thời gian bắt đầu siết lại.
PL-SU-VIE-L4-011,Tổng hợp · Lịch sử Việt Nam · Cấp 4,Khoa học,Lịch sử,Lịch sử Việt Nam,2,4,Tổng hợp,8,9,70%,85%,138,PL-SU-VIE-L4-010,2,4,2,s.his.2 | s.his.6 | s.his.5 | s.his.7 | s.his.8 | s.his.1 | s.his.3 | s.his.4,Trộn nhiều dạng trong cùng chuyên đề để rèn phản xạ nhận diện. Giữ độ chính xác khi thời gian bắt đầu siết lại.
PL-SU-VIE-L4-012,Ôn lại · Lịch sử Việt Nam · Cấp 4,Khoa học,Lịch sử,Lịch sử Việt Nam,2,4,Ôn lại,8,10,70%,85%,108,PL-SU-VIE-L4-011,2,4,2,s.his.4 | s.his.5 | s.his.6 | s.his.3 | s.his.7 | s.his.8 | s.his.2 | s.his.1,Quay lại các câu từng sai để kiến thức không phai theo thời gian. Giữ độ chính xác khi thời gian bắt đầu siết lại.
PL-SU-VIE-L4-013,Khởi động · Lịch sử Việt Nam · Cấp 4,Khoa học,Lịch sử,Lịch sử Việt Nam,2,4,Khởi động,8,11,70%,85%,84,PL-SU-VIE-L4-012,2,4,2,s.his.4 | s.his.5 | s.his.8 | s.his.1 | s.his.2 | s.his.6 | s.his.3 | s.his.7,Nhắc lại công thức và nhận diện dạng bài trước khi vào phần nặng. Giữ độ chính xác khi thời gian bắt đầu siết lại.
PL-SU-VIE-L4-014,Rèn kỹ năng · Lịch sử Việt Nam · Cấp 4,Khoa học,Lịch sử,Lịch sử Việt Nam,2,4,Rèn kỹ năng,8,9,70%,85%,120,PL-SU-VIE-L4-013,2,4,2,s.his.6 | s.his.3 | s.his.2 | s.his.4 | s.his.5 | s.his.7 | s.his.1 | s.his.8,Làm chắc một kỹ năng lõi qua các biến thể liên tiếp của cùng một dạng. Giữ độ chính xác khi thời gian bắt đầu siết lại.
PL-SU-VIE-L4-015,Tốc độ · Lịch sử Việt Nam · Cấp 4,Khoa học,Lịch sử,Lịch sử Việt Nam,2,4,Tốc độ,8,7,70%,85%,132,PL-SU-VIE-L4-014,2,4,2,s.his.6 | s.his.3 | s.his.7 | s.his.8 | s.his.1 | s.his.2 | s.his.4 | s.his.5,Rút ngắn thời gian trên mỗi câu mà vẫn giữ được độ chính xác. Giữ độ chính xác khi thời gian bắt đầu siết lại.
PL-SU-VIE-L4-016,Thử thách · Lịch sử Việt Nam · Cấp 4,Khoa học,Lịch sử,Lịch sử Việt Nam,2,4,Thử thách,8,9,70%,85%,168,PL-SU-VIE-L4-015,2,4,2,s.his.1 | s.his.2 | s.his.6 | s.his.3 | s.his.4 | s.his.5 | s.his.8 | s.his.7,Đẩy lên mức khó hơn cấp hiện tại để chuẩn bị lên cấp. Giữ độ chính xác khi thời gian bắt đầu siết lại.
PL-SU-VIE-L4-017,Vượt ải · Lịch sử Việt Nam · Cấp 4,Khoa học,Lịch sử,Lịch sử Việt Nam,2,4,Vượt ải,8,8,70%,90%,216,PL-SU-VIE-L4-016,2,4,2,s.his.3 | s.his.4 | s.his.8 | s.his.1 | s.his.2 | s.his.6 | s.his.5 | s.his.7,Bài kiểm tra chốt cấp độ của tuyến chuyên đề. Giữ độ chính xác khi thời gian bắt đầu siết lại.
PL-SU-VIE-L5-001,Khởi động · Lịch sử Việt Nam · Cấp 5,Khoa học,Lịch sử,Lịch sử Việt Nam,3,5,Khởi động,8,12,70%,85%,112,PL-SU-VIE-L4-017,2,5,1,s.his.3 | s.his.4 | s.his.8 | s.his.1 | s.his.2 | s.his.6 | s.his.5 | s.his.7,Nhắc lại công thức và nhận diện dạng bài trước khi vào phần nặng. Xử lý câu phân loại mà không mất nhịp.
PL-SU-VIE-L5-002,Rèn kỹ năng · Lịch sử Việt Nam · Cấp 5,Khoa học,Lịch sử,Lịch sử Việt Nam,3,5,Rèn kỹ năng,8,9,70%,85%,160,PL-SU-VIE-L5-001,2,5,1,s.his.7 | s.his.8 | s.his.6 | s.his.3 | s.his.4 | s.his.5 | s.his.1 | s.his.2,Làm chắc một kỹ năng lõi qua các biến thể liên tiếp của cùng một dạng. Xử lý câu phân loại mà không mất nhịp.
PL-SU-VIE-L5-003,Tốc độ · Lịch sử Việt Nam · Cấp 5,Khoa học,Lịch sử,Lịch sử Việt Nam,3,5,Tốc độ,8,7,70%,85%,176,PL-SU-VIE-L5-002,2,5,1,s.his.2 | s.his.6 | s.his.5 | s.his.7 | s.his.8 | s.his.1 | s.his.3 | s.his.4,Rút ngắn thời gian trên mỗi câu mà vẫn giữ được độ chính xác. Xử lý câu phân loại mà không mất nhịp.
PL-SU-VIE-L5-004,Chính xác · Lịch sử Việt Nam · Cấp 5,Khoa học,Lịch sử,Lịch sử Việt Nam,3,5,Chính xác,8,11,70%,85%,176,PL-SU-VIE-L5-003,2,5,1,s.his.4 | s.his.5 | s.his.6 | s.his.3 | s.his.7 | s.his.8 | s.his.1 | s.his.2,Loại bỏ lỗi ẩu và các bẫy quen thuộc trong chuyên đề. Xử lý câu phân loại mà không mất nhịp.
PL-SU-VIE-L5-005,Tổng hợp · Lịch sử Việt Nam · Cấp 5,Khoa học,Lịch sử,Lịch sử Việt Nam,3,5,Tổng hợp,8,9,70%,85%,184,PL-SU-VIE-L5-004,2,5,1,s.his.8 | s.his.1 | s.his.5 | s.his.7 | s.his.2 | s.his.6 | s.his.3 | s.his.4,Trộn nhiều dạng trong cùng chuyên đề để rèn phản xạ nhận diện. Xử lý câu phân loại mà không mất nhịp.
PL-SU-VIE-L5-006,Ôn lại · Lịch sử Việt Nam · Cấp 5,Khoa học,Lịch sử,Lịch sử Việt Nam,3,5,Ôn lại,8,10,70%,85%,144,PL-SU-VIE-L5-005,2,5,1,s.his.6 | s.his.3 | s.his.2 | s.his.4 | s.his.5 | s.his.7 | s.his.8 | s.his.1,Quay lại các câu từng sai để kiến thức không phai theo thời gian. Xử lý câu phân loại mà không mất nhịp.
PL-SU-VIE-L5-007,Khởi động · Lịch sử Việt Nam · Cấp 5,Khoa học,Lịch sử,Lịch sử Việt Nam,3,5,Khởi động,8,12,70%,85%,112,PL-SU-VIE-L5-006,2,5,1,s.his.5 | s.his.7 | s.his.8 | s.his.1 | s.his.2 | s.his.6 | s.his.3 | s.his.4,Nhắc lại công thức và nhận diện dạng bài trước khi vào phần nặng. Xử lý câu phân loại mà không mất nhịp.
PL-SU-VIE-L5-008,Rèn kỹ năng · Lịch sử Việt Nam · Cấp 5,Khoa học,Lịch sử,Lịch sử Việt Nam,3,5,Rèn kỹ năng,8,9,70%,85%,160,PL-SU-VIE-L5-007,2,5,1,s.his.1 | s.his.2 | s.his.6 | s.his.3 | s.his.4 | s.his.5 | s.his.7 | s.his.8,Làm chắc một kỹ năng lõi qua các biến thể liên tiếp của cùng một dạng. Xử lý câu phân loại mà không mất nhịp.
PL-SU-VIE-L5-009,Tốc độ · Lịch sử Việt Nam · Cấp 5,Khoa học,Lịch sử,Lịch sử Việt Nam,3,5,Tốc độ,8,7,70%,85%,176,PL-SU-VIE-L5-008,2,5,1,s.his.3 | s.his.4 | s.his.8 | s.his.1 | s.his.2 | s.his.6 | s.his.5 | s.his.7,Rút ngắn thời gian trên mỗi câu mà vẫn giữ được độ chính xác. Xử lý câu phân loại mà không mất nhịp.
PL-SU-VIE-L5-010,Chính xác · Lịch sử Việt Nam · Cấp 5,Khoa học,Lịch sử,Lịch sử Việt Nam,3,5,Chính xác,8,11,70%,85%,176,PL-SU-VIE-L5-009,2,5,1,s.his.7 | s.his.8 | s.his.6 | s.his.3 | s.his.4 | s.his.5 | s.his.1 | s.his.2,Loại bỏ lỗi ẩu và các bẫy quen thuộc trong chuyên đề. Xử lý câu phân loại mà không mất nhịp.
PL-SU-VIE-L5-011,Tổng hợp · Lịch sử Việt Nam · Cấp 5,Khoa học,Lịch sử,Lịch sử Việt Nam,3,5,Tổng hợp,8,9,70%,85%,184,PL-SU-VIE-L5-010,2,5,1,s.his.2 | s.his.6 | s.his.5 | s.his.7 | s.his.8 | s.his.1 | s.his.3 | s.his.4,Trộn nhiều dạng trong cùng chuyên đề để rèn phản xạ nhận diện. Xử lý câu phân loại mà không mất nhịp.
PL-SU-VIE-L5-012,Thử thách · Lịch sử Việt Nam · Cấp 5,Khoa học,Lịch sử,Lịch sử Việt Nam,3,5,Thử thách,8,9,70%,85%,224,PL-SU-VIE-L5-011,2,5,1,s.his.4 | s.his.5 | s.his.6 | s.his.3 | s.his.7 | s.his.8 | s.his.1 | s.his.2,Đẩy lên mức khó hơn cấp hiện tại để chuẩn bị lên cấp. Xử lý câu phân loại mà không mất nhịp.
PL-SU-VIE-L5-013,Vượt ải · Lịch sử Việt Nam · Cấp 5,Khoa học,Lịch sử,Lịch sử Việt Nam,3,5,Vượt ải,8,9,70%,90%,288,PL-SU-VIE-L5-012,2,5,1,s.his.8 | s.his.1 | s.his.5 | s.his.7 | s.his.2 | s.his.6 | s.his.3 | s.his.4,Bài kiểm tra chốt cấp độ của tuyến chuyên đề. Xử lý câu phân loại mà không mất nhịp.
PL-SU-VIE-L6-001,Khởi động · Lịch sử Việt Nam · Cấp 6,Khoa học,Lịch sử,Lịch sử Việt Nam,3,6,Khởi động,8,10,70%,85%,154,PL-SU-VIE-L5-013,2,4,2,s.his.3 | s.his.4 | s.his.8 | s.his.1 | s.his.2 | s.his.6 | s.his.5 | s.his.7,Nhắc lại công thức và nhận diện dạng bài trước khi vào phần nặng. Tốc độ và độ chính xác của nhóm dẫn đầu phổ điểm.
PL-SU-VIE-L6-002,Rèn kỹ năng · Lịch sử Việt Nam · Cấp 6,Khoa học,Lịch sử,Lịch sử Việt Nam,3,6,Rèn kỹ năng,8,8,70%,85%,220,PL-SU-VIE-L6-001,2,4,2,s.his.7 | s.his.8 | s.his.6 | s.his.3 | s.his.4 | s.his.5 | s.his.2 | s.his.1,Làm chắc một kỹ năng lõi qua các biến thể liên tiếp của cùng một dạng. Tốc độ và độ chính xác của nhóm dẫn đầu phổ điểm.
PL-SU-VIE-L6-003,Tốc độ · Lịch sử Việt Nam · Cấp 6,Khoa học,Lịch sử,Lịch sử Việt Nam,3,6,Tốc độ,8,6,70%,85%,242,PL-SU-VIE-L6-002,2,4,2,s.his.2 | s.his.6 | s.his.5 | s.his.7 | s.his.8 | s.his.1 | s.his.3 | s.his.4,Rút ngắn thời gian trên mỗi câu mà vẫn giữ được độ chính xác. Tốc độ và độ chính xác của nhóm dẫn đầu phổ điểm.
PL-SU-VIE-L6-004,Chính xác · Lịch sử Việt Nam · Cấp 6,Khoa học,Lịch sử,Lịch sử Việt Nam,3,6,Chính xác,8,9,70%,85%,242,PL-SU-VIE-L6-003,2,4,2,s.his.4 | s.his.5 | s.his.6 | s.his.3 | s.his.7 | s.his.8 | s.his.2 | s.his.1,Loại bỏ lỗi ẩu và các bẫy quen thuộc trong chuyên đề. Tốc độ và độ chính xác của nhóm dẫn đầu phổ điểm.
PL-SU-VIE-L6-005,Tổng hợp · Lịch sử Việt Nam · Cấp 6,Khoa học,Lịch sử,Lịch sử Việt Nam,3,6,Tổng hợp,8,8,70%,85%,253,PL-SU-VIE-L6-004,2,4,2,s.his.8 | s.his.1 | s.his.5 | s.his.7 | s.his.2 | s.his.6 | s.his.3 | s.his.4,Trộn nhiều dạng trong cùng chuyên đề để rèn phản xạ nhận diện. Tốc độ và độ chính xác của nhóm dẫn đầu phổ điểm.
PL-SU-VIE-L6-006,Ôn lại · Lịch sử Việt Nam · Cấp 6,Khoa học,Lịch sử,Lịch sử Việt Nam,3,6,Ôn lại,8,9,70%,85%,198,PL-SU-VIE-L6-005,2,4,2,s.his.6 | s.his.3 | s.his.2 | s.his.4 | s.his.5 | s.his.7 | s.his.1 | s.his.8,Quay lại các câu từng sai để kiến thức không phai theo thời gian. Tốc độ và độ chính xác của nhóm dẫn đầu phổ điểm.
PL-SU-VIE-L6-007,Khởi động · Lịch sử Việt Nam · Cấp 6,Khoa học,Lịch sử,Lịch sử Việt Nam,3,6,Khởi động,8,10,70%,85%,154,PL-SU-VIE-L6-006,2,4,2,s.his.5 | s.his.7 | s.his.8 | s.his.1 | s.his.2 | s.his.6 | s.his.3 | s.his.4,Nhắc lại công thức và nhận diện dạng bài trước khi vào phần nặng. Tốc độ và độ chính xác của nhóm dẫn đầu phổ điểm.
PL-SU-VIE-L6-008,Rèn kỹ năng · Lịch sử Việt Nam · Cấp 6,Khoa học,Lịch sử,Lịch sử Việt Nam,3,6,Rèn kỹ năng,8,8,70%,85%,220,PL-SU-VIE-L6-007,2,4,2,s.his.1 | s.his.2 | s.his.6 | s.his.3 | s.his.4 | s.his.5 | s.his.8 | s.his.7,Làm chắc một kỹ năng lõi qua các biến thể liên tiếp của cùng một dạng. Tốc độ và độ chính xác của nhóm dẫn đầu phổ điểm.
PL-SU-VIE-L6-009,Thử thách · Lịch sử Việt Nam · Cấp 6,Khoa học,Lịch sử,Lịch sử Việt Nam,3,6,Thử thách,8,8,70%,85%,308,PL-SU-VIE-L6-008,2,4,2,s.his.3 | s.his.4 | s.his.8 | s.his.1 | s.his.2 | s.his.6 | s.his.5 | s.his.7,Đẩy lên mức khó hơn cấp hiện tại để chuẩn bị lên cấp. Tốc độ và độ chính xác của nhóm dẫn đầu phổ điểm.
PL-SU-VIE-L6-010,Vượt ải · Lịch sử Việt Nam · Cấp 6,Khoa học,Lịch sử,Lịch sử Việt Nam,3,6,Vượt ải,8,8,70%,90%,396,PL-SU-VIE-L6-009,2,4,2,s.his.7 | s.his.8 | s.his.6 | s.his.3 | s.his.4 | s.his.5 | s.his.2 | s.his.1,Bài kiểm tra chốt cấp độ của tuyến chuyên đề. Tốc độ và độ chính xác của nhóm dẫn đầu phổ điểm.
PL-SU-WOR-L1-001,Khởi động · Lịch sử thế giới · Cấp 1,Khoa học,Lịch sử,Lịch sử thế giới,1,1,Khởi động,8,10,70%,85%,28,,2,4,2,s.his.6 | s.his.1 | s.his.8 | s.his.3 | s.his.4 | s.his.5 | s.his.7 | s.his.2,Nhắc lại công thức và nhận diện dạng bài trước khi vào phần nặng. Nhận diện dạng bài và nhớ lại công thức nền.
PL-SU-WOR-L1-002,Rèn kỹ năng · Lịch sử thế giới · Cấp 1,Khoa học,Lịch sử,Lịch sử thế giới,1,1,Rèn kỹ năng,8,8,70%,85%,40,PL-SU-WOR-L1-001,2,4,2,s.his.7 | s.his.8 | s.his.2 | s.his.3 | s.his.4 | s.his.5 | s.his.1 | s.his.6,Làm chắc một kỹ năng lõi qua các biến thể liên tiếp của cùng một dạng. Nhận diện dạng bài và nhớ lại công thức nền.
PL-SU-WOR-L1-003,Tốc độ · Lịch sử thế giới · Cấp 1,Khoa học,Lịch sử,Lịch sử thế giới,1,1,Tốc độ,8,6,70%,85%,44,PL-SU-WOR-L1-002,2,4,2,s.his.4 | s.his.5 | s.his.2 | s.his.7 | s.his.8 | s.his.3 | s.his.6 | s.his.1,Rút ngắn thời gian trên mỗi câu mà vẫn giữ được độ chính xác. Nhận diện dạng bài và nhớ lại công thức nền.
PL-SU-WOR-L1-004,Chính xác · Lịch sử thế giới · Cấp 1,Khoa học,Lịch sử,Lịch sử thế giới,1,1,Chính xác,8,9,70%,85%,44,PL-SU-WOR-L1-003,2,4,2,s.his.1 | s.his.2 | s.his.6 | s.his.7 | s.his.8 | s.his.3 | s.his.5 | s.his.4,Loại bỏ lỗi ẩu và các bẫy quen thuộc trong chuyên đề. Nhận diện dạng bài và nhớ lại công thức nền.
PL-SU-WOR-L1-005,Tổng hợp · Lịch sử thế giới · Cấp 1,Khoa học,Lịch sử,Lịch sử thế giới,1,1,Tổng hợp,8,8,70%,85%,46,PL-SU-WOR-L1-004,2,4,2,s.his.8 | s.his.3 | s.his.5 | s.his.6 | s.his.1 | s.his.2 | s.his.7 | s.his.4,Trộn nhiều dạng trong cùng chuyên đề để rèn phản xạ nhận diện. Nhận diện dạng bài và nhớ lại công thức nền.
PL-SU-WOR-L1-006,Thử thách · Lịch sử thế giới · Cấp 1,Khoa học,Lịch sử,Lịch sử thế giới,1,1,Thử thách,8,8,70%,85%,56,PL-SU-WOR-L1-005,2,4,2,s.his.2 | s.his.7 | s.his.1 | s.his.8 | s.his.3 | s.his.4 | s.his.6 | s.his.5,Đẩy lên mức khó hơn cấp hiện tại để chuẩn bị lên cấp. Nhận diện dạng bài và nhớ lại công thức nền.
PL-SU-WOR-L1-007,Vượt ải · Lịch sử thế giới · Cấp 1,Khoa học,Lịch sử,Lịch sử thế giới,1,1,Vượt ải,8,8,70%,90%,72,PL-SU-WOR-L1-006,2,4,2,s.his.3 | s.his.4 | s.his.5 | s.his.6 | s.his.1 | s.his.2 | s.his.7 | s.his.8,Bài kiểm tra chốt cấp độ của tuyến chuyên đề. Nhận diện dạng bài và nhớ lại công thức nền.
PL-SU-WOR-L2-001,Khởi động · Lịch sử thế giới · Cấp 2,Khoa học,Lịch sử,Lịch sử thế giới,1,2,Khởi động,8,12,70%,85%,42,PL-SU-WOR-L1-007,2,5,1,s.his.6 | s.his.1 | s.his.8 | s.his.3 | s.his.4 | s.his.5 | s.his.2 | s.his.7,Nhắc lại công thức và nhận diện dạng bài trước khi vào phần nặng. Làm đúng dạng chuẩn mà không cần nhìn gợi ý.
PL-SU-WOR-L2-002,Rèn kỹ năng · Lịch sử thế giới · Cấp 2,Khoa học,Lịch sử,Lịch sử thế giới,1,2,Rèn kỹ năng,8,9,70%,85%,60,PL-SU-WOR-L2-001,2,5,1,s.his.7 | s.his.8 | s.his.2 | s.his.3 | s.his.4 | s.his.5 | s.his.6 | s.his.1,Làm chắc một kỹ năng lõi qua các biến thể liên tiếp của cùng một dạng. Làm đúng dạng chuẩn mà không cần nhìn gợi ý.
PL-SU-WOR-L2-003,Tốc độ · Lịch sử thế giới · Cấp 2,Khoa học,Lịch sử,Lịch sử thế giới,1,2,Tốc độ,8,7,70%,85%,66,PL-SU-WOR-L2-002,2,5,1,s.his.4 | s.his.5 | s.his.2 | s.his.7 | s.his.8 | s.his.3 | s.his.6 | s.his.1,Rút ngắn thời gian trên mỗi câu mà vẫn giữ được độ chính xác. Làm đúng dạng chuẩn mà không cần nhìn gợi ý.
PL-SU-WOR-L2-004,Chính xác · Lịch sử thế giới · Cấp 2,Khoa học,Lịch sử,Lịch sử thế giới,1,2,Chính xác,8,11,70%,85%,66,PL-SU-WOR-L2-003,2,5,1,s.his.1 | s.his.2 | s.his.6 | s.his.7 | s.his.8 | s.his.3 | s.his.4 | s.his.5,Loại bỏ lỗi ẩu và các bẫy quen thuộc trong chuyên đề. Làm đúng dạng chuẩn mà không cần nhìn gợi ý.
PL-SU-WOR-L2-005,Tổng hợp · Lịch sử thế giới · Cấp 2,Khoa học,Lịch sử,Lịch sử thế giới,1,2,Tổng hợp,8,9,70%,85%,69,PL-SU-WOR-L2-004,2,5,1,s.his.8 | s.his.3 | s.his.5 | s.his.6 | s.his.1 | s.his.2 | s.his.7 | s.his.4,Trộn nhiều dạng trong cùng chuyên đề để rèn phản xạ nhận diện. Làm đúng dạng chuẩn mà không cần nhìn gợi ý.
PL-SU-WOR-L2-006,Ôn lại · Lịch sử thế giới · Cấp 2,Khoa học,Lịch sử,Lịch sử thế giới,1,2,Ôn lại,8,10,70%,85%,54,PL-SU-WOR-L2-005,2,5,1,s.his.5 | s.his.6 | s.his.2 | s.his.7 | s.his.8 | s.his.3 | s.his.4 | s.his.1,Quay lại các câu từng sai để kiến thức không phai theo thời gian. Làm đúng dạng chuẩn mà không cần nhìn gợi ý.
PL-SU-WOR-L2-007,Khởi động · Lịch sử thế giới · Cấp 2,Khoa học,Lịch sử,Lịch sử thế giới,1,2,Khởi động,8,12,70%,85%,42,PL-SU-WOR-L2-006,2,5,1,s.his.2 | s.his.7 | s.his.8 | s.his.3 | s.his.4 | s.his.5 | s.his.6 | s.his.1,Nhắc lại công thức và nhận diện dạng bài trước khi vào phần nặng. Làm đúng dạng chuẩn mà không cần nhìn gợi ý.
PL-SU-WOR-L2-008,Thử thách · Lịch sử thế giới · Cấp 2,Khoa học,Lịch sử,Lịch sử thế giới,1,2,Thử thách,8,9,70%,85%,84,PL-SU-WOR-L2-007,2,5,1,s.his.6 | s.his.1 | s.his.2 | s.his.7 | s.his.8 | s.his.3 | s.his.4 | s.his.5,Đẩy lên mức khó hơn cấp hiện tại để chuẩn bị lên cấp. Làm đúng dạng chuẩn mà không cần nhìn gợi ý.
PL-SU-WOR-L2-009,Vượt ải · Lịch sử thế giới · Cấp 2,Khoa học,Lịch sử,Lịch sử thế giới,1,2,Vượt ải,8,9,70%,90%,108,PL-SU-WOR-L2-008,2,5,1,s.his.7 | s.his.8 | s.his.5 | s.his.6 | s.his.1 | s.his.2 | s.his.3 | s.his.4,Bài kiểm tra chốt cấp độ của tuyến chuyên đề. Làm đúng dạng chuẩn mà không cần nhìn gợi ý.
PL-SU-WOR-L3-001,Khởi động · Lịch sử thế giới · Cấp 3,Khoa học,Lịch sử,Lịch sử thế giới,2,3,Khởi động,8,13,70%,85%,63,PL-SU-WOR-L2-009,2,4,2,s.his.6 | s.his.1 | s.his.3 | s.his.4 | s.his.5 | s.his.2 | s.his.7 | s.his.8,Nhắc lại công thức và nhận diện dạng bài trước khi vào phần nặng. Ghép nhiều bước và tránh các bẫy quen thuộc.
PL-SU-WOR-L3-002,Rèn kỹ năng · Lịch sử thế giới · Cấp 3,Khoa học,Lịch sử,Lịch sử thế giới,2,3,Rèn kỹ năng,8,10,70%,85%,90,PL-SU-WOR-L3-001,2,4,2,s.his.4 | s.his.5 | s.his.2 | s.his.7 | s.his.8 | s.his.3 | s.his.1 | s.his.6,Làm chắc một kỹ năng lõi qua các biến thể liên tiếp của cùng một dạng. Ghép nhiều bước và tránh các bẫy quen thuộc.
PL-SU-WOR-L3-003,Tốc độ · Lịch sử thế giới · Cấp 3,Khoa học,Lịch sử,Lịch sử thế giới,2,3,Tốc độ,8,8,70%,85%,99,PL-SU-WOR-L3-002,2,4,2,s.his.4 | s.his.5 | s.his.3 | s.his.6 | s.his.1 | s.his.2 | s.his.7 | s.his.8,Rút ngắn thời gian trên mỗi câu mà vẫn giữ được độ chính xác. Ghép nhiều bước và tránh các bẫy quen thuộc.
PL-SU-WOR-L3-004,Chính xác · Lịch sử thế giới · Cấp 3,Khoa học,Lịch sử,Lịch sử thế giới,2,3,Chính xác,8,12,70%,85%,99,PL-SU-WOR-L3-003,2,4,2,s.his.8 | s.his.3 | s.his.2 | s.his.7 | s.his.4 | s.his.5 | s.his.1 | s.his.6,Loại bỏ lỗi ẩu và các bẫy quen thuộc trong chuyên đề. Ghép nhiều bước và tránh các bẫy quen thuộc.
PL-SU-WOR-L3-005,Tổng hợp · Lịch sử thế giới · Cấp 3,Khoa học,Lịch sử,Lịch sử thế giới,2,3,Tổng hợp,8,10,70%,85%,103,PL-SU-WOR-L3-004,2,4,2,s.his.5 | s.his.6 | s.his.3 | s.his.4 | s.his.1 | s.his.2 | s.his.7 | s.his.8,Trộn nhiều dạng trong cùng chuyên đề để rèn phản xạ nhận diện. Ghép nhiều bước và tránh các bẫy quen thuộc.
PL-SU-WOR-L3-006,Ôn lại · Lịch sử thế giới · Cấp 3,Khoa học,Lịch sử,Lịch sử thế giới,2,3,Ôn lại,8,11,70%,85%,81,PL-SU-WOR-L3-005,2,4,2,s.his.2 | s.his.7 | s.his.1 | s.his.8 | s.his.3 | s.his.4 | s.his.6 | s.his.5,Quay lại các câu từng sai để kiến thức không phai theo thời gian. Ghép nhiều bước và tránh các bẫy quen thuộc.
PL-SU-WOR-L3-007,Khởi động · Lịch sử thế giới · Cấp 3,Khoa học,Lịch sử,Lịch sử thế giới,2,3,Khởi động,8,13,70%,85%,63,PL-SU-WOR-L3-006,2,4,2,s.his.2 | s.his.7 | s.his.4 | s.his.5 | s.his.6 | s.his.1 | s.his.8 | s.his.3,Nhắc lại công thức và nhận diện dạng bài trước khi vào phần nặng. Ghép nhiều bước và tránh các bẫy quen thuộc.
PL-SU-WOR-L3-008,Rèn kỹ năng · Lịch sử thế giới · Cấp 3,Khoa học,Lịch sử,Lịch sử thế giới,2,3,Rèn kỹ năng,8,10,70%,85%,90,PL-SU-WOR-L3-007,2,4,2,s.his.6 | s.his.1 | s.his.2 | s.his.7 | s.his.8 | s.his.3 | s.his.5 | s.his.4,Làm chắc một kỹ năng lõi qua các biến thể liên tiếp của cùng một dạng. Ghép nhiều bước và tránh các bẫy quen thuộc.
PL-SU-WOR-L3-009,Thử thách · Lịch sử thế giới · Cấp 3,Khoa học,Lịch sử,Lịch sử thế giới,2,3,Thử thách,8,10,70%,85%,126,PL-SU-WOR-L3-008,2,4,2,s.his.7 | s.his.8 | s.his.5 | s.his.6 | s.his.1 | s.his.2 | s.his.3 | s.his.4,Đẩy lên mức khó hơn cấp hiện tại để chuẩn bị lên cấp. Ghép nhiều bước và tránh các bẫy quen thuộc.
PL-SU-WOR-L3-010,Vượt ải · Lịch sử thế giới · Cấp 3,Khoa học,Lịch sử,Lịch sử thế giới,2,3,Vượt ải,8,10,70%,90%,162,PL-SU-WOR-L3-009,2,4,2,s.his.4 | s.his.5 | s.his.2 | s.his.7 | s.his.8 | s.his.3 | s.his.1 | s.his.6,Bài kiểm tra chốt cấp độ của tuyến chuyên đề. Ghép nhiều bước và tránh các bẫy quen thuộc.
PL-SU-WOR-L4-001,Khởi động · Lịch sử thế giới · Cấp 4,Khoa học,Lịch sử,Lịch sử thế giới,2,4,Khởi động,8,11,70%,85%,84,PL-SU-WOR-L3-010,2,4,2,s.his.6 | s.his.1 | s.his.3 | s.his.4 | s.his.5 | s.his.2 | s.his.7 | s.his.8,Nhắc lại công thức và nhận diện dạng bài trước khi vào phần nặng. Giữ độ chính xác khi thời gian bắt đầu siết lại.
PL-SU-WOR-L4-002,Rèn kỹ năng · Lịch sử thế giới · Cấp 4,Khoa học,Lịch sử,Lịch sử thế giới,2,4,Rèn kỹ năng,8,9,70%,85%,120,PL-SU-WOR-L4-001,2,4,2,s.his.4 | s.his.5 | s.his.2 | s.his.7 | s.his.8 | s.his.3 | s.his.1 | s.his.6,Làm chắc một kỹ năng lõi qua các biến thể liên tiếp của cùng một dạng. Giữ độ chính xác khi thời gian bắt đầu siết lại.
PL-SU-WOR-L4-003,Tốc độ · Lịch sử thế giới · Cấp 4,Khoa học,Lịch sử,Lịch sử thế giới,2,4,Tốc độ,8,7,70%,85%,132,PL-SU-WOR-L4-002,2,4,2,s.his.4 | s.his.5 | s.his.3 | s.his.6 | s.his.1 | s.his.2 | s.his.7 | s.his.8,Rút ngắn thời gian trên mỗi câu mà vẫn giữ được độ chính xác. Giữ độ chính xác khi thời gian bắt đầu siết lại.
PL-SU-WOR-L4-004,Chính xác · Lịch sử thế giới · Cấp 4,Khoa học,Lịch sử,Lịch sử thế giới,2,4,Chính xác,8,10,70%,85%,132,PL-SU-WOR-L4-003,2,4,2,s.his.8 | s.his.3 | s.his.2 | s.his.7 | s.his.4 | s.his.5 | s.his.1 | s.his.6,Loại bỏ lỗi ẩu và các bẫy quen thuộc trong chuyên đề. Giữ độ chính xác khi thời gian bắt đầu siết lại.
PL-SU-WOR-L4-005,Tổng hợp · Lịch sử thế giới · Cấp 4,Khoa học,Lịch sử,Lịch sử thế giới,2,4,Tổng hợp,8,9,70%,85%,138,PL-SU-WOR-L4-004,2,4,2,s.his.5 | s.his.6 | s.his.3 | s.his.4 | s.his.1 | s.his.2 | s.his.7 | s.his.8,Trộn nhiều dạng trong cùng chuyên đề để rèn phản xạ nhận diện. Giữ độ chính xác khi thời gian bắt đầu siết lại.
PL-SU-WOR-L4-006,Ôn lại · Lịch sử thế giới · Cấp 4,Khoa học,Lịch sử,Lịch sử thế giới,2,4,Ôn lại,8,10,70%,85%,108,PL-SU-WOR-L4-005,2,4,2,s.his.2 | s.his.7 | s.his.1 | s.his.8 | s.his.3 | s.his.4 | s.his.6 | s.his.5,Quay lại các câu từng sai để kiến thức không phai theo thời gian. Giữ độ chính xác khi thời gian bắt đầu siết lại.
PL-SU-WOR-L4-007,Khởi động · Lịch sử thế giới · Cấp 4,Khoa học,Lịch sử,Lịch sử thế giới,2,4,Khởi động,8,11,70%,85%,84,PL-SU-WOR-L4-006,2,4,2,s.his.2 | s.his.7 | s.his.4 | s.his.5 | s.his.6 | s.his.1 | s.his.8 | s.his.3,Nhắc lại công thức và nhận diện dạng bài trước khi vào phần nặng. Giữ độ chính xác khi thời gian bắt đầu siết lại.
PL-SU-WOR-L4-008,Rèn kỹ năng · Lịch sử thế giới · Cấp 4,Khoa học,Lịch sử,Lịch sử thế giới,2,4,Rèn kỹ năng,8,9,70%,85%,120,PL-SU-WOR-L4-007,2,4,2,s.his.6 | s.his.1 | s.his.2 | s.his.7 | s.his.8 | s.his.3 | s.his.5 | s.his.4,Làm chắc một kỹ năng lõi qua các biến thể liên tiếp của cùng một dạng. Giữ độ chính xác khi thời gian bắt đầu siết lại.
PL-SU-WOR-L4-009,Thử thách · Lịch sử thế giới · Cấp 4,Khoa học,Lịch sử,Lịch sử thế giới,2,4,Thử thách,8,9,70%,85%,168,PL-SU-WOR-L4-008,2,4,2,s.his.7 | s.his.8 | s.his.5 | s.his.6 | s.his.1 | s.his.2 | s.his.3 | s.his.4,Đẩy lên mức khó hơn cấp hiện tại để chuẩn bị lên cấp. Giữ độ chính xác khi thời gian bắt đầu siết lại.
PL-SU-WOR-L4-010,Vượt ải · Lịch sử thế giới · Cấp 4,Khoa học,Lịch sử,Lịch sử thế giới,2,4,Vượt ải,8,8,70%,90%,216,PL-SU-WOR-L4-009,2,4,2,s.his.4 | s.his.5 | s.his.2 | s.his.7 | s.his.8 | s.his.3 | s.his.1 | s.his.6,Bài kiểm tra chốt cấp độ của tuyến chuyên đề. Giữ độ chính xác khi thời gian bắt đầu siết lại.
PL-SU-WOR-L5-001,Khởi động · Lịch sử thế giới · Cấp 5,Khoa học,Lịch sử,Lịch sử thế giới,3,5,Khởi động,8,12,70%,85%,112,PL-SU-WOR-L4-010,2,5,1,s.his.7 | s.his.8 | s.his.5 | s.his.6 | s.his.1 | s.his.2 | s.his.3 | s.his.4,Nhắc lại công thức và nhận diện dạng bài trước khi vào phần nặng. Xử lý câu phân loại mà không mất nhịp.
PL-SU-WOR-L5-002,Rèn kỹ năng · Lịch sử thế giới · Cấp 5,Khoa học,Lịch sử,Lịch sử thế giới,3,5,Rèn kỹ năng,8,9,70%,85%,160,PL-SU-WOR-L5-001,2,5,1,s.his.4 | s.his.5 | s.his.2 | s.his.7 | s.his.8 | s.his.3 | s.his.6 | s.his.1,Làm chắc một kỹ năng lõi qua các biến thể liên tiếp của cùng một dạng. Xử lý câu phân loại mà không mất nhịp.
PL-SU-WOR-L5-003,Tốc độ · Lịch sử thế giới · Cấp 5,Khoa học,Lịch sử,Lịch sử thế giới,3,5,Tốc độ,8,7,70%,85%,176,PL-SU-WOR-L5-002,2,5,1,s.his.1 | s.his.2 | s.his.3 | s.his.4 | s.his.5 | s.his.6 | s.his.7 | s.his.8,Rút ngắn thời gian trên mỗi câu mà vẫn giữ được độ chính xác. Xử lý câu phân loại mà không mất nhịp.
PL-SU-WOR-L5-004,Chính xác · Lịch sử thế giới · Cấp 5,Khoa học,Lịch sử,Lịch sử thế giới,3,5,Chính xác,8,11,70%,85%,176,PL-SU-WOR-L5-003,2,5,1,s.his.8 | s.his.3 | s.his.2 | s.his.7 | s.his.4 | s.his.5 | s.his.6 | s.his.1,Loại bỏ lỗi ẩu và các bẫy quen thuộc trong chuyên đề. Xử lý câu phân loại mà không mất nhịp.
PL-SU-WOR-L5-005,Tổng hợp · Lịch sử thế giới · Cấp 5,Khoa học,Lịch sử,Lịch sử thế giới,3,5,Tổng hợp,8,9,70%,85%,184,PL-SU-WOR-L5-004,2,5,1,s.his.5 | s.his.6 | s.his.3 | s.his.4 | s.his.1 | s.his.2 | s.his.7 | s.his.8,Trộn nhiều dạng trong cùng chuyên đề để rèn phản xạ nhận diện. Xử lý câu phân loại mà không mất nhịp.
PL-SU-WOR-L5-006,Ôn lại · Lịch sử thế giới · Cấp 5,Khoa học,Lịch sử,Lịch sử thế giới,3,5,Ôn lại,8,10,70%,85%,144,PL-SU-WOR-L5-005,2,5,1,s.his.2 | s.his.7 | s.his.1 | s.his.8 | s.his.3 | s.his.4 | s.his.5 | s.his.6,Quay lại các câu từng sai để kiến thức không phai theo thời gian. Xử lý câu phân loại mà không mất nhịp.
PL-SU-WOR-L5-007,Thử thách · Lịch sử thế giới · Cấp 5,Khoa học,Lịch sử,Lịch sử thế giới,3,5,Thử thách,8,9,70%,85%,224,PL-SU-WOR-L5-006,2,5,1,s.his.3 | s.his.4 | s.his.5 | s.his.6 | s.his.1 | s.his.2 | s.his.7 | s.his.8,Đẩy lên mức khó hơn cấp hiện tại để chuẩn bị lên cấp. Xử lý câu phân loại mà không mất nhịp.
PL-SU-WOR-L5-008,Vượt ải · Lịch sử thế giới · Cấp 5,Khoa học,Lịch sử,Lịch sử thế giới,3,5,Vượt ải,8,9,70%,90%,288,PL-SU-WOR-L5-007,2,5,1,s.his.6 | s.his.1 | s.his.2 | s.his.7 | s.his.8 | s.his.3 | s.his.4 | s.his.5,Bài kiểm tra chốt cấp độ của tuyến chuyên đề. Xử lý câu phân loại mà không mất nhịp.
PL-SU-WOR-L6-001,Khởi động · Lịch sử thế giới · Cấp 6,Khoa học,Lịch sử,Lịch sử thế giới,3,6,Khởi động,8,10,70%,85%,154,PL-SU-WOR-L5-008,2,4,2,s.his.7 | s.his.8 | s.his.5 | s.his.6 | s.his.1 | s.his.2 | s.his.3 | s.his.4,Nhắc lại công thức và nhận diện dạng bài trước khi vào phần nặng. Tốc độ và độ chính xác của nhóm dẫn đầu phổ điểm.
PL-SU-WOR-L6-002,Rèn kỹ năng · Lịch sử thế giới · Cấp 6,Khoa học,Lịch sử,Lịch sử thế giới,3,6,Rèn kỹ năng,8,8,70%,85%,220,PL-SU-WOR-L6-001,2,4,2,s.his.4 | s.his.5 | s.his.2 | s.his.7 | s.his.8 | s.his.3 | s.his.1 | s.his.6,Làm chắc một kỹ năng lõi qua các biến thể liên tiếp của cùng một dạng. Tốc độ và độ chính xác của nhóm dẫn đầu phổ điểm.
PL-SU-WOR-L6-003,Tốc độ · Lịch sử thế giới · Cấp 6,Khoa học,Lịch sử,Lịch sử thế giới,3,6,Tốc độ,8,6,70%,85%,242,PL-SU-WOR-L6-002,2,4,2,s.his.1 | s.his.2 | s.his.3 | s.his.4 | s.his.5 | s.his.6 | s.his.7 | s.his.8,Rút ngắn thời gian trên mỗi câu mà vẫn giữ được độ chính xác. Tốc độ và độ chính xác của nhóm dẫn đầu phổ điểm.
PL-SU-WOR-L6-004,Chính xác · Lịch sử thế giới · Cấp 6,Khoa học,Lịch sử,Lịch sử thế giới,3,6,Chính xác,8,9,70%,85%,242,PL-SU-WOR-L6-003,2,4,2,s.his.8 | s.his.3 | s.his.2 | s.his.7 | s.his.4 | s.his.5 | s.his.1 | s.his.6,Loại bỏ lỗi ẩu và các bẫy quen thuộc trong chuyên đề. Tốc độ và độ chính xác của nhóm dẫn đầu phổ điểm.
PL-SU-WOR-L6-005,Thử thách · Lịch sử thế giới · Cấp 6,Khoa học,Lịch sử,Lịch sử thế giới,3,6,Thử thách,8,8,70%,85%,308,PL-SU-WOR-L6-004,2,4,2,s.his.5 | s.his.6 | s.his.3 | s.his.4 | s.his.1 | s.his.2 | s.his.7 | s.his.8,Đẩy lên mức khó hơn cấp hiện tại để chuẩn bị lên cấp. Tốc độ và độ chính xác của nhóm dẫn đầu phổ điểm.
PL-SU-WOR-L6-006,Vượt ải · Lịch sử thế giới · Cấp 6,Khoa học,Lịch sử,Lịch sử thế giới,3,6,Vượt ải,8,8,70%,90%,396,PL-SU-WOR-L6-005,2,4,2,s.his.2 | s.his.7 | s.his.1 | s.his.8 | s.his.3 | s.his.4 | s.his.6 | s.his.5,Bài kiểm tra chốt cấp độ của tuyến chuyên đề. Tốc độ và độ chính xác của nhóm dẫn đầu phổ điểm.
PL-DIA-NAT-L1-001,Khởi động · Địa lý tự nhiên · Cấp 1,Khoa học,Địa lý,Địa lý tự nhiên,1,1,Khởi động,8,10,70%,85%,28,,2,4,2,s.geo.1 | s.geo.4 | s.geo.6 | s.geo.3 | s.geo.7 | s.geo.8 | s.geo.2 | s.geo.5,Nhắc lại công thức và nhận diện dạng bài trước khi vào phần nặng. Nhận diện dạng bài và nhớ lại công thức nền.
PL-DIA-NAT-L1-002,Rèn kỹ năng · Địa lý tự nhiên · Cấp 1,Khoa học,Địa lý,Địa lý tự nhiên,1,1,Rèn kỹ năng,8,8,70%,85%,40,PL-DIA-NAT-L1-001,2,4,2,s.geo.5 | s.geo.6 | s.geo.8 | s.geo.2 | s.geo.1 | s.geo.3 | s.geo.4 | s.geo.7,Làm chắc một kỹ năng lõi qua các biến thể liên tiếp của cùng một dạng. Nhận diện dạng bài và nhớ lại công thức nền.
PL-DIA-NAT-L1-003,Tốc độ · Địa lý tự nhiên · Cấp 1,Khoa học,Địa lý,Địa lý tự nhiên,1,1,Tốc độ,8,6,70%,85%,44,PL-DIA-NAT-L1-002,2,4,2,s.geo.7 | s.geo.8 | s.geo.2 | s.geo.5 | s.geo.6 | s.geo.3 | s.geo.1 | s.geo.4,Rút ngắn thời gian trên mỗi câu mà vẫn giữ được độ chính xác. Nhận diện dạng bài và nhớ lại công thức nền.
PL-DIA-NAT-L1-004,Chính xác · Địa lý tự nhiên · Cấp 1,Khoa học,Địa lý,Địa lý tự nhiên,1,1,Chính xác,8,9,70%,85%,44,PL-DIA-NAT-L1-003,2,4,2,s.geo.4 | s.geo.2 | s.geo.8 | s.geo.5 | s.geo.6 | s.geo.1 | s.geo.7 | s.geo.3,Loại bỏ lỗi ẩu và các bẫy quen thuộc trong chuyên đề. Nhận diện dạng bài và nhớ lại công thức nền.
PL-DIA-NAT-L1-005,Thử thách · Địa lý tự nhiên · Cấp 1,Khoa học,Địa lý,Địa lý tự nhiên,1,1,Thử thách,8,8,70%,85%,56,PL-DIA-NAT-L1-004,2,4,2,s.geo.3 | s.geo.4 | s.geo.2 | s.geo.5 | s.geo.6 | s.geo.1 | s.geo.7 | s.geo.8,Đẩy lên mức khó hơn cấp hiện tại để chuẩn bị lên cấp. Nhận diện dạng bài và nhớ lại công thức nền.
PL-DIA-NAT-L1-006,Vượt ải · Địa lý tự nhiên · Cấp 1,Khoa học,Địa lý,Địa lý tự nhiên,1,1,Vượt ải,8,8,70%,90%,72,PL-DIA-NAT-L1-005,2,4,2,s.geo.8 | s.geo.2 | s.geo.4 | s.geo.3 | s.geo.7 | s.geo.5 | s.geo.1 | s.geo.6,Bài kiểm tra chốt cấp độ của tuyến chuyên đề. Nhận diện dạng bài và nhớ lại công thức nền.
PL-DIA-NAT-L2-001,Khởi động · Địa lý tự nhiên · Cấp 2,Khoa học,Địa lý,Địa lý tự nhiên,1,2,Khởi động,8,12,70%,85%,42,PL-DIA-NAT-L1-006,2,5,1,s.geo.1 | s.geo.4 | s.geo.6 | s.geo.3 | s.geo.7 | s.geo.8 | s.geo.2 | s.geo.5,Nhắc lại công thức và nhận diện dạng bài trước khi vào phần nặng. Làm đúng dạng chuẩn mà không cần nhìn gợi ý.
PL-DIA-NAT-L2-002,Rèn kỹ năng · Địa lý tự nhiên · Cấp 2,Khoa học,Địa lý,Địa lý tự nhiên,1,2,Rèn kỹ năng,8,9,70%,85%,60,PL-DIA-NAT-L2-001,2,5,1,s.geo.5 | s.geo.6 | s.geo.8 | s.geo.2 | s.geo.1 | s.geo.3 | s.geo.4 | s.geo.7,Làm chắc một kỹ năng lõi qua các biến thể liên tiếp của cùng một dạng. Làm đúng dạng chuẩn mà không cần nhìn gợi ý.
PL-DIA-NAT-L2-003,Tốc độ · Địa lý tự nhiên · Cấp 2,Khoa học,Địa lý,Địa lý tự nhiên,1,2,Tốc độ,8,7,70%,85%,66,PL-DIA-NAT-L2-002,2,5,1,s.geo.7 | s.geo.8 | s.geo.2 | s.geo.5 | s.geo.6 | s.geo.3 | s.geo.1 | s.geo.4,Rút ngắn thời gian trên mỗi câu mà vẫn giữ được độ chính xác. Làm đúng dạng chuẩn mà không cần nhìn gợi ý.
PL-DIA-NAT-L2-004,Chính xác · Địa lý tự nhiên · Cấp 2,Khoa học,Địa lý,Địa lý tự nhiên,1,2,Chính xác,8,11,70%,85%,66,PL-DIA-NAT-L2-003,2,5,1,s.geo.4 | s.geo.2 | s.geo.8 | s.geo.5 | s.geo.6 | s.geo.1 | s.geo.3 | s.geo.7,Loại bỏ lỗi ẩu và các bẫy quen thuộc trong chuyên đề. Làm đúng dạng chuẩn mà không cần nhìn gợi ý.
PL-DIA-NAT-L2-005,Tổng hợp · Địa lý tự nhiên · Cấp 2,Khoa học,Địa lý,Địa lý tự nhiên,1,2,Tổng hợp,8,9,70%,85%,69,PL-DIA-NAT-L2-004,2,5,1,s.geo.6 | s.geo.3 | s.geo.1 | s.geo.4 | s.geo.7 | s.geo.8 | s.geo.2 | s.geo.5,Trộn nhiều dạng trong cùng chuyên đề để rèn phản xạ nhận diện. Làm đúng dạng chuẩn mà không cần nhìn gợi ý.
PL-DIA-NAT-L2-006,Ôn lại · Địa lý tự nhiên · Cấp 2,Khoa học,Địa lý,Địa lý tự nhiên,1,2,Ôn lại,8,10,70%,85%,54,PL-DIA-NAT-L2-005,2,5,1,s.geo.8 | s.geo.1 | s.geo.7 | s.geo.2 | s.geo.5 | s.geo.6 | s.geo.3 | s.geo.4,Quay lại các câu từng sai để kiến thức không phai theo thời gian. Làm đúng dạng chuẩn mà không cần nhìn gợi ý.
PL-DIA-NAT-L2-007,Thử thách · Địa lý tự nhiên · Cấp 2,Khoa học,Địa lý,Địa lý tự nhiên,1,2,Thử thách,8,9,70%,85%,84,PL-DIA-NAT-L2-006,2,5,1,s.geo.6 | s.geo.1 | s.geo.8 | s.geo.2 | s.geo.5 | s.geo.4 | s.geo.3 | s.geo.7,Đẩy lên mức khó hơn cấp hiện tại để chuẩn bị lên cấp. Làm đúng dạng chuẩn mà không cần nhìn gợi ý.
PL-DIA-NAT-L2-008,Vượt ải · Địa lý tự nhiên · Cấp 2,Khoa học,Địa lý,Địa lý tự nhiên,1,2,Vượt ải,8,9,70%,90%,108,PL-DIA-NAT-L2-007,2,5,1,s.geo.4 | s.geo.7 | s.geo.1 | s.geo.3 | s.geo.8 | s.geo.2 | s.geo.5 | s.geo.6,Bài kiểm tra chốt cấp độ của tuyến chuyên đề. Làm đúng dạng chuẩn mà không cần nhìn gợi ý.
PL-DIA-NAT-L3-001,Khởi động · Địa lý tự nhiên · Cấp 3,Khoa học,Địa lý,Địa lý tự nhiên,2,3,Khởi động,8,13,70%,85%,63,PL-DIA-NAT-L2-008,2,4,2,s.geo.1 | s.geo.4 | s.geo.6 | s.geo.3 | s.geo.7 | s.geo.8 | s.geo.2 | s.geo.5,Nhắc lại công thức và nhận diện dạng bài trước khi vào phần nặng. Ghép nhiều bước và tránh các bẫy quen thuộc.
PL-DIA-NAT-L3-002,Rèn kỹ năng · Địa lý tự nhiên · Cấp 3,Khoa học,Địa lý,Địa lý tự nhiên,2,3,Rèn kỹ năng,8,10,70%,85%,90,PL-DIA-NAT-L3-001,2,4,2,s.geo.1 | s.geo.3 | s.geo.4 | s.geo.7 | s.geo.8 | s.geo.2 | s.geo.6 | s.geo.5,Làm chắc một kỹ năng lõi qua các biến thể liên tiếp của cùng một dạng. Ghép nhiều bước và tránh các bẫy quen thuộc.
PL-DIA-NAT-L3-003,Tốc độ · Địa lý tự nhiên · Cấp 3,Khoa học,Địa lý,Địa lý tự nhiên,2,3,Tốc độ,8,8,70%,85%,99,PL-DIA-NAT-L3-002,2,4,2,s.geo.7 | s.geo.8 | s.geo.6 | s.geo.1 | s.geo.3 | s.geo.4 | s.geo.2 | s.geo.5,Rút ngắn thời gian trên mỗi câu mà vẫn giữ được độ chính xác. Ghép nhiều bước và tránh các bẫy quen thuộc.
PL-DIA-NAT-L3-004,Chính xác · Địa lý tự nhiên · Cấp 3,Khoa học,Địa lý,Địa lý tự nhiên,2,3,Chính xác,8,12,70%,85%,99,PL-DIA-NAT-L3-003,2,4,2,s.geo.5 | s.geo.6 | s.geo.4 | s.geo.3 | s.geo.7 | s.geo.8 | s.geo.1 | s.geo.2,Loại bỏ lỗi ẩu và các bẫy quen thuộc trong chuyên đề. Ghép nhiều bước và tránh các bẫy quen thuộc.
PL-DIA-NAT-L3-005,Tổng hợp · Địa lý tự nhiên · Cấp 3,Khoa học,Địa lý,Địa lý tự nhiên,2,3,Tổng hợp,8,10,70%,85%,103,PL-DIA-NAT-L3-004,2,4,2,s.geo.3 | s.geo.4 | s.geo.2 | s.geo.5 | s.geo.6 | s.geo.1 | s.geo.7 | s.geo.8,Trộn nhiều dạng trong cùng chuyên đề để rèn phản xạ nhận diện. Ghép nhiều bước và tránh các bẫy quen thuộc.
PL-DIA-NAT-L3-006,Ôn lại · Địa lý tự nhiên · Cấp 3,Khoa học,Địa lý,Địa lý tự nhiên,2,3,Ôn lại,8,11,70%,85%,81,PL-DIA-NAT-L3-005,2,4,2,s.geo.8 | s.geo.2 | s.geo.4 | s.geo.3 | s.geo.7 | s.geo.5 | s.geo.1 | s.geo.6,Quay lại các câu từng sai để kiến thức không phai theo thời gian. Ghép nhiều bước và tránh các bẫy quen thuộc.
PL-DIA-NAT-L3-007,Khởi động · Địa lý tự nhiên · Cấp 3,Khoa học,Địa lý,Địa lý tự nhiên,2,3,Khởi động,8,13,70%,85%,63,PL-DIA-NAT-L3-006,2,4,2,s.geo.2 | s.geo.5 | s.geo.3 | s.geo.4 | s.geo.7 | s.geo.8 | s.geo.6 | s.geo.1,Nhắc lại công thức và nhận diện dạng bài trước khi vào phần nặng. Ghép nhiều bước và tránh các bẫy quen thuộc.
PL-DIA-NAT-L3-008,Thử thách · Địa lý tự nhiên · Cấp 3,Khoa học,Địa lý,Địa lý tự nhiên,2,3,Thử thách,8,10,70%,85%,126,PL-DIA-NAT-L3-007,2,4,2,s.geo.6 | s.geo.1 | s.geo.4 | s.geo.3 | s.geo.7 | s.geo.8 | s.geo.5 | s.geo.2,Đẩy lên mức khó hơn cấp hiện tại để chuẩn bị lên cấp. Ghép nhiều bước và tránh các bẫy quen thuộc.
PL-DIA-NAT-L3-009,Vượt ải · Địa lý tự nhiên · Cấp 3,Khoa học,Địa lý,Địa lý tự nhiên,2,3,Vượt ải,8,10,70%,90%,162,PL-DIA-NAT-L3-008,2,4,2,s.geo.3 | s.geo.7 | s.geo.5 | s.geo.6 | s.geo.1 | s.geo.4 | s.geo.8 | s.geo.2,Bài kiểm tra chốt cấp độ của tuyến chuyên đề. Ghép nhiều bước và tránh các bẫy quen thuộc.
PL-DIA-NAT-L4-001,Khởi động · Địa lý tự nhiên · Cấp 4,Khoa học,Địa lý,Địa lý tự nhiên,2,4,Khởi động,8,11,70%,85%,84,PL-DIA-NAT-L3-009,2,4,2,s.geo.1 | s.geo.4 | s.geo.6 | s.geo.3 | s.geo.7 | s.geo.8 | s.geo.2 | s.geo.5,Nhắc lại công thức và nhận diện dạng bài trước khi vào phần nặng. Giữ độ chính xác khi thời gian bắt đầu siết lại.
PL-DIA-NAT-L4-002,Rèn kỹ năng · Địa lý tự nhiên · Cấp 4,Khoa học,Địa lý,Địa lý tự nhiên,2,4,Rèn kỹ năng,8,9,70%,85%,120,PL-DIA-NAT-L4-001,2,4,2,s.geo.1 | s.geo.3 | s.geo.4 | s.geo.7 | s.geo.8 | s.geo.2 | s.geo.6 | s.geo.5,Làm chắc một kỹ năng lõi qua các biến thể liên tiếp của cùng một dạng. Giữ độ chính xác khi thời gian bắt đầu siết lại.
PL-DIA-NAT-L4-003,Tốc độ · Địa lý tự nhiên · Cấp 4,Khoa học,Địa lý,Địa lý tự nhiên,2,4,Tốc độ,8,7,70%,85%,132,PL-DIA-NAT-L4-002,2,4,2,s.geo.7 | s.geo.8 | s.geo.6 | s.geo.1 | s.geo.3 | s.geo.4 | s.geo.2 | s.geo.5,Rút ngắn thời gian trên mỗi câu mà vẫn giữ được độ chính xác. Giữ độ chính xác khi thời gian bắt đầu siết lại.
PL-DIA-NAT-L4-004,Chính xác · Địa lý tự nhiên · Cấp 4,Khoa học,Địa lý,Địa lý tự nhiên,2,4,Chính xác,8,10,70%,85%,132,PL-DIA-NAT-L4-003,2,4,2,s.geo.5 | s.geo.6 | s.geo.4 | s.geo.3 | s.geo.7 | s.geo.8 | s.geo.1 | s.geo.2,Loại bỏ lỗi ẩu và các bẫy quen thuộc trong chuyên đề. Giữ độ chính xác khi thời gian bắt đầu siết lại.
PL-DIA-NAT-L4-005,Tổng hợp · Địa lý tự nhiên · Cấp 4,Khoa học,Địa lý,Địa lý tự nhiên,2,4,Tổng hợp,8,9,70%,85%,138,PL-DIA-NAT-L4-004,2,4,2,s.geo.3 | s.geo.4 | s.geo.2 | s.geo.5 | s.geo.6 | s.geo.1 | s.geo.7 | s.geo.8,Trộn nhiều dạng trong cùng chuyên đề để rèn phản xạ nhận diện. Giữ độ chính xác khi thời gian bắt đầu siết lại.
PL-DIA-NAT-L4-006,Ôn lại · Địa lý tự nhiên · Cấp 4,Khoa học,Địa lý,Địa lý tự nhiên,2,4,Ôn lại,8,10,70%,85%,108,PL-DIA-NAT-L4-005,2,4,2,s.geo.8 | s.geo.2 | s.geo.4 | s.geo.3 | s.geo.7 | s.geo.5 | s.geo.1 | s.geo.6,Quay lại các câu từng sai để kiến thức không phai theo thời gian. Giữ độ chính xác khi thời gian bắt đầu siết lại.
PL-DIA-NAT-L4-007,Khởi động · Địa lý tự nhiên · Cấp 4,Khoa học,Địa lý,Địa lý tự nhiên,2,4,Khởi động,8,11,70%,85%,84,PL-DIA-NAT-L4-006,2,4,2,s.geo.2 | s.geo.5 | s.geo.3 | s.geo.4 | s.geo.7 | s.geo.8 | s.geo.6 | s.geo.1,Nhắc lại công thức và nhận diện dạng bài trước khi vào phần nặng. Giữ độ chính xác khi thời gian bắt đầu siết lại.
PL-DIA-NAT-L4-008,Thử thách · Địa lý tự nhiên · Cấp 4,Khoa học,Địa lý,Địa lý tự nhiên,2,4,Thử thách,8,9,70%,85%,168,PL-DIA-NAT-L4-007,2,4,2,s.geo.6 | s.geo.1 | s.geo.4 | s.geo.3 | s.geo.7 | s.geo.8 | s.geo.5 | s.geo.2,Đẩy lên mức khó hơn cấp hiện tại để chuẩn bị lên cấp. Giữ độ chính xác khi thời gian bắt đầu siết lại.
PL-DIA-NAT-L4-009,Vượt ải · Địa lý tự nhiên · Cấp 4,Khoa học,Địa lý,Địa lý tự nhiên,2,4,Vượt ải,8,8,70%,90%,216,PL-DIA-NAT-L4-008,2,4,2,s.geo.3 | s.geo.7 | s.geo.5 | s.geo.6 | s.geo.1 | s.geo.4 | s.geo.8 | s.geo.2,Bài kiểm tra chốt cấp độ của tuyến chuyên đề. Giữ độ chính xác khi thời gian bắt đầu siết lại.
PL-DIA-NAT-L5-001,Khởi động · Địa lý tự nhiên · Cấp 5,Khoa học,Địa lý,Địa lý tự nhiên,3,5,Khởi động,8,12,70%,85%,112,PL-DIA-NAT-L4-009,2,5,1,s.geo.2 | s.geo.5 | s.geo.8 | s.geo.6 | s.geo.1 | s.geo.4 | s.geo.3 | s.geo.7,Nhắc lại công thức và nhận diện dạng bài trước khi vào phần nặng. Xử lý câu phân loại mà không mất nhịp.
PL-DIA-NAT-L5-002,Rèn kỹ năng · Địa lý tự nhiên · Cấp 5,Khoa học,Địa lý,Địa lý tự nhiên,3,5,Rèn kỹ năng,8,9,70%,85%,160,PL-DIA-NAT-L5-001,2,5,1,s.geo.2 | s.geo.5 | s.geo.4 | s.geo.3 | s.geo.7 | s.geo.8 | s.geo.6 | s.geo.1,Làm chắc một kỹ năng lõi qua các biến thể liên tiếp của cùng một dạng. Xử lý câu phân loại mà không mất nhịp.
PL-DIA-NAT-L5-003,Tốc độ · Địa lý tự nhiên · Cấp 5,Khoa học,Địa lý,Địa lý tự nhiên,3,5,Tốc độ,8,7,70%,85%,176,PL-DIA-NAT-L5-002,2,5,1,s.geo.7 | s.geo.8 | s.geo.5 | s.geo.6 | s.geo.1 | s.geo.4 | s.geo.3 | s.geo.2,Rút ngắn thời gian trên mỗi câu mà vẫn giữ được độ chính xác. Xử lý câu phân loại mà không mất nhịp.
PL-DIA-NAT-L5-004,Chính xác · Địa lý tự nhiên · Cấp 5,Khoa học,Địa lý,Địa lý tự nhiên,3,5,Chính xác,8,11,70%,85%,176,PL-DIA-NAT-L5-003,2,5,1,s.geo.7 | s.geo.8 | s.geo.4 | s.geo.3 | s.geo.2 | s.geo.5 | s.geo.6 | s.geo.1,Loại bỏ lỗi ẩu và các bẫy quen thuộc trong chuyên đề. Xử lý câu phân loại mà không mất nhịp.
PL-DIA-NAT-L5-005,Tổng hợp · Địa lý tự nhiên · Cấp 5,Khoa học,Địa lý,Địa lý tự nhiên,3,5,Tổng hợp,8,9,70%,85%,184,PL-DIA-NAT-L5-004,2,5,1,s.geo.5 | s.geo.6 | s.geo.8 | s.geo.2 | s.geo.1 | s.geo.4 | s.geo.3 | s.geo.7,Trộn nhiều dạng trong cùng chuyên đề để rèn phản xạ nhận diện. Xử lý câu phân loại mà không mất nhịp.
PL-DIA-NAT-L5-006,Thử thách · Địa lý tự nhiên · Cấp 5,Khoa học,Địa lý,Địa lý tự nhiên,3,5,Thử thách,8,9,70%,85%,224,PL-DIA-NAT-L5-005,2,5,1,s.geo.4 | s.geo.3 | s.geo.1 | s.geo.7 | s.geo.8 | s.geo.2 | s.geo.5 | s.geo.6,Đẩy lên mức khó hơn cấp hiện tại để chuẩn bị lên cấp. Xử lý câu phân loại mà không mất nhịp.
PL-DIA-NAT-L5-007,Vượt ải · Địa lý tự nhiên · Cấp 5,Khoa học,Địa lý,Địa lý tự nhiên,3,5,Vượt ải,8,9,70%,90%,288,PL-DIA-NAT-L5-006,2,5,1,s.geo.8 | s.geo.2 | s.geo.5 | s.geo.6 | s.geo.1 | s.geo.4 | s.geo.3 | s.geo.7,Bài kiểm tra chốt cấp độ của tuyến chuyên đề. Xử lý câu phân loại mà không mất nhịp.
PL-DIA-NAT-L6-001,Khởi động · Địa lý tự nhiên · Cấp 6,Khoa học,Địa lý,Địa lý tự nhiên,3,6,Khởi động,8,10,70%,85%,154,PL-DIA-NAT-L5-007,2,4,2,s.geo.3 | s.geo.7 | s.geo.5 | s.geo.6 | s.geo.1 | s.geo.4 | s.geo.8 | s.geo.2,Nhắc lại công thức và nhận diện dạng bài trước khi vào phần nặng. Tốc độ và độ chính xác của nhóm dẫn đầu phổ điểm.
PL-DIA-NAT-L6-002,Rèn kỹ năng · Địa lý tự nhiên · Cấp 6,Khoa học,Địa lý,Địa lý tự nhiên,3,6,Rèn kỹ năng,8,8,70%,85%,220,PL-DIA-NAT-L6-001,2,4,2,s.geo.2 | s.geo.5 | s.geo.4 | s.geo.3 | s.geo.7 | s.geo.8 | s.geo.1 | s.geo.6,Làm chắc một kỹ năng lõi qua các biến thể liên tiếp của cùng một dạng. Tốc độ và độ chính xác của nhóm dẫn đầu phổ điểm.
PL-DIA-NAT-L6-003,Tốc độ · Địa lý tự nhiên · Cấp 6,Khoa học,Địa lý,Địa lý tự nhiên,3,6,Tốc độ,8,6,70%,85%,242,PL-DIA-NAT-L6-002,2,4,2,s.geo.1 | s.geo.4 | s.geo.8 | s.geo.2 | s.geo.5 | s.geo.6 | s.geo.3 | s.geo.7,Rút ngắn thời gian trên mỗi câu mà vẫn giữ được độ chính xác. Tốc độ và độ chính xác của nhóm dẫn đầu phổ điểm.
PL-DIA-NAT-L6-004,Thử thách · Địa lý tự nhiên · Cấp 6,Khoa học,Địa lý,Địa lý tự nhiên,3,6,Thử thách,8,8,70%,85%,308,PL-DIA-NAT-L6-003,2,4,2,s.geo.7 | s.geo.8 | s.geo.4 | s.geo.3 | s.geo.2 | s.geo.5 | s.geo.1 | s.geo.6,Đẩy lên mức khó hơn cấp hiện tại để chuẩn bị lên cấp. Tốc độ và độ chính xác của nhóm dẫn đầu phổ điểm.
PL-DIA-NAT-L6-005,Vượt ải · Địa lý tự nhiên · Cấp 6,Khoa học,Địa lý,Địa lý tự nhiên,3,6,Vượt ải,8,8,70%,90%,396,PL-DIA-NAT-L6-004,2,4,2,s.geo.5 | s.geo.6 | s.geo.8 | s.geo.2 | s.geo.1 | s.geo.4 | s.geo.3 | s.geo.7,Bài kiểm tra chốt cấp độ của tuyến chuyên đề. Tốc độ và độ chính xác của nhóm dẫn đầu phổ điểm.
PL-DIA-ECO-L1-001,Khởi động · Địa lý kinh tế — xã hội · Cấp 1,Khoa học,Địa lý,Địa lý kinh tế — xã hội,1,1,Khởi động,8,10,70%,85%,28,,2,4,2,s.geo.4 | s.geo.1 | s.geo.6 | s.geo.3 | s.geo.7 | s.geo.8 | s.geo.5 | s.geo.2,Nhắc lại công thức và nhận diện dạng bài trước khi vào phần nặng. Nhận diện dạng bài và nhớ lại công thức nền.
PL-DIA-ECO-L1-002,Rèn kỹ năng · Địa lý kinh tế — xã hội · Cấp 1,Khoa học,Địa lý,Địa lý kinh tế — xã hội,1,1,Rèn kỹ năng,8,8,70%,85%,40,PL-DIA-ECO-L1-001,2,4,2,s.geo.2 | s.geo.6 | s.geo.8 | s.geo.5 | s.geo.4 | s.geo.1 | s.geo.7 | s.geo.3,Làm chắc một kỹ năng lõi qua các biến thể liên tiếp của cùng một dạng. Nhận diện dạng bài và nhớ lại công thức nền.
PL-DIA-ECO-L1-003,Tốc độ · Địa lý kinh tế — xã hội · Cấp 1,Khoa học,Địa lý,Địa lý kinh tế — xã hội,1,1,Tốc độ,8,6,70%,85%,44,PL-DIA-ECO-L1-002,2,4,2,s.geo.7 | s.geo.8 | s.geo.5 | s.geo.2 | s.geo.6 | s.geo.3 | s.geo.4 | s.geo.1,Rút ngắn thời gian trên mỗi câu mà vẫn giữ được độ chính xác. Nhận diện dạng bài và nhớ lại công thức nền.
PL-DIA-ECO-L1-004,Chính xác · Địa lý kinh tế — xã hội · Cấp 1,Khoa học,Địa lý,Địa lý kinh tế — xã hội,1,1,Chính xác,8,9,70%,85%,44,PL-DIA-ECO-L1-003,2,4,2,s.geo.1 | s.geo.5 | s.geo.8 | s.geo.2 | s.geo.6 | s.geo.4 | s.geo.7 | s.geo.3,Loại bỏ lỗi ẩu và các bẫy quen thuộc trong chuyên đề. Nhận diện dạng bài và nhớ lại công thức nền.
PL-DIA-ECO-L1-005,Tổng hợp · Địa lý kinh tế — xã hội · Cấp 1,Khoa học,Địa lý,Địa lý kinh tế — xã hội,1,1,Tổng hợp,8,8,70%,85%,46,PL-DIA-ECO-L1-004,2,4,2,s.geo.6 | s.geo.3 | s.geo.4 | s.geo.1 | s.geo.7 | s.geo.8 | s.geo.5 | s.geo.2,Trộn nhiều dạng trong cùng chuyên đề để rèn phản xạ nhận diện. Nhận diện dạng bài và nhớ lại công thức nền.
PL-DIA-ECO-L1-006,Thử thách · Địa lý kinh tế — xã hội · Cấp 1,Khoa học,Địa lý,Địa lý kinh tế — xã hội,1,1,Thử thách,8,8,70%,85%,56,PL-DIA-ECO-L1-005,2,4,2,s.geo.8 | s.geo.5 | s.geo.1 | s.geo.3 | s.geo.7 | s.geo.2 | s.geo.4 | s.geo.6,Đẩy lên mức khó hơn cấp hiện tại để chuẩn bị lên cấp. Nhận diện dạng bài và nhớ lại công thức nền.
PL-DIA-ECO-L1-007,Vượt ải · Địa lý kinh tế — xã hội · Cấp 1,Khoa học,Địa lý,Địa lý kinh tế — xã hội,1,1,Vượt ải,8,8,70%,90%,72,PL-DIA-ECO-L1-006,2,4,2,s.geo.6 | s.geo.4 | s.geo.8 | s.geo.5 | s.geo.2 | s.geo.1 | s.geo.3 | s.geo.7,Bài kiểm tra chốt cấp độ của tuyến chuyên đề. Nhận diện dạng bài và nhớ lại công thức nền.
PL-DIA-ECO-L2-001,Khởi động · Địa lý kinh tế — xã hội · Cấp 2,Khoa học,Địa lý,Địa lý kinh tế — xã hội,1,2,Khởi động,8,12,70%,85%,42,PL-DIA-ECO-L1-007,2,5,1,s.geo.4 | s.geo.1 | s.geo.6 | s.geo.3 | s.geo.7 | s.geo.8 | s.geo.5 | s.geo.2,Nhắc lại công thức và nhận diện dạng bài trước khi vào phần nặng. Làm đúng dạng chuẩn mà không cần nhìn gợi ý.
PL-DIA-ECO-L2-002,Rèn kỹ năng · Địa lý kinh tế — xã hội · Cấp 2,Khoa học,Địa lý,Địa lý kinh tế — xã hội,1,2,Rèn kỹ năng,8,9,70%,85%,60,PL-DIA-ECO-L2-001,2,5,1,s.geo.2 | s.geo.6 | s.geo.8 | s.geo.5 | s.geo.4 | s.geo.1 | s.geo.3 | s.geo.7,Làm chắc một kỹ năng lõi qua các biến thể liên tiếp của cùng một dạng. Làm đúng dạng chuẩn mà không cần nhìn gợi ý.
PL-DIA-ECO-L2-003,Tốc độ · Địa lý kinh tế — xã hội · Cấp 2,Khoa học,Địa lý,Địa lý kinh tế — xã hội,1,2,Tốc độ,8,7,70%,85%,66,PL-DIA-ECO-L2-002,2,5,1,s.geo.7 | s.geo.8 | s.geo.5 | s.geo.2 | s.geo.6 | s.geo.3 | s.geo.4 | s.geo.1,Rút ngắn thời gian trên mỗi câu mà vẫn giữ được độ chính xác. Làm đúng dạng chuẩn mà không cần nhìn gợi ý.
PL-DIA-ECO-L2-004,Chính xác · Địa lý kinh tế — xã hội · Cấp 2,Khoa học,Địa lý,Địa lý kinh tế — xã hội,1,2,Chính xác,8,11,70%,85%,66,PL-DIA-ECO-L2-003,2,5,1,s.geo.1 | s.geo.5 | s.geo.8 | s.geo.2 | s.geo.6 | s.geo.4 | s.geo.3 | s.geo.7,Loại bỏ lỗi ẩu và các bẫy quen thuộc trong chuyên đề. Làm đúng dạng chuẩn mà không cần nhìn gợi ý.
PL-DIA-ECO-L2-005,Tổng hợp · Địa lý kinh tế — xã hội · Cấp 2,Khoa học,Địa lý,Địa lý kinh tế — xã hội,1,2,Tổng hợp,8,9,70%,85%,69,PL-DIA-ECO-L2-004,2,5,1,s.geo.6 | s.geo.3 | s.geo.4 | s.geo.1 | s.geo.7 | s.geo.8 | s.geo.5 | s.geo.2,Trộn nhiều dạng trong cùng chuyên đề để rèn phản xạ nhận diện. Làm đúng dạng chuẩn mà không cần nhìn gợi ý.
PL-DIA-ECO-L2-006,Ôn lại · Địa lý kinh tế — xã hội · Cấp 2,Khoa học,Địa lý,Địa lý kinh tế — xã hội,1,2,Ôn lại,8,10,70%,85%,54,PL-DIA-ECO-L2-005,2,5,1,s.geo.8 | s.geo.4 | s.geo.7 | s.geo.5 | s.geo.2 | s.geo.6 | s.geo.1 | s.geo.3,Quay lại các câu từng sai để kiến thức không phai theo thời gian. Làm đúng dạng chuẩn mà không cần nhìn gợi ý.
PL-DIA-ECO-L2-007,Khởi động · Địa lý kinh tế — xã hội · Cấp 2,Khoa học,Địa lý,Địa lý kinh tế — xã hội,1,2,Khởi động,8,12,70%,85%,42,PL-DIA-ECO-L2-006,2,5,1,s.geo.5 | s.geo.2 | s.geo.6 | s.geo.3 | s.geo.7 | s.geo.8 | s.geo.4 | s.geo.1,Nhắc lại công thức và nhận diện dạng bài trước khi vào phần nặng. Làm đúng dạng chuẩn mà không cần nhìn gợi ý.
PL-DIA-ECO-L2-008,Rèn kỹ năng · Địa lý kinh tế — xã hội · Cấp 2,Khoa học,Địa lý,Địa lý kinh tế — xã hội,1,2,Rèn kỹ năng,8,9,70%,85%,60,PL-DIA-ECO-L2-007,2,5,1,s.geo.3 | s.geo.7 | s.geo.8 | s.geo.5 | s.geo.2 | s.geo.6 | s.geo.4 | s.geo.1,Làm chắc một kỹ năng lõi qua các biến thể liên tiếp của cùng một dạng. Làm đúng dạng chuẩn mà không cần nhìn gợi ý.
PL-DIA-ECO-L2-009,Thử thách · Địa lý kinh tế — xã hội · Cấp 2,Khoa học,Địa lý,Địa lý kinh tế — xã hội,1,2,Thử thách,8,9,70%,85%,84,PL-DIA-ECO-L2-008,2,5,1,s.geo.5 | s.geo.2 | s.geo.8 | s.geo.6 | s.geo.4 | s.geo.1 | s.geo.3 | s.geo.7,Đẩy lên mức khó hơn cấp hiện tại để chuẩn bị lên cấp. Làm đúng dạng chuẩn mà không cần nhìn gợi ý.
PL-DIA-ECO-L2-010,Vượt ải · Địa lý kinh tế — xã hội · Cấp 2,Khoa học,Địa lý,Địa lý kinh tế — xã hội,1,2,Vượt ải,8,9,70%,90%,108,PL-DIA-ECO-L2-009,2,5,1,s.geo.4 | s.geo.1 | s.geo.6 | s.geo.3 | s.geo.7 | s.geo.8 | s.geo.5 | s.geo.2,Bài kiểm tra chốt cấp độ của tuyến chuyên đề. Làm đúng dạng chuẩn mà không cần nhìn gợi ý.
PL-DIA-ECO-L3-001,Khởi động · Địa lý kinh tế — xã hội · Cấp 3,Khoa học,Địa lý,Địa lý kinh tế — xã hội,2,3,Khởi động,8,13,70%,85%,63,PL-DIA-ECO-L2-010,2,4,2,s.geo.4 | s.geo.1 | s.geo.6 | s.geo.3 | s.geo.7 | s.geo.8 | s.geo.5 | s.geo.2,Nhắc lại công thức và nhận diện dạng bài trước khi vào phần nặng. Ghép nhiều bước và tránh các bẫy quen thuộc.
PL-DIA-ECO-L3-002,Rèn kỹ năng · Địa lý kinh tế — xã hội · Cấp 3,Khoa học,Địa lý,Địa lý kinh tế — xã hội,2,3,Rèn kỹ năng,8,10,70%,85%,90,PL-DIA-ECO-L3-001,2,4,2,s.geo.4 | s.geo.1 | s.geo.6 | s.geo.3 | s.geo.7 | s.geo.8 | s.geo.2 | s.geo.5,Làm chắc một kỹ năng lõi qua các biến thể liên tiếp của cùng một dạng. Ghép nhiều bước và tránh các bẫy quen thuộc.
PL-DIA-ECO-L3-003,Tốc độ · Địa lý kinh tế — xã hội · Cấp 3,Khoa học,Địa lý,Địa lý kinh tế — xã hội,2,3,Tốc độ,8,8,70%,85%,99,PL-DIA-ECO-L3-002,2,4,2,s.geo.7 | s.geo.8 | s.geo.6 | s.geo.4 | s.geo.1 | s.geo.3 | s.geo.5 | s.geo.2,Rút ngắn thời gian trên mỗi câu mà vẫn giữ được độ chính xác. Ghép nhiều bước và tránh các bẫy quen thuộc.
PL-DIA-ECO-L3-004,Chính xác · Địa lý kinh tế — xã hội · Cấp 3,Khoa học,Địa lý,Địa lý kinh tế — xã hội,2,3,Chính xác,8,12,70%,85%,99,PL-DIA-ECO-L3-003,2,4,2,s.geo.2 | s.geo.6 | s.geo.1 | s.geo.3 | s.geo.7 | s.geo.8 | s.geo.4 | s.geo.5,Loại bỏ lỗi ẩu và các bẫy quen thuộc trong chuyên đề. Ghép nhiều bước và tránh các bẫy quen thuộc.
PL-DIA-ECO-L3-005,Tổng hợp · Địa lý kinh tế — xã hội · Cấp 3,Khoa học,Địa lý,Địa lý kinh tế — xã hội,2,3,Tổng hợp,8,10,70%,85%,103,PL-DIA-ECO-L3-004,2,4,2,s.geo.1 | s.geo.3 | s.geo.5 | s.geo.2 | s.geo.6 | s.geo.4 | s.geo.7 | s.geo.8,Trộn nhiều dạng trong cùng chuyên đề để rèn phản xạ nhận diện. Ghép nhiều bước và tránh các bẫy quen thuộc.
PL-DIA-ECO-L3-006,Ôn lại · Địa lý kinh tế — xã hội · Cấp 3,Khoa học,Địa lý,Địa lý kinh tế — xã hội,2,3,Ôn lại,8,11,70%,85%,81,PL-DIA-ECO-L3-005,2,4,2,s.geo.8 | s.geo.5 | s.geo.1 | s.geo.3 | s.geo.7 | s.geo.2 | s.geo.4 | s.geo.6,Quay lại các câu từng sai để kiến thức không phai theo thời gian. Ghép nhiều bước và tránh các bẫy quen thuộc.
PL-DIA-ECO-L3-007,Khởi động · Địa lý kinh tế — xã hội · Cấp 3,Khoa học,Địa lý,Địa lý kinh tế — xã hội,2,3,Khởi động,8,13,70%,85%,63,PL-DIA-ECO-L3-006,2,4,2,s.geo.5 | s.geo.2 | s.geo.1 | s.geo.3 | s.geo.7 | s.geo.8 | s.geo.6 | s.geo.4,Nhắc lại công thức và nhận diện dạng bài trước khi vào phần nặng. Ghép nhiều bước và tránh các bẫy quen thuộc.
PL-DIA-ECO-L3-008,Rèn kỹ năng · Địa lý kinh tế — xã hội · Cấp 3,Khoa học,Địa lý,Địa lý kinh tế — xã hội,2,3,Rèn kỹ năng,8,10,70%,85%,90,PL-DIA-ECO-L3-007,2,4,2,s.geo.3 | s.geo.7 | s.geo.1 | s.geo.8 | s.geo.5 | s.geo.2 | s.geo.4 | s.geo.6,Làm chắc một kỹ năng lõi qua các biến thể liên tiếp của cùng một dạng. Ghép nhiều bước và tránh các bẫy quen thuộc.
PL-DIA-ECO-L3-009,Tốc độ · Địa lý kinh tế — xã hội · Cấp 3,Khoa học,Địa lý,Địa lý kinh tế — xã hội,2,3,Tốc độ,8,8,70%,85%,99,PL-DIA-ECO-L3-008,2,4,2,s.geo.4 | s.geo.1 | s.geo.6 | s.geo.3 | s.geo.7 | s.geo.8 | s.geo.5 | s.geo.2,Rút ngắn thời gian trên mỗi câu mà vẫn giữ được độ chính xác. Ghép nhiều bước và tránh các bẫy quen thuộc.
PL-DIA-ECO-L3-010,Thử thách · Địa lý kinh tế — xã hội · Cấp 3,Khoa học,Địa lý,Địa lý kinh tế — xã hội,2,3,Thử thách,8,10,70%,85%,126,PL-DIA-ECO-L3-009,2,4,2,s.geo.5 | s.geo.2 | s.geo.1 | s.geo.3 | s.geo.7 | s.geo.8 | s.geo.4 | s.geo.6,Đẩy lên mức khó hơn cấp hiện tại để chuẩn bị lên cấp. Ghép nhiều bước và tránh các bẫy quen thuộc.
PL-DIA-ECO-L3-011,Vượt ải · Địa lý kinh tế — xã hội · Cấp 3,Khoa học,Địa lý,Địa lý kinh tế — xã hội,2,3,Vượt ải,8,10,70%,90%,162,PL-DIA-ECO-L3-010,2,4,2,s.geo.4 | s.geo.1 | s.geo.8 | s.geo.5 | s.geo.2 | s.geo.6 | s.geo.3 | s.geo.7,Bài kiểm tra chốt cấp độ của tuyến chuyên đề. Ghép nhiều bước và tránh các bẫy quen thuộc.
PL-DIA-ECO-L4-001,Khởi động · Địa lý kinh tế — xã hội · Cấp 4,Khoa học,Địa lý,Địa lý kinh tế — xã hội,2,4,Khởi động,8,11,70%,85%,84,PL-DIA-ECO-L3-011,2,4,2,s.geo.4 | s.geo.1 | s.geo.6 | s.geo.3 | s.geo.7 | s.geo.8 | s.geo.5 | s.geo.2,Nhắc lại công thức và nhận diện dạng bài trước khi vào phần nặng. Giữ độ chính xác khi thời gian bắt đầu siết lại.
PL-DIA-ECO-L4-002,Rèn kỹ năng · Địa lý kinh tế — xã hội · Cấp 4,Khoa học,Địa lý,Địa lý kinh tế — xã hội,2,4,Rèn kỹ năng,8,9,70%,85%,120,PL-DIA-ECO-L4-001,2,4,2,s.geo.4 | s.geo.1 | s.geo.6 | s.geo.3 | s.geo.7 | s.geo.8 | s.geo.2 | s.geo.5,Làm chắc một kỹ năng lõi qua các biến thể liên tiếp của cùng một dạng. Giữ độ chính xác khi thời gian bắt đầu siết lại.
PL-DIA-ECO-L4-003,Tốc độ · Địa lý kinh tế — xã hội · Cấp 4,Khoa học,Địa lý,Địa lý kinh tế — xã hội,2,4,Tốc độ,8,7,70%,85%,132,PL-DIA-ECO-L4-002,2,4,2,s.geo.7 | s.geo.8 | s.geo.6 | s.geo.4 | s.geo.1 | s.geo.3 | s.geo.5 | s.geo.2,Rút ngắn thời gian trên mỗi câu mà vẫn giữ được độ chính xác. Giữ độ chính xác khi thời gian bắt đầu siết lại.
PL-DIA-ECO-L4-004,Chính xác · Địa lý kinh tế — xã hội · Cấp 4,Khoa học,Địa lý,Địa lý kinh tế — xã hội,2,4,Chính xác,8,10,70%,85%,132,PL-DIA-ECO-L4-003,2,4,2,s.geo.2 | s.geo.6 | s.geo.1 | s.geo.3 | s.geo.7 | s.geo.8 | s.geo.4 | s.geo.5,Loại bỏ lỗi ẩu và các bẫy quen thuộc trong chuyên đề. Giữ độ chính xác khi thời gian bắt đầu siết lại.
PL-DIA-ECO-L4-005,Tổng hợp · Địa lý kinh tế — xã hội · Cấp 4,Khoa học,Địa lý,Địa lý kinh tế — xã hội,2,4,Tổng hợp,8,9,70%,85%,138,PL-DIA-ECO-L4-004,2,4,2,s.geo.1 | s.geo.3 | s.geo.5 | s.geo.2 | s.geo.6 | s.geo.4 | s.geo.7 | s.geo.8,Trộn nhiều dạng trong cùng chuyên đề để rèn phản xạ nhận diện. Giữ độ chính xác khi thời gian bắt đầu siết lại.
PL-DIA-ECO-L4-006,Ôn lại · Địa lý kinh tế — xã hội · Cấp 4,Khoa học,Địa lý,Địa lý kinh tế — xã hội,2,4,Ôn lại,8,10,70%,85%,108,PL-DIA-ECO-L4-005,2,4,2,s.geo.8 | s.geo.5 | s.geo.1 | s.geo.3 | s.geo.7 | s.geo.2 | s.geo.4 | s.geo.6,Quay lại các câu từng sai để kiến thức không phai theo thời gian. Giữ độ chính xác khi thời gian bắt đầu siết lại.
PL-DIA-ECO-L4-007,Khởi động · Địa lý kinh tế — xã hội · Cấp 4,Khoa học,Địa lý,Địa lý kinh tế — xã hội,2,4,Khởi động,8,11,70%,85%,84,PL-DIA-ECO-L4-006,2,4,2,s.geo.5 | s.geo.2 | s.geo.1 | s.geo.3 | s.geo.7 | s.geo.8 | s.geo.6 | s.geo.4,Nhắc lại công thức và nhận diện dạng bài trước khi vào phần nặng. Giữ độ chính xác khi thời gian bắt đầu siết lại.
PL-DIA-ECO-L4-008,Rèn kỹ năng · Địa lý kinh tế — xã hội · Cấp 4,Khoa học,Địa lý,Địa lý kinh tế — xã hội,2,4,Rèn kỹ năng,8,9,70%,85%,120,PL-DIA-ECO-L4-007,2,4,2,s.geo.3 | s.geo.7 | s.geo.1 | s.geo.8 | s.geo.5 | s.geo.2 | s.geo.4 | s.geo.6,Làm chắc một kỹ năng lõi qua các biến thể liên tiếp của cùng một dạng. Giữ độ chính xác khi thời gian bắt đầu siết lại.
PL-DIA-ECO-L4-009,Tốc độ · Địa lý kinh tế — xã hội · Cấp 4,Khoa học,Địa lý,Địa lý kinh tế — xã hội,2,4,Tốc độ,8,7,70%,85%,132,PL-DIA-ECO-L4-008,2,4,2,s.geo.4 | s.geo.1 | s.geo.6 | s.geo.3 | s.geo.7 | s.geo.8 | s.geo.5 | s.geo.2,Rút ngắn thời gian trên mỗi câu mà vẫn giữ được độ chính xác. Giữ độ chính xác khi thời gian bắt đầu siết lại.
PL-DIA-ECO-L4-010,Thử thách · Địa lý kinh tế — xã hội · Cấp 4,Khoa học,Địa lý,Địa lý kinh tế — xã hội,2,4,Thử thách,8,9,70%,85%,168,PL-DIA-ECO-L4-009,2,4,2,s.geo.5 | s.geo.2 | s.geo.1 | s.geo.3 | s.geo.7 | s.geo.8 | s.geo.4 | s.geo.6,Đẩy lên mức khó hơn cấp hiện tại để chuẩn bị lên cấp. Giữ độ chính xác khi thời gian bắt đầu siết lại.
PL-DIA-ECO-L4-011,Vượt ải · Địa lý kinh tế — xã hội · Cấp 4,Khoa học,Địa lý,Địa lý kinh tế — xã hội,2,4,Vượt ải,8,8,70%,90%,216,PL-DIA-ECO-L4-010,2,4,2,s.geo.4 | s.geo.1 | s.geo.8 | s.geo.5 | s.geo.2 | s.geo.6 | s.geo.3 | s.geo.7,Bài kiểm tra chốt cấp độ của tuyến chuyên đề. Giữ độ chính xác khi thời gian bắt đầu siết lại.
PL-DIA-ECO-L5-001,Khởi động · Địa lý kinh tế — xã hội · Cấp 5,Khoa học,Địa lý,Địa lý kinh tế — xã hội,3,5,Khởi động,8,12,70%,85%,112,PL-DIA-ECO-L4-011,2,5,1,s.geo.5 | s.geo.2 | s.geo.8 | s.geo.6 | s.geo.4 | s.geo.1 | s.geo.3 | s.geo.7,Nhắc lại công thức và nhận diện dạng bài trước khi vào phần nặng. Xử lý câu phân loại mà không mất nhịp.
PL-DIA-ECO-L5-002,Rèn kỹ năng · Địa lý kinh tế — xã hội · Cấp 5,Khoa học,Địa lý,Địa lý kinh tế — xã hội,3,5,Rèn kỹ năng,8,9,70%,85%,160,PL-DIA-ECO-L5-001,2,5,1,s.geo.5 | s.geo.2 | s.geo.1 | s.geo.3 | s.geo.7 | s.geo.8 | s.geo.6 | s.geo.4,Làm chắc một kỹ năng lõi qua các biến thể liên tiếp của cùng một dạng. Xử lý câu phân loại mà không mất nhịp.
PL-DIA-ECO-L5-003,Tốc độ · Địa lý kinh tế — xã hội · Cấp 5,Khoa học,Địa lý,Địa lý kinh tế — xã hội,3,5,Tốc độ,8,7,70%,85%,176,PL-DIA-ECO-L5-002,2,5,1,s.geo.7 | s.geo.8 | s.geo.2 | s.geo.6 | s.geo.4 | s.geo.1 | s.geo.3 | s.geo.5,Rút ngắn thời gian trên mỗi câu mà vẫn giữ được độ chính xác. Xử lý câu phân loại mà không mất nhịp.
PL-DIA-ECO-L5-004,Chính xác · Địa lý kinh tế — xã hội · Cấp 5,Khoa học,Địa lý,Địa lý kinh tế — xã hội,3,5,Chính xác,8,11,70%,85%,176,PL-DIA-ECO-L5-003,2,5,1,s.geo.7 | s.geo.8 | s.geo.1 | s.geo.3 | s.geo.5 | s.geo.2 | s.geo.6 | s.geo.4,Loại bỏ lỗi ẩu và các bẫy quen thuộc trong chuyên đề. Xử lý câu phân loại mà không mất nhịp.
PL-DIA-ECO-L5-005,Tổng hợp · Địa lý kinh tế — xã hội · Cấp 5,Khoa học,Địa lý,Địa lý kinh tế — xã hội,3,5,Tổng hợp,8,9,70%,85%,184,PL-DIA-ECO-L5-004,2,5,1,s.geo.2 | s.geo.6 | s.geo.8 | s.geo.5 | s.geo.4 | s.geo.1 | s.geo.3 | s.geo.7,Trộn nhiều dạng trong cùng chuyên đề để rèn phản xạ nhận diện. Xử lý câu phân loại mà không mất nhịp.
PL-DIA-ECO-L5-006,Ôn lại · Địa lý kinh tế — xã hội · Cấp 5,Khoa học,Địa lý,Địa lý kinh tế — xã hội,3,5,Ôn lại,8,10,70%,85%,144,PL-DIA-ECO-L5-005,2,5,1,s.geo.1 | s.geo.3 | s.geo.4 | s.geo.7 | s.geo.8 | s.geo.5 | s.geo.2 | s.geo.6,Quay lại các câu từng sai để kiến thức không phai theo thời gian. Xử lý câu phân loại mà không mất nhịp.
PL-DIA-ECO-L5-007,Khởi động · Địa lý kinh tế — xã hội · Cấp 5,Khoa học,Địa lý,Địa lý kinh tế — xã hội,3,5,Khởi động,8,12,70%,85%,112,PL-DIA-ECO-L5-006,2,5,1,s.geo.6 | s.geo.4 | s.geo.8 | s.geo.5 | s.geo.2 | s.geo.1 | s.geo.3 | s.geo.7,Nhắc lại công thức và nhận diện dạng bài trước khi vào phần nặng. Xử lý câu phân loại mà không mất nhịp.
PL-DIA-ECO-L5-008,Thử thách · Địa lý kinh tế — xã hội · Cấp 5,Khoa học,Địa lý,Địa lý kinh tế — xã hội,3,5,Thử thách,8,9,70%,85%,224,PL-DIA-ECO-L5-007,2,5,1,s.geo.6 | s.geo.4 | s.geo.1 | s.geo.3 | s.geo.7 | s.geo.8 | s.geo.5 | s.geo.2,Đẩy lên mức khó hơn cấp hiện tại để chuẩn bị lên cấp. Xử lý câu phân loại mà không mất nhịp.
PL-DIA-ECO-L5-009,Vượt ải · Địa lý kinh tế — xã hội · Cấp 5,Khoa học,Địa lý,Địa lý kinh tế — xã hội,3,5,Vượt ải,8,9,70%,90%,288,PL-DIA-ECO-L5-008,2,5,1,s.geo.3 | s.geo.7 | s.geo.2 | s.geo.6 | s.geo.4 | s.geo.1 | s.geo.8 | s.geo.5,Bài kiểm tra chốt cấp độ của tuyến chuyên đề. Xử lý câu phân loại mà không mất nhịp.
PL-DIA-ECO-L6-001,Khởi động · Địa lý kinh tế — xã hội · Cấp 6,Khoa học,Địa lý,Địa lý kinh tế — xã hội,3,6,Khởi động,8,10,70%,85%,154,PL-DIA-ECO-L5-009,2,4,2,s.geo.3 | s.geo.7 | s.geo.2 | s.geo.6 | s.geo.4 | s.geo.1 | s.geo.8 | s.geo.5,Nhắc lại công thức và nhận diện dạng bài trước khi vào phần nặng. Tốc độ và độ chính xác của nhóm dẫn đầu phổ điểm.
PL-DIA-ECO-L6-002,Rèn kỹ năng · Địa lý kinh tế — xã hội · Cấp 6,Khoa học,Địa lý,Địa lý kinh tế — xã hội,3,6,Rèn kỹ năng,8,8,70%,85%,220,PL-DIA-ECO-L6-001,2,4,2,s.geo.5 | s.geo.2 | s.geo.1 | s.geo.3 | s.geo.7 | s.geo.8 | s.geo.4 | s.geo.6,Làm chắc một kỹ năng lõi qua các biến thể liên tiếp của cùng một dạng. Tốc độ và độ chính xác của nhóm dẫn đầu phổ điểm.
PL-DIA-ECO-L6-003,Tốc độ · Địa lý kinh tế — xã hội · Cấp 6,Khoa học,Địa lý,Địa lý kinh tế — xã hội,3,6,Tốc độ,8,6,70%,85%,242,PL-DIA-ECO-L6-002,2,4,2,s.geo.4 | s.geo.1 | s.geo.8 | s.geo.5 | s.geo.2 | s.geo.6 | s.geo.3 | s.geo.7,Rút ngắn thời gian trên mỗi câu mà vẫn giữ được độ chính xác. Tốc độ và độ chính xác của nhóm dẫn đầu phổ điểm.
PL-DIA-ECO-L6-004,Chính xác · Địa lý kinh tế — xã hội · Cấp 6,Khoa học,Địa lý,Địa lý kinh tế — xã hội,3,6,Chính xác,8,9,70%,85%,242,PL-DIA-ECO-L6-003,2,4,2,s.geo.7 | s.geo.8 | s.geo.1 | s.geo.3 | s.geo.5 | s.geo.2 | s.geo.4 | s.geo.6,Loại bỏ lỗi ẩu và các bẫy quen thuộc trong chuyên đề. Tốc độ và độ chính xác của nhóm dẫn đầu phổ điểm.
PL-DIA-ECO-L6-005,Thử thách · Địa lý kinh tế — xã hội · Cấp 6,Khoa học,Địa lý,Địa lý kinh tế — xã hội,3,6,Thử thách,8,8,70%,85%,308,PL-DIA-ECO-L6-004,2,4,2,s.geo.2 | s.geo.6 | s.geo.8 | s.geo.5 | s.geo.4 | s.geo.1 | s.geo.3 | s.geo.7,Đẩy lên mức khó hơn cấp hiện tại để chuẩn bị lên cấp. Tốc độ và độ chính xác của nhóm dẫn đầu phổ điểm.
PL-DIA-ECO-L6-006,Vượt ải · Địa lý kinh tế — xã hội · Cấp 6,Khoa học,Địa lý,Địa lý kinh tế — xã hội,3,6,Vượt ải,8,8,70%,90%,396,PL-DIA-ECO-L6-005,2,4,2,s.geo.1 | s.geo.3 | s.geo.4 | s.geo.7 | s.geo.8 | s.geo.5 | s.geo.6 | s.geo.2,Bài kiểm tra chốt cấp độ của tuyến chuyên đề. Tốc độ và độ chính xác của nhóm dẫn đầu phổ điểm.
PL-DIA-DAT-L1-001,"Khởi động · Bảng số liệu, biểu đồ & Atlat · Cấp 1",Khoa học,Địa lý,"Bảng số liệu, biểu đồ & Atlat",1,1,Khởi động,8,10,70%,85%,28,,2,4,2,s.geo.1 | s.geo.4 | s.geo.5 | s.geo.7 | s.geo.8 | s.geo.3 | s.geo.6 | s.geo.2,Nhắc lại công thức và nhận diện dạng bài trước khi vào phần nặng. Nhận diện dạng bài và nhớ lại công thức nền.
PL-DIA-DAT-L1-002,"Rèn kỹ năng · Bảng số liệu, biểu đồ & Atlat · Cấp 1",Khoa học,Địa lý,"Bảng số liệu, biểu đồ & Atlat",1,1,Rèn kỹ năng,8,8,70%,85%,40,PL-DIA-DAT-L1-001,2,4,2,s.geo.2 | s.geo.5 | s.geo.4 | s.geo.6 | s.geo.7 | s.geo.8 | s.geo.1 | s.geo.3,Làm chắc một kỹ năng lõi qua các biến thể liên tiếp của cùng một dạng. Nhận diện dạng bài và nhớ lại công thức nền.
PL-DIA-DAT-L1-003,"Tốc độ · Bảng số liệu, biểu đồ & Atlat · Cấp 1",Khoa học,Địa lý,"Bảng số liệu, biểu đồ & Atlat",1,1,Tốc độ,8,6,70%,85%,44,PL-DIA-DAT-L1-002,2,4,2,s.geo.8 | s.geo.3 | s.geo.6 | s.geo.2 | s.geo.5 | s.geo.7 | s.geo.1 | s.geo.4,Rút ngắn thời gian trên mỗi câu mà vẫn giữ được độ chính xác. Nhận diện dạng bài và nhớ lại công thức nền.
PL-DIA-DAT-L1-004,"Thử thách · Bảng số liệu, biểu đồ & Atlat · Cấp 1",Khoa học,Địa lý,"Bảng số liệu, biểu đồ & Atlat",1,1,Thử thách,8,8,70%,85%,56,PL-DIA-DAT-L1-003,2,4,2,s.geo.2 | s.geo.5 | s.geo.4 | s.geo.7 | s.geo.8 | s.geo.3 | s.geo.1 | s.geo.6,Đẩy lên mức khó hơn cấp hiện tại để chuẩn bị lên cấp. Nhận diện dạng bài và nhớ lại công thức nền.
PL-DIA-DAT-L1-005,"Vượt ải · Bảng số liệu, biểu đồ & Atlat · Cấp 1",Khoa học,Địa lý,"Bảng số liệu, biểu đồ & Atlat",1,1,Vượt ải,8,8,70%,90%,72,PL-DIA-DAT-L1-004,2,4,2,s.geo.8 | s.geo.1 | s.geo.6 | s.geo.2 | s.geo.5 | s.geo.4 | s.geo.7 | s.geo.3,Bài kiểm tra chốt cấp độ của tuyến chuyên đề. Nhận diện dạng bài và nhớ lại công thức nền.
PL-DIA-DAT-L2-001,"Khởi động · Bảng số liệu, biểu đồ & Atlat · Cấp 2",Khoa học,Địa lý,"Bảng số liệu, biểu đồ & Atlat",1,2,Khởi động,8,12,70%,85%,42,PL-DIA-DAT-L1-005,2,5,1,s.geo.1 | s.geo.4 | s.geo.5 | s.geo.7 | s.geo.8 | s.geo.3 | s.geo.6 | s.geo.2,Nhắc lại công thức và nhận diện dạng bài trước khi vào phần nặng. Làm đúng dạng chuẩn mà không cần nhìn gợi ý.
PL-DIA-DAT-L2-002,"Rèn kỹ năng · Bảng số liệu, biểu đồ & Atlat · Cấp 2",Khoa học,Địa lý,"Bảng số liệu, biểu đồ & Atlat",1,2,Rèn kỹ năng,8,9,70%,85%,60,PL-DIA-DAT-L2-001,2,5,1,s.geo.2 | s.geo.5 | s.geo.4 | s.geo.6 | s.geo.7 | s.geo.8 | s.geo.1 | s.geo.3,Làm chắc một kỹ năng lõi qua các biến thể liên tiếp của cùng một dạng. Làm đúng dạng chuẩn mà không cần nhìn gợi ý.
PL-DIA-DAT-L2-003,"Tốc độ · Bảng số liệu, biểu đồ & Atlat · Cấp 2",Khoa học,Địa lý,"Bảng số liệu, biểu đồ & Atlat",1,2,Tốc độ,8,7,70%,85%,66,PL-DIA-DAT-L2-002,2,5,1,s.geo.8 | s.geo.3 | s.geo.6 | s.geo.2 | s.geo.5 | s.geo.7 | s.geo.1 | s.geo.4,Rút ngắn thời gian trên mỗi câu mà vẫn giữ được độ chính xác. Làm đúng dạng chuẩn mà không cần nhìn gợi ý.
PL-DIA-DAT-L2-004,"Chính xác · Bảng số liệu, biểu đồ & Atlat · Cấp 2",Khoa học,Địa lý,"Bảng số liệu, biểu đồ & Atlat",1,2,Chính xác,8,11,70%,85%,66,PL-DIA-DAT-L2-003,2,5,1,s.geo.4 | s.geo.6 | s.geo.3 | s.geo.2 | s.geo.5 | s.geo.7 | s.geo.8 | s.geo.1,Loại bỏ lỗi ẩu và các bẫy quen thuộc trong chuyên đề. Làm đúng dạng chuẩn mà không cần nhìn gợi ý.
PL-DIA-DAT-L2-005,"Thử thách · Bảng số liệu, biểu đồ & Atlat · Cấp 2",Khoa học,Địa lý,"Bảng số liệu, biểu đồ & Atlat",1,2,Thử thách,8,9,70%,85%,84,PL-DIA-DAT-L2-004,2,5,1,s.geo.8 | s.geo.1 | s.geo.6 | s.geo.2 | s.geo.5 | s.geo.4 | s.geo.7 | s.geo.3,Đẩy lên mức khó hơn cấp hiện tại để chuẩn bị lên cấp. Làm đúng dạng chuẩn mà không cần nhìn gợi ý.
PL-DIA-DAT-L2-006,"Vượt ải · Bảng số liệu, biểu đồ & Atlat · Cấp 2",Khoa học,Địa lý,"Bảng số liệu, biểu đồ & Atlat",1,2,Vượt ải,8,9,70%,90%,108,PL-DIA-DAT-L2-005,2,5,1,s.geo.4 | s.geo.6 | s.geo.1 | s.geo.7 | s.geo.8 | s.geo.3 | s.geo.2 | s.geo.5,Bài kiểm tra chốt cấp độ của tuyến chuyên đề. Làm đúng dạng chuẩn mà không cần nhìn gợi ý.
PL-DIA-DAT-L3-001,"Khởi động · Bảng số liệu, biểu đồ & Atlat · Cấp 3",Khoa học,Địa lý,"Bảng số liệu, biểu đồ & Atlat",2,3,Khởi động,8,13,70%,85%,63,PL-DIA-DAT-L2-006,2,4,2,s.geo.1 | s.geo.4 | s.geo.5 | s.geo.7 | s.geo.8 | s.geo.3 | s.geo.6 | s.geo.2,Nhắc lại công thức và nhận diện dạng bài trước khi vào phần nặng. Ghép nhiều bước và tránh các bẫy quen thuộc.
PL-DIA-DAT-L3-002,"Rèn kỹ năng · Bảng số liệu, biểu đồ & Atlat · Cấp 3",Khoa học,Địa lý,"Bảng số liệu, biểu đồ & Atlat",2,3,Rèn kỹ năng,8,10,70%,85%,90,PL-DIA-DAT-L3-001,2,4,2,s.geo.7 | s.geo.8 | s.geo.4 | s.geo.3 | s.geo.6 | s.geo.2 | s.geo.1 | s.geo.5,Làm chắc một kỹ năng lõi qua các biến thể liên tiếp của cùng một dạng. Ghép nhiều bước và tránh các bẫy quen thuộc.
PL-DIA-DAT-L3-003,"Tốc độ · Bảng số liệu, biểu đồ & Atlat · Cấp 3",Khoa học,Địa lý,"Bảng số liệu, biểu đồ & Atlat",2,3,Tốc độ,8,8,70%,85%,99,PL-DIA-DAT-L3-002,2,4,2,s.geo.8 | s.geo.3 | s.geo.5 | s.geo.7 | s.geo.1 | s.geo.4 | s.geo.6 | s.geo.2,Rút ngắn thời gian trên mỗi câu mà vẫn giữ được độ chính xác. Ghép nhiều bước và tránh các bẫy quen thuộc.
PL-DIA-DAT-L3-004,"Chính xác · Bảng số liệu, biểu đồ & Atlat · Cấp 3",Khoa học,Địa lý,"Bảng số liệu, biểu đồ & Atlat",2,3,Chính xác,8,12,70%,85%,99,PL-DIA-DAT-L3-003,2,4,2,s.geo.2 | s.geo.5 | s.geo.4 | s.geo.7 | s.geo.8 | s.geo.3 | s.geo.1 | s.geo.6,Loại bỏ lỗi ẩu và các bẫy quen thuộc trong chuyên đề. Ghép nhiều bước và tránh các bẫy quen thuộc.
PL-DIA-DAT-L3-005,"Tổng hợp · Bảng số liệu, biểu đồ & Atlat · Cấp 3",Khoa học,Địa lý,"Bảng số liệu, biểu đồ & Atlat",2,3,Tổng hợp,8,10,70%,85%,103,PL-DIA-DAT-L3-004,2,4,2,s.geo.8 | s.geo.1 | s.geo.6 | s.geo.2 | s.geo.5 | s.geo.4 | s.geo.7 | s.geo.3,Trộn nhiều dạng trong cùng chuyên đề để rèn phản xạ nhận diện. Ghép nhiều bước và tránh các bẫy quen thuộc.
PL-DIA-DAT-L3-006,"Thử thách · Bảng số liệu, biểu đồ & Atlat · Cấp 3",Khoa học,Địa lý,"Bảng số liệu, biểu đồ & Atlat",2,3,Thử thách,8,10,70%,85%,126,PL-DIA-DAT-L3-005,2,4,2,s.geo.4 | s.geo.7 | s.geo.1 | s.geo.8 | s.geo.3 | s.geo.6 | s.geo.5 | s.geo.2,Đẩy lên mức khó hơn cấp hiện tại để chuẩn bị lên cấp. Ghép nhiều bước và tránh các bẫy quen thuộc.
PL-DIA-DAT-L3-007,"Vượt ải · Bảng số liệu, biểu đồ & Atlat · Cấp 3",Khoa học,Địa lý,"Bảng số liệu, biểu đồ & Atlat",2,3,Vượt ải,8,10,70%,90%,162,PL-DIA-DAT-L3-006,2,4,2,s.geo.3 | s.geo.6 | s.geo.2 | s.geo.5 | s.geo.1 | s.geo.4 | s.geo.7 | s.geo.8,Bài kiểm tra chốt cấp độ của tuyến chuyên đề. Ghép nhiều bước và tránh các bẫy quen thuộc.
PL-DIA-DAT-L4-001,"Khởi động · Bảng số liệu, biểu đồ & Atlat · Cấp 4",Khoa học,Địa lý,"Bảng số liệu, biểu đồ & Atlat",2,4,Khởi động,8,11,70%,85%,84,PL-DIA-DAT-L3-007,2,4,2,s.geo.1 | s.geo.4 | s.geo.5 | s.geo.7 | s.geo.8 | s.geo.3 | s.geo.6 | s.geo.2,Nhắc lại công thức và nhận diện dạng bài trước khi vào phần nặng. Giữ độ chính xác khi thời gian bắt đầu siết lại.
PL-DIA-DAT-L4-002,"Rèn kỹ năng · Bảng số liệu, biểu đồ & Atlat · Cấp 4",Khoa học,Địa lý,"Bảng số liệu, biểu đồ & Atlat",2,4,Rèn kỹ năng,8,9,70%,85%,120,PL-DIA-DAT-L4-001,2,4,2,s.geo.7 | s.geo.8 | s.geo.4 | s.geo.3 | s.geo.6 | s.geo.2 | s.geo.1 | s.geo.5,Làm chắc một kỹ năng lõi qua các biến thể liên tiếp của cùng một dạng. Giữ độ chính xác khi thời gian bắt đầu siết lại.
PL-DIA-DAT-L4-003,"Tốc độ · Bảng số liệu, biểu đồ & Atlat · Cấp 4",Khoa học,Địa lý,"Bảng số liệu, biểu đồ & Atlat",2,4,Tốc độ,8,7,70%,85%,132,PL-DIA-DAT-L4-002,2,4,2,s.geo.8 | s.geo.3 | s.geo.5 | s.geo.7 | s.geo.1 | s.geo.4 | s.geo.6 | s.geo.2,Rút ngắn thời gian trên mỗi câu mà vẫn giữ được độ chính xác. Giữ độ chính xác khi thời gian bắt đầu siết lại.
PL-DIA-DAT-L4-004,"Chính xác · Bảng số liệu, biểu đồ & Atlat · Cấp 4",Khoa học,Địa lý,"Bảng số liệu, biểu đồ & Atlat",2,4,Chính xác,8,10,70%,85%,132,PL-DIA-DAT-L4-003,2,4,2,s.geo.2 | s.geo.5 | s.geo.4 | s.geo.7 | s.geo.8 | s.geo.3 | s.geo.1 | s.geo.6,Loại bỏ lỗi ẩu và các bẫy quen thuộc trong chuyên đề. Giữ độ chính xác khi thời gian bắt đầu siết lại.
PL-DIA-DAT-L4-005,"Tổng hợp · Bảng số liệu, biểu đồ & Atlat · Cấp 4",Khoa học,Địa lý,"Bảng số liệu, biểu đồ & Atlat",2,4,Tổng hợp,8,9,70%,85%,138,PL-DIA-DAT-L4-004,2,4,2,s.geo.8 | s.geo.1 | s.geo.6 | s.geo.2 | s.geo.5 | s.geo.4 | s.geo.7 | s.geo.3,Trộn nhiều dạng trong cùng chuyên đề để rèn phản xạ nhận diện. Giữ độ chính xác khi thời gian bắt đầu siết lại.
PL-DIA-DAT-L4-006,"Thử thách · Bảng số liệu, biểu đồ & Atlat · Cấp 4",Khoa học,Địa lý,"Bảng số liệu, biểu đồ & Atlat",2,4,Thử thách,8,9,70%,85%,168,PL-DIA-DAT-L4-005,2,4,2,s.geo.4 | s.geo.7 | s.geo.1 | s.geo.8 | s.geo.3 | s.geo.6 | s.geo.5 | s.geo.2,Đẩy lên mức khó hơn cấp hiện tại để chuẩn bị lên cấp. Giữ độ chính xác khi thời gian bắt đầu siết lại.
PL-DIA-DAT-L4-007,"Vượt ải · Bảng số liệu, biểu đồ & Atlat · Cấp 4",Khoa học,Địa lý,"Bảng số liệu, biểu đồ & Atlat",2,4,Vượt ải,8,8,70%,90%,216,PL-DIA-DAT-L4-006,2,4,2,s.geo.3 | s.geo.6 | s.geo.2 | s.geo.5 | s.geo.1 | s.geo.4 | s.geo.7 | s.geo.8,Bài kiểm tra chốt cấp độ của tuyến chuyên đề. Giữ độ chính xác khi thời gian bắt đầu siết lại.
PL-DIA-DAT-L5-001,"Khởi động · Bảng số liệu, biểu đồ & Atlat · Cấp 5",Khoa học,Địa lý,"Bảng số liệu, biểu đồ & Atlat",3,5,Khởi động,8,12,70%,85%,112,PL-DIA-DAT-L4-007,2,5,1,s.geo.6 | s.geo.2 | s.geo.3 | s.geo.5 | s.geo.1 | s.geo.4 | s.geo.7 | s.geo.8,Nhắc lại công thức và nhận diện dạng bài trước khi vào phần nặng. Xử lý câu phân loại mà không mất nhịp.
PL-DIA-DAT-L5-002,"Rèn kỹ năng · Bảng số liệu, biểu đồ & Atlat · Cấp 5",Khoa học,Địa lý,"Bảng số liệu, biểu đồ & Atlat",3,5,Rèn kỹ năng,8,9,70%,85%,160,PL-DIA-DAT-L5-001,2,5,1,s.geo.6 | s.geo.2 | s.geo.4 | s.geo.7 | s.geo.8 | s.geo.3 | s.geo.5 | s.geo.1,Làm chắc một kỹ năng lõi qua các biến thể liên tiếp của cùng một dạng. Xử lý câu phân loại mà không mất nhịp.
PL-DIA-DAT-L5-003,"Tốc độ · Bảng số liệu, biểu đồ & Atlat · Cấp 5",Khoa học,Địa lý,"Bảng số liệu, biểu đồ & Atlat",3,5,Tốc độ,8,7,70%,85%,176,PL-DIA-DAT-L5-002,2,5,1,s.geo.3 | s.geo.4 | s.geo.6 | s.geo.2 | s.geo.5 | s.geo.1 | s.geo.7 | s.geo.8,Rút ngắn thời gian trên mỗi câu mà vẫn giữ được độ chính xác. Xử lý câu phân loại mà không mất nhịp.
PL-DIA-DAT-L5-004,"Chính xác · Bảng số liệu, biểu đồ & Atlat · Cấp 5",Khoa học,Địa lý,"Bảng số liệu, biểu đồ & Atlat",3,5,Chính xác,8,11,70%,85%,176,PL-DIA-DAT-L5-003,2,5,1,s.geo.8 | s.geo.3 | s.geo.4 | s.geo.7 | s.geo.6 | s.geo.2 | s.geo.5 | s.geo.1,Loại bỏ lỗi ẩu và các bẫy quen thuộc trong chuyên đề. Xử lý câu phân loại mà không mất nhịp.
PL-DIA-DAT-L5-005,"Thử thách · Bảng số liệu, biểu đồ & Atlat · Cấp 5",Khoa học,Địa lý,"Bảng số liệu, biểu đồ & Atlat",3,5,Thử thách,8,9,70%,85%,224,PL-DIA-DAT-L5-004,2,5,1,s.geo.2 | s.geo.5 | s.geo.3 | s.geo.6 | s.geo.1 | s.geo.4 | s.geo.7 | s.geo.8,Đẩy lên mức khó hơn cấp hiện tại để chuẩn bị lên cấp. Xử lý câu phân loại mà không mất nhịp.
PL-DIA-DAT-L5-006,"Vượt ải · Bảng số liệu, biểu đồ & Atlat · Cấp 5",Khoa học,Địa lý,"Bảng số liệu, biểu đồ & Atlat",3,5,Vượt ải,8,9,70%,90%,288,PL-DIA-DAT-L5-005,2,5,1,s.geo.4 | s.geo.7 | s.geo.1 | s.geo.8 | s.geo.3 | s.geo.6 | s.geo.2 | s.geo.5,Bài kiểm tra chốt cấp độ của tuyến chuyên đề. Xử lý câu phân loại mà không mất nhịp.
PL-DIA-DAT-L6-001,"Khởi động · Bảng số liệu, biểu đồ & Atlat · Cấp 6",Khoa học,Địa lý,"Bảng số liệu, biểu đồ & Atlat",3,6,Khởi động,8,10,70%,85%,154,PL-DIA-DAT-L5-006,2,4,2,s.geo.7 | s.geo.8 | s.geo.2 | s.geo.5 | s.geo.1 | s.geo.4 | s.geo.3 | s.geo.6,Nhắc lại công thức và nhận diện dạng bài trước khi vào phần nặng. Tốc độ và độ chính xác của nhóm dẫn đầu phổ điểm.
PL-DIA-DAT-L6-002,"Rèn kỹ năng · Bảng số liệu, biểu đồ & Atlat · Cấp 6",Khoa học,Địa lý,"Bảng số liệu, biểu đồ & Atlat",3,6,Rèn kỹ năng,8,8,70%,85%,220,PL-DIA-DAT-L6-001,2,4,2,s.geo.6 | s.geo.2 | s.geo.4 | s.geo.7 | s.geo.8 | s.geo.3 | s.geo.1 | s.geo.5,Làm chắc một kỹ năng lõi qua các biến thể liên tiếp của cùng một dạng. Tốc độ và độ chính xác của nhóm dẫn đầu phổ điểm.
PL-DIA-DAT-L6-003,"Thử thách · Bảng số liệu, biểu đồ & Atlat · Cấp 6",Khoa học,Địa lý,"Bảng số liệu, biểu đồ & Atlat",3,6,Thử thách,8,8,70%,85%,308,PL-DIA-DAT-L6-002,2,4,2,s.geo.1 | s.geo.4 | s.geo.3 | s.geo.6 | s.geo.2 | s.geo.5 | s.geo.7 | s.geo.8,Đẩy lên mức khó hơn cấp hiện tại để chuẩn bị lên cấp. Tốc độ và độ chính xác của nhóm dẫn đầu phổ điểm.
PL-DIA-DAT-L6-004,"Vượt ải · Bảng số liệu, biểu đồ & Atlat · Cấp 6",Khoa học,Địa lý,"Bảng số liệu, biểu đồ & Atlat",3,6,Vượt ải,8,8,70%,90%,396,PL-DIA-DAT-L6-003,2,4,2,s.geo.8 | s.geo.3 | s.geo.4 | s.geo.7 | s.geo.6 | s.geo.2 | s.geo.1 | s.geo.5,Bài kiểm tra chốt cấp độ của tuyến chuyên đề. Tốc độ và độ chính xác của nhóm dẫn đầu phổ điểm.
PL-ANH-GRA-L1-001,Khởi động · Grammar & Structure · Cấp 1,Khoa học,Tiếng Anh,Grammar & Structure,1,1,Khởi động,8,10,70%,85%,28,,2,4,2,e.gra.1 | e.gra.5 | e.rea.1 | e.gra.2 | e.gra.3 | e.gra.4 | e.voc.5 | e.rea.2,Nhắc lại công thức và nhận diện dạng bài trước khi vào phần nặng. Nhận diện dạng bài và nhớ lại công thức nền.
PL-ANH-GRA-L1-002,Rèn kỹ năng · Grammar & Structure · Cấp 1,Khoa học,Tiếng Anh,Grammar & Structure,1,1,Rèn kỹ năng,8,8,70%,85%,40,PL-ANH-GRA-L1-001,2,4,2,e.voc.6 | e.rea.1 | e.gra.4 | e.voc.2 | e.voc.3 | e.voc.5 | e.gra.6 | e.voc.1,Làm chắc một kỹ năng lõi qua các biến thể liên tiếp của cùng một dạng. Nhận diện dạng bài và nhớ lại công thức nền.
PL-ANH-GRA-L1-003,Tốc độ · Grammar & Structure · Cấp 1,Khoa học,Tiếng Anh,Grammar & Structure,1,1,Tốc độ,8,6,70%,85%,44,PL-ANH-GRA-L1-002,2,4,2,e.gra.3 | e.gra.4 | e.voc.5 | e.rea.2 | e.rea.5 | e.rea.6 | e.rea.3 | e.rea.4,Rút ngắn thời gian trên mỗi câu mà vẫn giữ được độ chính xác. Nhận diện dạng bài và nhớ lại công thức nền.
PL-ANH-GRA-L1-004,Chính xác · Grammar & Structure · Cấp 1,Khoa học,Tiếng Anh,Grammar & Structure,1,1,Chính xác,8,9,70%,85%,44,PL-ANH-GRA-L1-003,2,4,2,e.voc.3 | e.voc.5 | e.rea.6 | e.gra.6 | e.voc.4 | e.rea.3 | e.gra.3 | e.gra.4,Loại bỏ lỗi ẩu và các bẫy quen thuộc trong chuyên đề. Nhận diện dạng bài và nhớ lại công thức nền.
PL-ANH-GRA-L1-005,Thử thách · Grammar & Structure · Cấp 1,Khoa học,Tiếng Anh,Grammar & Structure,1,1,Thử thách,8,8,70%,85%,56,PL-ANH-GRA-L1-004,2,4,2,e.rea.5 | e.rea.6 | e.rea.3 | e.rea.4 | e.gra.2 | e.gra.3 | e.voc.3 | e.voc.5,Đẩy lên mức khó hơn cấp hiện tại để chuẩn bị lên cấp. Nhận diện dạng bài và nhớ lại công thức nền.
PL-ANH-GRA-L1-006,Vượt ải · Grammar & Structure · Cấp 1,Khoa học,Tiếng Anh,Grammar & Structure,1,1,Vượt ải,8,8,70%,90%,72,PL-ANH-GRA-L1-005,2,4,2,e.voc.4 | e.rea.3 | e.gra.3 | e.gra.4 | e.voc.2 | e.voc.3 | e.gra.1 | e.gra.5,Bài kiểm tra chốt cấp độ của tuyến chuyên đề. Nhận diện dạng bài và nhớ lại công thức nền.
PL-ANH-GRA-L2-001,Khởi động · Grammar & Structure · Cấp 2,Khoa học,Tiếng Anh,Grammar & Structure,1,2,Khởi động,10,15,70%,85%,42,PL-ANH-GRA-L1-006,3,5,2,e.gra.1 | e.gra.5 | e.voc.1 | e.gra.2 | e.gra.3 | e.gra.4 | e.voc.2 | e.voc.3 | e.rea.5 | e.rea.6,Nhắc lại công thức và nhận diện dạng bài trước khi vào phần nặng. Làm đúng dạng chuẩn mà không cần nhìn gợi ý.
PL-ANH-GRA-L2-002,Rèn kỹ năng · Grammar & Structure · Cấp 2,Khoa học,Tiếng Anh,Grammar & Structure,1,2,Rèn kỹ năng,10,12,70%,85%,60,PL-ANH-GRA-L2-001,3,5,2,e.voc.6 | e.rea.1 | e.gra.2 | e.voc.2 | e.voc.3 | e.voc.5 | e.rea.2 | e.rea.5 | e.voc.4 | e.rea.3,Làm chắc một kỹ năng lõi qua các biến thể liên tiếp của cùng một dạng. Làm đúng dạng chuẩn mà không cần nhìn gợi ý.
PL-ANH-GRA-L2-003,Tốc độ · Grammar & Structure · Cấp 2,Khoa học,Tiếng Anh,Grammar & Structure,1,2,Tốc độ,10,9,70%,85%,66,PL-ANH-GRA-L2-002,3,5,2,e.gra.3 | e.gra.4 | e.voc.2 | e.rea.2 | e.rea.5 | e.rea.6 | e.gra.6 | e.voc.4 | e.gra.1 | e.gra.5,Rút ngắn thời gian trên mỗi câu mà vẫn giữ được độ chính xác. Làm đúng dạng chuẩn mà không cần nhìn gợi ý.
PL-ANH-GRA-L2-004,Chính xác · Grammar & Structure · Cấp 2,Khoa học,Tiếng Anh,Grammar & Structure,1,2,Chính xác,10,13,70%,85%,66,PL-ANH-GRA-L2-003,3,5,2,e.voc.3 | e.voc.5 | e.rea.2 | e.gra.6 | e.voc.4 | e.rea.3 | e.rea.4 | e.gra.1 | e.voc.2 | e.rea.5,Loại bỏ lỗi ẩu và các bẫy quen thuộc trong chuyên đề. Làm đúng dạng chuẩn mà không cần nhìn gợi ý.
PL-ANH-GRA-L2-005,Tổng hợp · Grammar & Structure · Cấp 2,Khoa học,Tiếng Anh,Grammar & Structure,1,2,Tổng hợp,10,12,70%,85%,69,PL-ANH-GRA-L2-004,3,5,2,e.rea.5 | e.rea.6 | e.gra.6 | e.rea.4 | e.gra.1 | e.gra.5 | e.voc.1 | e.voc.6 | e.rea.2 | e.voc.4,Trộn nhiều dạng trong cùng chuyên đề để rèn phản xạ nhận diện. Làm đúng dạng chuẩn mà không cần nhìn gợi ý.
PL-ANH-GRA-L2-006,Ôn lại · Grammar & Structure · Cấp 2,Khoa học,Tiếng Anh,Grammar & Structure,1,2,Ôn lại,10,13,70%,85%,54,PL-ANH-GRA-L2-005,3,5,2,e.voc.4 | e.rea.3 | e.rea.4 | e.voc.1 | e.voc.6 | e.rea.1 | e.gra.2 | e.gra.3 | e.gra.6 | e.gra.4,Quay lại các câu từng sai để kiến thức không phai theo thời gian. Làm đúng dạng chuẩn mà không cần nhìn gợi ý.
PL-ANH-GRA-L2-007,Thử thách · Grammar & Structure · Cấp 2,Khoa học,Tiếng Anh,Grammar & Structure,1,2,Thử thách,10,12,70%,85%,84,PL-ANH-GRA-L2-006,3,5,2,e.gra.1 | e.gra.5 | e.voc.1 | e.voc.5 | e.rea.2 | e.rea.5 | e.rea.6 | e.gra.6 | e.rea.4 | e.gra.2,Đẩy lên mức khó hơn cấp hiện tại để chuẩn bị lên cấp. Làm đúng dạng chuẩn mà không cần nhìn gợi ý.
PL-ANH-GRA-L2-008,Vượt ải · Grammar & Structure · Cấp 2,Khoa học,Tiếng Anh,Grammar & Structure,1,2,Vượt ải,10,11,70%,90%,108,PL-ANH-GRA-L2-007,3,5,2,e.voc.6 | e.rea.1 | e.gra.2 | e.gra.1 | e.gra.5 | e.gra.6 | e.voc.1 | e.voc.4 | e.voc.3 | e.voc.5,Bài kiểm tra chốt cấp độ của tuyến chuyên đề. Làm đúng dạng chuẩn mà không cần nhìn gợi ý.
PL-ANH-GRA-L3-001,Khởi động · Grammar & Structure · Cấp 3,Khoa học,Tiếng Anh,Grammar & Structure,2,3,Khởi động,12,19,70%,85%,63,PL-ANH-GRA-L2-008,3,6,3,e.gra.1 | e.gra.5 | e.voc.1 | e.gra.2 | e.gra.3 | e.gra.4 | e.voc.2 | e.voc.3 | e.voc.5 | e.voc.4 | e.voc.6 | e.rea.1,Nhắc lại công thức và nhận diện dạng bài trước khi vào phần nặng. Ghép nhiều bước và tránh các bẫy quen thuộc.
PL-ANH-GRA-L3-002,Rèn kỹ năng · Grammar & Structure · Cấp 3,Khoa học,Tiếng Anh,Grammar & Structure,2,3,Rèn kỹ năng,12,15,70%,85%,90,PL-ANH-GRA-L3-001,3,6,3,e.voc.6 | e.rea.1 | e.gra.2 | e.rea.2 | e.rea.5 | e.rea.6 | e.gra.1 | e.gra.5 | e.gra.6 | e.voc.5 | e.voc.1 | e.voc.4,Làm chắc một kỹ năng lõi qua các biến thể liên tiếp của cùng một dạng. Ghép nhiều bước và tránh các bẫy quen thuộc.
PL-ANH-GRA-L3-003,Tốc độ · Grammar & Structure · Cấp 3,Khoa học,Tiếng Anh,Grammar & Structure,2,3,Tốc độ,12,11,70%,85%,99,PL-ANH-GRA-L3-002,3,6,3,e.gra.3 | e.gra.4 | e.voc.2 | e.rea.2 | e.rea.5 | e.rea.6 | e.gra.6 | e.voc.4 | e.rea.3 | e.voc.3 | e.voc.5 | e.gra.1,Rút ngắn thời gian trên mỗi câu mà vẫn giữ được độ chính xác. Ghép nhiều bước và tránh các bẫy quen thuộc.
PL-ANH-GRA-L3-004,Chính xác · Grammar & Structure · Cấp 3,Khoa học,Tiếng Anh,Grammar & Structure,2,3,Chính xác,12,17,70%,85%,99,PL-ANH-GRA-L3-003,3,6,3,e.voc.3 | e.voc.5 | e.rea.2 | e.voc.6 | e.rea.1 | e.rea.3 | e.rea.4 | e.gra.2 | e.gra.3 | e.rea.5 | e.rea.6 | e.gra.1,Loại bỏ lỗi ẩu và các bẫy quen thuộc trong chuyên đề. Ghép nhiều bước và tránh các bẫy quen thuộc.
PL-ANH-GRA-L3-005,Tổng hợp · Grammar & Structure · Cấp 3,Khoa học,Tiếng Anh,Grammar & Structure,2,3,Tổng hợp,12,15,70%,85%,103,PL-ANH-GRA-L3-004,3,6,3,e.rea.5 | e.rea.6 | e.gra.6 | e.rea.4 | e.gra.2 | e.gra.3 | e.gra.4 | e.voc.2 | e.voc.3 | e.voc.6 | e.rea.1 | e.voc.4,Trộn nhiều dạng trong cùng chuyên đề để rèn phản xạ nhận diện. Ghép nhiều bước và tránh các bẫy quen thuộc.
PL-ANH-GRA-L3-006,Ôn lại · Grammar & Structure · Cấp 3,Khoa học,Tiếng Anh,Grammar & Structure,2,3,Ôn lại,12,17,70%,85%,81,PL-ANH-GRA-L3-005,3,6,3,e.voc.4 | e.rea.3 | e.rea.4 | e.gra.4 | e.voc.2 | e.voc.3 | e.voc.5 | e.rea.2 | e.rea.5 | e.gra.2 | e.gra.3 | e.rea.6,Quay lại các câu từng sai để kiến thức không phai theo thời gian. Ghép nhiều bước và tránh các bẫy quen thuộc.
PL-ANH-GRA-L3-007,Khởi động · Grammar & Structure · Cấp 3,Khoa học,Tiếng Anh,Grammar & Structure,2,3,Khởi động,12,19,70%,85%,63,PL-ANH-GRA-L3-006,3,6,3,e.gra.1 | e.gra.5 | e.voc.1 | e.voc.2 | e.voc.3 | e.voc.5 | e.rea.2 | e.rea.5 | e.rea.6 | e.voc.4 | e.voc.6 | e.rea.1,Nhắc lại công thức và nhận diện dạng bài trước khi vào phần nặng. Ghép nhiều bước và tránh các bẫy quen thuộc.
PL-ANH-GRA-L3-008,Thử thách · Grammar & Structure · Cấp 3,Khoa học,Tiếng Anh,Grammar & Structure,2,3,Thử thách,12,15,70%,85%,126,PL-ANH-GRA-L3-007,3,6,3,e.voc.2 | e.voc.3 | e.voc.5 | e.rea.5 | e.rea.6 | e.gra.1 | e.gra.5 | e.voc.1 | e.voc.6 | e.rea.2 | e.rea.1 | e.gra.6,Đẩy lên mức khó hơn cấp hiện tại để chuẩn bị lên cấp. Ghép nhiều bước và tránh các bẫy quen thuộc.
PL-ANH-GRA-L3-009,Vượt ải · Grammar & Structure · Cấp 3,Khoa học,Tiếng Anh,Grammar & Structure,2,3,Vượt ải,12,14,70%,90%,162,PL-ANH-GRA-L3-008,3,6,3,e.rea.2 | e.rea.5 | e.rea.6 | e.gra.5 | e.voc.1 | e.voc.6 | e.rea.1 | e.gra.6 | e.voc.4 | e.rea.4 | e.gra.2 | e.gra.3,Bài kiểm tra chốt cấp độ của tuyến chuyên đề. Ghép nhiều bước và tránh các bẫy quen thuộc.
PL-ANH-GRA-L4-001,Khởi động · Grammar & Structure · Cấp 4,Khoa học,Tiếng Anh,Grammar & Structure,2,4,Khởi động,12,16,70%,85%,84,PL-ANH-GRA-L3-009,3,6,3,e.gra.1 | e.gra.5 | e.voc.1 | e.gra.2 | e.gra.3 | e.gra.4 | e.voc.2 | e.voc.3 | e.voc.5 | e.voc.4 | e.voc.6 | e.rea.1,Nhắc lại công thức và nhận diện dạng bài trước khi vào phần nặng. Giữ độ chính xác khi thời gian bắt đầu siết lại.
PL-ANH-GRA-L4-002,Rèn kỹ năng · Grammar & Structure · Cấp 4,Khoa học,Tiếng Anh,Grammar & Structure,2,4,Rèn kỹ năng,12,13,70%,85%,120,PL-ANH-GRA-L4-001,3,6,3,e.voc.6 | e.rea.1 | e.gra.2 | e.rea.2 | e.rea.5 | e.rea.6 | e.gra.1 | e.gra.5 | e.gra.6 | e.voc.5 | e.voc.1 | e.voc.4,Làm chắc một kỹ năng lõi qua các biến thể liên tiếp của cùng một dạng. Giữ độ chính xác khi thời gian bắt đầu siết lại.
PL-ANH-GRA-L4-003,Tốc độ · Grammar & Structure · Cấp 4,Khoa học,Tiếng Anh,Grammar & Structure,2,4,Tốc độ,12,10,70%,85%,132,PL-ANH-GRA-L4-002,3,6,3,e.gra.3 | e.gra.4 | e.voc.2 | e.rea.2 | e.rea.5 | e.rea.6 | e.gra.6 | e.voc.4 | e.rea.3 | e.voc.3 | e.voc.5 | e.gra.1,Rút ngắn thời gian trên mỗi câu mà vẫn giữ được độ chính xác. Giữ độ chính xác khi thời gian bắt đầu siết lại.
PL-ANH-GRA-L4-004,Chính xác · Grammar & Structure · Cấp 4,Khoa học,Tiếng Anh,Grammar & Structure,2,4,Chính xác,12,15,70%,85%,132,PL-ANH-GRA-L4-003,3,6,3,e.voc.3 | e.voc.5 | e.rea.2 | e.voc.6 | e.rea.1 | e.rea.3 | e.rea.4 | e.gra.2 | e.gra.3 | e.rea.5 | e.rea.6 | e.gra.1,Loại bỏ lỗi ẩu và các bẫy quen thuộc trong chuyên đề. Giữ độ chính xác khi thời gian bắt đầu siết lại.
PL-ANH-GRA-L4-005,Tổng hợp · Grammar & Structure · Cấp 4,Khoa học,Tiếng Anh,Grammar & Structure,2,4,Tổng hợp,12,13,70%,85%,138,PL-ANH-GRA-L4-004,3,6,3,e.rea.5 | e.rea.6 | e.gra.6 | e.rea.4 | e.gra.2 | e.gra.3 | e.gra.4 | e.voc.2 | e.voc.3 | e.voc.6 | e.rea.1 | e.voc.4,Trộn nhiều dạng trong cùng chuyên đề để rèn phản xạ nhận diện. Giữ độ chính xác khi thời gian bắt đầu siết lại.
PL-ANH-GRA-L4-006,Ôn lại · Grammar & Structure · Cấp 4,Khoa học,Tiếng Anh,Grammar & Structure,2,4,Ôn lại,12,14,70%,85%,108,PL-ANH-GRA-L4-005,3,6,3,e.voc.4 | e.rea.3 | e.rea.4 | e.gra.4 | e.voc.2 | e.voc.3 | e.voc.5 | e.rea.2 | e.rea.5 | e.gra.2 | e.gra.3 | e.rea.6,Quay lại các câu từng sai để kiến thức không phai theo thời gian. Giữ độ chính xác khi thời gian bắt đầu siết lại.
PL-ANH-GRA-L4-007,Khởi động · Grammar & Structure · Cấp 4,Khoa học,Tiếng Anh,Grammar & Structure,2,4,Khởi động,12,16,70%,85%,84,PL-ANH-GRA-L4-006,3,6,3,e.gra.1 | e.gra.5 | e.voc.1 | e.voc.2 | e.voc.3 | e.voc.5 | e.rea.2 | e.rea.5 | e.rea.6 | e.voc.4 | e.voc.6 | e.rea.1,Nhắc lại công thức và nhận diện dạng bài trước khi vào phần nặng. Giữ độ chính xác khi thời gian bắt đầu siết lại.
PL-ANH-GRA-L4-008,Thử thách · Grammar & Structure · Cấp 4,Khoa học,Tiếng Anh,Grammar & Structure,2,4,Thử thách,12,13,70%,85%,168,PL-ANH-GRA-L4-007,3,6,3,e.voc.2 | e.voc.3 | e.voc.5 | e.rea.5 | e.rea.6 | e.gra.1 | e.gra.5 | e.voc.1 | e.voc.6 | e.rea.2 | e.rea.1 | e.gra.6,Đẩy lên mức khó hơn cấp hiện tại để chuẩn bị lên cấp. Giữ độ chính xác khi thời gian bắt đầu siết lại.
PL-ANH-GRA-L4-009,Vượt ải · Grammar & Structure · Cấp 4,Khoa học,Tiếng Anh,Grammar & Structure,2,4,Vượt ải,12,12,70%,90%,216,PL-ANH-GRA-L4-008,3,6,3,e.rea.2 | e.rea.5 | e.rea.6 | e.gra.5 | e.voc.1 | e.voc.6 | e.rea.1 | e.gra.6 | e.voc.4 | e.rea.4 | e.gra.2 | e.gra.3,Bài kiểm tra chốt cấp độ của tuyến chuyên đề. Giữ độ chính xác khi thời gian bắt đầu siết lại.
PL-ANH-GRA-L5-001,Khởi động · Grammar & Structure · Cấp 5,Khoa học,Tiếng Anh,Grammar & Structure,3,5,Khởi động,14,20,70%,85%,112,PL-ANH-GRA-L4-009,4,7,3,e.gra.1 | e.gra.5 | e.voc.1 | e.voc.6 | e.gra.4 | e.voc.2 | e.voc.3 | e.voc.5 | e.rea.2 | e.rea.5 | e.rea.6 | e.gra.2 | e.gra.3 | e.rea.1,Nhắc lại công thức và nhận diện dạng bài trước khi vào phần nặng. Xử lý câu phân loại mà không mất nhịp.
PL-ANH-GRA-L5-002,Rèn kỹ năng · Grammar & Structure · Cấp 5,Khoa học,Tiếng Anh,Grammar & Structure,3,5,Rèn kỹ năng,14,16,70%,85%,160,PL-ANH-GRA-L5-001,4,7,3,e.voc.2 | e.voc.3 | e.voc.5 | e.rea.2 | e.gra.3 | e.gra.4 | e.rea.5 | e.rea.6 | e.gra.1 | e.gra.5 | e.voc.1 | e.gra.6 | e.voc.4 | e.rea.3,Làm chắc một kỹ năng lõi qua các biến thể liên tiếp của cùng một dạng. Xử lý câu phân loại mà không mất nhịp.
PL-ANH-GRA-L5-003,Tốc độ · Grammar & Structure · Cấp 5,Khoa học,Tiếng Anh,Grammar & Structure,3,5,Tốc độ,14,12,70%,85%,176,PL-ANH-GRA-L5-002,4,7,3,e.gra.3 | e.gra.4 | e.voc.2 | e.voc.3 | e.voc.1 | e.voc.4 | e.voc.6 | e.rea.1 | e.rea.3 | e.rea.4 | e.gra.2 | e.rea.5 | e.rea.6 | e.gra.1,Rút ngắn thời gian trên mỗi câu mà vẫn giữ được độ chính xác. Xử lý câu phân loại mà không mất nhịp.
PL-ANH-GRA-L5-004,Chính xác · Grammar & Structure · Cấp 5,Khoa học,Tiếng Anh,Grammar & Structure,3,5,Chính xác,14,19,70%,85%,176,PL-ANH-GRA-L5-003,4,7,3,e.gra.1 | e.gra.5 | e.gra.6 | e.voc.1 | e.rea.6 | e.voc.6 | e.rea.1 | e.voc.4 | e.rea.3 | e.rea.4 | e.gra.2 | e.rea.5 | e.gra.3 | e.gra.4,Loại bỏ lỗi ẩu và các bẫy quen thuộc trong chuyên đề. Xử lý câu phân loại mà không mất nhịp.
PL-ANH-GRA-L5-005,Tổng hợp · Grammar & Structure · Cấp 5,Khoa học,Tiếng Anh,Grammar & Structure,3,5,Tổng hợp,14,16,70%,85%,184,PL-ANH-GRA-L5-004,4,7,3,e.voc.1 | e.voc.4 | e.voc.6 | e.rea.1 | e.gra.6 | e.rea.3 | e.rea.4 | e.gra.2 | e.gra.3 | e.gra.4 | e.voc.2 | e.rea.2 | e.rea.5 | e.rea.6,Trộn nhiều dạng trong cùng chuyên đề để rèn phản xạ nhận diện. Xử lý câu phân loại mà không mất nhịp.
PL-ANH-GRA-L5-006,Thử thách · Grammar & Structure · Cấp 5,Khoa học,Tiếng Anh,Grammar & Structure,3,5,Thử thách,14,16,70%,85%,224,PL-ANH-GRA-L5-005,4,7,3,e.voc.1 | e.voc.6 | e.rea.1 | e.gra.6 | e.gra.2 | e.gra.3 | e.gra.4 | e.voc.2 | e.voc.3 | e.voc.5 | e.rea.2 | e.gra.1 | e.gra.5 | e.voc.4,Đẩy lên mức khó hơn cấp hiện tại để chuẩn bị lên cấp. Xử lý câu phân loại mà không mất nhịp.
PL-ANH-GRA-L5-007,Vượt ải · Grammar & Structure · Cấp 5,Khoa học,Tiếng Anh,Grammar & Structure,3,5,Vượt ải,14,16,70%,90%,288,PL-ANH-GRA-L5-006,4,7,3,e.gra.6 | e.voc.4 | e.rea.3 | e.rea.4 | e.rea.2 | e.rea.5 | e.rea.6 | e.gra.1 | e.gra.5 | e.voc.1 | e.voc.6 | e.gra.3 | e.gra.4 | e.voc.2,Bài kiểm tra chốt cấp độ của tuyến chuyên đề. Xử lý câu phân loại mà không mất nhịp.
PL-ANH-GRA-L6-001,Khởi động · Grammar & Structure · Cấp 6,Khoa học,Tiếng Anh,Grammar & Structure,3,6,Khởi động,15,19,70%,85%,154,PL-ANH-GRA-L5-007,4,7,4,e.gra.2 | e.gra.3 | e.gra.4 | e.voc.2 | e.rea.3 | e.rea.4 | e.voc.3 | e.voc.5 | e.rea.2 | e.rea.5 | e.rea.6 | e.voc.1 | e.voc.6 | e.rea.1 | e.gra.6,Nhắc lại công thức và nhận diện dạng bài trước khi vào phần nặng. Tốc độ và độ chính xác của nhóm dẫn đầu phổ điểm.
PL-ANH-GRA-L6-002,Rèn kỹ năng · Grammar & Structure · Cấp 6,Khoa học,Tiếng Anh,Grammar & Structure,3,6,Rèn kỹ năng,15,15,70%,85%,220,PL-ANH-GRA-L6-001,4,7,4,e.rea.4 | e.gra.2 | e.gra.3 | e.gra.4 | e.voc.5 | e.rea.2 | e.rea.5 | e.rea.6 | e.gra.1 | e.gra.5 | e.voc.1 | e.gra.6 | e.voc.4 | e.rea.3 | e.voc.2,Làm chắc một kỹ năng lõi qua các biến thể liên tiếp của cùng một dạng. Tốc độ và độ chính xác của nhóm dẫn đầu phổ điểm.
PL-ANH-GRA-L6-003,Tốc độ · Grammar & Structure · Cấp 6,Khoa học,Tiếng Anh,Grammar & Structure,3,6,Tốc độ,15,11,70%,85%,242,PL-ANH-GRA-L6-002,4,7,4,e.rea.2 | e.rea.5 | e.rea.6 | e.gra.1 | e.voc.3 | e.voc.5 | e.gra.5 | e.voc.1 | e.voc.6 | e.rea.1 | e.gra.6 | e.gra.2 | e.gra.3 | e.gra.4 | e.voc.2,Rút ngắn thời gian trên mỗi câu mà vẫn giữ được độ chính xác. Tốc độ và độ chính xác của nhóm dẫn đầu phổ điểm.
PL-ANH-GRA-L6-004,Thử thách · Grammar & Structure · Cấp 6,Khoa học,Tiếng Anh,Grammar & Structure,3,6,Thử thách,15,15,70%,85%,308,PL-ANH-GRA-L6-003,4,7,4,e.voc.5 | e.rea.2 | e.rea.5 | e.rea.6 | e.voc.1 | e.voc.6 | e.rea.1 | e.gra.6 | e.voc.4 | e.rea.3 | e.rea.4 | e.gra.5 | e.gra.2 | e.gra.3 | e.gra.4,Đẩy lên mức khó hơn cấp hiện tại để chuẩn bị lên cấp. Tốc độ và độ chính xác của nhóm dẫn đầu phổ điểm.
PL-ANH-GRA-L6-005,Vượt ải · Grammar & Structure · Cấp 6,Khoa học,Tiếng Anh,Grammar & Structure,3,6,Vượt ải,15,14,70%,90%,396,PL-ANH-GRA-L6-004,4,7,4,e.rea.6 | e.gra.1 | e.gra.5 | e.voc.1 | e.gra.6 | e.voc.4 | e.rea.3 | e.rea.4 | e.gra.2 | e.gra.3 | e.gra.4 | e.voc.5 | e.rea.2 | e.rea.5 | e.voc.6,Bài kiểm tra chốt cấp độ của tuyến chuyên đề. Tốc độ và độ chính xác của nhóm dẫn đầu phổ điểm.
PL-ANH-VOC-L1-001,Khởi động · Vocabulary & Collocation · Cấp 1,Khoa học,Tiếng Anh,Vocabulary & Collocation,1,1,Khởi động,8,10,70%,85%,28,,2,4,2,e.voc.1 | e.voc.6 | e.rea.1 | e.voc.2 | e.voc.3 | e.voc.5 | e.gra.4 | e.rea.2,Nhắc lại công thức và nhận diện dạng bài trước khi vào phần nặng. Nhận diện dạng bài và nhớ lại công thức nền.
PL-ANH-VOC-L1-002,Rèn kỹ năng · Vocabulary & Collocation · Cấp 1,Khoa học,Tiếng Anh,Vocabulary & Collocation,1,1,Rèn kỹ năng,8,8,70%,85%,40,PL-ANH-VOC-L1-001,2,4,2,e.gra.5 | e.rea.1 | e.voc.5 | e.gra.2 | e.gra.3 | e.gra.4 | e.voc.6 | e.gra.1,Làm chắc một kỹ năng lõi qua các biến thể liên tiếp của cùng một dạng. Nhận diện dạng bài và nhớ lại công thức nền.
PL-ANH-VOC-L1-003,Tốc độ · Vocabulary & Collocation · Cấp 1,Khoa học,Tiếng Anh,Vocabulary & Collocation,1,1,Tốc độ,8,6,70%,85%,44,PL-ANH-VOC-L1-002,2,4,2,e.voc.3 | e.voc.5 | e.gra.4 | e.rea.2 | e.rea.5 | e.rea.6 | e.rea.3 | e.rea.4,Rút ngắn thời gian trên mỗi câu mà vẫn giữ được độ chính xác. Nhận diện dạng bài và nhớ lại công thức nền.
PL-ANH-VOC-L1-004,Chính xác · Vocabulary & Collocation · Cấp 1,Khoa học,Tiếng Anh,Vocabulary & Collocation,1,1,Chính xác,8,9,70%,85%,44,PL-ANH-VOC-L1-003,2,4,2,e.gra.3 | e.gra.4 | e.rea.6 | e.voc.4 | e.gra.6 | e.rea.3 | e.voc.3 | e.voc.5,Loại bỏ lỗi ẩu và các bẫy quen thuộc trong chuyên đề. Nhận diện dạng bài và nhớ lại công thức nền.
PL-ANH-VOC-L1-005,Thử thách · Vocabulary & Collocation · Cấp 1,Khoa học,Tiếng Anh,Vocabulary & Collocation,1,1,Thử thách,8,8,70%,85%,56,PL-ANH-VOC-L1-004,2,4,2,e.rea.5 | e.rea.6 | e.rea.3 | e.rea.4 | e.voc.2 | e.voc.3 | e.gra.3 | e.gra.4,Đẩy lên mức khó hơn cấp hiện tại để chuẩn bị lên cấp. Nhận diện dạng bài và nhớ lại công thức nền.
PL-ANH-VOC-L1-006,Vượt ải · Vocabulary & Collocation · Cấp 1,Khoa học,Tiếng Anh,Vocabulary & Collocation,1,1,Vượt ải,8,8,70%,90%,72,PL-ANH-VOC-L1-005,2,4,2,e.gra.6 | e.rea.3 | e.voc.3 | e.voc.5 | e.gra.2 | e.gra.3 | e.voc.1 | e.voc.6,Bài kiểm tra chốt cấp độ của tuyến chuyên đề. Nhận diện dạng bài và nhớ lại công thức nền.
PL-ANH-VOC-L2-001,Khởi động · Vocabulary & Collocation · Cấp 2,Khoa học,Tiếng Anh,Vocabulary & Collocation,1,2,Khởi động,10,15,70%,85%,42,PL-ANH-VOC-L1-006,3,5,2,e.voc.1 | e.voc.6 | e.gra.1 | e.voc.2 | e.voc.3 | e.voc.5 | e.gra.2 | e.gra.3 | e.rea.5 | e.rea.6,Nhắc lại công thức và nhận diện dạng bài trước khi vào phần nặng. Làm đúng dạng chuẩn mà không cần nhìn gợi ý.
PL-ANH-VOC-L2-002,Rèn kỹ năng · Vocabulary & Collocation · Cấp 2,Khoa học,Tiếng Anh,Vocabulary & Collocation,1,2,Rèn kỹ năng,10,12,70%,85%,60,PL-ANH-VOC-L2-001,3,5,2,e.gra.5 | e.rea.1 | e.voc.2 | e.gra.2 | e.gra.3 | e.gra.4 | e.rea.2 | e.rea.5 | e.gra.6 | e.rea.3,Làm chắc một kỹ năng lõi qua các biến thể liên tiếp của cùng một dạng. Làm đúng dạng chuẩn mà không cần nhìn gợi ý.
PL-ANH-VOC-L2-003,Tốc độ · Vocabulary & Collocation · Cấp 2,Khoa học,Tiếng Anh,Vocabulary & Collocation,1,2,Tốc độ,10,9,70%,85%,66,PL-ANH-VOC-L2-002,3,5,2,e.voc.3 | e.voc.5 | e.gra.2 | e.rea.2 | e.rea.5 | e.rea.6 | e.voc.4 | e.gra.6 | e.voc.1 | e.voc.6,Rút ngắn thời gian trên mỗi câu mà vẫn giữ được độ chính xác. Làm đúng dạng chuẩn mà không cần nhìn gợi ý.
PL-ANH-VOC-L2-004,Chính xác · Vocabulary & Collocation · Cấp 2,Khoa học,Tiếng Anh,Vocabulary & Collocation,1,2,Chính xác,10,13,70%,85%,66,PL-ANH-VOC-L2-003,3,5,2,e.gra.3 | e.gra.4 | e.rea.2 | e.voc.4 | e.gra.6 | e.rea.3 | e.rea.4 | e.voc.1 | e.gra.2 | e.rea.5,Loại bỏ lỗi ẩu và các bẫy quen thuộc trong chuyên đề. Làm đúng dạng chuẩn mà không cần nhìn gợi ý.
PL-ANH-VOC-L2-005,Tổng hợp · Vocabulary & Collocation · Cấp 2,Khoa học,Tiếng Anh,Vocabulary & Collocation,1,2,Tổng hợp,10,12,70%,85%,69,PL-ANH-VOC-L2-004,3,5,2,e.rea.5 | e.rea.6 | e.voc.4 | e.rea.4 | e.voc.1 | e.voc.6 | e.gra.1 | e.gra.5 | e.rea.2 | e.gra.6,Trộn nhiều dạng trong cùng chuyên đề để rèn phản xạ nhận diện. Làm đúng dạng chuẩn mà không cần nhìn gợi ý.
PL-ANH-VOC-L2-006,Thử thách · Vocabulary & Collocation · Cấp 2,Khoa học,Tiếng Anh,Vocabulary & Collocation,1,2,Thử thách,10,12,70%,85%,84,PL-ANH-VOC-L2-005,3,5,2,e.gra.6 | e.rea.3 | e.rea.4 | e.voc.5 | e.gra.2 | e.gra.3 | e.gra.4 | e.rea.2 | e.rea.1 | e.voc.4,Đẩy lên mức khó hơn cấp hiện tại để chuẩn bị lên cấp. Làm đúng dạng chuẩn mà không cần nhìn gợi ý.
PL-ANH-VOC-L2-007,Vượt ải · Vocabulary & Collocation · Cấp 2,Khoa học,Tiếng Anh,Vocabulary & Collocation,1,2,Vượt ải,10,11,70%,90%,108,PL-ANH-VOC-L2-006,3,5,2,e.voc.1 | e.voc.6 | e.gra.1 | e.gra.4 | e.rea.2 | e.rea.5 | e.rea.6 | e.voc.4 | e.rea.4 | e.voc.2,Bài kiểm tra chốt cấp độ của tuyến chuyên đề. Làm đúng dạng chuẩn mà không cần nhìn gợi ý.
PL-ANH-VOC-L3-001,Khởi động · Vocabulary & Collocation · Cấp 3,Khoa học,Tiếng Anh,Vocabulary & Collocation,2,3,Khởi động,12,19,70%,85%,63,PL-ANH-VOC-L2-007,3,6,3,e.voc.1 | e.voc.6 | e.gra.1 | e.voc.2 | e.voc.3 | e.voc.5 | e.gra.2 | e.gra.3 | e.gra.4 | e.gra.5 | e.gra.6 | e.rea.1,Nhắc lại công thức và nhận diện dạng bài trước khi vào phần nặng. Ghép nhiều bước và tránh các bẫy quen thuộc.
PL-ANH-VOC-L3-002,Rèn kỹ năng · Vocabulary & Collocation · Cấp 3,Khoa học,Tiếng Anh,Vocabulary & Collocation,2,3,Rèn kỹ năng,12,15,70%,85%,90,PL-ANH-VOC-L3-001,3,6,3,e.gra.5 | e.rea.1 | e.voc.2 | e.rea.2 | e.rea.5 | e.rea.6 | e.voc.1 | e.voc.4 | e.voc.6 | e.gra.4 | e.gra.1 | e.gra.6,Làm chắc một kỹ năng lõi qua các biến thể liên tiếp của cùng một dạng. Ghép nhiều bước và tránh các bẫy quen thuộc.
PL-ANH-VOC-L3-003,Tốc độ · Vocabulary & Collocation · Cấp 3,Khoa học,Tiếng Anh,Vocabulary & Collocation,2,3,Tốc độ,12,11,70%,85%,99,PL-ANH-VOC-L3-002,3,6,3,e.voc.3 | e.voc.5 | e.gra.2 | e.rea.2 | e.rea.5 | e.rea.6 | e.voc.4 | e.gra.6 | e.rea.3 | e.gra.3 | e.gra.4 | e.voc.1,Rút ngắn thời gian trên mỗi câu mà vẫn giữ được độ chính xác. Ghép nhiều bước và tránh các bẫy quen thuộc.
PL-ANH-VOC-L3-004,Chính xác · Vocabulary & Collocation · Cấp 3,Khoa học,Tiếng Anh,Vocabulary & Collocation,2,3,Chính xác,12,17,70%,85%,99,PL-ANH-VOC-L3-003,3,6,3,e.gra.3 | e.gra.4 | e.rea.2 | e.gra.6 | e.rea.1 | e.rea.3 | e.rea.4 | e.voc.2 | e.voc.3 | e.rea.6 | e.voc.1 | e.voc.6,Loại bỏ lỗi ẩu và các bẫy quen thuộc trong chuyên đề. Ghép nhiều bước và tránh các bẫy quen thuộc.
PL-ANH-VOC-L3-005,Tổng hợp · Vocabulary & Collocation · Cấp 3,Khoa học,Tiếng Anh,Vocabulary & Collocation,2,3,Tổng hợp,12,15,70%,85%,103,PL-ANH-VOC-L3-004,3,6,3,e.rea.5 | e.rea.6 | e.voc.4 | e.rea.4 | e.voc.2 | e.voc.3 | e.voc.5 | e.gra.2 | e.gra.3 | e.gra.5 | e.rea.1 | e.gra.6,Trộn nhiều dạng trong cùng chuyên đề để rèn phản xạ nhận diện. Ghép nhiều bước và tránh các bẫy quen thuộc.
PL-ANH-VOC-L3-006,Ôn lại · Vocabulary & Collocation · Cấp 3,Khoa học,Tiếng Anh,Vocabulary & Collocation,2,3,Ôn lại,12,17,70%,85%,81,PL-ANH-VOC-L3-005,3,6,3,e.gra.6 | e.rea.3 | e.rea.4 | e.voc.5 | e.gra.2 | e.gra.3 | e.gra.4 | e.rea.2 | e.rea.5 | e.voc.2 | e.voc.3 | e.rea.6,Quay lại các câu từng sai để kiến thức không phai theo thời gian. Ghép nhiều bước và tránh các bẫy quen thuộc.
PL-ANH-VOC-L3-007,Thử thách · Vocabulary & Collocation · Cấp 3,Khoa học,Tiếng Anh,Vocabulary & Collocation,2,3,Thử thách,12,15,70%,85%,126,PL-ANH-VOC-L3-006,3,6,3,e.voc.2 | e.voc.3 | e.voc.5 | e.gra.3 | e.gra.4 | e.rea.2 | e.rea.5 | e.rea.6 | e.voc.1 | e.gra.2 | e.voc.6 | e.gra.1,Đẩy lên mức khó hơn cấp hiện tại để chuẩn bị lên cấp. Ghép nhiều bước và tránh các bẫy quen thuộc.
PL-ANH-VOC-L3-008,Vượt ải · Vocabulary & Collocation · Cấp 3,Khoa học,Tiếng Anh,Vocabulary & Collocation,2,3,Vượt ải,12,14,70%,90%,162,PL-ANH-VOC-L3-007,3,6,3,e.gra.2 | e.gra.3 | e.gra.4 | e.rea.5 | e.rea.6 | e.voc.1 | e.voc.6 | e.gra.1 | e.gra.5 | e.rea.2 | e.rea.1 | e.voc.4,Bài kiểm tra chốt cấp độ của tuyến chuyên đề. Ghép nhiều bước và tránh các bẫy quen thuộc.
PL-ANH-VOC-L4-001,Khởi động · Vocabulary & Collocation · Cấp 4,Khoa học,Tiếng Anh,Vocabulary & Collocation,2,4,Khởi động,12,16,70%,85%,84,PL-ANH-VOC-L3-008,3,6,3,e.voc.1 | e.voc.6 | e.gra.1 | e.voc.2 | e.voc.3 | e.voc.5 | e.gra.2 | e.gra.3 | e.gra.4 | e.gra.5 | e.gra.6 | e.rea.1,Nhắc lại công thức và nhận diện dạng bài trước khi vào phần nặng. Giữ độ chính xác khi thời gian bắt đầu siết lại.
PL-ANH-VOC-L4-002,Rèn kỹ năng · Vocabulary & Collocation · Cấp 4,Khoa học,Tiếng Anh,Vocabulary & Collocation,2,4,Rèn kỹ năng,12,13,70%,85%,120,PL-ANH-VOC-L4-001,3,6,3,e.gra.5 | e.rea.1 | e.voc.2 | e.rea.2 | e.rea.5 | e.rea.6 | e.voc.1 | e.voc.4 | e.voc.6 | e.gra.4 | e.gra.1 | e.gra.6,Làm chắc một kỹ năng lõi qua các biến thể liên tiếp của cùng một dạng. Giữ độ chính xác khi thời gian bắt đầu siết lại.
PL-ANH-VOC-L4-003,Tốc độ · Vocabulary & Collocation · Cấp 4,Khoa học,Tiếng Anh,Vocabulary & Collocation,2,4,Tốc độ,12,10,70%,85%,132,PL-ANH-VOC-L4-002,3,6,3,e.voc.3 | e.voc.5 | e.gra.2 | e.rea.2 | e.rea.5 | e.rea.6 | e.voc.4 | e.gra.6 | e.rea.3 | e.gra.3 | e.gra.4 | e.voc.1,Rút ngắn thời gian trên mỗi câu mà vẫn giữ được độ chính xác. Giữ độ chính xác khi thời gian bắt đầu siết lại.
PL-ANH-VOC-L4-004,Chính xác · Vocabulary & Collocation · Cấp 4,Khoa học,Tiếng Anh,Vocabulary & Collocation,2,4,Chính xác,12,15,70%,85%,132,PL-ANH-VOC-L4-003,3,6,3,e.gra.3 | e.gra.4 | e.rea.2 | e.gra.6 | e.rea.1 | e.rea.3 | e.rea.4 | e.voc.2 | e.voc.3 | e.rea.6 | e.voc.1 | e.voc.6,Loại bỏ lỗi ẩu và các bẫy quen thuộc trong chuyên đề. Giữ độ chính xác khi thời gian bắt đầu siết lại.
PL-ANH-VOC-L4-005,Tổng hợp · Vocabulary & Collocation · Cấp 4,Khoa học,Tiếng Anh,Vocabulary & Collocation,2,4,Tổng hợp,12,13,70%,85%,138,PL-ANH-VOC-L4-004,3,6,3,e.rea.5 | e.rea.6 | e.voc.4 | e.rea.4 | e.voc.2 | e.voc.3 | e.voc.5 | e.gra.2 | e.gra.3 | e.gra.5 | e.rea.1 | e.gra.6,Trộn nhiều dạng trong cùng chuyên đề để rèn phản xạ nhận diện. Giữ độ chính xác khi thời gian bắt đầu siết lại.
PL-ANH-VOC-L4-006,Ôn lại · Vocabulary & Collocation · Cấp 4,Khoa học,Tiếng Anh,Vocabulary & Collocation,2,4,Ôn lại,12,14,70%,85%,108,PL-ANH-VOC-L4-005,3,6,3,e.gra.6 | e.rea.3 | e.rea.4 | e.voc.5 | e.gra.2 | e.gra.3 | e.gra.4 | e.rea.2 | e.rea.5 | e.voc.2 | e.voc.3 | e.rea.6,Quay lại các câu từng sai để kiến thức không phai theo thời gian. Giữ độ chính xác khi thời gian bắt đầu siết lại.
PL-ANH-VOC-L4-007,Thử thách · Vocabulary & Collocation · Cấp 4,Khoa học,Tiếng Anh,Vocabulary & Collocation,2,4,Thử thách,12,13,70%,85%,168,PL-ANH-VOC-L4-006,3,6,3,e.voc.2 | e.voc.3 | e.voc.5 | e.gra.3 | e.gra.4 | e.rea.2 | e.rea.5 | e.rea.6 | e.voc.1 | e.gra.2 | e.voc.6 | e.gra.1,Đẩy lên mức khó hơn cấp hiện tại để chuẩn bị lên cấp. Giữ độ chính xác khi thời gian bắt đầu siết lại.
PL-ANH-VOC-L4-008,Vượt ải · Vocabulary & Collocation · Cấp 4,Khoa học,Tiếng Anh,Vocabulary & Collocation,2,4,Vượt ải,12,12,70%,90%,216,PL-ANH-VOC-L4-007,3,6,3,e.gra.2 | e.gra.3 | e.gra.4 | e.rea.5 | e.rea.6 | e.voc.1 | e.voc.6 | e.gra.1 | e.gra.5 | e.rea.2 | e.rea.1 | e.voc.4,Bài kiểm tra chốt cấp độ của tuyến chuyên đề. Giữ độ chính xác khi thời gian bắt đầu siết lại.
PL-ANH-VOC-L5-001,Khởi động · Vocabulary & Collocation · Cấp 5,Khoa học,Tiếng Anh,Vocabulary & Collocation,3,5,Khởi động,14,20,70%,85%,112,PL-ANH-VOC-L4-008,4,7,3,e.voc.1 | e.voc.6 | e.gra.1 | e.gra.5 | e.voc.5 | e.gra.2 | e.gra.3 | e.gra.4 | e.rea.2 | e.rea.5 | e.rea.6 | e.voc.2 | e.voc.3 | e.rea.1,Nhắc lại công thức và nhận diện dạng bài trước khi vào phần nặng. Xử lý câu phân loại mà không mất nhịp.
PL-ANH-VOC-L5-002,Rèn kỹ năng · Vocabulary & Collocation · Cấp 5,Khoa học,Tiếng Anh,Vocabulary & Collocation,3,5,Rèn kỹ năng,14,16,70%,85%,160,PL-ANH-VOC-L5-001,4,7,3,e.gra.2 | e.gra.3 | e.gra.4 | e.rea.2 | e.voc.3 | e.voc.5 | e.rea.5 | e.rea.6 | e.voc.1 | e.voc.6 | e.gra.1 | e.voc.4 | e.gra.6 | e.rea.3,Làm chắc một kỹ năng lõi qua các biến thể liên tiếp của cùng một dạng. Xử lý câu phân loại mà không mất nhịp.
PL-ANH-VOC-L5-003,Tốc độ · Vocabulary & Collocation · Cấp 5,Khoa học,Tiếng Anh,Vocabulary & Collocation,3,5,Tốc độ,14,12,70%,85%,176,PL-ANH-VOC-L5-002,4,7,3,e.voc.3 | e.voc.5 | e.gra.2 | e.gra.3 | e.gra.1 | e.gra.5 | e.gra.6 | e.rea.1 | e.rea.3 | e.rea.4 | e.voc.2 | e.rea.5 | e.rea.6 | e.voc.1,Rút ngắn thời gian trên mỗi câu mà vẫn giữ được độ chính xác. Xử lý câu phân loại mà không mất nhịp.
PL-ANH-VOC-L5-004,Chính xác · Vocabulary & Collocation · Cấp 5,Khoa học,Tiếng Anh,Vocabulary & Collocation,3,5,Chính xác,14,19,70%,85%,176,PL-ANH-VOC-L5-003,4,7,3,e.voc.1 | e.voc.4 | e.voc.6 | e.gra.1 | e.rea.6 | e.gra.5 | e.rea.1 | e.gra.6 | e.rea.3 | e.rea.4 | e.voc.2 | e.rea.5 | e.voc.3 | e.voc.5,Loại bỏ lỗi ẩu và các bẫy quen thuộc trong chuyên đề. Xử lý câu phân loại mà không mất nhịp.
PL-ANH-VOC-L5-005,Thử thách · Vocabulary & Collocation · Cấp 5,Khoa học,Tiếng Anh,Vocabulary & Collocation,3,5,Thử thách,14,16,70%,85%,224,PL-ANH-VOC-L5-004,4,7,3,e.rea.6 | e.voc.1 | e.voc.6 | e.gra.1 | e.voc.4 | e.gra.6 | e.rea.3 | e.rea.4 | e.voc.2 | e.voc.3 | e.voc.5 | e.gra.4 | e.rea.2 | e.rea.5,Đẩy lên mức khó hơn cấp hiện tại để chuẩn bị lên cấp. Xử lý câu phân loại mà không mất nhịp.
PL-ANH-VOC-L5-006,Vượt ải · Vocabulary & Collocation · Cấp 5,Khoa học,Tiếng Anh,Vocabulary & Collocation,3,5,Vượt ải,14,16,70%,90%,288,PL-ANH-VOC-L5-005,4,7,3,e.gra.1 | e.gra.5 | e.rea.1 | e.voc.4 | e.voc.2 | e.voc.3 | e.voc.5 | e.gra.2 | e.gra.3 | e.gra.4 | e.rea.2 | e.voc.1 | e.voc.6 | e.gra.6,Bài kiểm tra chốt cấp độ của tuyến chuyên đề. Xử lý câu phân loại mà không mất nhịp.
PL-ANH-VOC-L6-001,Khởi động · Vocabulary & Collocation · Cấp 6,Khoa học,Tiếng Anh,Vocabulary & Collocation,3,6,Khởi động,15,19,70%,85%,154,PL-ANH-VOC-L5-006,4,7,4,e.voc.2 | e.voc.3 | e.voc.5 | e.gra.2 | e.rea.3 | e.rea.4 | e.gra.3 | e.gra.4 | e.rea.2 | e.rea.5 | e.rea.6 | e.gra.1 | e.gra.5 | e.rea.1 | e.voc.4,Nhắc lại công thức và nhận diện dạng bài trước khi vào phần nặng. Tốc độ và độ chính xác của nhóm dẫn đầu phổ điểm.
PL-ANH-VOC-L6-002,Rèn kỹ năng · Vocabulary & Collocation · Cấp 6,Khoa học,Tiếng Anh,Vocabulary & Collocation,3,6,Rèn kỹ năng,15,15,70%,85%,220,PL-ANH-VOC-L6-001,4,7,4,e.rea.4 | e.voc.2 | e.voc.3 | e.voc.5 | e.gra.4 | e.rea.2 | e.rea.5 | e.rea.6 | e.voc.1 | e.voc.6 | e.gra.1 | e.voc.4 | e.gra.6 | e.rea.3 | e.gra.2,Làm chắc một kỹ năng lõi qua các biến thể liên tiếp của cùng một dạng. Tốc độ và độ chính xác của nhóm dẫn đầu phổ điểm.
PL-ANH-VOC-L6-003,Tốc độ · Vocabulary & Collocation · Cấp 6,Khoa học,Tiếng Anh,Vocabulary & Collocation,3,6,Tốc độ,15,11,70%,85%,242,PL-ANH-VOC-L6-002,4,7,4,e.rea.2 | e.rea.5 | e.rea.6 | e.voc.1 | e.gra.3 | e.gra.4 | e.voc.6 | e.gra.1 | e.gra.5 | e.rea.1 | e.voc.4 | e.voc.2 | e.voc.3 | e.voc.5 | e.gra.2,Rút ngắn thời gian trên mỗi câu mà vẫn giữ được độ chính xác. Tốc độ và độ chính xác của nhóm dẫn đầu phổ điểm.
PL-ANH-VOC-L6-004,Thử thách · Vocabulary & Collocation · Cấp 6,Khoa học,Tiếng Anh,Vocabulary & Collocation,3,6,Thử thách,15,15,70%,85%,308,PL-ANH-VOC-L6-003,4,7,4,e.gra.4 | e.rea.2 | e.rea.5 | e.rea.6 | e.gra.1 | e.gra.5 | e.rea.1 | e.voc.4 | e.gra.6 | e.rea.3 | e.rea.4 | e.voc.6 | e.voc.2 | e.voc.3 | e.voc.5,Đẩy lên mức khó hơn cấp hiện tại để chuẩn bị lên cấp. Tốc độ và độ chính xác của nhóm dẫn đầu phổ điểm.
PL-ANH-VOC-L6-005,Vượt ải · Vocabulary & Collocation · Cấp 6,Khoa học,Tiếng Anh,Vocabulary & Collocation,3,6,Vượt ải,15,14,70%,90%,396,PL-ANH-VOC-L6-004,4,7,4,e.rea.6 | e.voc.1 | e.voc.6 | e.gra.1 | e.voc.4 | e.gra.6 | e.rea.3 | e.rea.4 | e.voc.2 | e.voc.3 | e.voc.5 | e.gra.4 | e.rea.2 | e.rea.5 | e.gra.5,Bài kiểm tra chốt cấp độ của tuyến chuyên đề. Tốc độ và độ chính xác của nhóm dẫn đầu phổ điểm.
PL-ANH-REA-L1-001,Khởi động · Reading Comprehension · Cấp 1,Khoa học,Tiếng Anh,Reading Comprehension,1,1,Khởi động,8,10,70%,85%,28,,2,4,2,e.rea.1 | e.gra.1 | e.voc.6 | e.rea.2 | e.rea.5 | e.rea.6 | e.gra.4 | e.voc.2,Nhắc lại công thức và nhận diện dạng bài trước khi vào phần nặng. Nhận diện dạng bài và nhớ lại công thức nền.
PL-ANH-REA-L1-002,Rèn kỹ năng · Reading Comprehension · Cấp 1,Khoa học,Tiếng Anh,Reading Comprehension,1,1,Rèn kỹ năng,8,8,70%,85%,40,PL-ANH-REA-L1-001,2,4,2,e.voc.1 | e.voc.6 | e.rea.6 | e.gra.2 | e.gra.3 | e.gra.4 | e.rea.4 | e.gra.1,Làm chắc một kỹ năng lõi qua các biến thể liên tiếp của cùng một dạng. Nhận diện dạng bài và nhớ lại công thức nền.
PL-ANH-REA-L1-003,Tốc độ · Reading Comprehension · Cấp 1,Khoa học,Tiếng Anh,Reading Comprehension,1,1,Tốc độ,8,6,70%,85%,44,PL-ANH-REA-L1-002,2,4,2,e.rea.5 | e.rea.6 | e.gra.4 | e.voc.2 | e.voc.3 | e.voc.5 | e.gra.6 | e.voc.4,Rút ngắn thời gian trên mỗi câu mà vẫn giữ được độ chính xác. Nhận diện dạng bài và nhớ lại công thức nền.
PL-ANH-REA-L1-004,Chính xác · Reading Comprehension · Cấp 1,Khoa học,Tiếng Anh,Reading Comprehension,1,1,Chính xác,8,9,70%,85%,44,PL-ANH-REA-L1-003,2,4,2,e.gra.3 | e.gra.4 | e.voc.5 | e.rea.3 | e.rea.4 | e.gra.6 | e.rea.5 | e.rea.6,Loại bỏ lỗi ẩu và các bẫy quen thuộc trong chuyên đề. Nhận diện dạng bài và nhớ lại công thức nền.
PL-ANH-REA-L1-005,Tổng hợp · Reading Comprehension · Cấp 1,Khoa học,Tiếng Anh,Reading Comprehension,1,1,Tổng hợp,8,8,70%,85%,46,PL-ANH-REA-L1-004,2,4,2,e.voc.3 | e.voc.5 | e.gra.6 | e.voc.4 | e.rea.1 | e.gra.1 | e.gra.3 | e.gra.4,Trộn nhiều dạng trong cùng chuyên đề để rèn phản xạ nhận diện. Nhận diện dạng bài và nhớ lại công thức nền.
PL-ANH-REA-L1-006,Thử thách · Reading Comprehension · Cấp 1,Khoa học,Tiếng Anh,Reading Comprehension,1,1,Thử thách,8,8,70%,85%,56,PL-ANH-REA-L1-005,2,4,2,e.rea.4 | e.gra.6 | e.rea.5 | e.rea.6 | e.gra.2 | e.gra.3 | e.rea.1 | e.gra.1,Đẩy lên mức khó hơn cấp hiện tại để chuẩn bị lên cấp. Nhận diện dạng bài và nhớ lại công thức nền.
PL-ANH-REA-L1-007,Vượt ải · Reading Comprehension · Cấp 1,Khoa học,Tiếng Anh,Reading Comprehension,1,1,Vượt ải,8,8,70%,90%,72,PL-ANH-REA-L1-006,2,4,2,e.rea.1 | e.gra.1 | e.gra.3 | e.gra.4 | e.voc.2 | e.voc.3 | e.voc.1 | e.voc.6,Bài kiểm tra chốt cấp độ của tuyến chuyên đề. Nhận diện dạng bài và nhớ lại công thức nền.
PL-ANH-REA-L2-001,Khởi động · Reading Comprehension · Cấp 2,Khoa học,Tiếng Anh,Reading Comprehension,1,2,Khởi động,10,15,70%,85%,42,PL-ANH-REA-L1-007,3,5,2,e.rea.1 | e.gra.1 | e.gra.5 | e.rea.2 | e.rea.5 | e.rea.6 | e.gra.2 | e.gra.3 | e.voc.3 | e.voc.5,Nhắc lại công thức và nhận diện dạng bài trước khi vào phần nặng. Làm đúng dạng chuẩn mà không cần nhìn gợi ý.
PL-ANH-REA-L2-002,Rèn kỹ năng · Reading Comprehension · Cấp 2,Khoa học,Tiếng Anh,Reading Comprehension,1,2,Rèn kỹ năng,10,12,70%,85%,60,PL-ANH-REA-L2-001,3,5,2,e.voc.1 | e.voc.6 | e.rea.2 | e.gra.2 | e.gra.3 | e.gra.4 | e.voc.2 | e.voc.3 | e.gra.5 | e.gra.6,Làm chắc một kỹ năng lõi qua các biến thể liên tiếp của cùng một dạng. Làm đúng dạng chuẩn mà không cần nhìn gợi ý.
PL-ANH-REA-L2-003,Tốc độ · Reading Comprehension · Cấp 2,Khoa học,Tiếng Anh,Reading Comprehension,1,2,Tốc độ,10,9,70%,85%,66,PL-ANH-REA-L2-002,3,5,2,e.rea.5 | e.rea.6 | e.gra.2 | e.voc.2 | e.voc.3 | e.voc.5 | e.rea.3 | e.rea.4 | e.rea.1 | e.gra.1,Rút ngắn thời gian trên mỗi câu mà vẫn giữ được độ chính xác. Làm đúng dạng chuẩn mà không cần nhìn gợi ý.
PL-ANH-REA-L2-004,Chính xác · Reading Comprehension · Cấp 2,Khoa học,Tiếng Anh,Reading Comprehension,1,2,Chính xác,10,13,70%,85%,66,PL-ANH-REA-L2-003,3,5,2,e.gra.3 | e.gra.4 | e.voc.2 | e.rea.3 | e.rea.4 | e.gra.6 | e.voc.4 | e.rea.1 | e.gra.2 | e.voc.3,Loại bỏ lỗi ẩu và các bẫy quen thuộc trong chuyên đề. Làm đúng dạng chuẩn mà không cần nhìn gợi ý.
PL-ANH-REA-L2-005,Tổng hợp · Reading Comprehension · Cấp 2,Khoa học,Tiếng Anh,Reading Comprehension,1,2,Tổng hợp,10,12,70%,85%,69,PL-ANH-REA-L2-004,3,5,2,e.voc.3 | e.voc.5 | e.rea.3 | e.voc.4 | e.rea.1 | e.gra.1 | e.gra.5 | e.voc.1 | e.voc.2 | e.rea.4,Trộn nhiều dạng trong cùng chuyên đề để rèn phản xạ nhận diện. Làm đúng dạng chuẩn mà không cần nhìn gợi ý.
PL-ANH-REA-L2-006,Ôn lại · Reading Comprehension · Cấp 2,Khoa học,Tiếng Anh,Reading Comprehension,1,2,Ôn lại,10,13,70%,85%,54,PL-ANH-REA-L2-005,3,5,2,e.rea.4 | e.gra.6 | e.voc.4 | e.gra.5 | e.voc.1 | e.voc.6 | e.rea.2 | e.rea.5 | e.gra.1 | e.rea.6,Quay lại các câu từng sai để kiến thức không phai theo thời gian. Làm đúng dạng chuẩn mà không cần nhìn gợi ý.
PL-ANH-REA-L2-007,Khởi động · Reading Comprehension · Cấp 2,Khoa học,Tiếng Anh,Reading Comprehension,1,2,Khởi động,10,15,70%,85%,42,PL-ANH-REA-L2-006,3,5,2,e.rea.1 | e.gra.1 | e.gra.5 | e.gra.2 | e.gra.3 | e.gra.4 | e.voc.2 | e.voc.3 | e.rea.2 | e.rea.5,Nhắc lại công thức và nhận diện dạng bài trước khi vào phần nặng. Làm đúng dạng chuẩn mà không cần nhìn gợi ý.
PL-ANH-REA-L2-008,Thử thách · Reading Comprehension · Cấp 2,Khoa học,Tiếng Anh,Reading Comprehension,1,2,Thử thách,10,12,70%,85%,84,PL-ANH-REA-L2-007,3,5,2,e.voc.1 | e.voc.6 | e.rea.2 | e.rea.1 | e.rea.3 | e.rea.4 | e.gra.1 | e.gra.5 | e.gra.3 | e.gra.4,Đẩy lên mức khó hơn cấp hiện tại để chuẩn bị lên cấp. Làm đúng dạng chuẩn mà không cần nhìn gợi ý.
PL-ANH-REA-L2-009,Vượt ải · Reading Comprehension · Cấp 2,Khoa học,Tiếng Anh,Reading Comprehension,1,2,Vượt ải,10,11,70%,90%,108,PL-ANH-REA-L2-008,3,5,2,e.rea.5 | e.rea.6 | e.gra.2 | e.gra.6 | e.voc.1 | e.voc.4 | e.voc.6 | e.rea.2 | e.gra.1 | e.gra.5,Bài kiểm tra chốt cấp độ của tuyến chuyên đề. Làm đúng dạng chuẩn mà không cần nhìn gợi ý.
PL-ANH-REA-L3-001,Khởi động · Reading Comprehension · Cấp 3,Khoa học,Tiếng Anh,Reading Comprehension,2,3,Khởi động,12,19,70%,85%,63,PL-ANH-REA-L2-009,3,6,3,e.rea.1 | e.gra.1 | e.gra.5 | e.rea.2 | e.rea.5 | e.rea.6 | e.gra.2 | e.gra.3 | e.gra.4 | e.rea.4 | e.gra.6 | e.voc.1,Nhắc lại công thức và nhận diện dạng bài trước khi vào phần nặng. Ghép nhiều bước và tránh các bẫy quen thuộc.
PL-ANH-REA-L3-002,Rèn kỹ năng · Reading Comprehension · Cấp 3,Khoa học,Tiếng Anh,Reading Comprehension,2,3,Rèn kỹ năng,12,15,70%,85%,90,PL-ANH-REA-L3-001,3,6,3,e.voc.1 | e.voc.6 | e.rea.2 | e.voc.2 | e.voc.3 | e.voc.5 | e.rea.1 | e.rea.3 | e.rea.4 | e.gra.1 | e.gra.5 | e.gra.6,Làm chắc một kỹ năng lõi qua các biến thể liên tiếp của cùng một dạng. Ghép nhiều bước và tránh các bẫy quen thuộc.
PL-ANH-REA-L3-003,Tốc độ · Reading Comprehension · Cấp 3,Khoa học,Tiếng Anh,Reading Comprehension,2,3,Tốc độ,12,11,70%,85%,99,PL-ANH-REA-L3-002,3,6,3,e.rea.5 | e.rea.6 | e.gra.2 | e.voc.2 | e.voc.3 | e.voc.5 | e.rea.3 | e.rea.4 | e.gra.6 | e.gra.3 | e.gra.4 | e.rea.1,Rút ngắn thời gian trên mỗi câu mà vẫn giữ được độ chính xác. Ghép nhiều bước và tránh các bẫy quen thuộc.
PL-ANH-REA-L3-004,Chính xác · Reading Comprehension · Cấp 3,Khoa học,Tiếng Anh,Reading Comprehension,2,3,Chính xác,12,17,70%,85%,99,PL-ANH-REA-L3-003,3,6,3,e.gra.3 | e.gra.4 | e.voc.2 | e.gra.6 | e.voc.1 | e.voc.4 | e.voc.6 | e.rea.2 | e.rea.5 | e.voc.3 | e.voc.5 | e.rea.1,Loại bỏ lỗi ẩu và các bẫy quen thuộc trong chuyên đề. Ghép nhiều bước và tránh các bẫy quen thuộc.
PL-ANH-REA-L3-005,Tổng hợp · Reading Comprehension · Cấp 3,Khoa học,Tiếng Anh,Reading Comprehension,2,3,Tổng hợp,12,15,70%,85%,103,PL-ANH-REA-L3-004,3,6,3,e.voc.3 | e.voc.5 | e.rea.3 | e.voc.6 | e.rea.2 | e.rea.5 | e.rea.6 | e.gra.2 | e.gra.3 | e.gra.5 | e.voc.1 | e.rea.4,Trộn nhiều dạng trong cùng chuyên đề để rèn phản xạ nhận diện. Ghép nhiều bước và tránh các bẫy quen thuộc.
PL-ANH-REA-L3-006,Ôn lại · Reading Comprehension · Cấp 3,Khoa học,Tiếng Anh,Reading Comprehension,2,3,Ôn lại,12,17,70%,85%,81,PL-ANH-REA-L3-005,3,6,3,e.rea.4 | e.gra.6 | e.voc.4 | e.rea.6 | e.gra.2 | e.gra.3 | e.gra.4 | e.voc.2 | e.voc.3 | e.rea.2 | e.rea.5 | e.voc.5,Quay lại các câu từng sai để kiến thức không phai theo thời gian. Ghép nhiều bước và tránh các bẫy quen thuộc.
PL-ANH-REA-L3-007,Khởi động · Reading Comprehension · Cấp 3,Khoa học,Tiếng Anh,Reading Comprehension,2,3,Khởi động,12,19,70%,85%,63,PL-ANH-REA-L3-006,3,6,3,e.rea.1 | e.gra.1 | e.gra.5 | e.gra.2 | e.gra.3 | e.gra.4 | e.voc.2 | e.voc.3 | e.voc.5 | e.rea.4 | e.gra.6 | e.voc.1,Nhắc lại công thức và nhận diện dạng bài trước khi vào phần nặng. Ghép nhiều bước và tránh các bẫy quen thuộc.
PL-ANH-REA-L3-008,Rèn kỹ năng · Reading Comprehension · Cấp 3,Khoa học,Tiếng Anh,Reading Comprehension,2,3,Rèn kỹ năng,12,15,70%,85%,90,PL-ANH-REA-L3-007,3,6,3,e.voc.1 | e.voc.6 | e.rea.2 | e.rea.1 | e.rea.3 | e.rea.4 | e.gra.1 | e.gra.5 | e.gra.6 | e.voc.3 | e.voc.5 | e.voc.4,Làm chắc một kỹ năng lõi qua các biến thể liên tiếp của cùng một dạng. Ghép nhiều bước và tránh các bẫy quen thuộc.
PL-ANH-REA-L3-009,Thử thách · Reading Comprehension · Cấp 3,Khoa học,Tiếng Anh,Reading Comprehension,2,3,Thử thách,12,15,70%,85%,126,PL-ANH-REA-L3-008,3,6,3,e.voc.2 | e.voc.3 | e.voc.5 | e.gra.1 | e.gra.5 | e.voc.1 | e.voc.6 | e.rea.3 | e.rea.4 | e.voc.4 | e.rea.2 | e.rea.5,Đẩy lên mức khó hơn cấp hiện tại để chuẩn bị lên cấp. Ghép nhiều bước và tránh các bẫy quen thuộc.
PL-ANH-REA-L3-010,Vượt ải · Reading Comprehension · Cấp 3,Khoa học,Tiếng Anh,Reading Comprehension,2,3,Vượt ải,12,14,70%,90%,162,PL-ANH-REA-L3-009,3,6,3,e.rea.1 | e.rea.3 | e.rea.4 | e.voc.6 | e.gra.6 | e.voc.4 | e.rea.2 | e.rea.5 | e.rea.6 | e.voc.3 | e.voc.5 | e.gra.1,Bài kiểm tra chốt cấp độ của tuyến chuyên đề. Ghép nhiều bước và tránh các bẫy quen thuộc.
PL-ANH-REA-L4-001,Khởi động · Reading Comprehension · Cấp 4,Khoa học,Tiếng Anh,Reading Comprehension,2,4,Khởi động,12,16,70%,85%,84,PL-ANH-REA-L3-010,3,6,3,e.rea.1 | e.gra.1 | e.gra.5 | e.rea.2 | e.rea.5 | e.rea.6 | e.gra.2 | e.gra.3 | e.gra.4 | e.rea.4 | e.gra.6 | e.voc.1,Nhắc lại công thức và nhận diện dạng bài trước khi vào phần nặng. Giữ độ chính xác khi thời gian bắt đầu siết lại.
PL-ANH-REA-L4-002,Rèn kỹ năng · Reading Comprehension · Cấp 4,Khoa học,Tiếng Anh,Reading Comprehension,2,4,Rèn kỹ năng,12,13,70%,85%,120,PL-ANH-REA-L4-001,3,6,3,e.voc.1 | e.voc.6 | e.rea.2 | e.voc.2 | e.voc.3 | e.voc.5 | e.rea.1 | e.rea.3 | e.rea.4 | e.gra.1 | e.gra.5 | e.gra.6,Làm chắc một kỹ năng lõi qua các biến thể liên tiếp của cùng một dạng. Giữ độ chính xác khi thời gian bắt đầu siết lại.
PL-ANH-REA-L4-003,Tốc độ · Reading Comprehension · Cấp 4,Khoa học,Tiếng Anh,Reading Comprehension,2,4,Tốc độ,12,10,70%,85%,132,PL-ANH-REA-L4-002,3,6,3,e.rea.5 | e.rea.6 | e.gra.2 | e.voc.2 | e.voc.3 | e.voc.5 | e.rea.3 | e.rea.4 | e.gra.6 | e.gra.3 | e.gra.4 | e.rea.1,Rút ngắn thời gian trên mỗi câu mà vẫn giữ được độ chính xác. Giữ độ chính xác khi thời gian bắt đầu siết lại.
PL-ANH-REA-L4-004,Chính xác · Reading Comprehension · Cấp 4,Khoa học,Tiếng Anh,Reading Comprehension,2,4,Chính xác,12,15,70%,85%,132,PL-ANH-REA-L4-003,3,6,3,e.gra.3 | e.gra.4 | e.voc.2 | e.gra.6 | e.voc.1 | e.voc.4 | e.voc.6 | e.rea.2 | e.rea.5 | e.voc.3 | e.voc.5 | e.rea.1,Loại bỏ lỗi ẩu và các bẫy quen thuộc trong chuyên đề. Giữ độ chính xác khi thời gian bắt đầu siết lại.
PL-ANH-REA-L4-005,Tổng hợp · Reading Comprehension · Cấp 4,Khoa học,Tiếng Anh,Reading Comprehension,2,4,Tổng hợp,12,13,70%,85%,138,PL-ANH-REA-L4-004,3,6,3,e.voc.3 | e.voc.5 | e.rea.3 | e.voc.6 | e.rea.2 | e.rea.5 | e.rea.6 | e.gra.2 | e.gra.3 | e.gra.5 | e.voc.1 | e.rea.4,Trộn nhiều dạng trong cùng chuyên đề để rèn phản xạ nhận diện. Giữ độ chính xác khi thời gian bắt đầu siết lại.
PL-ANH-REA-L4-006,Ôn lại · Reading Comprehension · Cấp 4,Khoa học,Tiếng Anh,Reading Comprehension,2,4,Ôn lại,12,14,70%,85%,108,PL-ANH-REA-L4-005,3,6,3,e.rea.4 | e.gra.6 | e.voc.4 | e.rea.6 | e.gra.2 | e.gra.3 | e.gra.4 | e.voc.2 | e.voc.3 | e.rea.2 | e.rea.5 | e.voc.5,Quay lại các câu từng sai để kiến thức không phai theo thời gian. Giữ độ chính xác khi thời gian bắt đầu siết lại.
PL-ANH-REA-L4-007,Khởi động · Reading Comprehension · Cấp 4,Khoa học,Tiếng Anh,Reading Comprehension,2,4,Khởi động,12,16,70%,85%,84,PL-ANH-REA-L4-006,3,6,3,e.rea.1 | e.gra.1 | e.gra.5 | e.gra.2 | e.gra.3 | e.gra.4 | e.voc.2 | e.voc.3 | e.voc.5 | e.rea.4 | e.gra.6 | e.voc.1,Nhắc lại công thức và nhận diện dạng bài trước khi vào phần nặng. Giữ độ chính xác khi thời gian bắt đầu siết lại.
PL-ANH-REA-L4-008,Rèn kỹ năng · Reading Comprehension · Cấp 4,Khoa học,Tiếng Anh,Reading Comprehension,2,4,Rèn kỹ năng,12,13,70%,85%,120,PL-ANH-REA-L4-007,3,6,3,e.voc.1 | e.voc.6 | e.rea.2 | e.rea.1 | e.rea.3 | e.rea.4 | e.gra.1 | e.gra.5 | e.gra.6 | e.voc.3 | e.voc.5 | e.voc.4,Làm chắc một kỹ năng lõi qua các biến thể liên tiếp của cùng một dạng. Giữ độ chính xác khi thời gian bắt đầu siết lại.
PL-ANH-REA-L4-009,Thử thách · Reading Comprehension · Cấp 4,Khoa học,Tiếng Anh,Reading Comprehension,2,4,Thử thách,12,13,70%,85%,168,PL-ANH-REA-L4-008,3,6,3,e.voc.2 | e.voc.3 | e.voc.5 | e.gra.1 | e.gra.5 | e.voc.1 | e.voc.6 | e.rea.3 | e.rea.4 | e.voc.4 | e.rea.2 | e.rea.5,Đẩy lên mức khó hơn cấp hiện tại để chuẩn bị lên cấp. Giữ độ chính xác khi thời gian bắt đầu siết lại.
PL-ANH-REA-L4-010,Vượt ải · Reading Comprehension · Cấp 4,Khoa học,Tiếng Anh,Reading Comprehension,2,4,Vượt ải,12,12,70%,90%,216,PL-ANH-REA-L4-009,3,6,3,e.rea.1 | e.rea.3 | e.rea.4 | e.voc.6 | e.gra.6 | e.voc.4 | e.rea.2 | e.rea.5 | e.rea.6 | e.voc.3 | e.voc.5 | e.gra.1,Bài kiểm tra chốt cấp độ của tuyến chuyên đề. Giữ độ chính xác khi thời gian bắt đầu siết lại.
PL-ANH-REA-L5-001,Khởi động · Reading Comprehension · Cấp 5,Khoa học,Tiếng Anh,Reading Comprehension,3,5,Khởi động,14,20,70%,85%,112,PL-ANH-REA-L4-010,4,7,3,e.rea.1 | e.gra.1 | e.gra.5 | e.voc.1 | e.rea.6 | e.gra.2 | e.gra.3 | e.gra.4 | e.voc.2 | e.voc.3 | e.voc.5 | e.rea.2 | e.rea.5 | e.voc.6,Nhắc lại công thức và nhận diện dạng bài trước khi vào phần nặng. Xử lý câu phân loại mà không mất nhịp.
PL-ANH-REA-L5-002,Rèn kỹ năng · Reading Comprehension · Cấp 5,Khoa học,Tiếng Anh,Reading Comprehension,3,5,Rèn kỹ năng,14,16,70%,85%,160,PL-ANH-REA-L5-001,4,7,3,e.gra.2 | e.gra.3 | e.gra.4 | e.voc.2 | e.rea.5 | e.rea.6 | e.voc.3 | e.voc.5 | e.rea.1 | e.gra.1 | e.gra.5 | e.rea.3 | e.rea.4 | e.gra.6,Làm chắc một kỹ năng lõi qua các biến thể liên tiếp của cùng một dạng. Xử lý câu phân loại mà không mất nhịp.
PL-ANH-REA-L5-003,Tốc độ · Reading Comprehension · Cấp 5,Khoa học,Tiếng Anh,Reading Comprehension,3,5,Tốc độ,14,12,70%,85%,176,PL-ANH-REA-L5-002,4,7,3,e.rea.5 | e.rea.6 | e.gra.2 | e.gra.3 | e.gra.1 | e.gra.5 | e.gra.6 | e.voc.1 | e.voc.4 | e.voc.6 | e.rea.2 | e.voc.2 | e.voc.3 | e.voc.5,Rút ngắn thời gian trên mỗi câu mà vẫn giữ được độ chính xác. Xử lý câu phân loại mà không mất nhịp.
PL-ANH-REA-L5-004,Chính xác · Reading Comprehension · Cấp 5,Khoa học,Tiếng Anh,Reading Comprehension,3,5,Chính xác,14,19,70%,85%,176,PL-ANH-REA-L5-003,4,7,3,e.rea.1 | e.rea.3 | e.rea.4 | e.gra.1 | e.gra.5 | e.voc.1 | e.voc.6 | e.gra.6 | e.voc.4 | e.rea.2 | e.rea.5 | e.voc.5 | e.rea.6 | e.gra.2,Loại bỏ lỗi ẩu và các bẫy quen thuộc trong chuyên đề. Xử lý câu phân loại mà không mất nhịp.
PL-ANH-REA-L5-005,Tổng hợp · Reading Comprehension · Cấp 5,Khoa học,Tiếng Anh,Reading Comprehension,3,5,Tổng hợp,14,16,70%,85%,184,PL-ANH-REA-L5-004,4,7,3,e.gra.1 | e.gra.5 | e.gra.6 | e.voc.1 | e.rea.3 | e.rea.4 | e.voc.4 | e.rea.2 | e.rea.5 | e.rea.6 | e.gra.2 | e.voc.2 | e.voc.3 | e.voc.5,Trộn nhiều dạng trong cùng chuyên đề để rèn phản xạ nhận diện. Xử lý câu phân loại mà không mất nhịp.
PL-ANH-REA-L5-006,Ôn lại · Reading Comprehension · Cấp 5,Khoa học,Tiếng Anh,Reading Comprehension,3,5,Ôn lại,14,18,70%,85%,144,PL-ANH-REA-L5-005,4,7,3,e.voc.1 | e.voc.4 | e.voc.6 | e.rea.2 | e.rea.5 | e.rea.6 | e.gra.2 | e.gra.3 | e.gra.4 | e.voc.2 | e.voc.3 | e.gra.1 | e.gra.5 | e.rea.3,Quay lại các câu từng sai để kiến thức không phai theo thời gian. Xử lý câu phân loại mà không mất nhịp.
PL-ANH-REA-L5-007,Thử thách · Reading Comprehension · Cấp 5,Khoa học,Tiếng Anh,Reading Comprehension,3,5,Thử thách,14,16,70%,85%,224,PL-ANH-REA-L5-006,4,7,3,e.rea.3 | e.rea.4 | e.gra.6 | e.voc.4 | e.voc.2 | e.voc.3 | e.voc.5 | e.rea.1 | e.gra.1 | e.gra.5 | e.voc.1 | e.rea.5 | e.rea.6 | e.gra.2,Đẩy lên mức khó hơn cấp hiện tại để chuẩn bị lên cấp. Xử lý câu phân loại mà không mất nhịp.
PL-ANH-REA-L5-008,Vượt ải · Reading Comprehension · Cấp 5,Khoa học,Tiếng Anh,Reading Comprehension,3,5,Vượt ải,14,16,70%,90%,288,PL-ANH-REA-L5-007,4,7,3,e.voc.4 | e.rea.2 | e.rea.5 | e.rea.6 | e.rea.1 | e.gra.1 | e.gra.5 | e.voc.1 | e.voc.6 | e.rea.3 | e.rea.4 | e.voc.2 | e.voc.3 | e.voc.5,Bài kiểm tra chốt cấp độ của tuyến chuyên đề. Xử lý câu phân loại mà không mất nhịp.
PL-ANH-REA-L6-001,Khởi động · Reading Comprehension · Cấp 6,Khoa học,Tiếng Anh,Reading Comprehension,3,6,Khởi động,15,19,70%,85%,154,PL-ANH-REA-L5-008,4,7,4,e.rea.2 | e.rea.5 | e.rea.6 | e.gra.2 | e.gra.6 | e.voc.4 | e.gra.3 | e.gra.4 | e.voc.2 | e.voc.3 | e.voc.5 | e.gra.5 | e.voc.1 | e.voc.6 | e.rea.3,Nhắc lại công thức và nhận diện dạng bài trước khi vào phần nặng. Tốc độ và độ chính xác của nhóm dẫn đầu phổ điểm.
PL-ANH-REA-L6-002,Rèn kỹ năng · Reading Comprehension · Cấp 6,Khoa học,Tiếng Anh,Reading Comprehension,3,6,Rèn kỹ năng,15,15,70%,85%,220,PL-ANH-REA-L6-001,4,7,4,e.voc.4 | e.rea.2 | e.rea.5 | e.rea.6 | e.gra.4 | e.voc.2 | e.voc.3 | e.voc.5 | e.rea.1 | e.gra.1 | e.gra.5 | e.rea.3 | e.rea.4 | e.gra.6 | e.gra.2,Làm chắc một kỹ năng lõi qua các biến thể liên tiếp của cùng một dạng. Tốc độ và độ chính xác của nhóm dẫn đầu phổ điểm.
PL-ANH-REA-L6-003,Tốc độ · Reading Comprehension · Cấp 6,Khoa học,Tiếng Anh,Reading Comprehension,3,6,Tốc độ,15,11,70%,85%,242,PL-ANH-REA-L6-002,4,7,4,e.voc.2 | e.voc.3 | e.voc.5 | e.rea.1 | e.gra.3 | e.gra.4 | e.gra.1 | e.gra.5 | e.voc.1 | e.voc.6 | e.rea.3 | e.rea.2 | e.rea.5 | e.rea.6 | e.gra.2,Rút ngắn thời gian trên mỗi câu mà vẫn giữ được độ chính xác. Tốc độ và độ chính xác của nhóm dẫn đầu phổ điểm.
PL-ANH-REA-L6-004,Chính xác · Reading Comprehension · Cấp 6,Khoa học,Tiếng Anh,Reading Comprehension,3,6,Chính xác,15,17,70%,85%,242,PL-ANH-REA-L6-003,4,7,4,e.gra.4 | e.voc.2 | e.voc.3 | e.voc.5 | e.gra.5 | e.voc.1 | e.voc.6 | e.rea.3 | e.rea.4 | e.gra.6 | e.voc.4 | e.gra.1 | e.rea.2 | e.rea.5 | e.rea.6,Loại bỏ lỗi ẩu và các bẫy quen thuộc trong chuyên đề. Tốc độ và độ chính xác của nhóm dẫn đầu phổ điểm.
PL-ANH-REA-L6-005,Thử thách · Reading Comprehension · Cấp 6,Khoa học,Tiếng Anh,Reading Comprehension,3,6,Thử thách,15,15,70%,85%,308,PL-ANH-REA-L6-004,4,7,4,e.voc.5 | e.rea.1 | e.gra.1 | e.gra.5 | e.rea.3 | e.rea.4 | e.gra.6 | e.voc.4 | e.rea.2 | e.rea.5 | e.rea.6 | e.gra.4 | e.voc.2 | e.voc.3 | e.voc.1,Đẩy lên mức khó hơn cấp hiện tại để chuẩn bị lên cấp. Tốc độ và độ chính xác của nhóm dẫn đầu phổ điểm.
PL-ANH-REA-L6-006,Vượt ải · Reading Comprehension · Cấp 6,Khoa học,Tiếng Anh,Reading Comprehension,3,6,Vượt ải,15,14,70%,90%,396,PL-ANH-REA-L6-005,4,7,4,e.gra.5 | e.voc.1 | e.voc.6 | e.rea.3 | e.rea.2 | e.rea.5 | e.rea.6 | e.gra.2 | e.gra.3 | e.gra.4 | e.voc.2 | e.rea.1 | e.gra.1 | e.rea.4 | e.gra.6,Bài kiểm tra chốt cấp độ của tuyến chuyên đề. Tốc độ và độ chính xác của nhóm dẫn đầu phổ điểm.
